{
  "checkpoint": "/home/z/zaimazarnaz/research1/ExplainableSaliency/src/training_outputs/ckpts/20260620_145412/epoch_001.pth",
  "test_dir": "/data/quantization/zaima/dh1k/testing",
  "num_samples": 3722,
  "num_windows": 3722,
  "window_len": 16,
  "batch_size": 4,
  "mean_loss": 0.0,
  "metrics": {
    "CC": 0.5107244325342324,
    "SIM": 0.40145318903937766,
    "AUC": 0.9145152844260419,
    "sAUC": 0.5646266759498858,
    "NSS": 2.916169441447727
  },
  "checkpoint_epoch": 1
}