{
  "checkpoint": "/home/z/zaimazarnaz/research1/ExplainableSaliency/src/training_outputs/ckpts/20260628_000423/epoch_001.pth",
  "test_dir": "/data/quantization/zaima/dh1k/testing",
  "num_samples": 3722,
  "num_windows": 3722,
  "window_len": 16,
  "batch_size": 4,
  "mean_loss": 0.0,
  "metrics": {
    "CC": 0.5007438848534782,
    "SIM": 0.39916798764662614,
    "AUC": 0.9140021465978976,
    "sAUC": 0.5691175366011696,
    "NSS": 2.915238350325538
  },
  "checkpoint_epoch": 1
}