nohup: ignoring input
/home/z/zaimazarnaz/miniconda3/envs/explainable_vidsal/lib/python3.10/site-packages/timm/models/layers/__init__.py:49: FutureWarning: Importing from timm.models.layers is deprecated, please import via timm.layers
  warnings.warn(f"Importing from {__name__} is deprecated, please import via timm.layers", FutureWarning)
/home/z/zaimazarnaz/miniconda3/envs/explainable_vidsal/lib/python3.10/site-packages/torch/functional.py:505: UserWarning: torch.meshgrid: in an upcoming release, it will be required to pass the indexing argument. (Triggered internally at /pytorch/aten/src/ATen/native/TensorShape.cpp:4382.)
  return _VF.meshgrid(tensors, **kwargs)  # type: ignore[attr-defined]
Using single device: cuda:1 (gpu=1)
Training phase: initial | epochs=200 | lr=5.0e-05 | weight_decay=1.0e-04
Run checkpoints will be saved to: training_outputs/ckpts/20261002_204128
Concept branches | visual_concept_on=True | temporal_concepts_on=False | priority_map_loss_weight=0.1 | visual_concept_logit_scale=1.0
Train: 600 windows (/data/quantization/zaima/videosal_datasets/dhf1k/train) | Val: 1834 windows (/data/quantization/zaima/videosal_datasets/dhf1k/val) | window_len=32
load model from: /data/quantization/zaima/videoswin/swin_small_patch244_window877_kinetics400_1k.pth
ConceptGatedMultiScaleSaliencyDecoder: prototype_bottleneck_strength=1.0000 | prototype_application_position=post_refine (pairwise at ('stage3', 'stage4')) | fine_unary_mask_strength=1.0000 (unary_mask at ('stage1', 'stage2')) | stage2_backbone_fusion_enabled=True
Initialized saliency bias to logit(0.0177) = -4.0163 for: patch_logit_head
Backbone fine-tuning enabled | effective_batch_size=4 | micro_batch_size=2 | grad_accum_steps=2 | gradient_checkpointing=True | visual_equiv=off
Optimizer | lr=5.0e-05 | weight_decay=1.0e-04 | scheduler T_max=200 eta_min=1.0e-06

Epoch 1/200
/home/z/zaimazarnaz/miniconda3/envs/explainable_vidsal/lib/python3.10/site-packages/torch/_dynamo/eval_frame.py:1298: UserWarning: torch.utils.checkpoint: the use_reentrant parameter should be passed explicitly. Starting in PyTorch 2.9, calling checkpoint without use_reentrant will raise an exception. use_reentrant=False is recommended, but if you need to preserve the current default behavior, you can pass use_reentrant=True. Refer to docs for more details on the differences between the two variants.
  return fn(*args, **kwargs)
pred_saliency: shape=(2, 1, 224, 384) min=-10.0545 max=-3.9493 mean=-5.1762 std=0.5349
sal_batch: shape=(2, 1, 360, 640) min=0.0000 max=1.0000 mean=0.0167 std=0.0796
DEBUG features_shape: {'stage1': (2, 96, 16, 56, 96), 'stage2': (2, 192, 16, 28, 48), 'stage3': (2, 384, 16, 14, 24), 'stage4': (2, 768, 16, 7, 12)}
DEBUG gate: no gate_debug available. This usually means return_concept_losses=False or lambda_gate=0.
DEBUG decoder visual FiLM [stage1] | film_gamma mean/std/min/max=0.0625/0.2683/0.0000/3.7972 | prototype_bottleneck_strength=1.0000 | prototype_application_position=post_refine
DEBUG decoder visual FiLM [stage2] | film_gamma mean/std/min/max=0.0625/0.2746/0.0000/3.8089 | prototype_bottleneck_strength=1.0000 | prototype_application_position=post_refine
DEBUG decoder visual FiLM [stage3] | film_gamma mean/std/min/max=0.0625/0.2684/0.0000/3.1378 | prototype_bottleneck_strength=1.0000 | prototype_application_position=post_refine
DEBUG decoder visual FiLM [stage4] | film_gamma mean/std/min/max=0.0625/0.2616/0.0000/2.2902 | prototype_bottleneck_strength=1.0000 | prototype_application_position=post_refine
DEBUG factorized comparison [stage3] | query_norm_mean=0.0088 | key_norm_mean=0.0109 | context_mean=-0.0000 | context_std=0.0000 | context_min=-0.0000 | context_max=0.0000 | total_candidate_weight=336.0000 | spatial_strength=0.1000 | spatial_freq_entropy=2.7726 | spatial_freq_weight_mean=0.6931 | rank=32
DEBUG factorized comparison [stage4] | query_norm_mean=0.0088 | key_norm_mean=0.0111 | context_mean=0.0000 | context_std=0.0000 | context_min=-0.0000 | context_max=0.0000 | total_candidate_weight=84.0000 | spatial_strength=0.1000 | spatial_freq_entropy=2.7726 | spatial_freq_weight_mean=0.6931 | rank=32
patch-priority map [stage1] | mean=0.062500 | std=0.268288 | min=0.000000 | max=3.797233 | prototype_application_position=post_refine_unary_mask | prototype_bottleneck_strength=1.000000 | prototype_to_base_norm_ratio=1.108507
patch-priority map [stage2] | mean=0.062500 | std=0.274599 | min=0.000000 | max=3.808864 | prototype_application_position=post_refine_unary_mask | prototype_bottleneck_strength=1.000000 | prototype_to_base_norm_ratio=1.120158
patch-priority map [stage3] | mean=0.062500 | std=0.268377 | min=0.000000 | max=3.137820 | prototype_application_position=post_refine | prototype_bottleneck_strength=1.000000 | prototype_to_base_norm_ratio=0.724293
patch-priority map [stage4] | mean=0.062500 | std=0.261596 | min=0.000000 | max=2.290180 | prototype_application_position=post_refine | prototype_bottleneck_strength=1.000000 | prototype_to_base_norm_ratio=0.924588
DEBUG visual concept usage [stage1] top 10:
  concept 225: 1482 patches (13.78%)
  concept 349: 1219 patches (11.34%)
  concept 271: 1043 patches (9.70%)
  concept 107: 689 patches (6.41%)
  concept 229: 576 patches (5.36%)
  concept 274: 474 patches (4.41%)
  concept 488: 365 patches (3.39%)
  concept 23: 328 patches (3.05%)
  concept 120: 310 patches (2.88%)
  concept 358: 296 patches (2.75%)
  normalized usage entropy: 0.9228
DEBUG visual concept usage [stage2] top 10:
  concept 363: 378 patches (14.06%)
  concept 66: 330 patches (12.28%)
  concept 5: 294 patches (10.94%)
  concept 91: 159 patches (5.92%)
  concept 58: 130 patches (4.84%)
  concept 274: 101 patches (3.76%)
  concept 60: 77 patches (2.86%)
  concept 250: 77 patches (2.86%)
  concept 97: 75 patches (2.79%)
  concept 438: 65 patches (2.42%)
  normalized usage entropy: 0.9274
DEBUG visual concept usage [stage3] top 10:
  concept 327: 186 patches (27.68%)
  concept 110: 118 patches (17.56%)
  concept 25: 56 patches (8.33%)
  concept 157: 56 patches (8.33%)
  concept 330: 30 patches (4.46%)
  concept 109: 27 patches (4.02%)
  concept 176: 21 patches (3.12%)
  concept 391: 21 patches (3.12%)
  concept 173: 20 patches (2.98%)
  concept 101: 14 patches (2.08%)
  normalized usage entropy: 0.9223
DEBUG visual concept usage [stage4] top 10:
  concept 154: 25 patches (14.88%)
  concept 152: 11 patches (6.55%)
  concept 100: 9 patches (5.36%)
  concept 32: 7 patches (4.17%)
  concept 334: 7 patches (4.17%)
  concept 461: 7 patches (4.17%)
  concept 312: 6 patches (3.57%)
  concept 70: 5 patches (2.98%)
  concept 450: 5 patches (2.98%)
  concept 285: 4 patches (2.38%)
  normalized usage entropy: 0.9422
DEBUG pred min/max/mean/std: -10.054523468017578 -3.949302911758423 -5.176217079162598 0.5349265933036804
DEBUG target min/max/mean/std: 0.0 1.0 0.01665770635008812 0.07961868494749069
DEBUG fixation pixels per sample: [188.0, 49.0]
DEBUG fix_batch min/max/mean/std: 0.0 1.0 0.0005143229500390589 0.022672880440950394
DEBUG losses: {'loss_total': 2.700798511505127, 'loss_fid': 13.708456993103027, 'loss_patch_fid': 5.246185302734375, 'loss_dense_fid': 5.1928863525390625, 'loss_dense_bce': -0.0, 'loss_dense_kl': 3.26938533782959, 'loss_topk': -0.0, 'loss_delta': -0.0, 'loss_cc': 1.053308367729187, 'loss_nss': 0.37267839908599854, 'loss_sim': 0.899863600730896, 'loss_concept_dense': 0.0, 'loss_concept_kl': 0.0, 'loss_align': 0.0, 'loss_sparse': 0.0, 'loss_div': 0.0, 'loss_gate': 0.0, 'loss_visual_entropy': 0.875482439994812, 'loss_visual_equiv': 0.0, 'loss_visual_usage': 0.07133379578590393, 'loss_temporal_attention_entropy': 0.0, 'loss_total_concept': 0.7685998678207397, 'loss_decoder_side_aux': 0.49303558468818665, 'loss_priority_map': 2.8977646827697754, 'loss_priority_map_weighted': 0.289776474237442, 'priority_map_loss': 2.8977646827697754, 'weighted_priority_map_loss': 0.289776474237442, 'loss_priority_map_stage3': 3.0732712745666504, 'loss_priority_map_stage4': 2.7222583293914795, 'loss_side_stage4': 1.010020136833191, 'loss_side_stage3': 0.9758467674255371, 'loss_side_stage2': 0.9727187156677246, 'loss_side_stage1': 0.9952104091644287}
/home/z/zaimazarnaz/miniconda3/envs/explainable_vidsal/lib/python3.10/site-packages/torch/utils/checkpoint.py:238: UserWarning: None of the inputs have requires_grad=True. Gradients will be None
  check_backward_validity(args)
DEBUG decoder visual FiLM [stage1] | film_gamma mean/std/min/max=0.0625/0.2534/0.0000/2.2342 | prototype_bottleneck_strength=1.0000 | prototype_application_position=post_refine
DEBUG decoder visual FiLM [stage2] | film_gamma mean/std/min/max=0.0625/0.2718/0.0000/3.4213 | prototype_bottleneck_strength=1.0000 | prototype_application_position=post_refine
DEBUG decoder visual FiLM [stage3] | film_gamma mean/std/min/max=0.0625/0.2895/0.0000/4.6089 | prototype_bottleneck_strength=1.0000 | prototype_application_position=post_refine
DEBUG decoder visual FiLM [stage4] | film_gamma mean/std/min/max=0.0625/0.2777/0.0000/3.2702 | prototype_bottleneck_strength=1.0000 | prototype_application_position=post_refine
DEBUG factorized comparison [stage3] | query_norm_mean=0.2842 | key_norm_mean=0.2190 | context_mean=0.0000 | context_std=0.0033 | context_min=-0.0057 | context_max=0.0084 | total_candidate_weight=336.0000 | spatial_strength=0.0996 | spatial_freq_entropy=2.7726 | spatial_freq_weight_mean=0.6928 | rank=32
DEBUG factorized comparison [stage4] | query_norm_mean=0.2582 | key_norm_mean=0.2205 | context_mean=0.0000 | context_std=0.0037 | context_min=-0.0074 | context_max=0.0101 | total_candidate_weight=84.0000 | spatial_strength=0.0996 | spatial_freq_entropy=2.7726 | spatial_freq_weight_mean=0.6929 | rank=32
patch-priority map [stage1] | mean=0.062500 | std=0.253382 | min=0.000000 | max=2.234205 | prototype_application_position=post_refine_unary_mask | prototype_bottleneck_strength=1.000000 | prototype_to_base_norm_ratio=1.270236
patch-priority map [stage2] | mean=0.062500 | std=0.271753 | min=0.000000 | max=3.421307 | prototype_application_position=post_refine_unary_mask | prototype_bottleneck_strength=1.000000 | prototype_to_base_norm_ratio=1.378534
patch-priority map [stage3] | mean=0.062500 | std=0.289467 | min=0.000000 | max=4.608879 | prototype_application_position=post_refine | prototype_bottleneck_strength=1.000000 | prototype_to_base_norm_ratio=1.025889
patch-priority map [stage4] | mean=0.062500 | std=0.277727 | min=0.000000 | max=3.270169 | prototype_application_position=post_refine | prototype_bottleneck_strength=1.000000 | prototype_to_base_norm_ratio=1.125304
Epoch 1/200
  Mean train loss: 1.636058
  Mean val loss:   1.194026
  Current LR:      5.00e-05
Val metrics   | CC: 0.4642 | SIM: 0.2501 | NSS: 2.5804
  Saved checkpoint: training_outputs/ckpts/20261002_204128/epoch_001.pth
  New best val loss: 1.194026 (saved training_outputs/ckpts/20261002_204128/best_checkpoint.pth)

Epoch 2/200
pred_saliency: shape=(2, 1, 224, 384) min=-5.6507 max=23.2938 mean=-3.2746 std=2.9856
sal_batch: shape=(2, 1, 360, 640) min=0.0000 max=1.0000 mean=0.0196 std=0.0858
DEBUG features_shape: {'stage1': (2, 96, 16, 56, 96), 'stage2': (2, 192, 16, 28, 48), 'stage3': (2, 384, 16, 14, 24), 'stage4': (2, 768, 16, 7, 12)}
DEBUG gate: no gate_debug available. This usually means return_concept_losses=False or lambda_gate=0.
DEBUG decoder visual FiLM [stage1] | film_gamma mean/std/min/max=0.0625/0.2541/0.0000/2.6074 | prototype_bottleneck_strength=1.0000 | prototype_application_position=post_refine
DEBUG decoder visual FiLM [stage2] | film_gamma mean/std/min/max=0.0625/0.2705/0.0000/3.1795 | prototype_bottleneck_strength=1.0000 | prototype_application_position=post_refine
DEBUG decoder visual FiLM [stage3] | film_gamma mean/std/min/max=0.0625/0.2846/0.0000/4.5133 | prototype_bottleneck_strength=1.0000 | prototype_application_position=post_refine
DEBUG decoder visual FiLM [stage4] | film_gamma mean/std/min/max=0.0625/0.2786/0.0000/3.5289 | prototype_bottleneck_strength=1.0000 | prototype_application_position=post_refine
DEBUG factorized comparison [stage3] | query_norm_mean=0.2831 | key_norm_mean=0.2188 | context_mean=0.0000 | context_std=0.0033 | context_min=-0.0058 | context_max=0.0084 | total_candidate_weight=336.0000 | spatial_strength=0.0996 | spatial_freq_entropy=2.7726 | spatial_freq_weight_mean=0.6928 | rank=32
DEBUG factorized comparison [stage4] | query_norm_mean=0.2576 | key_norm_mean=0.2204 | context_mean=0.0000 | context_std=0.0037 | context_min=-0.0073 | context_max=0.0100 | total_candidate_weight=84.0000 | spatial_strength=0.0996 | spatial_freq_entropy=2.7726 | spatial_freq_weight_mean=0.6929 | rank=32
patch-priority map [stage1] | mean=0.062500 | std=0.254105 | min=0.000000 | max=2.607443 | prototype_application_position=post_refine_unary_mask | prototype_bottleneck_strength=1.000000 | prototype_to_base_norm_ratio=1.140541
patch-priority map [stage2] | mean=0.062500 | std=0.270478 | min=0.000000 | max=3.179547 | prototype_application_position=post_refine_unary_mask | prototype_bottleneck_strength=1.000000 | prototype_to_base_norm_ratio=1.302050
patch-priority map [stage3] | mean=0.062500 | std=0.284568 | min=0.000000 | max=4.513341 | prototype_application_position=post_refine | prototype_bottleneck_strength=1.000000 | prototype_to_base_norm_ratio=0.934370
patch-priority map [stage4] | mean=0.062500 | std=0.278590 | min=0.000000 | max=3.528893 | prototype_application_position=post_refine | prototype_bottleneck_strength=1.000000 | prototype_to_base_norm_ratio=1.154125
DEBUG visual concept usage [stage1] top 10:
  concept 483: 4012 patches (37.31%)
  concept 201: 3696 patches (34.38%)
  concept 271: 1639 patches (15.24%)
  concept 195: 611 patches (5.68%)
  concept 274: 109 patches (1.01%)
  concept 120: 90 patches (0.84%)
  concept 349: 56 patches (0.52%)
  concept 225: 55 patches (0.51%)
  concept 101: 46 patches (0.43%)
  concept 67: 40 patches (0.37%)
  normalized usage entropy: 0.9132
DEBUG visual concept usage [stage2] top 10:
  concept 66: 1426 patches (53.05%)
  concept 363: 745 patches (27.72%)
  concept 408: 451 patches (16.78%)
  concept 74: 7 patches (0.26%)
  concept 97: 4 patches (0.15%)
  concept 150: 4 patches (0.15%)
  concept 396: 4 patches (0.15%)
  concept 269: 3 patches (0.11%)
  concept 445: 3 patches (0.11%)
  concept 16: 2 patches (0.07%)
  normalized usage entropy: 0.8937
DEBUG visual concept usage [stage3] top 10:
  concept 327: 406 patches (60.42%)
  concept 25: 124 patches (18.45%)
  concept 480: 62 patches (9.23%)
  concept 506: 35 patches (5.21%)
  concept 330: 4 patches (0.60%)
  concept 429: 4 patches (0.60%)
  concept 17: 3 patches (0.45%)
  concept 494: 3 patches (0.45%)
  concept 254: 2 patches (0.30%)
  concept 305: 2 patches (0.30%)
  normalized usage entropy: 0.9158
DEBUG visual concept usage [stage4] top 10:
  concept 154: 19 patches (11.31%)
  concept 334: 19 patches (11.31%)
  concept 263: 14 patches (8.33%)
  concept 87: 8 patches (4.76%)
  concept 412: 8 patches (4.76%)
  concept 362: 7 patches (4.17%)
  concept 278: 6 patches (3.57%)
  concept 324: 6 patches (3.57%)
  concept 397: 6 patches (3.57%)
  concept 461: 5 patches (2.98%)
  normalized usage entropy: 0.9427
DEBUG pred min/max/mean/std: -5.650712013244629 23.29383087158203 -3.2745728492736816 2.9856038093566895
DEBUG target min/max/mean/std: 0.0 1.0 0.019645163789391518 0.0857502892613411
DEBUG fixation pixels per sample: [179.0, 164.0]
DEBUG fix_batch min/max/mean/std: 0.0 1.0 0.0007443576469086111 0.027272790670394897
DEBUG losses: {'loss_total': 1.6646839380264282, 'loss_fid': 20.551795959472656, 'loss_patch_fid': 4.170145511627197, 'loss_dense_fid': 4.120513439178467, 'loss_dense_bce': -0.0, 'loss_dense_kl': 12.261137008666992, 'loss_topk': -0.0, 'loss_delta': -0.0, 'loss_cc': 0.6377038359642029, 'loss_nss': -1.4272830486297607, 'loss_sim': 0.7559994459152222, 'loss_concept_dense': 0.0, 'loss_concept_kl': 0.0, 'loss_align': 0.0, 'loss_sparse': 0.0, 'loss_div': 0.0, 'loss_gate': 0.0, 'loss_visual_entropy': 0.8380528092384338, 'loss_visual_equiv': 0.0, 'loss_visual_usage': 0.08363620936870575, 'loss_temporal_attention_entropy': 0.0, 'loss_total_concept': 0.6453468799591064, 'loss_decoder_side_aux': 0.24245721101760864, 'loss_priority_map': 2.153886318206787, 'loss_priority_map_weighted': 0.21538864076137543, 'priority_map_loss': 2.153886318206787, 'weighted_priority_map_loss': 0.21538864076137543, 'loss_priority_map_stage3': 2.235729694366455, 'loss_priority_map_stage4': 2.0720431804656982, 'loss_side_stage4': 0.4399375319480896, 'loss_side_stage3': 0.5062462091445923, 'loss_side_stage2': 0.46338117122650146, 'loss_side_stage1': 0.5016427040100098}
DEBUG decoder visual FiLM [stage1] | film_gamma mean/std/min/max=0.0625/0.2514/0.0000/2.3949 | prototype_bottleneck_strength=1.0000 | prototype_application_position=post_refine
DEBUG decoder visual FiLM [stage2] | film_gamma mean/std/min/max=0.0625/0.2713/0.0000/3.6407 | prototype_bottleneck_strength=1.0000 | prototype_application_position=post_refine
DEBUG decoder visual FiLM [stage3] | film_gamma mean/std/min/max=0.0625/0.4161/0.0000/8.3727 | prototype_bottleneck_strength=1.0000 | prototype_application_position=post_refine
DEBUG decoder visual FiLM [stage4] | film_gamma mean/std/min/max=0.0625/0.3476/0.0000/5.6137 | prototype_bottleneck_strength=1.0000 | prototype_application_position=post_refine
DEBUG factorized comparison [stage3] | query_norm_mean=0.5811 | key_norm_mean=0.3904 | context_mean=0.0000 | context_std=0.0123 | context_min=-0.0227 | context_max=0.0349 | total_candidate_weight=336.0000 | spatial_strength=0.0993 | spatial_freq_entropy=2.7726 | spatial_freq_weight_mean=0.6924 | rank=32
DEBUG factorized comparison [stage4] | query_norm_mean=0.4294 | key_norm_mean=0.3643 | context_mean=0.0000 | context_std=0.0110 | context_min=-0.0196 | context_max=0.0275 | total_candidate_weight=84.0000 | spatial_strength=0.0994 | spatial_freq_entropy=2.7726 | spatial_freq_weight_mean=0.6927 | rank=32
patch-priority map [stage1] | mean=0.062500 | std=0.251429 | min=0.000000 | max=2.394851 | prototype_application_position=post_refine_unary_mask | prototype_bottleneck_strength=1.000000 | prototype_to_base_norm_ratio=1.198418
patch-priority map [stage2] | mean=0.062500 | std=0.271265 | min=0.000000 | max=3.640712 | prototype_application_position=post_refine_unary_mask | prototype_bottleneck_strength=1.000000 | prototype_to_base_norm_ratio=1.317941
patch-priority map [stage3] | mean=0.062500 | std=0.416130 | min=0.000000 | max=8.372674 | prototype_application_position=post_refine | prototype_bottleneck_strength=1.000000 | prototype_to_base_norm_ratio=1.699793
patch-priority map [stage4] | mean=0.062500 | std=0.347616 | min=0.000000 | max=5.613657 | prototype_application_position=post_refine | prototype_bottleneck_strength=1.000000 | prototype_to_base_norm_ratio=1.815878
Epoch 2/200
  Mean train loss: 1.264304
  Mean val loss:   1.102038
  Current LR:      5.00e-05
Val metrics   | CC: 0.4702 | SIM: 0.2816 | NSS: 2.6659
  Saved checkpoint: training_outputs/ckpts/20261002_204128/epoch_002.pth
  New best val loss: 1.102038 (saved training_outputs/ckpts/20261002_204128/best_checkpoint.pth)

Epoch 3/200
pred_saliency: shape=(2, 1, 224, 384) min=-5.3112 max=52.0515 mean=-3.3040 std=3.9992
sal_batch: shape=(2, 1, 360, 640) min=0.0000 max=1.0000 mean=0.0141 std=0.0722
DEBUG features_shape: {'stage1': (2, 96, 16, 56, 96), 'stage2': (2, 192, 16, 28, 48), 'stage3': (2, 384, 16, 14, 24), 'stage4': (2, 768, 16, 7, 12)}
DEBUG gate: no gate_debug available. This usually means return_concept_losses=False or lambda_gate=0.
DEBUG decoder visual FiLM [stage1] | film_gamma mean/std/min/max=0.0625/0.2515/0.0000/2.4936 | prototype_bottleneck_strength=1.0000 | prototype_application_position=post_refine
DEBUG decoder visual FiLM [stage2] | film_gamma mean/std/min/max=0.0625/0.2705/0.0000/3.7728 | prototype_bottleneck_strength=1.0000 | prototype_application_position=post_refine
DEBUG decoder visual FiLM [stage3] | film_gamma mean/std/min/max=0.0625/0.3877/0.0000/8.8319 | prototype_bottleneck_strength=1.0000 | prototype_application_position=post_refine
DEBUG decoder visual FiLM [stage4] | film_gamma mean/std/min/max=0.0625/0.3361/0.0000/5.9237 | prototype_bottleneck_strength=1.0000 | prototype_application_position=post_refine
DEBUG factorized comparison [stage3] | query_norm_mean=0.5799 | key_norm_mean=0.3908 | context_mean=0.0000 | context_std=0.0126 | context_min=-0.0216 | context_max=0.0351 | total_candidate_weight=336.0000 | spatial_strength=0.0993 | spatial_freq_entropy=2.7726 | spatial_freq_weight_mean=0.6924 | rank=32
DEBUG factorized comparison [stage4] | query_norm_mean=0.4276 | key_norm_mean=0.3629 | context_mean=0.0000 | context_std=0.0107 | context_min=-0.0213 | context_max=0.0275 | total_candidate_weight=84.0000 | spatial_strength=0.0994 | spatial_freq_entropy=2.7726 | spatial_freq_weight_mean=0.6927 | rank=32
patch-priority map [stage1] | mean=0.062500 | std=0.251523 | min=0.000000 | max=2.493629 | prototype_application_position=post_refine_unary_mask | prototype_bottleneck_strength=1.000000 | prototype_to_base_norm_ratio=1.106652
patch-priority map [stage2] | mean=0.062500 | std=0.270539 | min=0.000000 | max=3.772807 | prototype_application_position=post_refine_unary_mask | prototype_bottleneck_strength=1.000000 | prototype_to_base_norm_ratio=1.446155
patch-priority map [stage3] | mean=0.062500 | std=0.387668 | min=0.000000 | max=8.831867 | prototype_application_position=post_refine | prototype_bottleneck_strength=1.000000 | prototype_to_base_norm_ratio=1.401099
patch-priority map [stage4] | mean=0.062500 | std=0.336092 | min=0.000000 | max=5.923671 | prototype_application_position=post_refine | prototype_bottleneck_strength=1.000000 | prototype_to_base_norm_ratio=2.191087
DEBUG visual concept usage [stage1] top 10:
  concept 271: 3988 patches (37.09%)
  concept 201: 3649 patches (33.94%)
  concept 483: 2342 patches (21.78%)
  concept 274: 157 patches (1.46%)
  concept 195: 73 patches (0.68%)
  concept 23: 43 patches (0.40%)
  concept 480: 26 patches (0.24%)
  concept 404: 24 patches (0.22%)
  concept 120: 23 patches (0.21%)
  concept 196: 18 patches (0.17%)
  normalized usage entropy: 0.9346
DEBUG visual concept usage [stage2] top 10:
  concept 363: 1063 patches (39.55%)
  concept 408: 798 patches (29.69%)
  concept 66: 763 patches (28.39%)
  concept 305: 5 patches (0.19%)
  concept 134: 3 patches (0.11%)
  concept 53: 2 patches (0.07%)
  concept 74: 2 patches (0.07%)
  concept 125: 2 patches (0.07%)
  concept 150: 2 patches (0.07%)
  concept 280: 2 patches (0.07%)
  normalized usage entropy: 0.9305
DEBUG visual concept usage [stage3] top 10:
  concept 327: 467 patches (69.49%)
  concept 25: 75 patches (11.16%)
  concept 480: 75 patches (11.16%)
  concept 506: 31 patches (4.61%)
  concept 314: 3 patches (0.45%)
  concept 157: 2 patches (0.30%)
  concept 344: 2 patches (0.30%)
  concept 369: 2 patches (0.30%)
  concept 427: 2 patches (0.30%)
  concept 456: 2 patches (0.30%)
  normalized usage entropy: 0.9219
DEBUG visual concept usage [stage4] top 10:
  concept 397: 30 patches (17.86%)
  concept 154: 24 patches (14.29%)
  concept 334: 17 patches (10.12%)
  concept 362: 10 patches (5.95%)
  concept 461: 10 patches (5.95%)
  concept 496: 8 patches (4.76%)
  concept 271: 7 patches (4.17%)
  concept 263: 6 patches (3.57%)
  concept 417: 5 patches (2.98%)
  concept 337: 3 patches (1.79%)
  normalized usage entropy: 0.9295
DEBUG pred min/max/mean/std: -5.311209201812744 52.051456451416016 -3.304025650024414 3.999236822128296
DEBUG target min/max/mean/std: 0.0 1.0 0.014067078940570354 0.07222653925418854
DEBUG fixation pixels per sample: [221.0, 145.0]
DEBUG fix_batch min/max/mean/std: 0.0 1.0 0.0007942708325572312 0.02817164547741413
DEBUG losses: {'loss_total': 1.2602440118789673, 'loss_fid': 28.557796478271484, 'loss_patch_fid': 4.412257194519043, 'loss_dense_fid': 4.3585309982299805, 'loss_dense_bce': -0.0, 'loss_dense_kl': 19.78700828552246, 'loss_topk': -0.0, 'loss_delta': -0.0, 'loss_cc': 0.5340914130210876, 'loss_nss': -2.571812629699707, 'loss_sim': 0.7638310194015503, 'loss_concept_dense': 0.0, 'loss_concept_kl': 0.0, 'loss_align': 0.0, 'loss_sparse': 0.0, 'loss_div': 0.0, 'loss_gate': 0.0, 'loss_visual_entropy': 0.8458157777786255, 'loss_visual_equiv': 0.0, 'loss_visual_usage': 0.07085934281349182, 'loss_temporal_attention_entropy': 0.0, 'loss_total_concept': 0.5798088312149048, 'loss_decoder_side_aux': 0.13608838617801666, 'loss_priority_map': 2.0978686809539795, 'loss_priority_map_weighted': 0.20978687703609467, 'priority_map_loss': 2.0978686809539795, 'weighted_priority_map_loss': 0.20978687703609467, 'loss_priority_map_stage3': 2.058412551879883, 'loss_priority_map_stage4': 2.137324810028076, 'loss_side_stage4': 0.21767708659172058, 'loss_side_stage3': 0.32671892642974854, 'loss_side_stage2': 0.2518710792064667, 'loss_side_stage1': 0.2737598419189453}
DEBUG decoder visual FiLM [stage1] | film_gamma mean/std/min/max=0.0625/0.2503/0.0000/2.2846 | prototype_bottleneck_strength=1.0000 | prototype_application_position=post_refine
DEBUG decoder visual FiLM [stage2] | film_gamma mean/std/min/max=0.0625/0.2688/0.0000/3.4610 | prototype_bottleneck_strength=1.0000 | prototype_application_position=post_refine
DEBUG decoder visual FiLM [stage3] | film_gamma mean/std/min/max=0.0625/0.4995/0.0000/11.9380 | prototype_bottleneck_strength=1.0000 | prototype_application_position=post_refine
DEBUG decoder visual FiLM [stage4] | film_gamma mean/std/min/max=0.0625/0.4344/0.0000/7.3080 | prototype_bottleneck_strength=1.0000 | prototype_application_position=post_refine
DEBUG factorized comparison [stage3] | query_norm_mean=0.9191 | key_norm_mean=0.5849 | context_mean=0.0000 | context_std=0.0311 | context_min=-0.0519 | context_max=0.0769 | total_candidate_weight=336.0000 | spatial_strength=0.0991 | spatial_freq_entropy=2.7726 | spatial_freq_weight_mean=0.6922 | rank=32
DEBUG factorized comparison [stage4] | query_norm_mean=0.7129 | key_norm_mean=0.5992 | context_mean=0.0000 | context_std=0.0316 | context_min=-0.0542 | context_max=0.0734 | total_candidate_weight=84.0000 | spatial_strength=0.0992 | spatial_freq_entropy=2.7726 | spatial_freq_weight_mean=0.6925 | rank=32
patch-priority map [stage1] | mean=0.062500 | std=0.250334 | min=0.000000 | max=2.284574 | prototype_application_position=post_refine_unary_mask | prototype_bottleneck_strength=1.000000 | prototype_to_base_norm_ratio=1.215882
patch-priority map [stage2] | mean=0.062500 | std=0.268848 | min=0.000000 | max=3.461042 | prototype_application_position=post_refine_unary_mask | prototype_bottleneck_strength=1.000000 | prototype_to_base_norm_ratio=1.310283
patch-priority map [stage3] | mean=0.062500 | std=0.499545 | min=0.000000 | max=11.938015 | prototype_application_position=post_refine | prototype_bottleneck_strength=1.000000 | prototype_to_base_norm_ratio=1.893192
patch-priority map [stage4] | mean=0.062500 | std=0.434397 | min=0.000000 | max=7.308017 | prototype_application_position=post_refine | prototype_bottleneck_strength=1.000000 | prototype_to_base_norm_ratio=2.031042
Epoch 3/200
  Mean train loss: 1.193929
  Mean val loss:   1.031462
  Current LR:      5.00e-05
Val metrics   | CC: 0.4852 | SIM: 0.2890 | NSS: 2.7233
  Saved checkpoint: training_outputs/ckpts/20261002_204128/epoch_003.pth
  New best val loss: 1.031462 (saved training_outputs/ckpts/20261002_204128/best_checkpoint.pth)

Epoch 4/200
pred_saliency: shape=(2, 1, 224, 384) min=-5.4387 max=56.8308 mean=-3.2009 std=3.7733
sal_batch: shape=(2, 1, 360, 640) min=0.0000 max=1.0000 mean=0.0121 std=0.0787
DEBUG features_shape: {'stage1': (2, 96, 16, 56, 96), 'stage2': (2, 192, 16, 28, 48), 'stage3': (2, 384, 16, 14, 24), 'stage4': (2, 768, 16, 7, 12)}
DEBUG gate: no gate_debug available. This usually means return_concept_losses=False or lambda_gate=0.
DEBUG decoder visual FiLM [stage1] | film_gamma mean/std/min/max=0.0625/0.2508/0.0000/2.3703 | prototype_bottleneck_strength=1.0000 | prototype_application_position=post_refine
DEBUG decoder visual FiLM [stage2] | film_gamma mean/std/min/max=0.0625/0.2693/0.0000/3.3422 | prototype_bottleneck_strength=1.0000 | prototype_application_position=post_refine
DEBUG decoder visual FiLM [stage3] | film_gamma mean/std/min/max=0.0625/0.4878/0.0000/12.2191 | prototype_bottleneck_strength=1.0000 | prototype_application_position=post_refine
DEBUG decoder visual FiLM [stage4] | film_gamma mean/std/min/max=0.0625/0.4152/0.0000/7.9853 | prototype_bottleneck_strength=1.0000 | prototype_application_position=post_refine
DEBUG factorized comparison [stage3] | query_norm_mean=0.9144 | key_norm_mean=0.5784 | context_mean=0.0000 | context_std=0.0295 | context_min=-0.0519 | context_max=0.0787 | total_candidate_weight=336.0000 | spatial_strength=0.0991 | spatial_freq_entropy=2.7726 | spatial_freq_weight_mean=0.6922 | rank=32
DEBUG factorized comparison [stage4] | query_norm_mean=0.7113 | key_norm_mean=0.5938 | context_mean=-0.0000 | context_std=0.0303 | context_min=-0.0587 | context_max=0.0723 | total_candidate_weight=84.0000 | spatial_strength=0.0992 | spatial_freq_entropy=2.7726 | spatial_freq_weight_mean=0.6925 | rank=32
patch-priority map [stage1] | mean=0.062500 | std=0.250772 | min=0.000000 | max=2.370294 | prototype_application_position=post_refine_unary_mask | prototype_bottleneck_strength=1.000000 | prototype_to_base_norm_ratio=1.184406
patch-priority map [stage2] | mean=0.062500 | std=0.269313 | min=0.000000 | max=3.342200 | prototype_application_position=post_refine_unary_mask | prototype_bottleneck_strength=1.000000 | prototype_to_base_norm_ratio=1.278223
patch-priority map [stage3] | mean=0.062500 | std=0.487841 | min=0.000000 | max=12.219096 | prototype_application_position=post_refine | prototype_bottleneck_strength=1.000000 | prototype_to_base_norm_ratio=1.719696
patch-priority map [stage4] | mean=0.062500 | std=0.415175 | min=0.000000 | max=7.985264 | prototype_application_position=post_refine | prototype_bottleneck_strength=1.000000 | prototype_to_base_norm_ratio=2.137662
DEBUG visual concept usage [stage1] top 10:
  concept 271: 5682 patches (52.85%)
  concept 201: 2708 patches (25.19%)
  concept 483: 1720 patches (16.00%)
  concept 274: 104 patches (0.97%)
  concept 120: 55 patches (0.51%)
  concept 195: 34 patches (0.32%)
  concept 23: 26 patches (0.24%)
  concept 390: 16 patches (0.15%)
  concept 47: 15 patches (0.14%)
  concept 362: 13 patches (0.12%)
  normalized usage entropy: 0.9415
DEBUG visual concept usage [stage2] top 10:
  concept 363: 1076 patches (40.03%)
  concept 408: 1000 patches (37.20%)
  concept 66: 551 patches (20.50%)
  concept 275: 5 patches (0.19%)
  concept 168: 4 patches (0.15%)
  concept 305: 4 patches (0.15%)
  concept 150: 3 patches (0.11%)
  concept 85: 2 patches (0.07%)
  concept 210: 2 patches (0.07%)
  concept 292: 2 patches (0.07%)
  normalized usage entropy: 0.9367
DEBUG visual concept usage [stage3] top 10:
  concept 327: 426 patches (63.39%)
  concept 480: 95 patches (14.14%)
  concept 25: 88 patches (13.10%)
  concept 506: 62 patches (9.23%)
  concept 295: 1 patches (0.15%)
  normalized usage entropy: 0.9208
DEBUG visual concept usage [stage4] top 10:
  concept 334: 36 patches (21.43%)
  concept 154: 32 patches (19.05%)
  concept 461: 11 patches (6.55%)
  concept 412: 9 patches (5.36%)
  concept 362: 8 patches (4.76%)
  concept 418: 7 patches (4.17%)
  concept 336: 6 patches (3.57%)
  concept 397: 5 patches (2.98%)
  concept 428: 5 patches (2.98%)
  concept 394: 4 patches (2.38%)
  normalized usage entropy: 0.8820
DEBUG pred min/max/mean/std: -5.438723087310791 56.83078384399414 -3.200925588607788 3.7733004093170166
DEBUG target min/max/mean/std: 0.0 1.0 0.012070705182850361 0.07874782383441925
DEBUG fixation pixels per sample: [121.0, 129.0]
DEBUG fix_batch min/max/mean/std: 0.0 1.0 0.0005425347480922937 0.023286079987883568
DEBUG losses: {'loss_total': 0.4784272611141205, 'loss_fid': 22.58053970336914, 'loss_patch_fid': 4.183882713317871, 'loss_dense_fid': 4.136735916137695, 'loss_dense_bce': -0.0, 'loss_dense_kl': 14.259920120239258, 'loss_topk': -0.0, 'loss_delta': -0.0, 'loss_cc': 0.29602324962615967, 'loss_nss': -5.134652614593506, 'loss_sim': 0.7461544275283813, 'loss_concept_dense': 0.0, 'loss_concept_kl': 0.0, 'loss_align': 0.0, 'loss_sparse': 0.0, 'loss_div': 0.0, 'loss_gate': 0.0, 'loss_visual_entropy': 0.8340065479278564, 'loss_visual_equiv': 0.0, 'loss_visual_usage': 0.079779252409935, 'loss_temporal_attention_entropy': 0.0, 'loss_total_concept': 0.5443030595779419, 'loss_decoder_side_aux': -0.12484702467918396, 'loss_priority_map': 2.1266698837280273, 'loss_priority_map_weighted': 0.21266698837280273, 'priority_map_loss': 2.1266698837280273, 'weighted_priority_map_loss': 0.21266698837280273, 'loss_priority_map_stage3': 2.160315990447998, 'loss_priority_map_stage4': 2.0930237770080566, 'loss_side_stage4': -0.12576833367347717, 'loss_side_stage3': -0.22568565607070923, 'loss_side_stage2': -0.2757481336593628, 'loss_side_stage1': -0.2731391191482544}
DEBUG decoder visual FiLM [stage1] | film_gamma mean/std/min/max=0.0625/0.2508/0.0000/2.3258 | prototype_bottleneck_strength=1.0000 | prototype_application_position=post_refine
DEBUG decoder visual FiLM [stage2] | film_gamma mean/std/min/max=0.0625/0.2652/0.0000/3.2507 | prototype_bottleneck_strength=1.0000 | prototype_application_position=post_refine
DEBUG decoder visual FiLM [stage3] | film_gamma mean/std/min/max=0.0625/0.5750/0.0000/13.5355 | prototype_bottleneck_strength=1.0000 | prototype_application_position=post_refine
DEBUG decoder visual FiLM [stage4] | film_gamma mean/std/min/max=0.0625/0.5415/0.0000/9.1279 | prototype_bottleneck_strength=1.0000 | prototype_application_position=post_refine
DEBUG factorized comparison [stage3] | query_norm_mean=1.1802 | key_norm_mean=0.7089 | context_mean=0.0000 | context_std=0.0481 | context_min=-0.0877 | context_max=0.1276 | total_candidate_weight=336.0000 | spatial_strength=0.0989 | spatial_freq_entropy=2.7726 | spatial_freq_weight_mean=0.6920 | rank=32
DEBUG factorized comparison [stage4] | query_norm_mean=0.8382 | key_norm_mean=0.7034 | context_mean=0.0000 | context_std=0.0446 | context_min=-0.0776 | context_max=0.1084 | total_candidate_weight=84.0000 | spatial_strength=0.0990 | spatial_freq_entropy=2.7726 | spatial_freq_weight_mean=0.6925 | rank=32
patch-priority map [stage1] | mean=0.062500 | std=0.250830 | min=0.000000 | max=2.325796 | prototype_application_position=post_refine_unary_mask | prototype_bottleneck_strength=1.000000 | prototype_to_base_norm_ratio=1.164515
patch-priority map [stage2] | mean=0.062500 | std=0.265212 | min=0.000000 | max=3.250673 | prototype_application_position=post_refine_unary_mask | prototype_bottleneck_strength=1.000000 | prototype_to_base_norm_ratio=1.260234
patch-priority map [stage3] | mean=0.062500 | std=0.575041 | min=0.000000 | max=13.535547 | prototype_application_position=post_refine | prototype_bottleneck_strength=1.000000 | prototype_to_base_norm_ratio=1.605379
patch-priority map [stage4] | mean=0.062500 | std=0.541533 | min=0.000000 | max=9.127943 | prototype_application_position=post_refine | prototype_bottleneck_strength=1.000000 | prototype_to_base_norm_ratio=2.547380
Epoch 4/200
  Mean train loss: 1.091017
  Mean val loss:   0.973391
  Current LR:      5.00e-05
Val metrics   | CC: 0.4976 | SIM: 0.3007 | NSS: 2.8222
  Saved checkpoint: training_outputs/ckpts/20261002_204128/epoch_004.pth
  New best val loss: 0.973391 (saved training_outputs/ckpts/20261002_204128/best_checkpoint.pth)

Epoch 5/200
pred_saliency: shape=(2, 1, 224, 384) min=-5.0348 max=29.2070 mean=-3.3558 std=3.1981
sal_batch: shape=(2, 1, 360, 640) min=0.0000 max=1.0000 mean=0.0155 std=0.0843
DEBUG features_shape: {'stage1': (2, 96, 16, 56, 96), 'stage2': (2, 192, 16, 28, 48), 'stage3': (2, 384, 16, 14, 24), 'stage4': (2, 768, 16, 7, 12)}
DEBUG gate: no gate_debug available. This usually means return_concept_losses=False or lambda_gate=0.
DEBUG decoder visual FiLM [stage1] | film_gamma mean/std/min/max=0.0625/0.2513/0.0000/2.3273 | prototype_bottleneck_strength=1.0000 | prototype_application_position=post_refine
DEBUG decoder visual FiLM [stage2] | film_gamma mean/std/min/max=0.0625/0.2641/0.0000/2.8273 | prototype_bottleneck_strength=1.0000 | prototype_application_position=post_refine
DEBUG decoder visual FiLM [stage3] | film_gamma mean/std/min/max=0.0625/0.5110/0.0000/12.5484 | prototype_bottleneck_strength=1.0000 | prototype_application_position=post_refine
DEBUG decoder visual FiLM [stage4] | film_gamma mean/std/min/max=0.0625/0.5199/0.0000/11.6420 | prototype_bottleneck_strength=1.0000 | prototype_application_position=post_refine
DEBUG factorized comparison [stage3] | query_norm_mean=1.1860 | key_norm_mean=0.7073 | context_mean=0.0000 | context_std=0.0462 | context_min=-0.0828 | context_max=0.1179 | total_candidate_weight=336.0000 | spatial_strength=0.0989 | spatial_freq_entropy=2.7726 | spatial_freq_weight_mean=0.6920 | rank=32
DEBUG factorized comparison [stage4] | query_norm_mean=0.8296 | key_norm_mean=0.6942 | context_mean=0.0000 | context_std=0.0412 | context_min=-0.0768 | context_max=0.1002 | total_candidate_weight=84.0000 | spatial_strength=0.0990 | spatial_freq_entropy=2.7726 | spatial_freq_weight_mean=0.6925 | rank=32
patch-priority map [stage1] | mean=0.062500 | std=0.251344 | min=0.000000 | max=2.327297 | prototype_application_position=post_refine_unary_mask | prototype_bottleneck_strength=1.000000 | prototype_to_base_norm_ratio=1.040984
patch-priority map [stage2] | mean=0.062500 | std=0.264139 | min=0.000000 | max=2.827275 | prototype_application_position=post_refine_unary_mask | prototype_bottleneck_strength=1.000000 | prototype_to_base_norm_ratio=1.247021
patch-priority map [stage3] | mean=0.062500 | std=0.510997 | min=0.000000 | max=12.548354 | prototype_application_position=post_refine | prototype_bottleneck_strength=1.000000 | prototype_to_base_norm_ratio=1.316463
patch-priority map [stage4] | mean=0.062500 | std=0.519864 | min=0.000000 | max=11.642044 | prototype_application_position=post_refine | prototype_bottleneck_strength=1.000000 | prototype_to_base_norm_ratio=2.754103
DEBUG visual concept usage [stage1] top 10:
  concept 271: 6416 patches (59.67%)
  concept 201: 3209 patches (29.85%)
  concept 483: 669 patches (6.22%)
  concept 195: 113 patches (1.05%)
  concept 120: 56 patches (0.52%)
  concept 274: 18 patches (0.17%)
  concept 23: 16 patches (0.15%)
  concept 285: 16 patches (0.15%)
  concept 204: 12 patches (0.11%)
  concept 480: 12 patches (0.11%)
  normalized usage entropy: 0.9418
DEBUG visual concept usage [stage2] top 10:
  concept 363: 1287 patches (47.88%)
  concept 66: 742 patches (27.60%)
  concept 408: 593 patches (22.06%)
  concept 26: 3 patches (0.11%)
  concept 51: 3 patches (0.11%)
  concept 279: 3 patches (0.11%)
  concept 75: 2 patches (0.07%)
  concept 129: 2 patches (0.07%)
  concept 158: 2 patches (0.07%)
  concept 178: 2 patches (0.07%)
  normalized usage entropy: 0.9400
DEBUG visual concept usage [stage3] top 10:
  concept 327: 470 patches (69.94%)
  concept 506: 95 patches (14.14%)
  concept 25: 93 patches (13.84%)
  concept 480: 13 patches (1.93%)
  concept 397: 1 patches (0.15%)
  normalized usage entropy: 0.9226
DEBUG visual concept usage [stage4] top 10:
  concept 397: 30 patches (17.86%)
  concept 154: 22 patches (13.10%)
  concept 263: 15 patches (8.93%)
  concept 412: 15 patches (8.93%)
  concept 461: 10 patches (5.95%)
  concept 362: 9 patches (5.36%)
  concept 428: 8 patches (4.76%)
  concept 418: 7 patches (4.17%)
  concept 334: 5 patches (2.98%)
  concept 87: 4 patches (2.38%)
  normalized usage entropy: 0.9048
DEBUG pred min/max/mean/std: -5.034834861755371 29.207048416137695 -3.355766773223877 3.1981253623962402
DEBUG target min/max/mean/std: 0.0 1.0 0.015475993044674397 0.08426104485988617
DEBUG fixation pixels per sample: [145.0, 137.0]
DEBUG fix_batch min/max/mean/std: 0.0 1.0 0.0006119791651144624 0.02473066933453083
DEBUG losses: {'loss_total': 0.4224588871002197, 'loss_fid': 21.069284439086914, 'loss_patch_fid': 4.26589298248291, 'loss_dense_fid': 4.223090648651123, 'loss_dense_bce': -0.0, 'loss_dense_kl': 12.580301284790039, 'loss_topk': -0.0, 'loss_delta': -0.0, 'loss_cc': 0.2503228187561035, 'loss_nss': -4.385810852050781, 'loss_sim': 0.6357583999633789, 'loss_concept_dense': 0.0, 'loss_concept_kl': 0.0, 'loss_align': 0.0, 'loss_sparse': 0.0, 'loss_div': 0.0, 'loss_gate': 0.0, 'loss_visual_entropy': 0.8361546993255615, 'loss_visual_equiv': 0.0, 'loss_visual_usage': 0.07270359992980957, 'loss_temporal_attention_entropy': 0.0, 'loss_total_concept': 0.49976974725723267, 'loss_decoder_side_aux': -0.10018178075551987, 'loss_priority_map': 1.5287710428237915, 'loss_priority_map_weighted': 0.1528771072626114, 'priority_map_loss': 1.5287710428237915, 'weighted_priority_map_loss': 0.1528771072626114, 'loss_priority_map_stage3': 1.3790912628173828, 'loss_priority_map_stage4': 1.6784508228302002, 'loss_side_stage4': -0.2152164876461029, 'loss_side_stage3': -0.24693599343299866, 'loss_side_stage2': -0.16725176572799683, 'loss_side_stage1': -0.19819796085357666}
DEBUG decoder visual FiLM [stage1] | film_gamma mean/std/min/max=0.0625/0.2494/0.0000/2.1892 | prototype_bottleneck_strength=1.0000 | prototype_application_position=post_refine
DEBUG decoder visual FiLM [stage2] | film_gamma mean/std/min/max=0.0625/0.2633/0.0000/3.3864 | prototype_bottleneck_strength=1.0000 | prototype_application_position=post_refine
DEBUG decoder visual FiLM [stage3] | film_gamma mean/std/min/max=0.0625/0.6436/0.0000/17.8569 | prototype_bottleneck_strength=1.0000 | prototype_application_position=post_refine
DEBUG decoder visual FiLM [stage4] | film_gamma mean/std/min/max=0.0625/0.5312/0.0000/8.1271 | prototype_bottleneck_strength=1.0000 | prototype_application_position=post_refine
DEBUG factorized comparison [stage3] | query_norm_mean=1.4003 | key_norm_mean=0.8060 | context_mean=0.0000 | context_std=0.0635 | context_min=-0.1142 | context_max=0.1612 | total_candidate_weight=336.0000 | spatial_strength=0.0988 | spatial_freq_entropy=2.7726 | spatial_freq_weight_mean=0.6919 | rank=32
DEBUG factorized comparison [stage4] | query_norm_mean=0.9501 | key_norm_mean=0.7840 | context_mean=0.0000 | context_std=0.0585 | context_min=-0.1009 | context_max=0.1318 | total_candidate_weight=84.0000 | spatial_strength=0.0990 | spatial_freq_entropy=2.7726 | spatial_freq_weight_mean=0.6925 | rank=32
patch-priority map [stage1] | mean=0.062500 | std=0.249396 | min=0.000000 | max=2.189176 | prototype_application_position=post_refine_unary_mask | prototype_bottleneck_strength=1.000000 | prototype_to_base_norm_ratio=1.134759
patch-priority map [stage2] | mean=0.062500 | std=0.263301 | min=0.000000 | max=3.386382 | prototype_application_position=post_refine_unary_mask | prototype_bottleneck_strength=1.000000 | prototype_to_base_norm_ratio=1.178837
patch-priority map [stage3] | mean=0.062500 | std=0.643553 | min=0.000000 | max=17.856884 | prototype_application_position=post_refine | prototype_bottleneck_strength=1.000000 | prototype_to_base_norm_ratio=1.591936
patch-priority map [stage4] | mean=0.062500 | std=0.531203 | min=0.000000 | max=8.127148 | prototype_application_position=post_refine | prototype_bottleneck_strength=1.000000 | prototype_to_base_norm_ratio=2.128159
Epoch 5/200
  Mean train loss: 1.024620
  Mean val loss:   0.950749
  Current LR:      4.99e-05
Val metrics   | CC: 0.5009 | SIM: 0.2929 | NSS: 2.8567
  Saved checkpoint: training_outputs/ckpts/20261002_204128/epoch_005.pth
  New best val loss: 0.950749 (saved training_outputs/ckpts/20261002_204128/best_checkpoint.pth)

Epoch 6/200
pred_saliency: shape=(2, 1, 224, 384) min=-4.7818 max=5.4701 mean=-3.5553 std=1.2476
sal_batch: shape=(2, 1, 360, 640) min=0.0000 max=1.0000 mean=0.0196 std=0.0906
DEBUG features_shape: {'stage1': (2, 96, 16, 56, 96), 'stage2': (2, 192, 16, 28, 48), 'stage3': (2, 384, 16, 14, 24), 'stage4': (2, 768, 16, 7, 12)}
DEBUG gate: no gate_debug available. This usually means return_concept_losses=False or lambda_gate=0.
DEBUG decoder visual FiLM [stage1] | film_gamma mean/std/min/max=0.0625/0.2495/0.0000/2.1768 | prototype_bottleneck_strength=1.0000 | prototype_application_position=post_refine
DEBUG decoder visual FiLM [stage2] | film_gamma mean/std/min/max=0.0625/0.2626/0.0000/3.0953 | prototype_bottleneck_strength=1.0000 | prototype_application_position=post_refine
DEBUG decoder visual FiLM [stage3] | film_gamma mean/std/min/max=0.0625/0.5501/0.0000/15.5411 | prototype_bottleneck_strength=1.0000 | prototype_application_position=post_refine
DEBUG decoder visual FiLM [stage4] | film_gamma mean/std/min/max=0.0625/0.4566/0.0000/8.4454 | prototype_bottleneck_strength=1.0000 | prototype_application_position=post_refine
DEBUG factorized comparison [stage3] | query_norm_mean=1.4214 | key_norm_mean=0.8041 | context_mean=0.0000 | context_std=0.0597 | context_min=-0.1142 | context_max=0.1560 | total_candidate_weight=336.0000 | spatial_strength=0.0988 | spatial_freq_entropy=2.7726 | spatial_freq_weight_mean=0.6919 | rank=32
DEBUG factorized comparison [stage4] | query_norm_mean=0.9423 | key_norm_mean=0.7774 | context_mean=-0.0000 | context_std=0.0532 | context_min=-0.1009 | context_max=0.1310 | total_candidate_weight=84.0000 | spatial_strength=0.0990 | spatial_freq_entropy=2.7726 | spatial_freq_weight_mean=0.6925 | rank=32
patch-priority map [stage1] | mean=0.062500 | std=0.249461 | min=0.000000 | max=2.176784 | prototype_application_position=post_refine_unary_mask | prototype_bottleneck_strength=1.000000 | prototype_to_base_norm_ratio=1.053355
patch-priority map [stage2] | mean=0.062500 | std=0.262576 | min=0.000000 | max=3.095304 | prototype_application_position=post_refine_unary_mask | prototype_bottleneck_strength=1.000000 | prototype_to_base_norm_ratio=1.148173
patch-priority map [stage3] | mean=0.062500 | std=0.550139 | min=0.000000 | max=15.541122 | prototype_application_position=post_refine | prototype_bottleneck_strength=1.000000 | prototype_to_base_norm_ratio=0.976185
patch-priority map [stage4] | mean=0.062500 | std=0.456576 | min=0.000000 | max=8.445375 | prototype_application_position=post_refine | prototype_bottleneck_strength=1.000000 | prototype_to_base_norm_ratio=1.811076
DEBUG visual concept usage [stage1] top 10:
  concept 271: 6969 patches (64.82%)
  concept 201: 2152 patches (20.01%)
  concept 483: 1098 patches (10.21%)
  concept 444: 83 patches (0.77%)
  concept 195: 45 patches (0.42%)
  concept 120: 22 patches (0.20%)
  concept 190: 18 patches (0.17%)
  concept 274: 13 patches (0.12%)
  concept 219: 12 patches (0.11%)
  concept 285: 11 patches (0.10%)
  normalized usage entropy: 0.9484
DEBUG visual concept usage [stage2] top 10:
  concept 363: 1389 patches (51.67%)
  concept 408: 658 patches (24.48%)
  concept 66: 607 patches (22.58%)
  concept 361: 2 patches (0.07%)
  concept 479: 2 patches (0.07%)
  concept 3: 1 patches (0.04%)
  concept 56: 1 patches (0.04%)
  concept 63: 1 patches (0.04%)
  concept 80: 1 patches (0.04%)
  concept 83: 1 patches (0.04%)
  normalized usage entropy: 0.9482
DEBUG visual concept usage [stage3] top 10:
  concept 327: 512 patches (76.19%)
  concept 25: 79 patches (11.76%)
  concept 506: 71 patches (10.57%)
  concept 480: 6 patches (0.89%)
  concept 266: 1 patches (0.15%)
  concept 325: 1 patches (0.15%)
  concept 410: 1 patches (0.15%)
  concept 435: 1 patches (0.15%)
  normalized usage entropy: 0.9480
DEBUG visual concept usage [stage4] top 10:
  concept 397: 35 patches (20.83%)
  concept 87: 24 patches (14.29%)
  concept 154: 17 patches (10.12%)
  concept 263: 8 patches (4.76%)
  concept 412: 8 patches (4.76%)
  concept 147: 6 patches (3.57%)
  concept 334: 6 patches (3.57%)
  concept 362: 6 patches (3.57%)
  concept 276: 5 patches (2.98%)
  concept 461: 5 patches (2.98%)
  normalized usage entropy: 0.9308
DEBUG pred min/max/mean/std: -4.781813621520996 5.470078468322754 -3.5552573204040527 1.2475963830947876
DEBUG target min/max/mean/std: 0.0 1.0 0.01958148553967476 0.09056949615478516
DEBUG fixation pixels per sample: [217.0, 65.0]
DEBUG fix_batch min/max/mean/std: 0.0 1.0 0.0006119791651144624 0.02473067119717598
DEBUG losses: {'loss_total': 1.3770819902420044, 'loss_fid': 10.020283699035645, 'loss_patch_fid': 3.705947160720825, 'loss_dense_fid': 3.657557249069214, 'loss_dense_bce': -0.0, 'loss_dense_kl': 2.6567792892456055, 'loss_topk': -0.0, 'loss_delta': -0.0, 'loss_cc': 0.5799797177314758, 'loss_nss': -2.214740037918091, 'loss_sim': 0.7813842296600342, 'loss_concept_dense': 0.0, 'loss_concept_kl': 0.0, 'loss_align': 0.0, 'loss_sparse': 0.0, 'loss_div': 0.0, 'loss_gate': 0.0, 'loss_visual_entropy': 0.8631606101989746, 'loss_visual_equiv': 0.0, 'loss_visual_usage': 0.05614015460014343, 'loss_temporal_attention_entropy': 0.0, 'loss_total_concept': 0.5851408839225769, 'loss_decoder_side_aux': 0.1939907670021057, 'loss_priority_map': 1.919237732887268, 'loss_priority_map_weighted': 0.19192378222942352, 'priority_map_loss': 1.919237732887268, 'weighted_priority_map_loss': 0.19192378222942352, 'loss_priority_map_stage3': 1.929390549659729, 'loss_priority_map_stage4': 1.9090849161148071, 'loss_side_stage4': 0.4449723958969116, 'loss_side_stage3': 0.41190165281295776, 'loss_side_stage2': 0.39319247007369995, 'loss_side_stage1': 0.357865571975708}
DEBUG decoder visual FiLM [stage1] | film_gamma mean/std/min/max=0.0625/0.2487/0.0000/2.1372 | prototype_bottleneck_strength=1.0000 | prototype_application_position=post_refine
DEBUG decoder visual FiLM [stage2] | film_gamma mean/std/min/max=0.0625/0.2624/0.0000/2.9819 | prototype_bottleneck_strength=1.0000 | prototype_application_position=post_refine
DEBUG decoder visual FiLM [stage3] | film_gamma mean/std/min/max=0.0625/0.7865/0.0000/28.0226 | prototype_bottleneck_strength=1.0000 | prototype_application_position=post_refine
DEBUG decoder visual FiLM [stage4] | film_gamma mean/std/min/max=0.0625/0.7067/0.0000/16.1121 | prototype_bottleneck_strength=1.0000 | prototype_application_position=post_refine
DEBUG factorized comparison [stage3] | query_norm_mean=1.5952 | key_norm_mean=0.8875 | context_mean=0.0000 | context_std=0.0789 | context_min=-0.1254 | context_max=0.2075 | total_candidate_weight=336.0000 | spatial_strength=0.0987 | spatial_freq_entropy=2.7726 | spatial_freq_weight_mean=0.6919 | rank=32
DEBUG factorized comparison [stage4] | query_norm_mean=1.0269 | key_norm_mean=0.8758 | context_mean=0.0000 | context_std=0.0631 | context_min=-0.1099 | context_max=0.1770 | total_candidate_weight=84.0000 | spatial_strength=0.0989 | spatial_freq_entropy=2.7726 | spatial_freq_weight_mean=0.6925 | rank=32
patch-priority map [stage1] | mean=0.062500 | std=0.248742 | min=0.000000 | max=2.137210 | prototype_application_position=post_refine_unary_mask | prototype_bottleneck_strength=1.000000 | prototype_to_base_norm_ratio=1.156254
patch-priority map [stage2] | mean=0.062500 | std=0.262439 | min=0.000000 | max=2.981948 | prototype_application_position=post_refine_unary_mask | prototype_bottleneck_strength=1.000000 | prototype_to_base_norm_ratio=1.160991
patch-priority map [stage3] | mean=0.062500 | std=0.786508 | min=0.000000 | max=28.022621 | prototype_application_position=post_refine | prototype_bottleneck_strength=1.000000 | prototype_to_base_norm_ratio=1.666242
patch-priority map [stage4] | mean=0.062500 | std=0.706741 | min=0.000000 | max=16.112118 | prototype_application_position=post_refine | prototype_bottleneck_strength=1.000000 | prototype_to_base_norm_ratio=3.332257
Epoch 6/200
  Mean train loss: 0.968220
  Mean val loss:   0.930728
  Current LR:      4.99e-05
Val metrics   | CC: 0.4999 | SIM: 0.2940 | NSS: 2.8531
  Saved checkpoint: training_outputs/ckpts/20261002_204128/epoch_006.pth
  New best val loss: 0.930728 (saved training_outputs/ckpts/20261002_204128/best_checkpoint.pth)

Epoch 7/200
pred_saliency: shape=(2, 1, 224, 384) min=-4.7016 max=41.6008 mean=-3.3979 std=2.9006
sal_batch: shape=(2, 1, 360, 640) min=0.0000 max=1.0000 mean=0.0117 std=0.0730
DEBUG features_shape: {'stage1': (2, 96, 16, 56, 96), 'stage2': (2, 192, 16, 28, 48), 'stage3': (2, 384, 16, 14, 24), 'stage4': (2, 768, 16, 7, 12)}
DEBUG gate: no gate_debug available. This usually means return_concept_losses=False or lambda_gate=0.
DEBUG decoder visual FiLM [stage1] | film_gamma mean/std/min/max=0.0625/0.2486/0.0000/2.0373 | prototype_bottleneck_strength=1.0000 | prototype_application_position=post_refine
DEBUG decoder visual FiLM [stage2] | film_gamma mean/std/min/max=0.0625/0.2627/0.0000/3.0466 | prototype_bottleneck_strength=1.0000 | prototype_application_position=post_refine
DEBUG decoder visual FiLM [stage3] | film_gamma mean/std/min/max=0.0625/0.6654/0.0000/23.0164 | prototype_bottleneck_strength=1.0000 | prototype_application_position=post_refine
DEBUG decoder visual FiLM [stage4] | film_gamma mean/std/min/max=0.0625/0.5780/0.0000/15.7283 | prototype_bottleneck_strength=1.0000 | prototype_application_position=post_refine
DEBUG factorized comparison [stage3] | query_norm_mean=1.5914 | key_norm_mean=0.8842 | context_mean=0.0000 | context_std=0.0744 | context_min=-0.1276 | context_max=0.2194 | total_candidate_weight=336.0000 | spatial_strength=0.0987 | spatial_freq_entropy=2.7726 | spatial_freq_weight_mean=0.6919 | rank=32
DEBUG factorized comparison [stage4] | query_norm_mean=1.0220 | key_norm_mean=0.8615 | context_mean=0.0000 | context_std=0.0620 | context_min=-0.1175 | context_max=0.1702 | total_candidate_weight=84.0000 | spatial_strength=0.0989 | spatial_freq_entropy=2.7726 | spatial_freq_weight_mean=0.6925 | rank=32
patch-priority map [stage1] | mean=0.062500 | std=0.248647 | min=0.000000 | max=2.037318 | prototype_application_position=post_refine_unary_mask | prototype_bottleneck_strength=1.000000 | prototype_to_base_norm_ratio=1.091830
patch-priority map [stage2] | mean=0.062500 | std=0.262724 | min=0.000000 | max=3.046650 | prototype_application_position=post_refine_unary_mask | prototype_bottleneck_strength=1.000000 | prototype_to_base_norm_ratio=1.331090
patch-priority map [stage3] | mean=0.062500 | std=0.665366 | min=0.000000 | max=23.016426 | prototype_application_position=post_refine | prototype_bottleneck_strength=1.000000 | prototype_to_base_norm_ratio=1.599373
patch-priority map [stage4] | mean=0.062500 | std=0.578011 | min=0.000000 | max=15.728289 | prototype_application_position=post_refine | prototype_bottleneck_strength=1.000000 | prototype_to_base_norm_ratio=3.172290
DEBUG visual concept usage [stage1] top 10:
  concept 271: 5670 patches (52.73%)
  concept 483: 2523 patches (23.47%)
  concept 201: 2045 patches (19.02%)
  concept 219: 78 patches (0.73%)
  concept 195: 50 patches (0.47%)
  concept 190: 27 patches (0.25%)
  concept 444: 24 patches (0.22%)
  concept 285: 19 patches (0.18%)
  concept 120: 18 patches (0.17%)
  concept 368: 18 patches (0.17%)
  normalized usage entropy: 0.9549
DEBUG visual concept usage [stage2] top 10:
  concept 408: 1134 patches (42.19%)
  concept 363: 866 patches (32.22%)
  concept 66: 635 patches (23.62%)
  concept 123: 2 patches (0.07%)
  concept 151: 2 patches (0.07%)
  concept 171: 2 patches (0.07%)
  concept 177: 2 patches (0.07%)
  concept 298: 2 patches (0.07%)
  concept 361: 2 patches (0.07%)
  concept 458: 2 patches (0.07%)
  normalized usage entropy: 0.9435
DEBUG visual concept usage [stage3] top 10:
  concept 327: 477 patches (70.98%)
  concept 506: 105 patches (15.62%)
  concept 25: 88 patches (13.10%)
  concept 198: 1 patches (0.15%)
  concept 480: 1 patches (0.15%)
  normalized usage entropy: 0.9258
DEBUG visual concept usage [stage4] top 10:
  concept 87: 26 patches (15.48%)
  concept 412: 22 patches (13.10%)
  concept 334: 15 patches (8.93%)
  concept 154: 10 patches (5.95%)
  concept 288: 9 patches (5.36%)
  concept 362: 8 patches (4.76%)
  concept 396: 6 patches (3.57%)
  concept 461: 5 patches (2.98%)
  concept 394: 4 patches (2.38%)
  concept 271: 3 patches (1.79%)
  normalized usage entropy: 0.9201
DEBUG pred min/max/mean/std: -4.701602935791016 41.60082244873047 -3.397947072982788 2.9005978107452393
DEBUG target min/max/mean/std: 0.0 1.0 0.011715685948729515 0.07297395914793015
DEBUG fixation pixels per sample: [159.0, 136.0]
DEBUG fix_batch min/max/mean/std: 0.0 1.0 0.0006401909631676972 0.025293922051787376
DEBUG losses: {'loss_total': 0.0657452940940857, 'loss_fid': 17.309391021728516, 'loss_patch_fid': 4.027984142303467, 'loss_dense_fid': 3.9845476150512695, 'loss_dense_bce': -0.0, 'loss_dense_kl': 9.296858787536621, 'loss_topk': -0.0, 'loss_delta': -0.0, 'loss_cc': 0.19771325588226318, 'loss_nss': -6.015732765197754, 'loss_sim': 0.6355212926864624, 'loss_concept_dense': 0.0, 'loss_concept_kl': 0.0, 'loss_align': 0.0, 'loss_sparse': 0.0, 'loss_div': 0.0, 'loss_gate': 0.0, 'loss_visual_entropy': 0.8403099179267883, 'loss_visual_equiv': 0.0, 'loss_visual_usage': 0.06392672657966614, 'loss_temporal_attention_entropy': 0.0, 'loss_total_concept': 0.47411221265792847, 'loss_decoder_side_aux': -0.19625523686408997, 'loss_priority_map': 1.3962042331695557, 'loss_priority_map_weighted': 0.13962042331695557, 'priority_map_loss': 1.3962042331695557, 'weighted_priority_map_loss': 0.13962042331695557, 'loss_priority_map_stage3': 1.325444221496582, 'loss_priority_map_stage4': 1.4669642448425293, 'loss_side_stage4': -0.30328816175460815, 'loss_side_stage3': -0.38174933195114136, 'loss_side_stage2': -0.397655725479126, 'loss_side_stage1': -0.41633766889572144}
DEBUG decoder visual FiLM [stage1] | film_gamma mean/std/min/max=0.0625/0.2489/0.0000/1.9995 | prototype_bottleneck_strength=1.0000 | prototype_application_position=post_refine
DEBUG decoder visual FiLM [stage2] | film_gamma mean/std/min/max=0.0625/0.2609/0.0000/2.8125 | prototype_bottleneck_strength=1.0000 | prototype_application_position=post_refine
DEBUG decoder visual FiLM [stage3] | film_gamma mean/std/min/max=0.0625/0.8489/0.0000/27.9907 | prototype_bottleneck_strength=1.0000 | prototype_application_position=post_refine
DEBUG decoder visual FiLM [stage4] | film_gamma mean/std/min/max=0.0625/0.8122/0.0000/18.7857 | prototype_bottleneck_strength=1.0000 | prototype_application_position=post_refine
DEBUG factorized comparison [stage3] | query_norm_mean=1.5870 | key_norm_mean=0.8657 | context_mean=0.0001 | context_std=0.0777 | context_min=-0.1343 | context_max=0.2149 | total_candidate_weight=336.0000 | spatial_strength=0.0987 | spatial_freq_entropy=2.7726 | spatial_freq_weight_mean=0.6920 | rank=32
DEBUG factorized comparison [stage4] | query_norm_mean=1.0894 | key_norm_mean=0.9173 | context_mean=0.0000 | context_std=0.0719 | context_min=-0.1363 | context_max=0.2033 | total_candidate_weight=84.0000 | spatial_strength=0.0988 | spatial_freq_entropy=2.7726 | spatial_freq_weight_mean=0.6925 | rank=32
patch-priority map [stage1] | mean=0.062500 | std=0.248857 | min=0.000000 | max=1.999509 | prototype_application_position=post_refine_unary_mask | prototype_bottleneck_strength=1.000000 | prototype_to_base_norm_ratio=1.232480
patch-priority map [stage2] | mean=0.062500 | std=0.260872 | min=0.000000 | max=2.812495 | prototype_application_position=post_refine_unary_mask | prototype_bottleneck_strength=1.000000 | prototype_to_base_norm_ratio=1.185960
patch-priority map [stage3] | mean=0.062500 | std=0.848925 | min=0.000000 | max=27.990690 | prototype_application_position=post_refine | prototype_bottleneck_strength=1.000000 | prototype_to_base_norm_ratio=1.813275
patch-priority map [stage4] | mean=0.062500 | std=0.812157 | min=0.000000 | max=18.785728 | prototype_application_position=post_refine | prototype_bottleneck_strength=1.000000 | prototype_to_base_norm_ratio=3.936427
Epoch 7/200
  Mean train loss: 0.927248
  Mean val loss:   0.895175
  Current LR:      4.99e-05
Val metrics   | CC: 0.5079 | SIM: 0.3106 | NSS: 2.9386
  Saved checkpoint: training_outputs/ckpts/20261002_204128/epoch_007.pth
  New best val loss: 0.895175 (saved training_outputs/ckpts/20261002_204128/best_checkpoint.pth)

Epoch 8/200
pred_saliency: shape=(2, 1, 224, 384) min=-4.7012 max=21.3510 mean=-3.3818 std=2.3287
sal_batch: shape=(2, 1, 360, 640) min=0.0000 max=1.0000 mean=0.0130 std=0.0713
DEBUG features_shape: {'stage1': (2, 96, 16, 56, 96), 'stage2': (2, 192, 16, 28, 48), 'stage3': (2, 384, 16, 14, 24), 'stage4': (2, 768, 16, 7, 12)}
DEBUG gate: no gate_debug available. This usually means return_concept_losses=False or lambda_gate=0.
DEBUG decoder visual FiLM [stage1] | film_gamma mean/std/min/max=0.0625/0.2488/0.0000/1.9810 | prototype_bottleneck_strength=1.0000 | prototype_application_position=post_refine
DEBUG decoder visual FiLM [stage2] | film_gamma mean/std/min/max=0.0625/0.2621/0.0000/2.7906 | prototype_bottleneck_strength=1.0000 | prototype_application_position=post_refine
DEBUG decoder visual FiLM [stage3] | film_gamma mean/std/min/max=0.0625/0.6138/0.0000/15.3054 | prototype_bottleneck_strength=1.0000 | prototype_application_position=post_refine
DEBUG decoder visual FiLM [stage4] | film_gamma mean/std/min/max=0.0625/0.6239/0.0000/13.7747 | prototype_bottleneck_strength=1.0000 | prototype_application_position=post_refine
DEBUG factorized comparison [stage3] | query_norm_mean=1.5793 | key_norm_mean=0.8686 | context_mean=0.0001 | context_std=0.0803 | context_min=-0.1373 | context_max=0.1970 | total_candidate_weight=336.0000 | spatial_strength=0.0987 | spatial_freq_entropy=2.7726 | spatial_freq_weight_mean=0.6920 | rank=32
DEBUG factorized comparison [stage4] | query_norm_mean=1.0999 | key_norm_mean=0.9130 | context_mean=0.0000 | context_std=0.0745 | context_min=-0.1446 | context_max=0.1898 | total_candidate_weight=84.0000 | spatial_strength=0.0988 | spatial_freq_entropy=2.7726 | spatial_freq_weight_mean=0.6925 | rank=32
patch-priority map [stage1] | mean=0.062500 | std=0.248777 | min=0.000000 | max=1.980957 | prototype_application_position=post_refine_unary_mask | prototype_bottleneck_strength=1.000000 | prototype_to_base_norm_ratio=1.033896
patch-priority map [stage2] | mean=0.062500 | std=0.262091 | min=0.000000 | max=2.790591 | prototype_application_position=post_refine_unary_mask | prototype_bottleneck_strength=1.000000 | prototype_to_base_norm_ratio=1.175866
patch-priority map [stage3] | mean=0.062500 | std=0.613834 | min=0.000000 | max=15.305447 | prototype_application_position=post_refine | prototype_bottleneck_strength=1.000000 | prototype_to_base_norm_ratio=1.188619
patch-priority map [stage4] | mean=0.062500 | std=0.623942 | min=0.000000 | max=13.774730 | prototype_application_position=post_refine | prototype_bottleneck_strength=1.000000 | prototype_to_base_norm_ratio=2.198762
DEBUG visual concept usage [stage1] top 10:
  concept 483: 5704 patches (53.05%)
  concept 201: 3426 patches (31.86%)
  concept 271: 1188 patches (11.05%)
  concept 219: 246 patches (2.29%)
  concept 444: 18 patches (0.17%)
  concept 120: 17 patches (0.16%)
  concept 190: 12 patches (0.11%)
  concept 167: 6 patches (0.06%)
  concept 116: 4 patches (0.04%)
  concept 9: 3 patches (0.03%)
  normalized usage entropy: 0.9140
DEBUG visual concept usage [stage2] top 10:
  concept 66: 1158 patches (43.08%)
  concept 408: 1102 patches (41.00%)
  concept 363: 419 patches (15.59%)
  concept 39: 1 patches (0.04%)
  concept 88: 1 patches (0.04%)
  concept 90: 1 patches (0.04%)
  concept 112: 1 patches (0.04%)
  concept 123: 1 patches (0.04%)
  concept 198: 1 patches (0.04%)
  concept 260: 1 patches (0.04%)
  normalized usage entropy: 0.9216
DEBUG visual concept usage [stage3] top 10:
  concept 327: 457 patches (68.01%)
  concept 506: 110 patches (16.37%)
  concept 25: 101 patches (15.03%)
  concept 295: 2 patches (0.30%)
  concept 412: 1 patches (0.15%)
  concept 419: 1 patches (0.15%)
  normalized usage entropy: 0.9096
DEBUG visual concept usage [stage4] top 10:
  concept 397: 31 patches (18.45%)
  concept 412: 18 patches (10.71%)
  concept 154: 17 patches (10.12%)
  concept 334: 11 patches (6.55%)
  concept 263: 7 patches (4.17%)
  concept 264: 6 patches (3.57%)
  concept 428: 6 patches (3.57%)
  concept 461: 6 patches (3.57%)
  concept 87: 5 patches (2.98%)
  concept 353: 4 patches (2.38%)
  normalized usage entropy: 0.9115
DEBUG pred min/max/mean/std: -4.701169013977051 21.351001739501953 -3.381751298904419 2.3286571502685547
DEBUG target min/max/mean/std: 0.0 1.0 0.012974103912711143 0.07129880040884018
DEBUG fixation pixels per sample: [135.0, 202.0]
DEBUG fix_batch min/max/mean/std: 0.0 1.0 0.000731336825992912 0.027033377438783646
DEBUG losses: {'loss_total': 0.519440233707428, 'loss_fid': 15.179792404174805, 'loss_patch_fid': 3.9461655616760254, 'loss_dense_fid': 3.9047675132751465, 'loss_dense_bce': -0.0, 'loss_dense_kl': 7.328859329223633, 'loss_topk': -0.0, 'loss_delta': -0.0, 'loss_cc': 0.34063494205474854, 'loss_nss': -4.240374565124512, 'loss_sim': 0.6794925928115845, 'loss_concept_dense': 0.0, 'loss_concept_kl': 0.0, 'loss_align': 0.0, 'loss_sparse': 0.0, 'loss_div': 0.0, 'loss_gate': 0.0, 'loss_visual_entropy': 0.8157877922058105, 'loss_visual_equiv': 0.0, 'loss_visual_usage': 0.08580708503723145, 'loss_temporal_attention_entropy': 0.0, 'loss_total_concept': 0.4490981698036194, 'loss_decoder_side_aux': -0.04012644663453102, 'loss_priority_map': 1.2632966041564941, 'loss_priority_map_weighted': 0.12632966041564941, 'priority_map_loss': 1.2632966041564941, 'weighted_priority_map_loss': 0.12632966041564941, 'loss_priority_map_stage3': 1.339097499847412, 'loss_priority_map_stage4': 1.1874955892562866, 'loss_side_stage4': -0.007514446973800659, 'loss_side_stage3': -0.0625181496143341, 'loss_side_stage2': -0.10934528708457947, 'loss_side_stage1': -0.08548557758331299}
DEBUG decoder visual FiLM [stage1] | film_gamma mean/std/min/max=0.0625/0.2488/0.0000/2.0605 | prototype_bottleneck_strength=1.0000 | prototype_application_position=post_refine
DEBUG decoder visual FiLM [stage2] | film_gamma mean/std/min/max=0.0625/0.2605/0.0000/2.8201 | prototype_bottleneck_strength=1.0000 | prototype_application_position=post_refine
DEBUG decoder visual FiLM [stage3] | film_gamma mean/std/min/max=0.0625/0.8883/0.0000/30.9677 | prototype_bottleneck_strength=1.0000 | prototype_application_position=post_refine
DEBUG decoder visual FiLM [stage4] | film_gamma mean/std/min/max=0.0625/0.8012/0.0000/18.8621 | prototype_bottleneck_strength=1.0000 | prototype_application_position=post_refine
DEBUG factorized comparison [stage3] | query_norm_mean=1.6884 | key_norm_mean=0.9097 | context_mean=0.0001 | context_std=0.0849 | context_min=-0.1582 | context_max=0.2328 | total_candidate_weight=336.0000 | spatial_strength=0.0986 | spatial_freq_entropy=2.7726 | spatial_freq_weight_mean=0.6920 | rank=32
DEBUG factorized comparison [stage4] | query_norm_mean=1.1097 | key_norm_mean=0.9449 | context_mean=0.0000 | context_std=0.0757 | context_min=-0.1408 | context_max=0.2093 | total_candidate_weight=84.0000 | spatial_strength=0.0988 | spatial_freq_entropy=2.7726 | spatial_freq_weight_mean=0.6926 | rank=32
patch-priority map [stage1] | mean=0.062500 | std=0.248796 | min=0.000000 | max=2.060469 | prototype_application_position=post_refine_unary_mask | prototype_bottleneck_strength=1.000000 | prototype_to_base_norm_ratio=1.228833
patch-priority map [stage2] | mean=0.062500 | std=0.260546 | min=0.000000 | max=2.820128 | prototype_application_position=post_refine_unary_mask | prototype_bottleneck_strength=1.000000 | prototype_to_base_norm_ratio=1.144987
patch-priority map [stage3] | mean=0.062500 | std=0.888316 | min=0.000000 | max=30.967663 | prototype_application_position=post_refine | prototype_bottleneck_strength=1.000000 | prototype_to_base_norm_ratio=1.828244
patch-priority map [stage4] | mean=0.062500 | std=0.801221 | min=0.000000 | max=18.862055 | prototype_application_position=post_refine | prototype_bottleneck_strength=1.000000 | prototype_to_base_norm_ratio=3.432961
Epoch 8/200
  Mean train loss: 0.880430
  Mean val loss:   0.863449
  Current LR:      4.98e-05
Val metrics   | CC: 0.5209 | SIM: 0.3237 | NSS: 2.9583
  Saved checkpoint: training_outputs/ckpts/20261002_204128/epoch_008.pth
  New best val loss: 0.863449 (saved training_outputs/ckpts/20261002_204128/best_checkpoint.pth)

Epoch 9/200
pred_saliency: shape=(2, 1, 224, 384) min=-4.7883 max=36.5920 mean=-3.1444 std=3.2141
sal_batch: shape=(2, 1, 360, 640) min=0.0000 max=1.0000 mean=0.0103 std=0.0677
DEBUG features_shape: {'stage1': (2, 96, 16, 56, 96), 'stage2': (2, 192, 16, 28, 48), 'stage3': (2, 384, 16, 14, 24), 'stage4': (2, 768, 16, 7, 12)}
DEBUG gate: no gate_debug available. This usually means return_concept_losses=False or lambda_gate=0.
DEBUG decoder visual FiLM [stage1] | film_gamma mean/std/min/max=0.0625/0.2488/0.0000/2.0677 | prototype_bottleneck_strength=1.0000 | prototype_application_position=post_refine
DEBUG decoder visual FiLM [stage2] | film_gamma mean/std/min/max=0.0625/0.2610/0.0000/2.7554 | prototype_bottleneck_strength=1.0000 | prototype_application_position=post_refine
DEBUG decoder visual FiLM [stage3] | film_gamma mean/std/min/max=0.0625/0.6906/0.0000/24.3652 | prototype_bottleneck_strength=1.0000 | prototype_application_position=post_refine
DEBUG decoder visual FiLM [stage4] | film_gamma mean/std/min/max=0.0625/0.6901/0.0000/13.1087 | prototype_bottleneck_strength=1.0000 | prototype_application_position=post_refine
DEBUG factorized comparison [stage3] | query_norm_mean=1.6869 | key_norm_mean=0.9080 | context_mean=0.0001 | context_std=0.0830 | context_min=-0.1582 | context_max=0.2299 | total_candidate_weight=336.0000 | spatial_strength=0.0986 | spatial_freq_entropy=2.7726 | spatial_freq_weight_mean=0.6920 | rank=32
DEBUG factorized comparison [stage4] | query_norm_mean=1.1083 | key_norm_mean=0.9446 | context_mean=0.0000 | context_std=0.0768 | context_min=-0.1461 | context_max=0.2003 | total_candidate_weight=84.0000 | spatial_strength=0.0988 | spatial_freq_entropy=2.7726 | spatial_freq_weight_mean=0.6926 | rank=32
patch-priority map [stage1] | mean=0.062500 | std=0.248828 | min=0.000000 | max=2.067721 | prototype_application_position=post_refine_unary_mask | prototype_bottleneck_strength=1.000000 | prototype_to_base_norm_ratio=1.116640
patch-priority map [stage2] | mean=0.062500 | std=0.260998 | min=0.000000 | max=2.755355 | prototype_application_position=post_refine_unary_mask | prototype_bottleneck_strength=1.000000 | prototype_to_base_norm_ratio=1.239007
patch-priority map [stage3] | mean=0.062500 | std=0.690617 | min=0.000000 | max=24.365166 | prototype_application_position=post_refine | prototype_bottleneck_strength=1.000000 | prototype_to_base_norm_ratio=1.444513
patch-priority map [stage4] | mean=0.062500 | std=0.690126 | min=0.000000 | max=13.108679 | prototype_application_position=post_refine | prototype_bottleneck_strength=1.000000 | prototype_to_base_norm_ratio=2.549894
DEBUG visual concept usage [stage1] top 10:
  concept 201: 3895 patches (36.23%)
  concept 271: 3861 patches (35.91%)
  concept 483: 1760 patches (16.37%)
  concept 219: 791 patches (7.36%)
  concept 444: 66 patches (0.61%)
  concept 195: 41 patches (0.38%)
  concept 120: 13 patches (0.12%)
  concept 143: 9 patches (0.08%)
  concept 285: 9 patches (0.08%)
  concept 264: 8 patches (0.07%)
  normalized usage entropy: 0.9516
DEBUG visual concept usage [stage2] top 10:
  concept 408: 1137 patches (42.30%)
  concept 66: 1126 patches (41.89%)
  concept 363: 370 patches (13.76%)
  concept 123: 3 patches (0.11%)
  concept 62: 2 patches (0.07%)
  concept 168: 2 patches (0.07%)
  concept 262: 2 patches (0.07%)
  concept 385: 2 patches (0.07%)
  concept 505: 2 patches (0.07%)
  concept 30: 1 patches (0.04%)
  normalized usage entropy: 0.9437
DEBUG visual concept usage [stage3] top 10:
  concept 327: 484 patches (72.02%)
  concept 506: 123 patches (18.30%)
  concept 25: 60 patches (8.93%)
  concept 392: 2 patches (0.30%)
  concept 292: 1 patches (0.15%)
  concept 352: 1 patches (0.15%)
  concept 447: 1 patches (0.15%)
  normalized usage entropy: 0.9256
DEBUG visual concept usage [stage4] top 10:
  concept 412: 33 patches (19.64%)
  concept 397: 23 patches (13.69%)
  concept 154: 13 patches (7.74%)
  concept 264: 10 patches (5.95%)
  concept 334: 10 patches (5.95%)
  concept 263: 8 patches (4.76%)
  concept 394: 7 patches (4.17%)
  concept 428: 5 patches (2.98%)
  concept 462: 5 patches (2.98%)
  concept 311: 4 patches (2.38%)
  normalized usage entropy: 0.8947
DEBUG pred min/max/mean/std: -4.78825044631958 36.591983795166016 -3.144434690475464 3.214136838912964
DEBUG target min/max/mean/std: 0.0 1.0 0.010252009145915508 0.06766186654567719
DEBUG fixation pixels per sample: [238.0, 165.0]
DEBUG fix_batch min/max/mean/std: 0.0 1.0 0.0008745659724809229 0.029560158029198647
DEBUG losses: {'loss_total': 0.12199428677558899, 'loss_fid': 16.45487403869629, 'loss_patch_fid': 4.089325428009033, 'loss_dense_fid': 4.0468902587890625, 'loss_dense_bce': -0.0, 'loss_dense_kl': 8.318658828735352, 'loss_topk': -0.0, 'loss_delta': -0.0, 'loss_cc': 0.252940833568573, 'loss_nss': -5.738770484924316, 'loss_sim': 0.6602758169174194, 'loss_concept_dense': 0.0, 'loss_concept_kl': 0.0, 'loss_align': 0.0, 'loss_sparse': 0.0, 'loss_div': 0.0, 'loss_gate': 0.0, 'loss_visual_entropy': 0.8273502588272095, 'loss_visual_equiv': 0.0, 'loss_visual_usage': 0.07109101116657257, 'loss_temporal_attention_entropy': 0.0, 'loss_total_concept': 0.4301829934120178, 'loss_decoder_side_aux': -0.1691756248474121, 'loss_priority_map': 1.2472128868103027, 'loss_priority_map_weighted': 0.12472128868103027, 'priority_map_loss': 1.2472128868103027, 'weighted_priority_map_loss': 0.12472128868103027, 'loss_priority_map_stage3': 1.2650139331817627, 'loss_priority_map_stage4': 1.2294119596481323, 'loss_side_stage4': -0.33362096548080444, 'loss_side_stage3': -0.3549991250038147, 'loss_side_stage2': -0.35790616273880005, 'loss_side_stage1': -0.31654369831085205}
DEBUG decoder visual FiLM [stage1] | film_gamma mean/std/min/max=0.0625/0.2485/0.0000/2.0006 | prototype_bottleneck_strength=1.0000 | prototype_application_position=post_refine
DEBUG decoder visual FiLM [stage2] | film_gamma mean/std/min/max=0.0625/0.2606/0.0000/3.1434 | prototype_bottleneck_strength=1.0000 | prototype_application_position=post_refine
DEBUG decoder visual FiLM [stage3] | film_gamma mean/std/min/max=0.0625/0.9082/0.0000/28.9190 | prototype_bottleneck_strength=1.0000 | prototype_application_position=post_refine
DEBUG decoder visual FiLM [stage4] | film_gamma mean/std/min/max=0.0625/0.9258/0.0000/23.0589 | prototype_bottleneck_strength=1.0000 | prototype_application_position=post_refine
DEBUG factorized comparison [stage3] | query_norm_mean=1.8166 | key_norm_mean=0.9481 | context_mean=0.0000 | context_std=0.0961 | context_min=-0.1701 | context_max=0.2612 | total_candidate_weight=336.0000 | spatial_strength=0.0986 | spatial_freq_entropy=2.7726 | spatial_freq_weight_mean=0.6919 | rank=32
DEBUG factorized comparison [stage4] | query_norm_mean=1.1840 | key_norm_mean=1.0121 | context_mean=0.0000 | context_std=0.0844 | context_min=-0.1574 | context_max=0.2455 | total_candidate_weight=84.0000 | spatial_strength=0.0987 | spatial_freq_entropy=2.7726 | spatial_freq_weight_mean=0.6926 | rank=32
patch-priority map [stage1] | mean=0.062500 | std=0.248500 | min=0.000000 | max=2.000567 | prototype_application_position=post_refine_unary_mask | prototype_bottleneck_strength=1.000000 | prototype_to_base_norm_ratio=1.212747
patch-priority map [stage2] | mean=0.062500 | std=0.260553 | min=0.000000 | max=3.143441 | prototype_application_position=post_refine_unary_mask | prototype_bottleneck_strength=1.000000 | prototype_to_base_norm_ratio=1.088732
patch-priority map [stage3] | mean=0.062500 | std=0.908155 | min=0.000000 | max=28.919012 | prototype_application_position=post_refine | prototype_bottleneck_strength=1.000000 | prototype_to_base_norm_ratio=1.533969
patch-priority map [stage4] | mean=0.062500 | std=0.925834 | min=0.000000 | max=23.058882 | prototype_application_position=post_refine | prototype_bottleneck_strength=1.000000 | prototype_to_base_norm_ratio=4.377810
Epoch 9/200
  Mean train loss: 0.832210
  Mean val loss:   0.871477
  Current LR:      4.98e-05
Val metrics   | CC: 0.5069 | SIM: 0.3145 | NSS: 2.9588
  Saved checkpoint: training_outputs/ckpts/20261002_204128/epoch_009.pth

Epoch 10/200
pred_saliency: shape=(2, 1, 224, 384) min=-4.5860 max=20.7860 mean=-3.6287 std=1.8972
sal_batch: shape=(2, 1, 360, 640) min=0.0000 max=1.0000 mean=0.0185 std=0.0861
DEBUG features_shape: {'stage1': (2, 96, 16, 56, 96), 'stage2': (2, 192, 16, 28, 48), 'stage3': (2, 384, 16, 14, 24), 'stage4': (2, 768, 16, 7, 12)}
DEBUG gate: no gate_debug available. This usually means return_concept_losses=False or lambda_gate=0.
DEBUG decoder visual FiLM [stage1] | film_gamma mean/std/min/max=0.0625/0.2489/0.0000/2.0858 | prototype_bottleneck_strength=1.0000 | prototype_application_position=post_refine
DEBUG decoder visual FiLM [stage2] | film_gamma mean/std/min/max=0.0625/0.2584/0.0000/3.3073 | prototype_bottleneck_strength=1.0000 | prototype_application_position=post_refine
DEBUG decoder visual FiLM [stage3] | film_gamma mean/std/min/max=0.0625/0.6083/0.0000/15.6444 | prototype_bottleneck_strength=1.0000 | prototype_application_position=post_refine
DEBUG decoder visual FiLM [stage4] | film_gamma mean/std/min/max=0.0625/0.7124/0.0000/16.0833 | prototype_bottleneck_strength=1.0000 | prototype_application_position=post_refine
DEBUG factorized comparison [stage3] | query_norm_mean=1.7922 | key_norm_mean=0.9490 | context_mean=0.0001 | context_std=0.0948 | context_min=-0.1791 | context_max=0.2418 | total_candidate_weight=336.0000 | spatial_strength=0.0986 | spatial_freq_entropy=2.7726 | spatial_freq_weight_mean=0.6919 | rank=32
DEBUG factorized comparison [stage4] | query_norm_mean=1.1776 | key_norm_mean=1.0036 | context_mean=0.0000 | context_std=0.0832 | context_min=-0.1679 | context_max=0.2259 | total_candidate_weight=84.0000 | spatial_strength=0.0987 | spatial_freq_entropy=2.7726 | spatial_freq_weight_mean=0.6926 | rank=32
patch-priority map [stage1] | mean=0.062500 | std=0.248874 | min=0.000000 | max=2.085819 | prototype_application_position=post_refine_unary_mask | prototype_bottleneck_strength=1.000000 | prototype_to_base_norm_ratio=1.023388
patch-priority map [stage2] | mean=0.062500 | std=0.258353 | min=0.000000 | max=3.307344 | prototype_application_position=post_refine_unary_mask | prototype_bottleneck_strength=1.000000 | prototype_to_base_norm_ratio=1.115093
patch-priority map [stage3] | mean=0.062500 | std=0.608300 | min=0.000000 | max=15.644354 | prototype_application_position=post_refine | prototype_bottleneck_strength=1.000000 | prototype_to_base_norm_ratio=1.021313
patch-priority map [stage4] | mean=0.062500 | std=0.712362 | min=0.000000 | max=16.083342 | prototype_application_position=post_refine | prototype_bottleneck_strength=1.000000 | prototype_to_base_norm_ratio=2.483645
DEBUG visual concept usage [stage1] top 10:
  concept 271: 5773 patches (53.69%)
  concept 201: 1980 patches (18.42%)
  concept 483: 1902 patches (17.69%)
  concept 219: 670 patches (6.23%)
  concept 444: 47 patches (0.44%)
  concept 195: 24 patches (0.22%)
  concept 120: 22 patches (0.20%)
  concept 145: 13 patches (0.12%)
  concept 388: 12 patches (0.11%)
  concept 167: 11 patches (0.10%)
  normalized usage entropy: 0.9592
DEBUG visual concept usage [stage2] top 10:
  concept 408: 1527 patches (56.81%)
  concept 363: 700 patches (26.04%)
  concept 66: 408 patches (15.18%)
  concept 470: 4 patches (0.15%)
  concept 26: 3 patches (0.11%)
  concept 188: 3 patches (0.11%)
  concept 385: 3 patches (0.11%)
  concept 40: 2 patches (0.07%)
  concept 353: 2 patches (0.07%)
  concept 8: 1 patches (0.04%)
  normalized usage entropy: 0.9460
DEBUG visual concept usage [stage3] top 10:
  concept 327: 480 patches (71.43%)
  concept 25: 105 patches (15.62%)
  concept 506: 76 patches (11.31%)
  concept 324: 2 patches (0.30%)
  concept 424: 2 patches (0.30%)
  concept 352: 1 patches (0.15%)
  concept 376: 1 patches (0.15%)
  concept 419: 1 patches (0.15%)
  concept 455: 1 patches (0.15%)
  concept 460: 1 patches (0.15%)
  normalized usage entropy: 0.9284
DEBUG visual concept usage [stage4] top 10:
  concept 412: 19 patches (11.31%)
  concept 428: 12 patches (7.14%)
  concept 154: 10 patches (5.95%)
  concept 278: 10 patches (5.95%)
  concept 397: 9 patches (5.36%)
  concept 263: 6 patches (3.57%)
  concept 462: 6 patches (3.57%)
  concept 87: 5 patches (2.98%)
  concept 353: 5 patches (2.98%)
  concept 444: 5 patches (2.98%)
  normalized usage entropy: 0.9327
DEBUG pred min/max/mean/std: -4.585997104644775 20.78600311279297 -3.6286919116973877 1.8972417116165161
DEBUG target min/max/mean/std: 0.0 1.0 0.01850547455251217 0.08605868369340897
DEBUG fixation pixels per sample: [214.0, 124.0]
DEBUG fix_batch min/max/mean/std: 0.0 1.0 0.0007335069822147489 0.02707342803478241
DEBUG losses: {'loss_total': 0.7047562003135681, 'loss_fid': 15.562040328979492, 'loss_patch_fid': 4.007911205291748, 'loss_dense_fid': 3.96170711517334, 'loss_dense_bce': -0.0, 'loss_dense_kl': 7.592421531677246, 'loss_topk': -0.0, 'loss_delta': -0.0, 'loss_cc': 0.35885465145111084, 'loss_nss': -3.409270763397217, 'loss_sim': 0.6500180959701538, 'loss_concept_dense': 0.0, 'loss_concept_kl': 0.0, 'loss_align': 0.0, 'loss_sparse': 0.0, 'loss_div': 0.0, 'loss_gate': 0.0, 'loss_visual_entropy': 0.845386266708374, 'loss_visual_equiv': 0.0, 'loss_visual_usage': 0.05844041705131531, 'loss_temporal_attention_entropy': 0.0, 'loss_total_concept': 0.45034196972846985, 'loss_decoder_side_aux': 0.021431846544146538, 'loss_priority_map': 1.6666947603225708, 'loss_priority_map_weighted': 0.16666947305202484, 'priority_map_loss': 1.6666947603225708, 'weighted_priority_map_loss': 0.16666947305202484, 'loss_priority_map_stage3': 1.5606937408447266, 'loss_priority_map_stage4': 1.772695779800415, 'loss_side_stage4': 0.14561432600021362, 'loss_side_stage3': 0.05944374203681946, 'loss_side_stage2': 0.044661521911621094, 'loss_side_stage1': 0.007537633180618286}
DEBUG decoder visual FiLM [stage1] | film_gamma mean/std/min/max=0.0625/0.2488/0.0000/2.0892 | prototype_bottleneck_strength=1.0000 | prototype_application_position=post_refine
DEBUG decoder visual FiLM [stage2] | film_gamma mean/std/min/max=0.0625/0.2585/0.0000/2.7857 | prototype_bottleneck_strength=1.0000 | prototype_application_position=post_refine
DEBUG decoder visual FiLM [stage3] | film_gamma mean/std/min/max=0.0625/1.0125/0.0000/31.4738 | prototype_bottleneck_strength=1.0000 | prototype_application_position=post_refine
DEBUG decoder visual FiLM [stage4] | film_gamma mean/std/min/max=0.0625/0.8867/0.0000/21.4509 | prototype_bottleneck_strength=1.0000 | prototype_application_position=post_refine
DEBUG factorized comparison [stage3] | query_norm_mean=1.8703 | key_norm_mean=0.9458 | context_mean=0.0000 | context_std=0.0955 | context_min=-0.1791 | context_max=0.2791 | total_candidate_weight=336.0000 | spatial_strength=0.0986 | spatial_freq_entropy=2.7726 | spatial_freq_weight_mean=0.6920 | rank=32
DEBUG factorized comparison [stage4] | query_norm_mean=1.1949 | key_norm_mean=1.0064 | context_mean=0.0000 | context_std=0.0869 | context_min=-0.1679 | context_max=0.2364 | total_candidate_weight=84.0000 | spatial_strength=0.0987 | spatial_freq_entropy=2.7726 | spatial_freq_weight_mean=0.6926 | rank=32
patch-priority map [stage1] | mean=0.062500 | std=0.248752 | min=0.000000 | max=2.089166 | prototype_application_position=post_refine_unary_mask | prototype_bottleneck_strength=1.000000 | prototype_to_base_norm_ratio=1.267844
patch-priority map [stage2] | mean=0.062500 | std=0.258465 | min=0.000000 | max=2.785717 | prototype_application_position=post_refine_unary_mask | prototype_bottleneck_strength=1.000000 | prototype_to_base_norm_ratio=1.107258
patch-priority map [stage3] | mean=0.062500 | std=1.012465 | min=0.000000 | max=31.473839 | prototype_application_position=post_refine | prototype_bottleneck_strength=1.000000 | prototype_to_base_norm_ratio=1.946293
patch-priority map [stage4] | mean=0.062500 | std=0.886668 | min=0.000000 | max=21.450947 | prototype_application_position=post_refine | prototype_bottleneck_strength=1.000000 | prototype_to_base_norm_ratio=3.822621
Epoch 10/200
  Mean train loss: 0.819574
  Mean val loss:   0.844739
  Current LR:      4.97e-05
Val metrics   | CC: 0.5157 | SIM: 0.3320 | NSS: 3.0116
  Saved checkpoint: training_outputs/ckpts/20261002_204128/epoch_010.pth
  New best val loss: 0.844739 (saved training_outputs/ckpts/20261002_204128/best_checkpoint.pth)

Epoch 11/200
pred_saliency: shape=(2, 1, 224, 384) min=-4.6413 max=40.6961 mean=-3.4353 std=2.9086
sal_batch: shape=(2, 1, 360, 640) min=0.0000 max=1.0000 mean=0.0207 std=0.0928
DEBUG features_shape: {'stage1': (2, 96, 16, 56, 96), 'stage2': (2, 192, 16, 28, 48), 'stage3': (2, 384, 16, 14, 24), 'stage4': (2, 768, 16, 7, 12)}
DEBUG gate: no gate_debug available. This usually means return_concept_losses=False or lambda_gate=0.
DEBUG decoder visual FiLM [stage1] | film_gamma mean/std/min/max=0.0625/0.2487/0.0000/1.9687 | prototype_bottleneck_strength=1.0000 | prototype_application_position=post_refine
DEBUG decoder visual FiLM [stage2] | film_gamma mean/std/min/max=0.0625/0.2577/0.0000/2.5750 | prototype_bottleneck_strength=1.0000 | prototype_application_position=post_refine
DEBUG decoder visual FiLM [stage3] | film_gamma mean/std/min/max=0.0625/0.7563/0.0000/31.3812 | prototype_bottleneck_strength=1.0000 | prototype_application_position=post_refine
DEBUG decoder visual FiLM [stage4] | film_gamma mean/std/min/max=0.0625/0.7361/0.0000/18.3825 | prototype_bottleneck_strength=1.0000 | prototype_application_position=post_refine
DEBUG factorized comparison [stage3] | query_norm_mean=1.8518 | key_norm_mean=0.9457 | context_mean=0.0000 | context_std=0.0937 | context_min=-0.1843 | context_max=0.2507 | total_candidate_weight=336.0000 | spatial_strength=0.0986 | spatial_freq_entropy=2.7726 | spatial_freq_weight_mean=0.6920 | rank=32
DEBUG factorized comparison [stage4] | query_norm_mean=1.1876 | key_norm_mean=0.9955 | context_mean=0.0000 | context_std=0.0824 | context_min=-0.1672 | context_max=0.1988 | total_candidate_weight=84.0000 | spatial_strength=0.0987 | spatial_freq_entropy=2.7726 | spatial_freq_weight_mean=0.6926 | rank=32
patch-priority map [stage1] | mean=0.062500 | std=0.248674 | min=0.000000 | max=1.968660 | prototype_application_position=post_refine_unary_mask | prototype_bottleneck_strength=1.000000 | prototype_to_base_norm_ratio=1.073167
patch-priority map [stage2] | mean=0.062500 | std=0.257698 | min=0.000000 | max=2.574987 | prototype_application_position=post_refine_unary_mask | prototype_bottleneck_strength=1.000000 | prototype_to_base_norm_ratio=1.154005
patch-priority map [stage3] | mean=0.062500 | std=0.756339 | min=0.000000 | max=31.381182 | prototype_application_position=post_refine | prototype_bottleneck_strength=1.000000 | prototype_to_base_norm_ratio=1.372995
patch-priority map [stage4] | mean=0.062500 | std=0.736101 | min=0.000000 | max=18.382509 | prototype_application_position=post_refine | prototype_bottleneck_strength=1.000000 | prototype_to_base_norm_ratio=3.024598
DEBUG visual concept usage [stage1] top 10:
  concept 271: 4425 patches (41.16%)
  concept 483: 3274 patches (30.45%)
  concept 201: 2049 patches (19.06%)
  concept 219: 576 patches (5.36%)
  concept 444: 63 patches (0.59%)
  concept 70: 14 patches (0.13%)
  concept 195: 11 patches (0.10%)
  concept 361: 11 patches (0.10%)
  concept 120: 10 patches (0.09%)
  concept 113: 8 patches (0.07%)
  normalized usage entropy: 0.9573
DEBUG visual concept usage [stage2] top 10:
  concept 66: 1191 patches (44.31%)
  concept 363: 855 patches (31.81%)
  concept 408: 630 patches (23.44%)
  concept 26: 1 patches (0.04%)
  concept 84: 1 patches (0.04%)
  concept 109: 1 patches (0.04%)
  concept 119: 1 patches (0.04%)
  concept 134: 1 patches (0.04%)
  concept 192: 1 patches (0.04%)
  concept 259: 1 patches (0.04%)
  normalized usage entropy: 0.9254
DEBUG visual concept usage [stage3] top 10:
  concept 327: 503 patches (74.85%)
  concept 506: 89 patches (13.24%)
  concept 25: 75 patches (11.16%)
  concept 282: 1 patches (0.15%)
  concept 304: 1 patches (0.15%)
  concept 333: 1 patches (0.15%)
  concept 404: 1 patches (0.15%)
  concept 469: 1 patches (0.15%)
  normalized usage entropy: 0.9193
DEBUG visual concept usage [stage4] top 10:
  concept 330: 22 patches (13.10%)
  concept 87: 12 patches (7.14%)
  concept 397: 12 patches (7.14%)
  concept 154: 9 patches (5.36%)
  concept 303: 9 patches (5.36%)
  concept 463: 8 patches (4.76%)
  concept 428: 6 patches (3.57%)
  concept 466: 6 patches (3.57%)
  concept 311: 5 patches (2.98%)
  concept 412: 5 patches (2.98%)
  normalized usage entropy: 0.9190
DEBUG pred min/max/mean/std: -4.641314506530762 40.69612121582031 -3.435347557067871 2.9085917472839355
DEBUG target min/max/mean/std: 0.0 1.0 0.02068348415195942 0.0928405299782753
DEBUG fixation pixels per sample: [155.0, 169.0]
DEBUG fix_batch min/max/mean/std: 0.0 1.0 0.0007031250279396772 0.02650720812380314
DEBUG losses: {'loss_total': 0.841092586517334, 'loss_fid': 30.17140769958496, 'loss_patch_fid': 4.150519847869873, 'loss_dense_fid': 4.10332727432251, 'loss_dense_bce': -0.0, 'loss_dense_kl': 21.917560577392578, 'loss_topk': -0.0, 'loss_delta': -0.0, 'loss_cc': 0.4040588140487671, 'loss_nss': -2.971764087677002, 'loss_sim': 0.59984290599823, 'loss_concept_dense': 0.0, 'loss_concept_kl': 0.0, 'loss_align': 0.0, 'loss_sparse': 0.0, 'loss_div': 0.0, 'loss_gate': 0.0, 'loss_visual_entropy': 0.8292350769042969, 'loss_visual_equiv': 0.0, 'loss_visual_usage': 0.06976956129074097, 'loss_temporal_attention_entropy': 0.0, 'loss_total_concept': 0.48037928342819214, 'loss_decoder_side_aux': 0.05733877420425415, 'loss_priority_map': 1.4050806760787964, 'loss_priority_map_weighted': 0.14050807058811188, 'priority_map_loss': 1.4050806760787964, 'weighted_priority_map_loss': 0.14050807058811188, 'loss_priority_map_stage3': 1.310487985610962, 'loss_priority_map_stage4': 1.4996733665466309, 'loss_side_stage4': 0.10962855815887451, 'loss_side_stage3': 0.10356244444847107, 'loss_side_stage2': 0.1311754584312439, 'loss_side_stage1': 0.10912391543388367}
DEBUG decoder visual FiLM [stage1] | film_gamma mean/std/min/max=0.0625/0.2483/0.0000/2.0911 | prototype_bottleneck_strength=1.0000 | prototype_application_position=post_refine
DEBUG decoder visual FiLM [stage2] | film_gamma mean/std/min/max=0.0625/0.2587/0.0000/2.8717 | prototype_bottleneck_strength=1.0000 | prototype_application_position=post_refine
DEBUG decoder visual FiLM [stage3] | film_gamma mean/std/min/max=0.0625/0.9404/0.0000/31.0142 | prototype_bottleneck_strength=1.0000 | prototype_application_position=post_refine
DEBUG decoder visual FiLM [stage4] | film_gamma mean/std/min/max=0.0625/0.8221/0.0000/18.4990 | prototype_bottleneck_strength=1.0000 | prototype_application_position=post_refine
DEBUG factorized comparison [stage3] | query_norm_mean=1.8480 | key_norm_mean=0.9511 | context_mean=0.0001 | context_std=0.0958 | context_min=-0.1858 | context_max=0.2657 | total_candidate_weight=336.0000 | spatial_strength=0.0986 | spatial_freq_entropy=2.7726 | spatial_freq_weight_mean=0.6921 | rank=32
DEBUG factorized comparison [stage4] | query_norm_mean=1.2057 | key_norm_mean=1.0071 | context_mean=0.0000 | context_std=0.0928 | context_min=-0.1792 | context_max=0.2455 | total_candidate_weight=84.0000 | spatial_strength=0.0987 | spatial_freq_entropy=2.7726 | spatial_freq_weight_mean=0.6926 | rank=32
patch-priority map [stage1] | mean=0.062500 | std=0.248334 | min=0.000000 | max=2.091145 | prototype_application_position=post_refine_unary_mask | prototype_bottleneck_strength=1.000000 | prototype_to_base_norm_ratio=1.175764
patch-priority map [stage2] | mean=0.062500 | std=0.258674 | min=0.000000 | max=2.871697 | prototype_application_position=post_refine_unary_mask | prototype_bottleneck_strength=1.000000 | prototype_to_base_norm_ratio=1.044280
patch-priority map [stage3] | mean=0.062500 | std=0.940433 | min=0.000000 | max=31.014246 | prototype_application_position=post_refine | prototype_bottleneck_strength=1.000000 | prototype_to_base_norm_ratio=1.472003
patch-priority map [stage4] | mean=0.062500 | std=0.822079 | min=0.000000 | max=18.499012 | prototype_application_position=post_refine | prototype_bottleneck_strength=1.000000 | prototype_to_base_norm_ratio=3.360507
Epoch 11/200
  Mean train loss: 0.814337
  Mean val loss:   0.839605
  Current LR:      4.96e-05
Val metrics   | CC: 0.5123 | SIM: 0.3284 | NSS: 2.9816
  Saved checkpoint: training_outputs/ckpts/20261002_204128/epoch_011.pth
  New best val loss: 0.839605 (saved training_outputs/ckpts/20261002_204128/best_checkpoint.pth)

Epoch 12/200
pred_saliency: shape=(2, 1, 224, 384) min=-4.4868 max=34.5543 mean=-3.3349 std=3.2301
sal_batch: shape=(2, 1, 360, 640) min=0.0000 max=1.0000 mean=0.0139 std=0.0768
DEBUG features_shape: {'stage1': (2, 96, 16, 56, 96), 'stage2': (2, 192, 16, 28, 48), 'stage3': (2, 384, 16, 14, 24), 'stage4': (2, 768, 16, 7, 12)}
DEBUG gate: no gate_debug available. This usually means return_concept_losses=False or lambda_gate=0.
DEBUG decoder visual FiLM [stage1] | film_gamma mean/std/min/max=0.0625/0.2486/0.0000/2.0650 | prototype_bottleneck_strength=1.0000 | prototype_application_position=post_refine
DEBUG decoder visual FiLM [stage2] | film_gamma mean/std/min/max=0.0625/0.2580/0.0000/2.6604 | prototype_bottleneck_strength=1.0000 | prototype_application_position=post_refine
DEBUG decoder visual FiLM [stage3] | film_gamma mean/std/min/max=0.0625/0.8048/0.0000/24.3244 | prototype_bottleneck_strength=1.0000 | prototype_application_position=post_refine
DEBUG decoder visual FiLM [stage4] | film_gamma mean/std/min/max=0.0625/0.7824/0.0000/18.7272 | prototype_bottleneck_strength=1.0000 | prototype_application_position=post_refine
DEBUG factorized comparison [stage3] | query_norm_mean=1.8405 | key_norm_mean=0.9512 | context_mean=0.0001 | context_std=0.0956 | context_min=-0.1903 | context_max=0.2537 | total_candidate_weight=336.0000 | spatial_strength=0.0986 | spatial_freq_entropy=2.7726 | spatial_freq_weight_mean=0.6921 | rank=32
DEBUG factorized comparison [stage4] | query_norm_mean=1.1818 | key_norm_mean=0.9988 | context_mean=0.0001 | context_std=0.0864 | context_min=-0.1589 | context_max=0.2274 | total_candidate_weight=84.0000 | spatial_strength=0.0987 | spatial_freq_entropy=2.7726 | spatial_freq_weight_mean=0.6926 | rank=32
patch-priority map [stage1] | mean=0.062500 | std=0.248573 | min=0.000000 | max=2.065039 | prototype_application_position=post_refine_unary_mask | prototype_bottleneck_strength=1.000000 | prototype_to_base_norm_ratio=1.103089
patch-priority map [stage2] | mean=0.062500 | std=0.257964 | min=0.000000 | max=2.660444 | prototype_application_position=post_refine_unary_mask | prototype_bottleneck_strength=1.000000 | prototype_to_base_norm_ratio=1.155120
patch-priority map [stage3] | mean=0.062500 | std=0.804804 | min=0.000000 | max=24.324356 | prototype_application_position=post_refine | prototype_bottleneck_strength=1.000000 | prototype_to_base_norm_ratio=1.235504
patch-priority map [stage4] | mean=0.062500 | std=0.782354 | min=0.000000 | max=18.727196 | prototype_application_position=post_refine | prototype_bottleneck_strength=1.000000 | prototype_to_base_norm_ratio=4.007926
DEBUG visual concept usage [stage1] top 10:
  concept 271: 5383 patches (50.07%)
  concept 201: 3416 patches (31.77%)
  concept 444: 606 patches (5.64%)
  concept 219: 325 patches (3.02%)
  concept 483: 262 patches (2.44%)
  concept 167: 40 patches (0.37%)
  concept 120: 32 patches (0.30%)
  concept 340: 25 patches (0.23%)
  concept 263: 18 patches (0.17%)
  concept 434: 17 patches (0.16%)
  normalized usage entropy: 0.9598
DEBUG visual concept usage [stage2] top 10:
  concept 363: 1727 patches (64.25%)
  concept 408: 483 patches (17.97%)
  concept 66: 427 patches (15.89%)
  concept 151: 3 patches (0.11%)
  concept 258: 3 patches (0.11%)
  concept 26: 2 patches (0.07%)
  concept 123: 2 patches (0.07%)
  concept 248: 2 patches (0.07%)
  concept 407: 2 patches (0.07%)
  concept 424: 2 patches (0.07%)
  normalized usage entropy: 0.9483
DEBUG visual concept usage [stage3] top 10:
  concept 327: 502 patches (74.70%)
  concept 506: 99 patches (14.73%)
  concept 25: 66 patches (9.82%)
  concept 304: 2 patches (0.30%)
  concept 283: 1 patches (0.15%)
  concept 412: 1 patches (0.15%)
  concept 413: 1 patches (0.15%)
  normalized usage entropy: 0.9328
DEBUG visual concept usage [stage4] top 10:
  concept 412: 24 patches (14.29%)
  concept 288: 19 patches (11.31%)
  concept 154: 10 patches (5.95%)
  concept 311: 8 patches (4.76%)
  concept 87: 7 patches (4.17%)
  concept 303: 6 patches (3.57%)
  concept 334: 6 patches (3.57%)
  concept 396: 6 patches (3.57%)
  concept 397: 6 patches (3.57%)
  concept 466: 5 patches (2.98%)
  normalized usage entropy: 0.9183
DEBUG pred min/max/mean/std: -4.486787796020508 34.5543327331543 -3.3349289894104004 3.2301456928253174
DEBUG target min/max/mean/std: 0.0 1.0 0.013864628039300442 0.07677116990089417
DEBUG fixation pixels per sample: [113.0, 223.0]
DEBUG fix_batch min/max/mean/std: 0.0 1.0 0.0007291666697710752 0.026993269100785255
DEBUG losses: {'loss_total': 0.3466309905052185, 'loss_fid': 24.631141662597656, 'loss_patch_fid': 4.186237335205078, 'loss_dense_fid': 4.140251636505127, 'loss_dense_bce': -0.0, 'loss_dense_kl': 16.30465316772461, 'loss_topk': -0.0, 'loss_delta': -0.0, 'loss_cc': 0.26570212841033936, 'loss_nss': -4.391688823699951, 'loss_sim': 0.5585532188415527, 'loss_concept_dense': 0.0, 'loss_concept_kl': 0.0, 'loss_align': 0.0, 'loss_sparse': 0.0, 'loss_div': 0.0, 'loss_gate': 0.0, 'loss_visual_entropy': 0.8431940674781799, 'loss_visual_equiv': 0.0, 'loss_visual_usage': 0.060189396142959595, 'loss_temporal_attention_entropy': 0.0, 'loss_total_concept': 0.43618032336235046, 'loss_decoder_side_aux': -0.09101898968219757, 'loss_priority_map': 1.257951021194458, 'loss_priority_map_weighted': 0.12579511106014252, 'priority_map_loss': 1.257951021194458, 'weighted_priority_map_loss': 0.12579511106014252, 'loss_priority_map_stage3': 1.2198700904846191, 'loss_priority_map_stage4': 1.2960319519042969, 'loss_side_stage4': -0.05904054641723633, 'loss_side_stage3': -0.1544739007949829, 'loss_side_stage2': -0.2333340346813202, 'loss_side_stage1': -0.1880972981452942}
DEBUG decoder visual FiLM [stage1] | film_gamma mean/std/min/max=0.0625/0.2504/0.0000/2.3262 | prototype_bottleneck_strength=1.0000 | prototype_application_position=post_refine
DEBUG decoder visual FiLM [stage2] | film_gamma mean/std/min/max=0.0625/0.2604/0.0000/3.1718 | prototype_bottleneck_strength=1.0000 | prototype_application_position=post_refine
DEBUG decoder visual FiLM [stage3] | film_gamma mean/std/min/max=0.0625/1.0652/0.0000/39.1821 | prototype_bottleneck_strength=1.0000 | prototype_application_position=post_refine
DEBUG decoder visual FiLM [stage4] | film_gamma mean/std/min/max=0.0625/0.9753/0.0000/25.2770 | prototype_bottleneck_strength=1.0000 | prototype_application_position=post_refine
DEBUG factorized comparison [stage3] | query_norm_mean=1.8874 | key_norm_mean=0.9638 | context_mean=0.0001 | context_std=0.0995 | context_min=-0.1903 | context_max=0.2866 | total_candidate_weight=336.0000 | spatial_strength=0.0986 | spatial_freq_entropy=2.7726 | spatial_freq_weight_mean=0.6921 | rank=32
DEBUG factorized comparison [stage4] | query_norm_mean=1.1630 | key_norm_mean=1.0104 | context_mean=0.0001 | context_std=0.0880 | context_min=-0.1694 | context_max=0.2545 | total_candidate_weight=84.0000 | spatial_strength=0.0987 | spatial_freq_entropy=2.7726 | spatial_freq_weight_mean=0.6928 | rank=32
patch-priority map [stage1] | mean=0.062500 | std=0.250367 | min=0.000000 | max=2.326219 | prototype_application_position=post_refine_unary_mask | prototype_bottleneck_strength=1.000000 | prototype_to_base_norm_ratio=1.369057
patch-priority map [stage2] | mean=0.062500 | std=0.260446 | min=0.000000 | max=3.171812 | prototype_application_position=post_refine_unary_mask | prototype_bottleneck_strength=1.000000 | prototype_to_base_norm_ratio=1.119718
patch-priority map [stage3] | mean=0.062500 | std=1.065232 | min=0.000000 | max=39.182144 | prototype_application_position=post_refine | prototype_bottleneck_strength=1.000000 | prototype_to_base_norm_ratio=1.856847
patch-priority map [stage4] | mean=0.062500 | std=0.975277 | min=0.000000 | max=25.277002 | prototype_application_position=post_refine | prototype_bottleneck_strength=1.000000 | prototype_to_base_norm_ratio=4.574414
Epoch 12/200
  Mean train loss: 0.773214
  Mean val loss:   0.821643
  Current LR:      4.96e-05
Val metrics   | CC: 0.5154 | SIM: 0.3433 | NSS: 2.9875
  Saved checkpoint: training_outputs/ckpts/20261002_204128/epoch_012.pth
  New best val loss: 0.821643 (saved training_outputs/ckpts/20261002_204128/best_checkpoint.pth)

Epoch 13/200
pred_saliency: shape=(2, 1, 224, 384) min=-4.5155 max=44.3022 mean=-3.2137 std=3.2527
sal_batch: shape=(2, 1, 360, 640) min=0.0000 max=1.0000 mean=0.0119 std=0.0721
DEBUG features_shape: {'stage1': (2, 96, 16, 56, 96), 'stage2': (2, 192, 16, 28, 48), 'stage3': (2, 384, 16, 14, 24), 'stage4': (2, 768, 16, 7, 12)}
DEBUG gate: no gate_debug available. This usually means return_concept_losses=False or lambda_gate=0.
DEBUG decoder visual FiLM [stage1] | film_gamma mean/std/min/max=0.0625/0.2508/0.0000/2.3582 | prototype_bottleneck_strength=1.0000 | prototype_application_position=post_refine
DEBUG decoder visual FiLM [stage2] | film_gamma mean/std/min/max=0.0625/0.2597/0.0000/2.5350 | prototype_bottleneck_strength=1.0000 | prototype_application_position=post_refine
DEBUG decoder visual FiLM [stage3] | film_gamma mean/std/min/max=0.0625/0.7513/0.0000/32.9001 | prototype_bottleneck_strength=1.0000 | prototype_application_position=post_refine
DEBUG decoder visual FiLM [stage4] | film_gamma mean/std/min/max=0.0625/0.7935/0.0000/23.1778 | prototype_bottleneck_strength=1.0000 | prototype_application_position=post_refine
DEBUG factorized comparison [stage3] | query_norm_mean=1.8597 | key_norm_mean=0.9656 | context_mean=0.0001 | context_std=0.1021 | context_min=-0.2015 | context_max=0.2716 | total_candidate_weight=336.0000 | spatial_strength=0.0986 | spatial_freq_entropy=2.7726 | spatial_freq_weight_mean=0.6921 | rank=32
DEBUG factorized comparison [stage4] | query_norm_mean=1.1703 | key_norm_mean=0.9951 | context_mean=0.0000 | context_std=0.0845 | context_min=-0.1717 | context_max=0.2380 | total_candidate_weight=84.0000 | spatial_strength=0.0987 | spatial_freq_entropy=2.7726 | spatial_freq_weight_mean=0.6928 | rank=32
patch-priority map [stage1] | mean=0.062500 | std=0.250764 | min=0.000000 | max=2.358202 | prototype_application_position=post_refine_unary_mask | prototype_bottleneck_strength=1.000000 | prototype_to_base_norm_ratio=1.157202
patch-priority map [stage2] | mean=0.062500 | std=0.259660 | min=0.000000 | max=2.534959 | prototype_application_position=post_refine_unary_mask | prototype_bottleneck_strength=1.000000 | prototype_to_base_norm_ratio=1.130504
patch-priority map [stage3] | mean=0.062500 | std=0.751293 | min=0.000000 | max=32.900074 | prototype_application_position=post_refine | prototype_bottleneck_strength=1.000000 | prototype_to_base_norm_ratio=1.370439
patch-priority map [stage4] | mean=0.062500 | std=0.793463 | min=0.000000 | max=23.177830 | prototype_application_position=post_refine | prototype_bottleneck_strength=1.000000 | prototype_to_base_norm_ratio=3.083781
DEBUG visual concept usage [stage1] top 10:
  concept 271: 5919 patches (55.05%)
  concept 201: 3590 patches (33.39%)
  concept 219: 707 patches (6.58%)
  concept 483: 203 patches (1.89%)
  concept 444: 71 patches (0.66%)
  concept 120: 17 patches (0.16%)
  concept 332: 15 patches (0.14%)
  concept 388: 11 patches (0.10%)
  concept 263: 9 patches (0.08%)
  concept 142: 6 patches (0.06%)
  normalized usage entropy: 0.9464
DEBUG visual concept usage [stage2] top 10:
  concept 66: 1260 patches (46.88%)
  concept 408: 944 patches (35.12%)
  concept 363: 458 patches (17.04%)
  concept 190: 4 patches (0.15%)
  concept 445: 2 patches (0.07%)
  concept 483: 2 patches (0.07%)
  concept 79: 1 patches (0.04%)
  concept 112: 1 patches (0.04%)
  concept 175: 1 patches (0.04%)
  concept 181: 1 patches (0.04%)
  normalized usage entropy: 0.9230
DEBUG visual concept usage [stage3] top 10:
  concept 327: 461 patches (68.60%)
  concept 506: 115 patches (17.11%)
  concept 25: 91 patches (13.54%)
  concept 315: 1 patches (0.15%)
  concept 372: 1 patches (0.15%)
  concept 403: 1 patches (0.15%)
  concept 447: 1 patches (0.15%)
  concept 463: 1 patches (0.15%)
  normalized usage entropy: 0.9238
DEBUG visual concept usage [stage4] top 10:
  concept 330: 30 patches (17.86%)
  concept 87: 13 patches (7.74%)
  concept 397: 13 patches (7.74%)
  concept 303: 10 patches (5.95%)
  concept 311: 10 patches (5.95%)
  concept 463: 10 patches (5.95%)
  concept 466: 8 patches (4.76%)
  concept 154: 7 patches (4.17%)
  concept 396: 5 patches (2.98%)
  concept 289: 4 patches (2.38%)
  normalized usage entropy: 0.9097
DEBUG pred min/max/mean/std: -4.515528678894043 44.30221176147461 -3.213747978210449 3.2527379989624023
DEBUG target min/max/mean/std: 0.0 1.0 0.011948062106966972 0.07211463153362274
DEBUG fixation pixels per sample: [195.0, 179.0]
DEBUG fix_batch min/max/mean/std: 0.0 1.0 0.0008116319659166038 0.0284776221960783
DEBUG losses: {'loss_total': 0.3580957353115082, 'loss_fid': 26.05856704711914, 'loss_patch_fid': 4.035641193389893, 'loss_dense_fid': 3.9931375980377197, 'loss_dense_bce': -0.0, 'loss_dense_kl': 18.029788970947266, 'loss_topk': -0.0, 'loss_delta': -0.0, 'loss_cc': 0.3004865050315857, 'loss_nss': -4.5930495262146, 'loss_sim': 0.6264713406562805, 'loss_concept_dense': 0.0, 'loss_concept_kl': 0.0, 'loss_align': 0.0, 'loss_sparse': 0.0, 'loss_div': 0.0, 'loss_gate': 0.0, 'loss_visual_entropy': 0.82306307554245, 'loss_visual_equiv': 0.0, 'loss_visual_usage': 0.07429167628288269, 'loss_temporal_attention_entropy': 0.0, 'loss_total_concept': 0.4255219101905823, 'loss_decoder_side_aux': -0.09150511771440506, 'loss_priority_map': 1.2364554405212402, 'loss_priority_map_weighted': 0.12364554405212402, 'priority_map_loss': 1.2364554405212402, 'weighted_priority_map_loss': 0.12364554405212402, 'loss_priority_map_stage3': 1.1998748779296875, 'loss_priority_map_stage4': 1.273036003112793, 'loss_side_stage4': -0.11012020707130432, 'loss_side_stage3': -0.20749041438102722, 'loss_side_stage2': -0.2068052589893341, 'loss_side_stage1': -0.17114636301994324}
DEBUG decoder visual FiLM [stage1] | film_gamma mean/std/min/max=0.0625/0.2506/0.0000/2.1601 | prototype_bottleneck_strength=1.0000 | prototype_application_position=post_refine
DEBUG decoder visual FiLM [stage2] | film_gamma mean/std/min/max=0.0625/0.2585/0.0000/2.9906 | prototype_bottleneck_strength=1.0000 | prototype_application_position=post_refine
DEBUG decoder visual FiLM [stage3] | film_gamma mean/std/min/max=0.0625/0.9989/0.0000/38.1730 | prototype_bottleneck_strength=1.0000 | prototype_application_position=post_refine
DEBUG decoder visual FiLM [stage4] | film_gamma mean/std/min/max=0.0625/0.9661/0.0000/26.1512 | prototype_bottleneck_strength=1.0000 | prototype_application_position=post_refine
DEBUG factorized comparison [stage3] | query_norm_mean=1.9212 | key_norm_mean=0.9747 | context_mean=0.0001 | context_std=0.1043 | context_min=-0.2075 | context_max=0.2896 | total_candidate_weight=336.0000 | spatial_strength=0.0985 | spatial_freq_entropy=2.7726 | spatial_freq_weight_mean=0.6922 | rank=32
DEBUG factorized comparison [stage4] | query_norm_mean=1.2068 | key_norm_mean=1.0516 | context_mean=0.0000 | context_std=0.0961 | context_min=-0.1883 | context_max=0.2681 | total_candidate_weight=84.0000 | spatial_strength=0.0987 | spatial_freq_entropy=2.7726 | spatial_freq_weight_mean=0.6928 | rank=32
patch-priority map [stage1] | mean=0.062500 | std=0.250559 | min=0.000000 | max=2.160065 | prototype_application_position=post_refine_unary_mask | prototype_bottleneck_strength=1.000000 | prototype_to_base_norm_ratio=1.283081
patch-priority map [stage2] | mean=0.062500 | std=0.258463 | min=0.000000 | max=2.990585 | prototype_application_position=post_refine_unary_mask | prototype_bottleneck_strength=1.000000 | prototype_to_base_norm_ratio=1.070616
patch-priority map [stage3] | mean=0.062500 | std=0.998902 | min=0.000000 | max=38.173023 | prototype_application_position=post_refine | prototype_bottleneck_strength=1.000000 | prototype_to_base_norm_ratio=1.606385
patch-priority map [stage4] | mean=0.062500 | std=0.966105 | min=0.000000 | max=26.151215 | prototype_application_position=post_refine | prototype_bottleneck_strength=1.000000 | prototype_to_base_norm_ratio=3.871942
Epoch 13/200
  Mean train loss: 0.752822
  Mean val loss:   0.801889
  Current LR:      4.95e-05
Val metrics   | CC: 0.5237 | SIM: 0.3285 | NSS: 3.0234
  Saved checkpoint: training_outputs/ckpts/20261002_204128/epoch_013.pth
  New best val loss: 0.801889 (saved training_outputs/ckpts/20261002_204128/best_checkpoint.pth)

Epoch 14/200
pred_saliency: shape=(2, 1, 224, 384) min=-4.5225 max=14.4378 mean=-3.3851 std=1.6345
sal_batch: shape=(2, 1, 360, 640) min=0.0000 max=1.0000 mean=0.0159 std=0.0776
DEBUG features_shape: {'stage1': (2, 96, 16, 56, 96), 'stage2': (2, 192, 16, 28, 48), 'stage3': (2, 384, 16, 14, 24), 'stage4': (2, 768, 16, 7, 12)}
DEBUG gate: no gate_debug available. This usually means return_concept_losses=False or lambda_gate=0.
DEBUG decoder visual FiLM [stage1] | film_gamma mean/std/min/max=0.0625/0.2509/0.0000/2.2115 | prototype_bottleneck_strength=1.0000 | prototype_application_position=post_refine
DEBUG decoder visual FiLM [stage2] | film_gamma mean/std/min/max=0.0625/0.2588/0.0000/2.6824 | prototype_bottleneck_strength=1.0000 | prototype_application_position=post_refine
DEBUG decoder visual FiLM [stage3] | film_gamma mean/std/min/max=0.0625/0.6319/0.0000/25.2789 | prototype_bottleneck_strength=1.0000 | prototype_application_position=post_refine
DEBUG decoder visual FiLM [stage4] | film_gamma mean/std/min/max=0.0625/0.6396/0.0000/18.4374 | prototype_bottleneck_strength=1.0000 | prototype_application_position=post_refine
DEBUG factorized comparison [stage3] | query_norm_mean=1.8969 | key_norm_mean=0.9659 | context_mean=0.0000 | context_std=0.0987 | context_min=-0.2075 | context_max=0.2582 | total_candidate_weight=336.0000 | spatial_strength=0.0985 | spatial_freq_entropy=2.7726 | spatial_freq_weight_mean=0.6922 | rank=32
DEBUG factorized comparison [stage4] | query_norm_mean=1.2109 | key_norm_mean=1.0349 | context_mean=0.0001 | context_std=0.0926 | context_min=-0.2048 | context_max=0.2199 | total_candidate_weight=84.0000 | spatial_strength=0.0987 | spatial_freq_entropy=2.7726 | spatial_freq_weight_mean=0.6928 | rank=32
patch-priority map [stage1] | mean=0.062500 | std=0.250860 | min=0.000000 | max=2.211547 | prototype_application_position=post_refine_unary_mask | prototype_bottleneck_strength=1.000000 | prototype_to_base_norm_ratio=1.073738
patch-priority map [stage2] | mean=0.062500 | std=0.258783 | min=0.000000 | max=2.682400 | prototype_application_position=post_refine_unary_mask | prototype_bottleneck_strength=1.000000 | prototype_to_base_norm_ratio=1.092614
patch-priority map [stage3] | mean=0.062500 | std=0.631881 | min=0.000000 | max=25.278875 | prototype_application_position=post_refine | prototype_bottleneck_strength=1.000000 | prototype_to_base_norm_ratio=0.991371
patch-priority map [stage4] | mean=0.062500 | std=0.639619 | min=0.000000 | max=18.437387 | prototype_application_position=post_refine | prototype_bottleneck_strength=1.000000 | prototype_to_base_norm_ratio=2.316016
DEBUG visual concept usage [stage1] top 10:
  concept 201: 4874 patches (45.33%)
  concept 271: 2661 patches (24.75%)
  concept 483: 2234 patches (20.78%)
  concept 219: 768 patches (7.14%)
  concept 120: 19 patches (0.18%)
  concept 444: 10 patches (0.09%)
  concept 291: 7 patches (0.07%)
  concept 332: 7 patches (0.07%)
  concept 361: 7 patches (0.07%)
  concept 256: 6 patches (0.06%)
  normalized usage entropy: 0.9408
DEBUG visual concept usage [stage2] top 10:
  concept 66: 1508 patches (56.10%)
  concept 408: 796 patches (29.61%)
  concept 363: 353 patches (13.13%)
  concept 168: 2 patches (0.07%)
  concept 311: 2 patches (0.07%)
  concept 354: 2 patches (0.07%)
  concept 480: 2 patches (0.07%)
  concept 8: 1 patches (0.04%)
  concept 27: 1 patches (0.04%)
  concept 72: 1 patches (0.04%)
  normalized usage entropy: 0.9327
DEBUG visual concept usage [stage3] top 10:
  concept 327: 459 patches (68.30%)
  concept 506: 119 patches (17.71%)
  concept 25: 85 patches (12.65%)
  concept 283: 3 patches (0.45%)
  concept 292: 2 patches (0.30%)
  concept 304: 1 patches (0.15%)
  concept 383: 1 patches (0.15%)
  concept 419: 1 patches (0.15%)
  concept 500: 1 patches (0.15%)
  normalized usage entropy: 0.9292
DEBUG visual concept usage [stage4] top 10:
  concept 463: 19 patches (11.31%)
  concept 87: 15 patches (8.93%)
  concept 397: 14 patches (8.33%)
  concept 311: 10 patches (5.95%)
  concept 154: 9 patches (5.36%)
  concept 444: 8 patches (4.76%)
  concept 396: 7 patches (4.17%)
  concept 334: 6 patches (3.57%)
  concept 418: 5 patches (2.98%)
  concept 412: 4 patches (2.38%)
  normalized usage entropy: 0.9132
DEBUG pred min/max/mean/std: -4.522500514984131 14.437760353088379 -3.385052442550659 1.6345384120941162
DEBUG target min/max/mean/std: 0.0 1.0 0.015945671126246452 0.07764705270528793
DEBUG fixation pixels per sample: [132.0, 168.0]
DEBUG fix_batch min/max/mean/std: 0.0 1.0 0.0006510416860692203 0.025507237762212753
DEBUG losses: {'loss_total': 1.0168123245239258, 'loss_fid': 11.878149032592773, 'loss_patch_fid': 3.6985671520233154, 'loss_dense_fid': 3.650630474090576, 'loss_dense_bce': -0.0, 'loss_dense_kl': 4.528951644897461, 'loss_topk': -0.0, 'loss_delta': -0.0, 'loss_cc': 0.4884791970252991, 'loss_nss': -2.6399402618408203, 'loss_sim': 0.7256096601486206, 'loss_concept_dense': 0.0, 'loss_concept_kl': 0.0, 'loss_align': 0.0, 'loss_sparse': 0.0, 'loss_div': 0.0, 'loss_gate': 0.0, 'loss_visual_entropy': 0.8248571753501892, 'loss_visual_equiv': 0.0, 'loss_visual_usage': 0.07102435827255249, 'loss_temporal_attention_entropy': 0.0, 'loss_total_concept': 0.45253464579582214, 'loss_decoder_side_aux': 0.12735602259635925, 'loss_priority_map': 1.5496712923049927, 'loss_priority_map_weighted': 0.15496712923049927, 'priority_map_loss': 1.5496712923049927, 'weighted_priority_map_loss': 0.15496712923049927, 'loss_priority_map_stage3': 1.762115716934204, 'loss_priority_map_stage4': 1.3372268676757812, 'loss_side_stage4': 0.3829927444458008, 'loss_side_stage3': 0.314179390668869, 'loss_side_stage2': 0.2439306378364563, 'loss_side_stage1': 0.20099422335624695}
DEBUG decoder visual FiLM [stage1] | film_gamma mean/std/min/max=0.0625/0.2519/0.0000/2.1017 | prototype_bottleneck_strength=1.0000 | prototype_application_position=post_refine
DEBUG decoder visual FiLM [stage2] | film_gamma mean/std/min/max=0.0625/0.2562/0.0000/2.9815 | prototype_bottleneck_strength=1.0000 | prototype_application_position=post_refine
DEBUG decoder visual FiLM [stage3] | film_gamma mean/std/min/max=0.0625/1.0703/0.0000/38.0633 | prototype_bottleneck_strength=1.0000 | prototype_application_position=post_refine
DEBUG decoder visual FiLM [stage4] | film_gamma mean/std/min/max=0.0625/1.0372/0.0000/26.3035 | prototype_bottleneck_strength=1.0000 | prototype_application_position=post_refine
DEBUG factorized comparison [stage3] | query_norm_mean=2.0034 | key_norm_mean=0.9813 | context_mean=0.0000 | context_std=0.1108 | context_min=-0.2045 | context_max=0.3209 | total_candidate_weight=336.0000 | spatial_strength=0.0985 | spatial_freq_entropy=2.7726 | spatial_freq_weight_mean=0.6922 | rank=32
DEBUG factorized comparison [stage4] | query_norm_mean=1.1878 | key_norm_mean=1.0575 | context_mean=0.0001 | context_std=0.0904 | context_min=-0.1724 | context_max=0.2771 | total_candidate_weight=84.0000 | spatial_strength=0.0987 | spatial_freq_entropy=2.7726 | spatial_freq_weight_mean=0.6928 | rank=32
patch-priority map [stage1] | mean=0.062500 | std=0.251890 | min=0.000000 | max=2.101725 | prototype_application_position=post_refine_unary_mask | prototype_bottleneck_strength=1.000000 | prototype_to_base_norm_ratio=1.315901
patch-priority map [stage2] | mean=0.062500 | std=0.256219 | min=0.000000 | max=2.981493 | prototype_application_position=post_refine_unary_mask | prototype_bottleneck_strength=1.000000 | prototype_to_base_norm_ratio=1.022425
patch-priority map [stage3] | mean=0.062500 | std=1.070303 | min=0.000000 | max=38.063339 | prototype_application_position=post_refine | prototype_bottleneck_strength=1.000000 | prototype_to_base_norm_ratio=2.046651
patch-priority map [stage4] | mean=0.062500 | std=1.037166 | min=0.000000 | max=26.303467 | prototype_application_position=post_refine | prototype_bottleneck_strength=1.000000 | prototype_to_base_norm_ratio=3.936071
Epoch 14/200
  Mean train loss: 0.733587
  Mean val loss:   0.797937
  Current LR:      4.94e-05
Val metrics   | CC: 0.5159 | SIM: 0.3502 | NSS: 3.0309
  Saved checkpoint: training_outputs/ckpts/20261002_204128/epoch_014.pth
  New best val loss: 0.797937 (saved training_outputs/ckpts/20261002_204128/best_checkpoint.pth)

Epoch 15/200
pred_saliency: shape=(2, 1, 224, 384) min=-4.4165 max=32.1322 mean=-3.2205 std=2.8874
sal_batch: shape=(2, 1, 360, 640) min=0.0000 max=1.0000 mean=0.0221 std=0.0944
DEBUG features_shape: {'stage1': (2, 96, 16, 56, 96), 'stage2': (2, 192, 16, 28, 48), 'stage3': (2, 384, 16, 14, 24), 'stage4': (2, 768, 16, 7, 12)}
DEBUG gate: no gate_debug available. This usually means return_concept_losses=False or lambda_gate=0.
DEBUG decoder visual FiLM [stage1] | film_gamma mean/std/min/max=0.0625/0.2519/0.0000/2.1869 | prototype_bottleneck_strength=1.0000 | prototype_application_position=post_refine
DEBUG decoder visual FiLM [stage2] | film_gamma mean/std/min/max=0.0625/0.2566/0.0000/2.9644 | prototype_bottleneck_strength=1.0000 | prototype_application_position=post_refine
DEBUG decoder visual FiLM [stage3] | film_gamma mean/std/min/max=0.0625/0.8749/0.0000/23.8124 | prototype_bottleneck_strength=1.0000 | prototype_application_position=post_refine
DEBUG decoder visual FiLM [stage4] | film_gamma mean/std/min/max=0.0625/0.9282/0.0000/25.1951 | prototype_bottleneck_strength=1.0000 | prototype_application_position=post_refine
DEBUG factorized comparison [stage3] | query_norm_mean=1.9841 | key_norm_mean=0.9817 | context_mean=0.0001 | context_std=0.1112 | context_min=-0.2149 | context_max=0.2970 | total_candidate_weight=336.0000 | spatial_strength=0.0985 | spatial_freq_entropy=2.7726 | spatial_freq_weight_mean=0.6922 | rank=32
DEBUG factorized comparison [stage4] | query_norm_mean=1.1961 | key_norm_mean=1.0507 | context_mean=0.0000 | context_std=0.0898 | context_min=-0.1724 | context_max=0.2711 | total_candidate_weight=84.0000 | spatial_strength=0.0987 | spatial_freq_entropy=2.7726 | spatial_freq_weight_mean=0.6928 | rank=32
patch-priority map [stage1] | mean=0.062500 | std=0.251897 | min=0.000000 | max=2.186851 | prototype_application_position=post_refine_unary_mask | prototype_bottleneck_strength=1.000000 | prototype_to_base_norm_ratio=1.153214
patch-priority map [stage2] | mean=0.062500 | std=0.256575 | min=0.000000 | max=2.964355 | prototype_application_position=post_refine_unary_mask | prototype_bottleneck_strength=1.000000 | prototype_to_base_norm_ratio=1.049364
patch-priority map [stage3] | mean=0.062500 | std=0.874941 | min=0.000000 | max=23.812361 | prototype_application_position=post_refine | prototype_bottleneck_strength=1.000000 | prototype_to_base_norm_ratio=1.517029
patch-priority map [stage4] | mean=0.062500 | std=0.928219 | min=0.000000 | max=25.195105 | prototype_application_position=post_refine | prototype_bottleneck_strength=1.000000 | prototype_to_base_norm_ratio=3.525903
DEBUG visual concept usage [stage1] top 10:
  concept 483: 4561 patches (42.42%)
  concept 201: 2450 patches (22.79%)
  concept 271: 2444 patches (22.73%)
  concept 219: 905 patches (8.42%)
  concept 444: 94 patches (0.87%)
  concept 120: 81 patches (0.75%)
  concept 167: 12 patches (0.11%)
  concept 332: 9 patches (0.08%)
  concept 388: 9 patches (0.08%)
  concept 70: 8 patches (0.07%)
  normalized usage entropy: 0.9399
DEBUG visual concept usage [stage2] top 10:
  concept 408: 1228 patches (45.68%)
  concept 66: 913 patches (33.97%)
  concept 363: 532 patches (19.79%)
  concept 395: 2 patches (0.07%)
  concept 2: 1 patches (0.04%)
  concept 36: 1 patches (0.04%)
  concept 81: 1 patches (0.04%)
  concept 229: 1 patches (0.04%)
  concept 242: 1 patches (0.04%)
  concept 355: 1 patches (0.04%)
  normalized usage entropy: 0.9349
DEBUG visual concept usage [stage3] top 10:
  concept 327: 452 patches (67.26%)
  concept 506: 134 patches (19.94%)
  concept 25: 74 patches (11.01%)
  concept 283: 2 patches (0.30%)
  concept 419: 2 patches (0.30%)
  concept 271: 1 patches (0.15%)
  concept 282: 1 patches (0.15%)
  concept 332: 1 patches (0.15%)
  concept 336: 1 patches (0.15%)
  concept 349: 1 patches (0.15%)
  normalized usage entropy: 0.9186
DEBUG visual concept usage [stage4] top 10:
  concept 397: 19 patches (11.31%)
  concept 311: 12 patches (7.14%)
  concept 154: 9 patches (5.36%)
  concept 288: 9 patches (5.36%)
  concept 466: 8 patches (4.76%)
  concept 278: 6 patches (3.57%)
  concept 394: 6 patches (3.57%)
  concept 368: 5 patches (2.98%)
  concept 410: 5 patches (2.98%)
  concept 428: 5 patches (2.98%)
  normalized usage entropy: 0.9119
DEBUG pred min/max/mean/std: -4.416495323181152 32.13221740722656 -3.2204582691192627 2.88740611076355
DEBUG target min/max/mean/std: 0.0 1.0 0.022145288065075874 0.09435809403657913
DEBUG fixation pixels per sample: [144.0, 112.0]
DEBUG fix_batch min/max/mean/std: 0.0 1.0 0.0005555555690079927 0.023563701659440994
DEBUG losses: {'loss_total': 1.0364446640014648, 'loss_fid': 23.835155487060547, 'loss_patch_fid': 3.9397358894348145, 'loss_dense_fid': 3.8958218097686768, 'loss_dense_bce': -0.0, 'loss_dense_kl': 15.999597549438477, 'loss_topk': -0.0, 'loss_delta': -0.0, 'loss_cc': 0.49668240547180176, 'loss_nss': -2.2874655723571777, 'loss_sim': 0.5992704629898071, 'loss_concept_dense': 0.0, 'loss_concept_kl': 0.0, 'loss_align': 0.0, 'loss_sparse': 0.0, 'loss_div': 0.0, 'loss_gate': 0.0, 'loss_visual_entropy': 0.8157492876052856, 'loss_visual_equiv': 0.0, 'loss_visual_usage': 0.07367858290672302, 'loss_temporal_attention_entropy': 0.0, 'loss_total_concept': 0.4163244068622589, 'loss_decoder_side_aux': 0.1523396223783493, 'loss_priority_map': 1.4119476079940796, 'loss_priority_map_weighted': 0.14119476079940796, 'priority_map_loss': 1.4119476079940796, 'weighted_priority_map_loss': 0.14119476079940796, 'loss_priority_map_stage3': 1.4670941829681396, 'loss_priority_map_stage4': 1.3568010330200195, 'loss_side_stage4': 0.3725056052207947, 'loss_side_stage3': 0.3325176239013672, 'loss_side_stage2': 0.3021050691604614, 'loss_side_stage1': 0.2757340371608734}
DEBUG decoder visual FiLM [stage1] | film_gamma mean/std/min/max=0.0625/0.2557/0.0000/2.5467 | prototype_bottleneck_strength=1.0000 | prototype_application_position=post_refine
DEBUG decoder visual FiLM [stage2] | film_gamma mean/std/min/max=0.0625/0.2546/0.0000/2.6013 | prototype_bottleneck_strength=1.0000 | prototype_application_position=post_refine
DEBUG decoder visual FiLM [stage3] | film_gamma mean/std/min/max=0.0625/1.0213/0.0000/41.8032 | prototype_bottleneck_strength=1.0000 | prototype_application_position=post_refine
DEBUG decoder visual FiLM [stage4] | film_gamma mean/std/min/max=0.0625/0.9432/0.0000/24.3886 | prototype_bottleneck_strength=1.0000 | prototype_application_position=post_refine
DEBUG factorized comparison [stage3] | query_norm_mean=1.8969 | key_norm_mean=0.9627 | context_mean=0.0001 | context_std=0.1056 | context_min=-0.2030 | context_max=0.2851 | total_candidate_weight=336.0000 | spatial_strength=0.0985 | spatial_freq_entropy=2.7726 | spatial_freq_weight_mean=0.6923 | rank=32
DEBUG factorized comparison [stage4] | query_norm_mean=1.2059 | key_norm_mean=1.0379 | context_mean=0.0001 | context_std=0.0958 | context_min=-0.1920 | context_max=0.2681 | total_candidate_weight=84.0000 | spatial_strength=0.0987 | spatial_freq_entropy=2.7726 | spatial_freq_weight_mean=0.6929 | rank=32
patch-priority map [stage1] | mean=0.062500 | std=0.255732 | min=0.000000 | max=2.546702 | prototype_application_position=post_refine_unary_mask | prototype_bottleneck_strength=1.000000 | prototype_to_base_norm_ratio=1.376022
patch-priority map [stage2] | mean=0.062500 | std=0.254551 | min=0.000000 | max=2.601305 | prototype_application_position=post_refine_unary_mask | prototype_bottleneck_strength=1.000000 | prototype_to_base_norm_ratio=1.043894
patch-priority map [stage3] | mean=0.062500 | std=1.021272 | min=0.000000 | max=41.803162 | prototype_application_position=post_refine | prototype_bottleneck_strength=1.000000 | prototype_to_base_norm_ratio=1.666431
patch-priority map [stage4] | mean=0.062500 | std=0.943198 | min=0.000000 | max=24.388582 | prototype_application_position=post_refine | prototype_bottleneck_strength=1.000000 | prototype_to_base_norm_ratio=3.153311
Epoch 15/200
  Mean train loss: 0.714323
  Mean val loss:   0.769378
  Current LR:      4.93e-05
Val metrics   | CC: 0.5280 | SIM: 0.3281 | NSS: 3.0216
  Saved checkpoint: training_outputs/ckpts/20261002_204128/epoch_015.pth
  New best val loss: 0.769378 (saved training_outputs/ckpts/20261002_204128/best_checkpoint.pth)

Epoch 16/200
pred_saliency: shape=(2, 1, 224, 384) min=-4.2542 max=25.8255 mean=-2.9176 std=2.6115
sal_batch: shape=(2, 1, 360, 640) min=0.0000 max=1.0000 mean=0.0154 std=0.0700
DEBUG features_shape: {'stage1': (2, 96, 16, 56, 96), 'stage2': (2, 192, 16, 28, 48), 'stage3': (2, 384, 16, 14, 24), 'stage4': (2, 768, 16, 7, 12)}
DEBUG gate: no gate_debug available. This usually means return_concept_losses=False or lambda_gate=0.
DEBUG decoder visual FiLM [stage1] | film_gamma mean/std/min/max=0.0625/0.2563/0.0000/2.6529 | prototype_bottleneck_strength=1.0000 | prototype_application_position=post_refine
DEBUG decoder visual FiLM [stage2] | film_gamma mean/std/min/max=0.0625/0.2548/0.0000/2.4659 | prototype_bottleneck_strength=1.0000 | prototype_application_position=post_refine
DEBUG decoder visual FiLM [stage3] | film_gamma mean/std/min/max=0.0625/0.6600/0.0000/20.4524 | prototype_bottleneck_strength=1.0000 | prototype_application_position=post_refine
DEBUG decoder visual FiLM [stage4] | film_gamma mean/std/min/max=0.0625/0.6683/0.0000/16.5359 | prototype_bottleneck_strength=1.0000 | prototype_application_position=post_refine
DEBUG factorized comparison [stage3] | query_norm_mean=1.8258 | key_norm_mean=0.9624 | context_mean=0.0000 | context_std=0.1100 | context_min=-0.2194 | context_max=0.2940 | total_candidate_weight=336.0000 | spatial_strength=0.0985 | spatial_freq_entropy=2.7726 | spatial_freq_weight_mean=0.6923 | rank=32
DEBUG factorized comparison [stage4] | query_norm_mean=1.2218 | key_norm_mean=1.0151 | context_mean=-0.0000 | context_std=0.0969 | context_min=-0.1920 | context_max=0.2620 | total_candidate_weight=84.0000 | spatial_strength=0.0987 | spatial_freq_entropy=2.7726 | spatial_freq_weight_mean=0.6929 | rank=32
patch-priority map [stage1] | mean=0.062500 | std=0.256302 | min=0.000000 | max=2.652935 | prototype_application_position=post_refine_unary_mask | prototype_bottleneck_strength=1.000000 | prototype_to_base_norm_ratio=1.193129
patch-priority map [stage2] | mean=0.062500 | std=0.254784 | min=0.000000 | max=2.465896 | prototype_application_position=post_refine_unary_mask | prototype_bottleneck_strength=1.000000 | prototype_to_base_norm_ratio=1.079774
patch-priority map [stage3] | mean=0.062500 | std=0.660044 | min=0.000000 | max=20.452354 | prototype_application_position=post_refine | prototype_bottleneck_strength=1.000000 | prototype_to_base_norm_ratio=1.254938
patch-priority map [stage4] | mean=0.062500 | std=0.668330 | min=0.000000 | max=16.535944 | prototype_application_position=post_refine | prototype_bottleneck_strength=1.000000 | prototype_to_base_norm_ratio=1.997735
DEBUG visual concept usage [stage1] top 10:
  concept 201: 4688 patches (43.60%)
  concept 271: 2370 patches (22.04%)
  concept 483: 1547 patches (14.39%)
  concept 219: 1468 patches (13.65%)
  concept 444: 282 patches (2.62%)
  concept 120: 56 patches (0.52%)
  concept 167: 33 patches (0.31%)
  concept 113: 21 patches (0.20%)
  concept 111: 13 patches (0.12%)
  concept 388: 11 patches (0.10%)
  normalized usage entropy: 0.9393
DEBUG visual concept usage [stage2] top 10:
  concept 66: 1462 patches (54.39%)
  concept 363: 621 patches (23.10%)
  concept 408: 585 patches (21.76%)
  concept 26: 2 patches (0.07%)
  concept 367: 2 patches (0.07%)
  concept 479: 2 patches (0.07%)
  concept 8: 1 patches (0.04%)
  concept 28: 1 patches (0.04%)
  concept 62: 1 patches (0.04%)
  concept 63: 1 patches (0.04%)
  normalized usage entropy: 0.9226
DEBUG visual concept usage [stage3] top 10:
  concept 327: 408 patches (60.71%)
  concept 25: 152 patches (22.62%)
  concept 506: 104 patches (15.48%)
  concept 269: 1 patches (0.15%)
  concept 271: 1 patches (0.15%)
  concept 292: 1 patches (0.15%)
  concept 302: 1 patches (0.15%)
  concept 336: 1 patches (0.15%)
  concept 349: 1 patches (0.15%)
  concept 403: 1 patches (0.15%)
  normalized usage entropy: 0.9095
DEBUG visual concept usage [stage4] top 10:
  concept 87: 23 patches (13.69%)
  concept 410: 14 patches (8.33%)
  concept 154: 13 patches (7.74%)
  concept 412: 13 patches (7.74%)
  concept 351: 8 patches (4.76%)
  concept 462: 6 patches (3.57%)
  concept 396: 5 patches (2.98%)
  concept 397: 5 patches (2.98%)
  concept 510: 5 patches (2.98%)
  concept 330: 4 patches (2.38%)
  normalized usage entropy: 0.9003
DEBUG pred min/max/mean/std: -4.254219055175781 25.82547950744629 -2.9175987243652344 2.6115243434906006
DEBUG target min/max/mean/std: 0.0 1.0 0.015365495346486568 0.07002583146095276
DEBUG fixation pixels per sample: [193.0, 188.0]
DEBUG fix_batch min/max/mean/std: 0.0 1.0 0.0008268229430541396 0.02874266915023327
DEBUG losses: {'loss_total': 1.1998337507247925, 'loss_fid': 16.340778350830078, 'loss_patch_fid': 3.6132595539093018, 'loss_dense_fid': 3.5689802169799805, 'loss_dense_bce': -0.0, 'loss_dense_kl': 9.158537864685059, 'loss_topk': -0.0, 'loss_delta': -0.0, 'loss_cc': 0.514930248260498, 'loss_nss': -1.8937921524047852, 'loss_sim': 0.6830037832260132, 'loss_concept_dense': 0.0, 'loss_concept_kl': 0.0, 'loss_align': 0.0, 'loss_sparse': 0.0, 'loss_div': 0.0, 'loss_gate': 0.0, 'loss_visual_entropy': 0.8012887835502625, 'loss_visual_equiv': 0.0, 'loss_visual_usage': 0.08207108080387115, 'loss_temporal_attention_entropy': 0.0, 'loss_total_concept': 0.44564032554626465, 'loss_decoder_side_aux': 0.1645635962486267, 'loss_priority_map': 1.9920754432678223, 'loss_priority_map_weighted': 0.19920754432678223, 'priority_map_loss': 1.9920754432678223, 'weighted_priority_map_loss': 0.19920754432678223, 'loss_priority_map_stage3': 2.0241177082061768, 'loss_priority_map_stage4': 1.9600330591201782, 'loss_side_stage4': 0.30910027027130127, 'loss_side_stage3': 0.33271312713623047, 'loss_side_stage2': 0.35149115324020386, 'loss_side_stage1': 0.3155679404735565}
DEBUG decoder visual FiLM [stage1] | film_gamma mean/std/min/max=0.0625/0.2541/0.0000/2.3563 | prototype_bottleneck_strength=1.0000 | prototype_application_position=post_refine
DEBUG decoder visual FiLM [stage2] | film_gamma mean/std/min/max=0.0625/0.2559/0.0000/2.6449 | prototype_bottleneck_strength=1.0000 | prototype_application_position=post_refine
DEBUG decoder visual FiLM [stage3] | film_gamma mean/std/min/max=0.0625/1.0221/0.0000/35.5411 | prototype_bottleneck_strength=1.0000 | prototype_application_position=post_refine
DEBUG decoder visual FiLM [stage4] | film_gamma mean/std/min/max=0.0625/0.9352/0.0000/23.6276 | prototype_bottleneck_strength=1.0000 | prototype_application_position=post_refine
DEBUG factorized comparison [stage3] | query_norm_mean=1.9642 | key_norm_mean=0.9763 | context_mean=0.0001 | context_std=0.1082 | context_min=-0.2075 | context_max=0.2970 | total_candidate_weight=336.0000 | spatial_strength=0.0985 | spatial_freq_entropy=2.7726 | spatial_freq_weight_mean=0.6923 | rank=32
DEBUG factorized comparison [stage4] | query_norm_mean=1.1739 | key_norm_mean=1.0336 | context_mean=-0.0000 | context_std=0.0926 | context_min=-0.1852 | context_max=0.2636 | total_candidate_weight=84.0000 | spatial_strength=0.0987 | spatial_freq_entropy=2.7726 | spatial_freq_weight_mean=0.6930 | rank=32
patch-priority map [stage1] | mean=0.062500 | std=0.254069 | min=0.000000 | max=2.356282 | prototype_application_position=post_refine_unary_mask | prototype_bottleneck_strength=1.000000 | prototype_to_base_norm_ratio=1.344563
patch-priority map [stage2] | mean=0.062500 | std=0.255934 | min=0.000000 | max=2.644937 | prototype_application_position=post_refine_unary_mask | prototype_bottleneck_strength=1.000000 | prototype_to_base_norm_ratio=1.057262
patch-priority map [stage3] | mean=0.062500 | std=1.022113 | min=0.000000 | max=35.541134 | prototype_application_position=post_refine | prototype_bottleneck_strength=1.000000 | prototype_to_base_norm_ratio=1.616900
patch-priority map [stage4] | mean=0.062500 | std=0.935159 | min=0.000000 | max=23.627567 | prototype_application_position=post_refine | prototype_bottleneck_strength=1.000000 | prototype_to_base_norm_ratio=3.696265
Epoch 16/200
  Mean train loss: 0.684632
  Mean val loss:   0.771109
  Current LR:      4.92e-05
Val metrics   | CC: 0.5170 | SIM: 0.3516 | NSS: 3.0441
  Saved checkpoint: training_outputs/ckpts/20261002_204128/epoch_016.pth

Epoch 17/200
pred_saliency: shape=(2, 1, 224, 384) min=-4.4230 max=52.7131 mean=-3.1609 std=3.8208
sal_batch: shape=(2, 1, 360, 640) min=0.0000 max=1.0000 mean=0.0170 std=0.0773
DEBUG features_shape: {'stage1': (2, 96, 16, 56, 96), 'stage2': (2, 192, 16, 28, 48), 'stage3': (2, 384, 16, 14, 24), 'stage4': (2, 768, 16, 7, 12)}
DEBUG gate: no gate_debug available. This usually means return_concept_losses=False or lambda_gate=0.
DEBUG decoder visual FiLM [stage1] | film_gamma mean/std/min/max=0.0625/0.2553/0.0000/2.4092 | prototype_bottleneck_strength=1.0000 | prototype_application_position=post_refine
DEBUG decoder visual FiLM [stage2] | film_gamma mean/std/min/max=0.0625/0.2556/0.0000/2.6059 | prototype_bottleneck_strength=1.0000 | prototype_application_position=post_refine
DEBUG decoder visual FiLM [stage3] | film_gamma mean/std/min/max=0.0625/0.8184/0.0000/26.2101 | prototype_bottleneck_strength=1.0000 | prototype_application_position=post_refine
DEBUG decoder visual FiLM [stage4] | film_gamma mean/std/min/max=0.0625/0.7780/0.0000/19.2507 | prototype_bottleneck_strength=1.0000 | prototype_application_position=post_refine
DEBUG factorized comparison [stage3] | query_norm_mean=1.9485 | key_norm_mean=0.9729 | context_mean=0.0000 | context_std=0.1088 | context_min=-0.2149 | context_max=0.2761 | total_candidate_weight=336.0000 | spatial_strength=0.0985 | spatial_freq_entropy=2.7726 | spatial_freq_weight_mean=0.6923 | rank=32
DEBUG factorized comparison [stage4] | query_norm_mean=1.1939 | key_norm_mean=1.0228 | context_mean=0.0000 | context_std=0.0938 | context_min=-0.1988 | context_max=0.2455 | total_candidate_weight=84.0000 | spatial_strength=0.0987 | spatial_freq_entropy=2.7726 | spatial_freq_weight_mean=0.6930 | rank=32
patch-priority map [stage1] | mean=0.062500 | std=0.255291 | min=0.000000 | max=2.409179 | prototype_application_position=post_refine_unary_mask | prototype_bottleneck_strength=1.000000 | prototype_to_base_norm_ratio=1.233776
patch-priority map [stage2] | mean=0.062500 | std=0.255575 | min=0.000000 | max=2.605947 | prototype_application_position=post_refine_unary_mask | prototype_bottleneck_strength=1.000000 | prototype_to_base_norm_ratio=1.058545
patch-priority map [stage3] | mean=0.062500 | std=0.818367 | min=0.000000 | max=26.210146 | prototype_application_position=post_refine | prototype_bottleneck_strength=1.000000 | prototype_to_base_norm_ratio=1.416721
patch-priority map [stage4] | mean=0.062500 | std=0.777972 | min=0.000000 | max=19.250650 | prototype_application_position=post_refine | prototype_bottleneck_strength=1.000000 | prototype_to_base_norm_ratio=2.890731
DEBUG visual concept usage [stage1] top 10:
  concept 271: 4103 patches (38.16%)
  concept 201: 2707 patches (25.18%)
  concept 483: 1775 patches (16.51%)
  concept 219: 1181 patches (10.98%)
  concept 444: 642 patches (5.97%)
  concept 120: 51 patches (0.47%)
  concept 167: 48 patches (0.45%)
  concept 84: 18 patches (0.17%)
  concept 113: 10 patches (0.09%)
  concept 142: 10 patches (0.09%)
  normalized usage entropy: 0.9525
DEBUG visual concept usage [stage2] top 10:
  concept 363: 995 patches (37.02%)
  concept 66: 961 patches (35.75%)
  concept 408: 712 patches (26.49%)
  concept 3: 1 patches (0.04%)
  concept 87: 1 patches (0.04%)
  concept 114: 1 patches (0.04%)
  concept 126: 1 patches (0.04%)
  concept 151: 1 patches (0.04%)
  concept 165: 1 patches (0.04%)
  concept 171: 1 patches (0.04%)
  normalized usage entropy: 0.9420
DEBUG visual concept usage [stage3] top 10:
  concept 327: 472 patches (70.24%)
  concept 506: 122 patches (18.15%)
  concept 25: 73 patches (10.86%)
  concept 278: 1 patches (0.15%)
  concept 292: 1 patches (0.15%)
  concept 344: 1 patches (0.15%)
  concept 403: 1 patches (0.15%)
  concept 473: 1 patches (0.15%)
  normalized usage entropy: 0.9254
DEBUG visual concept usage [stage4] top 10:
  concept 397: 27 patches (16.07%)
  concept 351: 11 patches (6.55%)
  concept 154: 9 patches (5.36%)
  concept 330: 9 patches (5.36%)
  concept 87: 6 patches (3.57%)
  concept 289: 6 patches (3.57%)
  concept 294: 5 patches (2.98%)
  concept 320: 4 patches (2.38%)
  concept 410: 4 patches (2.38%)
  concept 412: 4 patches (2.38%)
  normalized usage entropy: 0.9226
DEBUG pred min/max/mean/std: -4.422955513000488 52.71312713623047 -3.1608753204345703 3.820815324783325
DEBUG target min/max/mean/std: 0.0 1.0 0.016990818083286285 0.07730178534984589
DEBUG fixation pixels per sample: [195.0, 146.0]
DEBUG fix_batch min/max/mean/std: 0.0 1.0 0.0007400173926725984 0.02719322219491005
DEBUG losses: {'loss_total': 0.10559679567813873, 'loss_fid': 31.73985481262207, 'loss_patch_fid': 4.171987533569336, 'loss_dense_fid': 4.127281188964844, 'loss_dense_bce': -0.0, 'loss_dense_kl': 23.44058609008789, 'loss_topk': -0.0, 'loss_delta': -0.0, 'loss_cc': 0.1690530776977539, 'loss_nss': -4.3676605224609375, 'loss_sim': 0.4536115527153015, 'loss_concept_dense': 0.0, 'loss_concept_kl': 0.0, 'loss_align': 0.0, 'loss_sparse': 0.0, 'loss_div': 0.0, 'loss_gate': 0.0, 'loss_visual_entropy': 0.8190052509307861, 'loss_visual_equiv': 0.0, 'loss_visual_usage': 0.06436675786972046, 'loss_temporal_attention_entropy': 0.0, 'loss_total_concept': 0.37649911642074585, 'loss_decoder_side_aux': -0.1338159441947937, 'loss_priority_map': 0.7920680642127991, 'loss_priority_map_weighted': 0.07920680940151215, 'priority_map_loss': 0.7920680642127991, 'weighted_priority_map_loss': 0.07920680940151215, 'loss_priority_map_stage3': 0.8201960921287537, 'loss_priority_map_stage4': 0.7639400362968445, 'loss_side_stage4': -0.1983802616596222, 'loss_side_stage3': -0.26611313223838806, 'loss_side_stage2': -0.2843017280101776, 'loss_side_stage1': -0.27320173382759094}
DEBUG decoder visual FiLM [stage1] | film_gamma mean/std/min/max=0.0625/0.2547/0.0000/2.3978 | prototype_bottleneck_strength=1.0000 | prototype_application_position=post_refine
DEBUG decoder visual FiLM [stage2] | film_gamma mean/std/min/max=0.0625/0.2554/0.0000/2.7337 | prototype_bottleneck_strength=1.0000 | prototype_application_position=post_refine
DEBUG decoder visual FiLM [stage3] | film_gamma mean/std/min/max=0.0625/1.0367/0.0000/39.5168 | prototype_bottleneck_strength=1.0000 | prototype_application_position=post_refine
DEBUG decoder visual FiLM [stage4] | film_gamma mean/std/min/max=0.0625/0.9808/0.0000/29.1641 | prototype_bottleneck_strength=1.0000 | prototype_application_position=post_refine
DEBUG factorized comparison [stage3] | query_norm_mean=2.0081 | key_norm_mean=0.9660 | context_mean=0.0001 | context_std=0.1113 | context_min=-0.2104 | context_max=0.3164 | total_candidate_weight=336.0000 | spatial_strength=0.0985 | spatial_freq_entropy=2.7726 | spatial_freq_weight_mean=0.6923 | rank=32
DEBUG factorized comparison [stage4] | query_norm_mean=1.1886 | key_norm_mean=1.0453 | context_mean=0.0001 | context_std=0.0910 | context_min=-0.1905 | context_max=0.2681 | total_candidate_weight=84.0000 | spatial_strength=0.0987 | spatial_freq_entropy=2.7726 | spatial_freq_weight_mean=0.6930 | rank=32
patch-priority map [stage1] | mean=0.062500 | std=0.254671 | min=0.000000 | max=2.397849 | prototype_application_position=post_refine_unary_mask | prototype_bottleneck_strength=1.000000 | prototype_to_base_norm_ratio=1.317679
patch-priority map [stage2] | mean=0.062500 | std=0.255350 | min=0.000000 | max=2.733660 | prototype_application_position=post_refine_unary_mask | prototype_bottleneck_strength=1.000000 | prototype_to_base_norm_ratio=1.037170
patch-priority map [stage3] | mean=0.062500 | std=1.036680 | min=0.000000 | max=39.516762 | prototype_application_position=post_refine | prototype_bottleneck_strength=1.000000 | prototype_to_base_norm_ratio=1.486046
patch-priority map [stage4] | mean=0.062500 | std=0.980767 | min=0.000000 | max=29.164095 | prototype_application_position=post_refine | prototype_bottleneck_strength=1.000000 | prototype_to_base_norm_ratio=3.073239
Epoch 17/200
  Mean train loss: 0.659936
  Mean val loss:   0.770448
  Current LR:      4.91e-05
Val metrics   | CC: 0.5137 | SIM: 0.3472 | NSS: 3.0067
  Saved checkpoint: training_outputs/ckpts/20261002_204128/epoch_017.pth

Epoch 18/200
pred_saliency: shape=(2, 1, 224, 384) min=-4.2693 max=28.9977 mean=-3.0518 std=3.1699
sal_batch: shape=(2, 1, 360, 640) min=0.0000 max=1.0000 mean=0.0193 std=0.0878
DEBUG features_shape: {'stage1': (2, 96, 16, 56, 96), 'stage2': (2, 192, 16, 28, 48), 'stage3': (2, 384, 16, 14, 24), 'stage4': (2, 768, 16, 7, 12)}
DEBUG gate: no gate_debug available. This usually means return_concept_losses=False or lambda_gate=0.
DEBUG decoder visual FiLM [stage1] | film_gamma mean/std/min/max=0.0625/0.2552/0.0000/2.4426 | prototype_bottleneck_strength=1.0000 | prototype_application_position=post_refine
DEBUG decoder visual FiLM [stage2] | film_gamma mean/std/min/max=0.0625/0.2550/0.0000/2.7875 | prototype_bottleneck_strength=1.0000 | prototype_application_position=post_refine
DEBUG decoder visual FiLM [stage3] | film_gamma mean/std/min/max=0.0625/0.7633/0.0000/22.8954 | prototype_bottleneck_strength=1.0000 | prototype_application_position=post_refine
DEBUG decoder visual FiLM [stage4] | film_gamma mean/std/min/max=0.0625/0.7424/0.0000/17.4047 | prototype_bottleneck_strength=1.0000 | prototype_application_position=post_refine
DEBUG factorized comparison [stage3] | query_norm_mean=1.9791 | key_norm_mean=0.9658 | context_mean=0.0000 | context_std=0.1171 | context_min=-0.2179 | context_max=0.2910 | total_candidate_weight=336.0000 | spatial_strength=0.0985 | spatial_freq_entropy=2.7726 | spatial_freq_weight_mean=0.6923 | rank=32
DEBUG factorized comparison [stage4] | query_norm_mean=1.2045 | key_norm_mean=1.0442 | context_mean=0.0000 | context_std=0.0992 | context_min=-0.1830 | context_max=0.2575 | total_candidate_weight=84.0000 | spatial_strength=0.0987 | spatial_freq_entropy=2.7726 | spatial_freq_weight_mean=0.6930 | rank=32
patch-priority map [stage1] | mean=0.062500 | std=0.255157 | min=0.000000 | max=2.442624 | prototype_application_position=post_refine_unary_mask | prototype_bottleneck_strength=1.000000 | prototype_to_base_norm_ratio=1.192904
patch-priority map [stage2] | mean=0.062500 | std=0.255004 | min=0.000000 | max=2.787528 | prototype_application_position=post_refine_unary_mask | prototype_bottleneck_strength=1.000000 | prototype_to_base_norm_ratio=1.073959
patch-priority map [stage3] | mean=0.062500 | std=0.763260 | min=0.000000 | max=22.895426 | prototype_application_position=post_refine | prototype_bottleneck_strength=1.000000 | prototype_to_base_norm_ratio=1.097821
patch-priority map [stage4] | mean=0.062500 | std=0.742441 | min=0.000000 | max=17.404743 | prototype_application_position=post_refine | prototype_bottleneck_strength=1.000000 | prototype_to_base_norm_ratio=2.210947
DEBUG visual concept usage [stage1] top 10:
  concept 271: 5154 patches (47.94%)
  concept 201: 2620 patches (24.37%)
  concept 483: 1228 patches (11.42%)
  concept 219: 821 patches (7.64%)
  concept 444: 260 patches (2.42%)
  concept 120: 63 patches (0.59%)
  concept 167: 36 patches (0.33%)
  concept 172: 25 patches (0.23%)
  concept 266: 19 patches (0.18%)
  concept 340: 18 patches (0.17%)
  normalized usage entropy: 0.9620
DEBUG visual concept usage [stage2] top 10:
  concept 363: 1307 patches (48.62%)
  concept 66: 805 patches (29.95%)
  concept 408: 534 patches (19.87%)
  concept 370: 3 patches (0.11%)
  concept 26: 2 patches (0.07%)
  concept 122: 2 patches (0.07%)
  concept 216: 2 patches (0.07%)
  concept 18: 1 patches (0.04%)
  concept 36: 1 patches (0.04%)
  concept 63: 1 patches (0.04%)
  normalized usage entropy: 0.9611
DEBUG visual concept usage [stage3] top 10:
  concept 327: 449 patches (66.82%)
  concept 506: 127 patches (18.90%)
  concept 25: 91 patches (13.54%)
  concept 371: 1 patches (0.15%)
  concept 403: 1 patches (0.15%)
  concept 404: 1 patches (0.15%)
  concept 419: 1 patches (0.15%)
  concept 463: 1 patches (0.15%)
  normalized usage entropy: 0.9199
DEBUG visual concept usage [stage4] top 10:
  concept 154: 16 patches (9.52%)
  concept 410: 13 patches (7.74%)
  concept 412: 13 patches (7.74%)
  concept 466: 8 patches (4.76%)
  concept 444: 7 patches (4.17%)
  concept 397: 6 patches (3.57%)
  concept 351: 5 patches (2.98%)
  concept 394: 5 patches (2.98%)
  concept 396: 5 patches (2.98%)
  concept 87: 4 patches (2.38%)
  normalized usage entropy: 0.8955
DEBUG pred min/max/mean/std: -4.269298553466797 28.997732162475586 -3.0518102645874023 3.169865369796753
DEBUG target min/max/mean/std: 0.0 1.0 0.01932903751730919 0.08779171854257584
DEBUG fixation pixels per sample: [119.0, 167.0]
DEBUG fix_batch min/max/mean/std: 0.0 1.0 0.0006206597317941487 0.024905338883399963
DEBUG losses: {'loss_total': 0.9145321846008301, 'loss_fid': 21.172250747680664, 'loss_patch_fid': 4.015680313110352, 'loss_dense_fid': 3.973003625869751, 'loss_dense_bce': -0.0, 'loss_dense_kl': 13.18356704711914, 'loss_topk': -0.0, 'loss_delta': -0.0, 'loss_cc': 0.4642496109008789, 'loss_nss': -2.709567070007324, 'loss_sim': 0.6359788179397583, 'loss_concept_dense': 0.0, 'loss_concept_kl': 0.0, 'loss_align': 0.0, 'loss_sparse': 0.0, 'loss_div': 0.0, 'loss_gate': 0.0, 'loss_visual_entropy': 0.8154606819152832, 'loss_visual_equiv': 0.0, 'loss_visual_usage': 0.0653717964887619, 'loss_temporal_attention_entropy': 0.0, 'loss_total_concept': 0.4201347529888153, 'loss_decoder_side_aux': 0.08322985470294952, 'loss_priority_map': 1.6485728025436401, 'loss_priority_map_weighted': 0.16485728323459625, 'priority_map_loss': 1.6485728025436401, 'weighted_priority_map_loss': 0.16485728323459625, 'loss_priority_map_stage3': 1.5865895748138428, 'loss_priority_map_stage4': 1.7105560302734375, 'loss_side_stage4': 0.21463307738304138, 'loss_side_stage3': 0.09769049286842346, 'loss_side_stage2': 0.17102175951004028, 'loss_side_stage1': 0.18537944555282593}
DEBUG decoder visual FiLM [stage1] | film_gamma mean/std/min/max=0.0625/0.2561/0.0000/2.4173 | prototype_bottleneck_strength=1.0000 | prototype_application_position=post_refine
DEBUG decoder visual FiLM [stage2] | film_gamma mean/std/min/max=0.0625/0.2572/0.0000/2.9566 | prototype_bottleneck_strength=1.0000 | prototype_application_position=post_refine
DEBUG decoder visual FiLM [stage3] | film_gamma mean/std/min/max=0.0625/1.0710/0.0000/36.2859 | prototype_bottleneck_strength=1.0000 | prototype_application_position=post_refine
DEBUG decoder visual FiLM [stage4] | film_gamma mean/std/min/max=0.0625/0.9711/0.0000/27.2731 | prototype_bottleneck_strength=1.0000 | prototype_application_position=post_refine
DEBUG factorized comparison [stage3] | query_norm_mean=2.0026 | key_norm_mean=0.9630 | context_mean=0.0001 | context_std=0.1114 | context_min=-0.2179 | context_max=0.3119 | total_candidate_weight=336.0000 | spatial_strength=0.0985 | spatial_freq_entropy=2.7726 | spatial_freq_weight_mean=0.6923 | rank=32
DEBUG factorized comparison [stage4] | query_norm_mean=1.1864 | key_norm_mean=1.0555 | context_mean=-0.0000 | context_std=0.0961 | context_min=-0.1875 | context_max=0.2726 | total_candidate_weight=84.0000 | spatial_strength=0.0987 | spatial_freq_entropy=2.7726 | spatial_freq_weight_mean=0.6931 | rank=32
patch-priority map [stage1] | mean=0.062500 | std=0.256136 | min=0.000000 | max=2.417320 | prototype_application_position=post_refine_unary_mask | prototype_bottleneck_strength=1.000000 | prototype_to_base_norm_ratio=1.435213
patch-priority map [stage2] | mean=0.062500 | std=0.257187 | min=0.000000 | max=2.956600 | prototype_application_position=post_refine_unary_mask | prototype_bottleneck_strength=1.000000 | prototype_to_base_norm_ratio=1.061190
patch-priority map [stage3] | mean=0.062500 | std=1.070979 | min=0.000000 | max=36.285866 | prototype_application_position=post_refine | prototype_bottleneck_strength=1.000000 | prototype_to_base_norm_ratio=1.756804
patch-priority map [stage4] | mean=0.062500 | std=0.971106 | min=0.000000 | max=27.273069 | prototype_application_position=post_refine | prototype_bottleneck_strength=1.000000 | prototype_to_base_norm_ratio=3.164834
Epoch 18/200
  Mean train loss: 0.654135
  Mean val loss:   0.747912
  Current LR:      4.90e-05
Val metrics   | CC: 0.5189 | SIM: 0.3584 | NSS: 3.0546
  Saved checkpoint: training_outputs/ckpts/20261002_204128/epoch_018.pth
  New best val loss: 0.747912 (saved training_outputs/ckpts/20261002_204128/best_checkpoint.pth)

Epoch 19/200
pred_saliency: shape=(2, 1, 224, 384) min=-4.3447 max=40.7469 mean=-3.1744 std=3.2053
sal_batch: shape=(2, 1, 360, 640) min=0.0000 max=1.0000 mean=0.0154 std=0.0761
DEBUG features_shape: {'stage1': (2, 96, 16, 56, 96), 'stage2': (2, 192, 16, 28, 48), 'stage3': (2, 384, 16, 14, 24), 'stage4': (2, 768, 16, 7, 12)}
DEBUG gate: no gate_debug available. This usually means return_concept_losses=False or lambda_gate=0.
DEBUG decoder visual FiLM [stage1] | film_gamma mean/std/min/max=0.0625/0.2560/0.0000/2.3617 | prototype_bottleneck_strength=1.0000 | prototype_application_position=post_refine
DEBUG decoder visual FiLM [stage2] | film_gamma mean/std/min/max=0.0625/0.2566/0.0000/2.7225 | prototype_bottleneck_strength=1.0000 | prototype_application_position=post_refine
DEBUG decoder visual FiLM [stage3] | film_gamma mean/std/min/max=0.0625/0.7515/0.0000/25.6724 | prototype_bottleneck_strength=1.0000 | prototype_application_position=post_refine
DEBUG decoder visual FiLM [stage4] | film_gamma mean/std/min/max=0.0625/0.6866/0.0000/15.0662 | prototype_bottleneck_strength=1.0000 | prototype_application_position=post_refine
DEBUG factorized comparison [stage3] | query_norm_mean=1.9693 | key_norm_mean=0.9647 | context_mean=0.0001 | context_std=0.1129 | context_min=-0.2284 | context_max=0.2701 | total_candidate_weight=336.0000 | spatial_strength=0.0985 | spatial_freq_entropy=2.7726 | spatial_freq_weight_mean=0.6923 | rank=32
DEBUG factorized comparison [stage4] | query_norm_mean=1.1922 | key_norm_mean=1.0306 | context_mean=-0.0000 | context_std=0.0968 | context_min=-0.1822 | context_max=0.2244 | total_candidate_weight=84.0000 | spatial_strength=0.0987 | spatial_freq_entropy=2.7726 | spatial_freq_weight_mean=0.6931 | rank=32
patch-priority map [stage1] | mean=0.062500 | std=0.255966 | min=0.000000 | max=2.361733 | prototype_application_position=post_refine_unary_mask | prototype_bottleneck_strength=1.000000 | prototype_to_base_norm_ratio=1.171940
patch-priority map [stage2] | mean=0.062500 | std=0.256581 | min=0.000000 | max=2.722476 | prototype_application_position=post_refine_unary_mask | prototype_bottleneck_strength=1.000000 | prototype_to_base_norm_ratio=1.080521
patch-priority map [stage3] | mean=0.062500 | std=0.751467 | min=0.000000 | max=25.672434 | prototype_application_position=post_refine | prototype_bottleneck_strength=1.000000 | prototype_to_base_norm_ratio=1.266728
patch-priority map [stage4] | mean=0.062500 | std=0.686638 | min=0.000000 | max=15.066211 | prototype_application_position=post_refine | prototype_bottleneck_strength=1.000000 | prototype_to_base_norm_ratio=2.098750
DEBUG visual concept usage [stage1] top 10:
  concept 201: 4735 patches (44.04%)
  concept 271: 2957 patches (27.50%)
  concept 219: 1357 patches (12.62%)
  concept 483: 1077 patches (10.02%)
  concept 444: 87 patches (0.81%)
  concept 120: 79 patches (0.73%)
  concept 273: 27 patches (0.25%)
  concept 246: 22 patches (0.20%)
  concept 70: 15 patches (0.14%)
  concept 34: 13 patches (0.12%)
  normalized usage entropy: 0.9301
DEBUG visual concept usage [stage2] top 10:
  concept 66: 1435 patches (53.39%)
  concept 363: 650 patches (24.18%)
  concept 408: 583 patches (21.69%)
  concept 343: 2 patches (0.07%)
  concept 9: 1 patches (0.04%)
  concept 18: 1 patches (0.04%)
  concept 28: 1 patches (0.04%)
  concept 42: 1 patches (0.04%)
  concept 64: 1 patches (0.04%)
  concept 79: 1 patches (0.04%)
  normalized usage entropy: 0.9071
DEBUG visual concept usage [stage3] top 10:
  concept 327: 480 patches (71.43%)
  concept 506: 98 patches (14.58%)
  concept 25: 88 patches (13.10%)
  concept 292: 4 patches (0.60%)
  concept 332: 1 patches (0.15%)
  concept 447: 1 patches (0.15%)
  normalized usage entropy: 0.9223
DEBUG visual concept usage [stage4] top 10:
  concept 154: 18 patches (10.71%)
  concept 353: 15 patches (8.93%)
  concept 397: 14 patches (8.33%)
  concept 412: 8 patches (4.76%)
  concept 311: 7 patches (4.17%)
  concept 394: 6 patches (3.57%)
  concept 87: 5 patches (2.98%)
  concept 303: 5 patches (2.98%)
  concept 462: 5 patches (2.98%)
  concept 309: 4 patches (2.38%)
  normalized usage entropy: 0.9069
DEBUG pred min/max/mean/std: -4.344738960266113 40.746864318847656 -3.174419641494751 3.205271005630493
DEBUG target min/max/mean/std: 0.0 1.0 0.015355274081230164 0.07605113089084625
DEBUG fixation pixels per sample: [192.0, 188.0]
DEBUG fix_batch min/max/mean/std: 0.0 1.0 0.0008246527868323028 0.02870495617389679
DEBUG losses: {'loss_total': 0.4534561336040497, 'loss_fid': 25.515094757080078, 'loss_patch_fid': 4.064728260040283, 'loss_dense_fid': 4.021378517150879, 'loss_dense_bce': -0.0, 'loss_dense_kl': 17.428987503051758, 'loss_topk': -0.0, 'loss_delta': -0.0, 'loss_cc': 0.28845179080963135, 'loss_nss': -3.507674217224121, 'loss_sim': 0.5511260032653809, 'loss_concept_dense': 0.0, 'loss_concept_kl': 0.0, 'loss_align': 0.0, 'loss_sparse': 0.0, 'loss_div': 0.0, 'loss_gate': 0.0, 'loss_visual_entropy': 0.7913010120391846, 'loss_visual_equiv': 0.0, 'loss_visual_usage': 0.08340898156166077, 'loss_temporal_attention_entropy': 0.0, 'loss_total_concept': 0.3628702163696289, 'loss_decoder_side_aux': -0.02568024769425392, 'loss_priority_map': 1.1348340511322021, 'loss_priority_map_weighted': 0.11348340660333633, 'priority_map_loss': 1.1348340511322021, 'weighted_priority_map_loss': 0.11348340660333633, 'loss_priority_map_stage3': 1.0358408689498901, 'loss_priority_map_stage4': 1.2338273525238037, 'loss_side_stage4': -0.010089844465255737, 'loss_side_stage3': -0.05332908034324646, 'loss_side_stage2': -0.04032713174819946, 'loss_side_stage1': -0.06896889209747314}
DEBUG decoder visual FiLM [stage1] | film_gamma mean/std/min/max=0.0625/0.2572/0.0000/2.4653 | prototype_bottleneck_strength=1.0000 | prototype_application_position=post_refine
DEBUG decoder visual FiLM [stage2] | film_gamma mean/std/min/max=0.0625/0.2548/0.0000/2.4653 | prototype_bottleneck_strength=1.0000 | prototype_application_position=post_refine
DEBUG decoder visual FiLM [stage3] | film_gamma mean/std/min/max=0.0625/1.1110/0.0000/37.7329 | prototype_bottleneck_strength=1.0000 | prototype_application_position=post_refine
DEBUG decoder visual FiLM [stage4] | film_gamma mean/std/min/max=0.0625/1.1148/0.0000/33.7460 | prototype_bottleneck_strength=1.0000 | prototype_application_position=post_refine
DEBUG factorized comparison [stage3] | query_norm_mean=1.9689 | key_norm_mean=0.9463 | context_mean=0.0001 | context_std=0.1073 | context_min=-0.2104 | context_max=0.3045 | total_candidate_weight=336.0000 | spatial_strength=0.0985 | spatial_freq_entropy=2.7726 | spatial_freq_weight_mean=0.6924 | rank=32
DEBUG factorized comparison [stage4] | query_norm_mean=1.2327 | key_norm_mean=1.1001 | context_mean=-0.0001 | context_std=0.1007 | context_min=-0.2018 | context_max=0.3072 | total_candidate_weight=84.0000 | spatial_strength=0.0986 | spatial_freq_entropy=2.7726 | spatial_freq_weight_mean=0.6931 | rank=32
patch-priority map [stage1] | mean=0.062500 | std=0.257239 | min=0.000000 | max=2.465332 | prototype_application_position=post_refine_unary_mask | prototype_bottleneck_strength=1.000000 | prototype_to_base_norm_ratio=1.477829
patch-priority map [stage2] | mean=0.062500 | std=0.254819 | min=0.000000 | max=2.465350 | prototype_application_position=post_refine_unary_mask | prototype_bottleneck_strength=1.000000 | prototype_to_base_norm_ratio=1.038822
patch-priority map [stage3] | mean=0.062500 | std=1.111032 | min=0.000000 | max=37.732948 | prototype_application_position=post_refine | prototype_bottleneck_strength=1.000000 | prototype_to_base_norm_ratio=1.688684
patch-priority map [stage4] | mean=0.062500 | std=1.114759 | min=0.000000 | max=33.746006 | prototype_application_position=post_refine | prototype_bottleneck_strength=1.000000 | prototype_to_base_norm_ratio=3.959387
Epoch 19/200
  Mean train loss: 0.644813
  Mean val loss:   0.736282
  Current LR:      4.89e-05
Val metrics   | CC: 0.5225 | SIM: 0.3627 | NSS: 3.0762
  Saved checkpoint: training_outputs/ckpts/20261002_204128/epoch_019.pth
  New best val loss: 0.736282 (saved training_outputs/ckpts/20261002_204128/best_checkpoint.pth)

Epoch 20/200
pred_saliency: shape=(2, 1, 224, 384) min=-4.4676 max=26.8231 mean=-3.2009 std=2.5430
sal_batch: shape=(2, 1, 360, 640) min=0.0000 max=1.0000 mean=0.0200 std=0.0956
DEBUG features_shape: {'stage1': (2, 96, 16, 56, 96), 'stage2': (2, 192, 16, 28, 48), 'stage3': (2, 384, 16, 14, 24), 'stage4': (2, 768, 16, 7, 12)}
DEBUG gate: no gate_debug available. This usually means return_concept_losses=False or lambda_gate=0.
DEBUG decoder visual FiLM [stage1] | film_gamma mean/std/min/max=0.0625/0.2581/0.0000/2.6413 | prototype_bottleneck_strength=1.0000 | prototype_application_position=post_refine
DEBUG decoder visual FiLM [stage2] | film_gamma mean/std/min/max=0.0625/0.2537/0.0000/2.3660 | prototype_bottleneck_strength=1.0000 | prototype_application_position=post_refine
DEBUG decoder visual FiLM [stage3] | film_gamma mean/std/min/max=0.0625/0.7083/0.0000/22.3147 | prototype_bottleneck_strength=1.0000 | prototype_application_position=post_refine
DEBUG decoder visual FiLM [stage4] | film_gamma mean/std/min/max=0.0625/0.7588/0.0000/22.5417 | prototype_bottleneck_strength=1.0000 | prototype_application_position=post_refine
DEBUG factorized comparison [stage3] | query_norm_mean=1.9318 | key_norm_mean=0.9430 | context_mean=0.0001 | context_std=0.1079 | context_min=-0.2224 | context_max=0.2627 | total_candidate_weight=336.0000 | spatial_strength=0.0985 | spatial_freq_entropy=2.7726 | spatial_freq_weight_mean=0.6924 | rank=32
DEBUG factorized comparison [stage4] | query_norm_mean=1.2508 | key_norm_mean=1.0742 | context_mean=0.0000 | context_std=0.1074 | context_min=-0.2199 | context_max=0.2560 | total_candidate_weight=84.0000 | spatial_strength=0.0986 | spatial_freq_entropy=2.7726 | spatial_freq_weight_mean=0.6931 | rank=32
patch-priority map [stage1] | mean=0.062500 | std=0.258106 | min=0.000000 | max=2.641316 | prototype_application_position=post_refine_unary_mask | prototype_bottleneck_strength=1.000000 | prototype_to_base_norm_ratio=1.135277
patch-priority map [stage2] | mean=0.062500 | std=0.253714 | min=0.000000 | max=2.366020 | prototype_application_position=post_refine_unary_mask | prototype_bottleneck_strength=1.000000 | prototype_to_base_norm_ratio=1.043108
patch-priority map [stage3] | mean=0.062500 | std=0.708331 | min=0.000000 | max=22.314707 | prototype_application_position=post_refine | prototype_bottleneck_strength=1.000000 | prototype_to_base_norm_ratio=1.094390
patch-priority map [stage4] | mean=0.062500 | std=0.758812 | min=0.000000 | max=22.541677 | prototype_application_position=post_refine | prototype_bottleneck_strength=1.000000 | prototype_to_base_norm_ratio=2.429338
DEBUG visual concept usage [stage1] top 10:
  concept 483: 4500 patches (41.85%)
  concept 271: 2195 patches (20.41%)
  concept 201: 2100 patches (19.53%)
  concept 219: 1481 patches (13.77%)
  concept 120: 134 patches (1.25%)
  concept 70: 24 patches (0.22%)
  concept 444: 24 patches (0.22%)
  concept 397: 21 patches (0.20%)
  concept 273: 16 patches (0.15%)
  concept 34: 11 patches (0.10%)
  normalized usage entropy: 0.9398
DEBUG visual concept usage [stage2] top 10:
  concept 408: 1297 patches (48.25%)
  concept 66: 1081 patches (40.22%)
  concept 363: 296 patches (11.01%)
  concept 216: 3 patches (0.11%)
  concept 367: 2 patches (0.07%)
  concept 64: 1 patches (0.04%)
  concept 282: 1 patches (0.04%)
  concept 330: 1 patches (0.04%)
  concept 333: 1 patches (0.04%)
  concept 385: 1 patches (0.04%)
  normalized usage entropy: 0.9335
DEBUG visual concept usage [stage3] top 10:
  concept 327: 469 patches (69.79%)
  concept 506: 106 patches (15.77%)
  concept 25: 88 patches (13.10%)
  concept 292: 5 patches (0.74%)
  concept 350: 2 patches (0.30%)
  concept 333: 1 patches (0.15%)
  concept 383: 1 patches (0.15%)
  normalized usage entropy: 0.9355
DEBUG visual concept usage [stage4] top 10:
  concept 154: 14 patches (8.33%)
  concept 313: 14 patches (8.33%)
  concept 87: 13 patches (7.74%)
  concept 412: 13 patches (7.74%)
  concept 397: 9 patches (5.36%)
  concept 351: 6 patches (3.57%)
  concept 353: 6 patches (3.57%)
  concept 432: 6 patches (3.57%)
  concept 278: 5 patches (2.98%)
  concept 323: 4 patches (2.38%)
  normalized usage entropy: 0.9095
DEBUG pred min/max/mean/std: -4.4676384925842285 26.82306671142578 -3.200924873352051 2.5430047512054443
DEBUG target min/max/mean/std: 0.0 1.0 0.01998726837337017 0.09561432898044586
DEBUG fixation pixels per sample: [163.0, 202.0]
DEBUG fix_batch min/max/mean/std: 0.0 1.0 0.0007921007345430553 0.02813316322863102
DEBUG losses: {'loss_total': 0.49359267950057983, 'loss_fid': 18.7269344329834, 'loss_patch_fid': 3.866070032119751, 'loss_dense_fid': 3.8212523460388184, 'loss_dense_bce': -0.0, 'loss_dense_kl': 11.03961181640625, 'loss_topk': -0.0, 'loss_delta': -0.0, 'loss_cc': 0.3461073637008667, 'loss_nss': -4.060384750366211, 'loss_sim': 0.6400145292282104, 'loss_concept_dense': 0.0, 'loss_concept_kl': 0.0, 'loss_align': 0.0, 'loss_sparse': 0.0, 'loss_div': 0.0, 'loss_gate': 0.0, 'loss_visual_entropy': 0.8111825585365295, 'loss_visual_equiv': 0.0, 'loss_visual_usage': 0.07040748000144958, 'loss_temporal_attention_entropy': 0.0, 'loss_total_concept': 0.39311736822128296, 'loss_decoder_side_aux': -0.027509011328220367, 'loss_priority_map': 1.3137421607971191, 'loss_priority_map_weighted': 0.13137422502040863, 'priority_map_loss': 1.3137421607971191, 'weighted_priority_map_loss': 0.13137422502040863, 'loss_priority_map_stage3': 1.2846567630767822, 'loss_priority_map_stage4': 1.3428274393081665, 'loss_side_stage4': 0.017645031213760376, 'loss_side_stage3': -0.074281245470047, 'loss_side_stage2': -0.06467154622077942, 'loss_side_stage1': -0.05631202459335327}
DEBUG decoder visual FiLM [stage1] | film_gamma mean/std/min/max=0.0625/0.2575/0.0000/2.4034 | prototype_bottleneck_strength=1.0000 | prototype_application_position=post_refine
DEBUG decoder visual FiLM [stage2] | film_gamma mean/std/min/max=0.0625/0.2536/0.0000/2.2494 | prototype_bottleneck_strength=1.0000 | prototype_application_position=post_refine
DEBUG decoder visual FiLM [stage3] | film_gamma mean/std/min/max=0.0625/1.0488/0.0000/38.5176 | prototype_bottleneck_strength=1.0000 | prototype_application_position=post_refine
DEBUG decoder visual FiLM [stage4] | film_gamma mean/std/min/max=0.0625/1.0633/0.0000/31.5592 | prototype_bottleneck_strength=1.0000 | prototype_application_position=post_refine
DEBUG factorized comparison [stage3] | query_norm_mean=2.0104 | key_norm_mean=0.9611 | context_mean=0.0000 | context_std=0.1156 | context_min=-0.2239 | context_max=0.3194 | total_candidate_weight=336.0000 | spatial_strength=0.0985 | spatial_freq_entropy=2.7726 | spatial_freq_weight_mean=0.6924 | rank=32
DEBUG factorized comparison [stage4] | query_norm_mean=1.2628 | key_norm_mean=1.1222 | context_mean=-0.0000 | context_std=0.1086 | context_min=-0.2184 | context_max=0.3178 | total_candidate_weight=84.0000 | spatial_strength=0.0986 | spatial_freq_entropy=2.7726 | spatial_freq_weight_mean=0.6932 | rank=32
patch-priority map [stage1] | mean=0.062500 | std=0.257453 | min=0.000000 | max=2.403444 | prototype_application_position=post_refine_unary_mask | prototype_bottleneck_strength=1.000000 | prototype_to_base_norm_ratio=1.341466
patch-priority map [stage2] | mean=0.062500 | std=0.253648 | min=0.000000 | max=2.249394 | prototype_application_position=post_refine_unary_mask | prototype_bottleneck_strength=1.000000 | prototype_to_base_norm_ratio=1.015487
patch-priority map [stage3] | mean=0.062500 | std=1.048757 | min=0.000000 | max=38.517612 | prototype_application_position=post_refine | prototype_bottleneck_strength=1.000000 | prototype_to_base_norm_ratio=1.363837
patch-priority map [stage4] | mean=0.062500 | std=1.063337 | min=0.000000 | max=31.559195 | prototype_application_position=post_refine | prototype_bottleneck_strength=1.000000 | prototype_to_base_norm_ratio=3.893402
Epoch 20/200
  Mean train loss: 0.636700
  Mean val loss:   0.732663
  Current LR:      4.88e-05
Val metrics   | CC: 0.5207 | SIM: 0.3582 | NSS: 3.0234
  Saved checkpoint: training_outputs/ckpts/20261002_204128/epoch_020.pth
  New best val loss: 0.732663 (saved training_outputs/ckpts/20261002_204128/best_checkpoint.pth)

Epoch 21/200
pred_saliency: shape=(2, 1, 224, 384) min=-4.2068 max=57.7467 mean=-3.0359 std=3.9046
sal_batch: shape=(2, 1, 360, 640) min=0.0000 max=1.0000 mean=0.0145 std=0.0765
DEBUG features_shape: {'stage1': (2, 96, 16, 56, 96), 'stage2': (2, 192, 16, 28, 48), 'stage3': (2, 384, 16, 14, 24), 'stage4': (2, 768, 16, 7, 12)}
DEBUG gate: no gate_debug available. This usually means return_concept_losses=False or lambda_gate=0.
DEBUG decoder visual FiLM [stage1] | film_gamma mean/std/min/max=0.0625/0.2573/0.0000/2.4516 | prototype_bottleneck_strength=1.0000 | prototype_application_position=post_refine
DEBUG decoder visual FiLM [stage2] | film_gamma mean/std/min/max=0.0625/0.2533/0.0000/2.3109 | prototype_bottleneck_strength=1.0000 | prototype_application_position=post_refine
DEBUG decoder visual FiLM [stage3] | film_gamma mean/std/min/max=0.0625/0.8899/0.0000/29.1927 | prototype_bottleneck_strength=1.0000 | prototype_application_position=post_refine
DEBUG decoder visual FiLM [stage4] | film_gamma mean/std/min/max=0.0625/0.9842/0.0000/26.0927 | prototype_bottleneck_strength=1.0000 | prototype_application_position=post_refine
DEBUG factorized comparison [stage3] | query_norm_mean=1.9966 | key_norm_mean=0.9555 | context_mean=0.0001 | context_std=0.1128 | context_min=-0.2328 | context_max=0.3104 | total_candidate_weight=336.0000 | spatial_strength=0.0985 | spatial_freq_entropy=2.7726 | spatial_freq_weight_mean=0.6924 | rank=32
DEBUG factorized comparison [stage4] | query_norm_mean=1.2627 | key_norm_mean=1.1084 | context_mean=0.0000 | context_std=0.1060 | context_min=-0.2078 | context_max=0.3042 | total_candidate_weight=84.0000 | spatial_strength=0.0986 | spatial_freq_entropy=2.7726 | spatial_freq_weight_mean=0.6932 | rank=32
patch-priority map [stage1] | mean=0.062500 | std=0.257346 | min=0.000000 | max=2.451613 | prototype_application_position=post_refine_unary_mask | prototype_bottleneck_strength=1.000000 | prototype_to_base_norm_ratio=1.228264
patch-priority map [stage2] | mean=0.062500 | std=0.253335 | min=0.000000 | max=2.310925 | prototype_application_position=post_refine_unary_mask | prototype_bottleneck_strength=1.000000 | prototype_to_base_norm_ratio=1.080472
patch-priority map [stage3] | mean=0.062500 | std=0.889937 | min=0.000000 | max=29.192690 | prototype_application_position=post_refine | prototype_bottleneck_strength=1.000000 | prototype_to_base_norm_ratio=1.279373
patch-priority map [stage4] | mean=0.062500 | std=0.984154 | min=0.000000 | max=26.092684 | prototype_application_position=post_refine | prototype_bottleneck_strength=1.000000 | prototype_to_base_norm_ratio=3.835889
DEBUG visual concept usage [stage1] top 10:
  concept 271: 3207 patches (29.83%)
  concept 201: 3030 patches (28.18%)
  concept 483: 2984 patches (27.75%)
  concept 219: 1093 patches (10.17%)
  concept 444: 42 patches (0.39%)
  concept 283: 25 patches (0.23%)
  concept 351: 13 patches (0.12%)
  concept 60: 10 patches (0.09%)
  concept 155: 8 patches (0.07%)
  concept 181: 8 patches (0.07%)
  normalized usage entropy: 0.9665
DEBUG visual concept usage [stage2] top 10:
  concept 408: 1077 patches (40.07%)
  concept 363: 836 patches (31.10%)
  concept 66: 761 patches (28.31%)
  concept 79: 2 patches (0.07%)
  concept 123: 2 patches (0.07%)
  concept 27: 1 patches (0.04%)
  concept 139: 1 patches (0.04%)
  concept 145: 1 patches (0.04%)
  concept 158: 1 patches (0.04%)
  concept 174: 1 patches (0.04%)
  normalized usage entropy: 0.9693
DEBUG visual concept usage [stage3] top 10:
  concept 327: 486 patches (72.32%)
  concept 506: 107 patches (15.92%)
  concept 25: 73 patches (10.86%)
  concept 292: 4 patches (0.60%)
  concept 300: 1 patches (0.15%)
  concept 349: 1 patches (0.15%)
  normalized usage entropy: 0.9369
DEBUG visual concept usage [stage4] top 10:
  concept 412: 17 patches (10.12%)
  concept 397: 14 patches (8.33%)
  concept 87: 11 patches (6.55%)
  concept 353: 9 patches (5.36%)
  concept 154: 7 patches (4.17%)
  concept 292: 6 patches (3.57%)
  concept 288: 5 patches (2.98%)
  concept 294: 5 patches (2.98%)
  concept 311: 4 patches (2.38%)
  concept 351: 4 patches (2.38%)
  normalized usage entropy: 0.9149
DEBUG pred min/max/mean/std: -4.206789016723633 57.74668502807617 -3.0358710289001465 3.90460467338562
DEBUG target min/max/mean/std: 0.0 1.0 0.01445224042981863 0.07649599015712738
DEBUG fixation pixels per sample: [122.0, 129.0]
DEBUG fix_batch min/max/mean/std: 0.0 1.0 0.0005447048461064696 0.02333258092403412
DEBUG losses: {'loss_total': 0.6806765794754028, 'loss_fid': 39.2150993347168, 'loss_patch_fid': 4.028579235076904, 'loss_dense_fid': 3.9848153591156006, 'loss_dense_bce': -0.0, 'loss_dense_kl': 31.201704025268555, 'loss_topk': -0.0, 'loss_delta': -0.0, 'loss_cc': 0.3939625024795532, 'loss_nss': -3.412747621536255, 'loss_sim': 0.6184951663017273, 'loss_concept_dense': 0.0, 'loss_concept_kl': 0.0, 'loss_align': 0.0, 'loss_sparse': 0.0, 'loss_div': 0.0, 'loss_gate': 0.0, 'loss_visual_entropy': 0.8312971591949463, 'loss_visual_equiv': 0.0, 'loss_visual_usage': 0.05310720205307007, 'loss_temporal_attention_entropy': 0.0, 'loss_total_concept': 0.3955344557762146, 'loss_decoder_side_aux': 0.021579071879386902, 'loss_priority_map': 1.6645129919052124, 'loss_priority_map_weighted': 0.16645130515098572, 'priority_map_loss': 1.6645129919052124, 'weighted_priority_map_loss': 0.16645130515098572, 'loss_priority_map_stage3': 1.4549109935760498, 'loss_priority_map_stage4': 1.874114990234375, 'loss_side_stage4': 0.0434269905090332, 'loss_side_stage3': 0.05321112275123596, 'loss_side_stage2': 0.03330770134925842, 'loss_side_stage1': 0.045452266931533813}
DEBUG decoder visual FiLM [stage1] | film_gamma mean/std/min/max=0.0625/0.2579/0.0000/2.6314 | prototype_bottleneck_strength=1.0000 | prototype_application_position=post_refine
DEBUG decoder visual FiLM [stage2] | film_gamma mean/std/min/max=0.0625/0.2535/0.0000/2.2152 | prototype_bottleneck_strength=1.0000 | prototype_application_position=post_refine
DEBUG decoder visual FiLM [stage3] | film_gamma mean/std/min/max=0.0625/1.0716/0.0000/45.7277 | prototype_bottleneck_strength=1.0000 | prototype_application_position=post_refine
DEBUG decoder visual FiLM [stage4] | film_gamma mean/std/min/max=0.0625/1.0677/0.0000/33.6908 | prototype_bottleneck_strength=1.0000 | prototype_application_position=post_refine
DEBUG factorized comparison [stage3] | query_norm_mean=1.9527 | key_norm_mean=0.9339 | context_mean=0.0001 | context_std=0.1071 | context_min=-0.2134 | context_max=0.2910 | total_candidate_weight=336.0000 | spatial_strength=0.0985 | spatial_freq_entropy=2.7726 | spatial_freq_weight_mean=0.6925 | rank=32
DEBUG factorized comparison [stage4] | query_norm_mean=1.1990 | key_norm_mean=1.0734 | context_mean=-0.0000 | context_std=0.0973 | context_min=-0.1958 | context_max=0.2937 | total_candidate_weight=84.0000 | spatial_strength=0.0986 | spatial_freq_entropy=2.7726 | spatial_freq_weight_mean=0.6933 | rank=32
patch-priority map [stage1] | mean=0.062500 | std=0.257850 | min=0.000000 | max=2.631361 | prototype_application_position=post_refine_unary_mask | prototype_bottleneck_strength=1.000000 | prototype_to_base_norm_ratio=1.369451
patch-priority map [stage2] | mean=0.062500 | std=0.253546 | min=0.000000 | max=2.215229 | prototype_application_position=post_refine_unary_mask | prototype_bottleneck_strength=1.000000 | prototype_to_base_norm_ratio=1.000864
patch-priority map [stage3] | mean=0.062500 | std=1.071649 | min=0.000000 | max=45.727688 | prototype_application_position=post_refine | prototype_bottleneck_strength=1.000000 | prototype_to_base_norm_ratio=1.327959
patch-priority map [stage4] | mean=0.062500 | std=1.067718 | min=0.000000 | max=33.690834 | prototype_application_position=post_refine | prototype_bottleneck_strength=1.000000 | prototype_to_base_norm_ratio=4.550976
Epoch 21/200
  Mean train loss: 0.611520
  Mean val loss:   0.715997
  Current LR:      4.87e-05
Val metrics   | CC: 0.5250 | SIM: 0.3578 | NSS: 3.0493
  Saved checkpoint: training_outputs/ckpts/20261002_204128/epoch_021.pth
  New best val loss: 0.715997 (saved training_outputs/ckpts/20261002_204128/best_checkpoint.pth)

Epoch 22/200
pred_saliency: shape=(2, 1, 224, 384) min=-4.4243 max=11.6598 mean=-3.5132 std=1.8209
sal_batch: shape=(2, 1, 360, 640) min=0.0000 max=1.0000 mean=0.0121 std=0.0676
DEBUG features_shape: {'stage1': (2, 96, 16, 56, 96), 'stage2': (2, 192, 16, 28, 48), 'stage3': (2, 384, 16, 14, 24), 'stage4': (2, 768, 16, 7, 12)}
DEBUG gate: no gate_debug available. This usually means return_concept_losses=False or lambda_gate=0.
DEBUG decoder visual FiLM [stage1] | film_gamma mean/std/min/max=0.0625/0.2581/0.0000/2.4158 | prototype_bottleneck_strength=1.0000 | prototype_application_position=post_refine
DEBUG decoder visual FiLM [stage2] | film_gamma mean/std/min/max=0.0625/0.2521/0.0000/2.1613 | prototype_bottleneck_strength=1.0000 | prototype_application_position=post_refine
DEBUG decoder visual FiLM [stage3] | film_gamma mean/std/min/max=0.0625/0.7780/0.0000/51.2491 | prototype_bottleneck_strength=1.0000 | prototype_application_position=post_refine
DEBUG decoder visual FiLM [stage4] | film_gamma mean/std/min/max=0.0625/0.7152/0.0000/23.6648 | prototype_bottleneck_strength=1.0000 | prototype_application_position=post_refine
DEBUG factorized comparison [stage3] | query_norm_mean=1.9075 | key_norm_mean=0.9260 | context_mean=0.0000 | context_std=0.1050 | context_min=-0.2328 | context_max=0.2552 | total_candidate_weight=336.0000 | spatial_strength=0.0985 | spatial_freq_entropy=2.7726 | spatial_freq_weight_mean=0.6925 | rank=32
DEBUG factorized comparison [stage4] | query_norm_mean=1.2128 | key_norm_mean=1.0506 | context_mean=0.0000 | context_std=0.1009 | context_min=-0.2108 | context_max=0.2590 | total_candidate_weight=84.0000 | spatial_strength=0.0986 | spatial_freq_entropy=2.7726 | spatial_freq_weight_mean=0.6933 | rank=32
patch-priority map [stage1] | mean=0.062500 | std=0.258101 | min=0.000000 | max=2.415841 | prototype_application_position=post_refine_unary_mask | prototype_bottleneck_strength=1.000000 | prototype_to_base_norm_ratio=1.156111
patch-priority map [stage2] | mean=0.062500 | std=0.252065 | min=0.000000 | max=2.161283 | prototype_application_position=post_refine_unary_mask | prototype_bottleneck_strength=1.000000 | prototype_to_base_norm_ratio=1.030651
patch-priority map [stage3] | mean=0.062500 | std=0.777953 | min=0.000000 | max=51.249092 | prototype_application_position=post_refine | prototype_bottleneck_strength=1.000000 | prototype_to_base_norm_ratio=1.231824
patch-priority map [stage4] | mean=0.062500 | std=0.715185 | min=0.000000 | max=23.664848 | prototype_application_position=post_refine | prototype_bottleneck_strength=1.000000 | prototype_to_base_norm_ratio=2.577788
DEBUG visual concept usage [stage1] top 10:
  concept 271: 4971 patches (46.23%)
  concept 483: 3172 patches (29.50%)
  concept 201: 1216 patches (11.31%)
  concept 219: 896 patches (8.33%)
  concept 478: 32 patches (0.30%)
  concept 370: 26 patches (0.24%)
  concept 402: 17 patches (0.16%)
  concept 120: 14 patches (0.13%)
  concept 150: 9 patches (0.08%)
  concept 362: 9 patches (0.08%)
  normalized usage entropy: 0.9677
DEBUG visual concept usage [stage2] top 10:
  concept 363: 1159 patches (43.12%)
  concept 408: 992 patches (36.90%)
  concept 66: 522 patches (19.42%)
  concept 296: 2 patches (0.07%)
  concept 298: 2 patches (0.07%)
  concept 26: 1 patches (0.04%)
  concept 27: 1 patches (0.04%)
  concept 169: 1 patches (0.04%)
  concept 192: 1 patches (0.04%)
  concept 215: 1 patches (0.04%)
  normalized usage entropy: 0.9647
DEBUG visual concept usage [stage3] top 10:
  concept 327: 446 patches (66.37%)
  concept 25: 107 patches (15.92%)
  concept 506: 101 patches (15.03%)
  concept 292: 15 patches (2.23%)
  concept 350: 2 patches (0.30%)
  concept 328: 1 patches (0.15%)
  normalized usage entropy: 0.9392
DEBUG visual concept usage [stage4] top 10:
  concept 87: 18 patches (10.71%)
  concept 397: 11 patches (6.55%)
  concept 154: 10 patches (5.95%)
  concept 311: 10 patches (5.95%)
  concept 353: 9 patches (5.36%)
  concept 283: 6 patches (3.57%)
  concept 478: 6 patches (3.57%)
  concept 306: 5 patches (2.98%)
  concept 351: 5 patches (2.98%)
  concept 292: 4 patches (2.38%)
  normalized usage entropy: 0.9065
DEBUG pred min/max/mean/std: -4.424311637878418 11.659844398498535 -3.513214588165283 1.8208962678909302
DEBUG target min/max/mean/std: 0.0 1.0 0.012143535539507866 0.06764109432697296
DEBUG fixation pixels per sample: [209.0, 111.0]
DEBUG fix_batch min/max/mean/std: 0.0 1.0 0.0006944444612599909 0.02634318917989731
DEBUG losses: {'loss_total': 0.42676857113838196, 'loss_fid': 12.047964096069336, 'loss_patch_fid': 3.898024797439575, 'loss_dense_fid': 3.8538711071014404, 'loss_dense_bce': -0.0, 'loss_dense_kl': 4.29606819152832, 'loss_topk': -0.0, 'loss_delta': -0.0, 'loss_cc': 0.32360899448394775, 'loss_nss': -4.028207778930664, 'loss_sim': 0.6289094090461731, 'loss_concept_dense': 0.0, 'loss_concept_kl': 0.0, 'loss_align': 0.0, 'loss_sparse': 0.0, 'loss_div': 0.0, 'loss_gate': 0.0, 'loss_visual_entropy': 0.8329189419746399, 'loss_visual_equiv': 0.0, 'loss_visual_usage': 0.05547071993350983, 'loss_temporal_attention_entropy': 0.0, 'loss_total_concept': 0.38424059748649597, 'loss_decoder_side_aux': -0.035538200289011, 'loss_priority_map': 1.1113932132720947, 'loss_priority_map_weighted': 0.11113931983709335, 'priority_map_loss': 1.1113932132720947, 'weighted_priority_map_loss': 0.11113931983709335, 'loss_priority_map_stage3': 1.2210631370544434, 'loss_priority_map_stage4': 1.001723289489746, 'loss_side_stage4': -0.0069732666015625, 'loss_side_stage3': -0.08819365501403809, 'loss_side_stage2': -0.0705060362815857, 'loss_side_stage1': -0.07897132635116577}
DEBUG decoder visual FiLM [stage1] | film_gamma mean/std/min/max=0.0625/0.2577/0.0000/2.5608 | prototype_bottleneck_strength=1.0000 | prototype_application_position=post_refine
DEBUG decoder visual FiLM [stage2] | film_gamma mean/std/min/max=0.0625/0.2548/0.0000/2.4649 | prototype_bottleneck_strength=1.0000 | prototype_application_position=post_refine
DEBUG decoder visual FiLM [stage3] | film_gamma mean/std/min/max=0.0625/1.0507/0.0000/37.5544 | prototype_bottleneck_strength=1.0000 | prototype_application_position=post_refine
DEBUG decoder visual FiLM [stage4] | film_gamma mean/std/min/max=0.0625/1.0144/0.0000/32.2487 | prototype_bottleneck_strength=1.0000 | prototype_application_position=post_refine
DEBUG factorized comparison [stage3] | query_norm_mean=2.0138 | key_norm_mean=0.9494 | context_mean=0.0001 | context_std=0.1117 | context_min=-0.2209 | context_max=0.3045 | total_candidate_weight=336.0000 | spatial_strength=0.0985 | spatial_freq_entropy=2.7726 | spatial_freq_weight_mean=0.6925 | rank=32
DEBUG factorized comparison [stage4] | query_norm_mean=1.2364 | key_norm_mean=1.0778 | context_mean=-0.0001 | context_std=0.1031 | context_min=-0.2169 | context_max=0.2967 | total_candidate_weight=84.0000 | spatial_strength=0.0986 | spatial_freq_entropy=2.7726 | spatial_freq_weight_mean=0.6934 | rank=32
patch-priority map [stage1] | mean=0.062500 | std=0.257731 | min=0.000000 | max=2.560821 | prototype_application_position=post_refine_unary_mask | prototype_bottleneck_strength=1.000000 | prototype_to_base_norm_ratio=1.393217
patch-priority map [stage2] | mean=0.062500 | std=0.254841 | min=0.000000 | max=2.464941 | prototype_application_position=post_refine_unary_mask | prototype_bottleneck_strength=1.000000 | prototype_to_base_norm_ratio=1.008673
patch-priority map [stage3] | mean=0.062500 | std=1.050661 | min=0.000000 | max=37.554379 | prototype_application_position=post_refine | prototype_bottleneck_strength=1.000000 | prototype_to_base_norm_ratio=1.451788
patch-priority map [stage4] | mean=0.062500 | std=1.014424 | min=0.000000 | max=32.248669 | prototype_application_position=post_refine | prototype_bottleneck_strength=1.000000 | prototype_to_base_norm_ratio=3.276074
Epoch 22/200
  Mean train loss: 0.605367
  Mean val loss:   0.697266
  Current LR:      4.86e-05
Val metrics   | CC: 0.5275 | SIM: 0.3680 | NSS: 3.0763
  Saved checkpoint: training_outputs/ckpts/20261002_204128/epoch_022.pth
  New best val loss: 0.697266 (saved training_outputs/ckpts/20261002_204128/best_checkpoint.pth)

Epoch 23/200
pred_saliency: shape=(2, 1, 224, 384) min=-4.2483 max=40.6353 mean=-3.1446 std=3.3602
sal_batch: shape=(2, 1, 360, 640) min=0.0000 max=1.0000 mean=0.0163 std=0.0875
DEBUG features_shape: {'stage1': (2, 96, 16, 56, 96), 'stage2': (2, 192, 16, 28, 48), 'stage3': (2, 384, 16, 14, 24), 'stage4': (2, 768, 16, 7, 12)}
DEBUG gate: no gate_debug available. This usually means return_concept_losses=False or lambda_gate=0.
DEBUG decoder visual FiLM [stage1] | film_gamma mean/std/min/max=0.0625/0.2589/0.0000/2.5155 | prototype_bottleneck_strength=1.0000 | prototype_application_position=post_refine
DEBUG decoder visual FiLM [stage2] | film_gamma mean/std/min/max=0.0625/0.2538/0.0000/2.5903 | prototype_bottleneck_strength=1.0000 | prototype_application_position=post_refine
DEBUG decoder visual FiLM [stage3] | film_gamma mean/std/min/max=0.0625/0.8143/0.0000/27.8622 | prototype_bottleneck_strength=1.0000 | prototype_application_position=post_refine
DEBUG decoder visual FiLM [stage4] | film_gamma mean/std/min/max=0.0625/0.7692/0.0000/18.3287 | prototype_bottleneck_strength=1.0000 | prototype_application_position=post_refine
DEBUG factorized comparison [stage3] | query_norm_mean=1.9942 | key_norm_mean=0.9554 | context_mean=0.0001 | context_std=0.1159 | context_min=-0.2433 | context_max=0.3045 | total_candidate_weight=336.0000 | spatial_strength=0.0985 | spatial_freq_entropy=2.7726 | spatial_freq_weight_mean=0.6925 | rank=32
DEBUG factorized comparison [stage4] | query_norm_mean=1.2512 | key_norm_mean=1.0631 | context_mean=0.0000 | context_std=0.1063 | context_min=-0.2349 | context_max=0.2726 | total_candidate_weight=84.0000 | spatial_strength=0.0986 | spatial_freq_entropy=2.7726 | spatial_freq_weight_mean=0.6934 | rank=32
patch-priority map [stage1] | mean=0.062500 | std=0.258885 | min=0.000000 | max=2.515474 | prototype_application_position=post_refine_unary_mask | prototype_bottleneck_strength=1.000000 | prototype_to_base_norm_ratio=1.195229
patch-priority map [stage2] | mean=0.062500 | std=0.253792 | min=0.000000 | max=2.590309 | prototype_application_position=post_refine_unary_mask | prototype_bottleneck_strength=1.000000 | prototype_to_base_norm_ratio=1.037119
patch-priority map [stage3] | mean=0.062500 | std=0.814320 | min=0.000000 | max=27.862156 | prototype_application_position=post_refine | prototype_bottleneck_strength=1.000000 | prototype_to_base_norm_ratio=1.212325
patch-priority map [stage4] | mean=0.062500 | std=0.769238 | min=0.000000 | max=18.328705 | prototype_application_position=post_refine | prototype_bottleneck_strength=1.000000 | prototype_to_base_norm_ratio=2.236213
DEBUG visual concept usage [stage1] top 10:
  concept 483: 4660 patches (43.34%)
  concept 271: 4057 patches (37.73%)
  concept 219: 854 patches (7.94%)
  concept 201: 702 patches (6.53%)
  concept 444: 28 patches (0.26%)
  concept 120: 19 patches (0.18%)
  concept 478: 17 patches (0.16%)
  concept 351: 15 patches (0.14%)
  concept 397: 14 patches (0.13%)
  concept 402: 11 patches (0.10%)
  normalized usage entropy: 0.9628
DEBUG visual concept usage [stage2] top 10:
  concept 408: 1278 patches (47.54%)
  concept 363: 713 patches (26.53%)
  concept 66: 679 patches (25.26%)
  concept 298: 3 patches (0.11%)
  concept 75: 1 patches (0.04%)
  concept 94: 1 patches (0.04%)
  concept 103: 1 patches (0.04%)
  concept 108: 1 patches (0.04%)
  concept 112: 1 patches (0.04%)
  concept 216: 1 patches (0.04%)
  normalized usage entropy: 0.9709
DEBUG visual concept usage [stage3] top 10:
  concept 327: 503 patches (74.85%)
  concept 506: 93 patches (13.84%)
  concept 25: 72 patches (10.71%)
  concept 292: 3 patches (0.45%)
  concept 413: 1 patches (0.15%)
  normalized usage entropy: 0.9428
DEBUG visual concept usage [stage4] top 10:
  concept 87: 15 patches (8.93%)
  concept 154: 8 patches (4.76%)
  concept 353: 8 patches (4.76%)
  concept 397: 7 patches (4.17%)
  concept 313: 6 patches (3.57%)
  concept 275: 5 patches (2.98%)
  concept 303: 5 patches (2.98%)
  concept 330: 5 patches (2.98%)
  concept 351: 5 patches (2.98%)
  concept 466: 5 patches (2.98%)
  normalized usage entropy: 0.9270
DEBUG pred min/max/mean/std: -4.2482757568359375 40.635284423828125 -3.144624710083008 3.3601646423339844
DEBUG target min/max/mean/std: 0.0 1.0 0.016331402584910393 0.08747554570436478
DEBUG fixation pixels per sample: [248.0, 218.0]
DEBUG fix_batch min/max/mean/std: 0.0 1.0 0.0010112847667187452 0.031784653663635254
DEBUG losses: {'loss_total': 0.44504448771476746, 'loss_fid': 26.772178649902344, 'loss_patch_fid': 4.049055576324463, 'loss_dense_fid': 4.003201007843018, 'loss_dense_bce': -0.0, 'loss_dense_kl': 18.719921112060547, 'loss_topk': -0.0, 'loss_delta': -0.0, 'loss_cc': 0.3105089068412781, 'loss_nss': -3.7155823707580566, 'loss_sim': 0.5409559607505798, 'loss_concept_dense': 0.0, 'loss_concept_kl': 0.0, 'loss_align': 0.0, 'loss_sparse': 0.0, 'loss_div': 0.0, 'loss_gate': 0.0, 'loss_visual_entropy': 0.8341584205627441, 'loss_visual_equiv': 0.0, 'loss_visual_usage': 0.04912078380584717, 'loss_temporal_attention_entropy': 0.0, 'loss_total_concept': 0.39066967368125916, 'loss_decoder_side_aux': -0.01695242151618004, 'loss_priority_map': 0.9111646413803101, 'loss_priority_map_weighted': 0.09111646562814713, 'priority_map_loss': 0.9111646413803101, 'weighted_priority_map_loss': 0.09111646562814713, 'loss_priority_map_stage3': 0.9550043344497681, 'loss_priority_map_stage4': 0.867324948310852, 'loss_side_stage4': -0.09074202179908752, 'loss_side_stage3': 0.015183418989181519, 'loss_side_stage2': -0.013524800539016724, 'loss_side_stage1': -0.059524714946746826}
DEBUG decoder visual FiLM [stage1] | film_gamma mean/std/min/max=0.0625/0.2580/0.0000/2.5252 | prototype_bottleneck_strength=1.0000 | prototype_application_position=post_refine
DEBUG decoder visual FiLM [stage2] | film_gamma mean/std/min/max=0.0625/0.2539/0.0000/2.2938 | prototype_bottleneck_strength=1.0000 | prototype_application_position=post_refine
DEBUG decoder visual FiLM [stage3] | film_gamma mean/std/min/max=0.0625/1.3186/0.0000/53.1771 | prototype_bottleneck_strength=1.0000 | prototype_application_position=post_refine
DEBUG decoder visual FiLM [stage4] | film_gamma mean/std/min/max=0.0625/1.0719/0.0000/33.4156 | prototype_bottleneck_strength=1.0000 | prototype_application_position=post_refine
DEBUG factorized comparison [stage3] | query_norm_mean=2.0896 | key_norm_mean=0.9546 | context_mean=0.0001 | context_std=0.1144 | context_min=-0.2328 | context_max=0.3358 | total_candidate_weight=336.0000 | spatial_strength=0.0985 | spatial_freq_entropy=2.7726 | spatial_freq_weight_mean=0.6925 | rank=32
DEBUG factorized comparison [stage4] | query_norm_mean=1.2409 | key_norm_mean=1.1067 | context_mean=0.0000 | context_std=0.1058 | context_min=-0.2123 | context_max=0.3072 | total_candidate_weight=84.0000 | spatial_strength=0.0986 | spatial_freq_entropy=2.7726 | spatial_freq_weight_mean=0.6934 | rank=32
patch-priority map [stage1] | mean=0.062500 | std=0.257982 | min=0.000000 | max=2.525191 | prototype_application_position=post_refine_unary_mask | prototype_bottleneck_strength=1.000000 | prototype_to_base_norm_ratio=1.366788
patch-priority map [stage2] | mean=0.062500 | std=0.253897 | min=0.000000 | max=2.293755 | prototype_application_position=post_refine_unary_mask | prototype_bottleneck_strength=1.000000 | prototype_to_base_norm_ratio=1.008170
patch-priority map [stage3] | mean=0.062500 | std=1.318633 | min=0.000000 | max=53.177113 | prototype_application_position=post_refine | prototype_bottleneck_strength=1.000000 | prototype_to_base_norm_ratio=1.996920
patch-priority map [stage4] | mean=0.062500 | std=1.071865 | min=0.000000 | max=33.415577 | prototype_application_position=post_refine | prototype_bottleneck_strength=1.000000 | prototype_to_base_norm_ratio=2.712748
Epoch 23/200
  Mean train loss: 0.557727
  Mean val loss:   0.700084
  Current LR:      4.84e-05
Val metrics   | CC: 0.5255 | SIM: 0.3466 | NSS: 3.0490
  Saved checkpoint: training_outputs/ckpts/20261002_204128/epoch_023.pth

Epoch 24/200
pred_saliency: shape=(2, 1, 224, 384) min=-4.5056 max=26.6288 mean=-3.3350 std=2.4439
sal_batch: shape=(2, 1, 360, 640) min=0.0000 max=1.0000 mean=0.0103 std=0.0623
DEBUG features_shape: {'stage1': (2, 96, 16, 56, 96), 'stage2': (2, 192, 16, 28, 48), 'stage3': (2, 384, 16, 14, 24), 'stage4': (2, 768, 16, 7, 12)}
DEBUG gate: no gate_debug available. This usually means return_concept_losses=False or lambda_gate=0.
DEBUG decoder visual FiLM [stage1] | film_gamma mean/std/min/max=0.0625/0.2587/0.0000/2.7412 | prototype_bottleneck_strength=1.0000 | prototype_application_position=post_refine
DEBUG decoder visual FiLM [stage2] | film_gamma mean/std/min/max=0.0625/0.2525/0.0000/2.5676 | prototype_bottleneck_strength=1.0000 | prototype_application_position=post_refine
DEBUG decoder visual FiLM [stage3] | film_gamma mean/std/min/max=0.0625/0.7583/0.0000/25.7742 | prototype_bottleneck_strength=1.0000 | prototype_application_position=post_refine
DEBUG decoder visual FiLM [stage4] | film_gamma mean/std/min/max=0.0625/0.7196/0.0000/16.6336 | prototype_bottleneck_strength=1.0000 | prototype_application_position=post_refine
DEBUG factorized comparison [stage3] | query_norm_mean=2.0261 | key_norm_mean=0.9517 | context_mean=0.0001 | context_std=0.1208 | context_min=-0.2507 | context_max=0.2970 | total_candidate_weight=336.0000 | spatial_strength=0.0985 | spatial_freq_entropy=2.7726 | spatial_freq_weight_mean=0.6925 | rank=32
DEBUG factorized comparison [stage4] | query_norm_mean=1.2598 | key_norm_mean=1.0888 | context_mean=-0.0000 | context_std=0.1145 | context_min=-0.2364 | context_max=0.2666 | total_candidate_weight=84.0000 | spatial_strength=0.0986 | spatial_freq_entropy=2.7726 | spatial_freq_weight_mean=0.6934 | rank=32
patch-priority map [stage1] | mean=0.062500 | std=0.258682 | min=0.000000 | max=2.741203 | prototype_application_position=post_refine_unary_mask | prototype_bottleneck_strength=1.000000 | prototype_to_base_norm_ratio=1.140625
patch-priority map [stage2] | mean=0.062500 | std=0.252459 | min=0.000000 | max=2.567645 | prototype_application_position=post_refine_unary_mask | prototype_bottleneck_strength=1.000000 | prototype_to_base_norm_ratio=1.038502
patch-priority map [stage3] | mean=0.062500 | std=0.758254 | min=0.000000 | max=25.774151 | prototype_application_position=post_refine | prototype_bottleneck_strength=1.000000 | prototype_to_base_norm_ratio=1.191116
patch-priority map [stage4] | mean=0.062500 | std=0.719587 | min=0.000000 | max=16.633650 | prototype_application_position=post_refine | prototype_bottleneck_strength=1.000000 | prototype_to_base_norm_ratio=2.075443
DEBUG visual concept usage [stage1] top 10:
  concept 483: 5009 patches (46.59%)
  concept 271: 3439 patches (31.98%)
  concept 219: 951 patches (8.84%)
  concept 201: 699 patches (6.50%)
  concept 120: 73 patches (0.68%)
  concept 444: 32 patches (0.30%)
  concept 273: 18 patches (0.17%)
  concept 34: 14 patches (0.13%)
  concept 440: 13 patches (0.12%)
  concept 477: 13 patches (0.12%)
  normalized usage entropy: 0.9529
DEBUG visual concept usage [stage2] top 10:
  concept 363: 1280 patches (47.62%)
  concept 408: 969 patches (36.05%)
  concept 66: 427 patches (15.89%)
  concept 112: 1 patches (0.04%)
  concept 124: 1 patches (0.04%)
  concept 147: 1 patches (0.04%)
  concept 171: 1 patches (0.04%)
  concept 216: 1 patches (0.04%)
  concept 266: 1 patches (0.04%)
  concept 274: 1 patches (0.04%)
  normalized usage entropy: 0.9473
DEBUG visual concept usage [stage3] top 10:
  concept 327: 427 patches (63.54%)
  concept 506: 136 patches (20.24%)
  concept 25: 107 patches (15.92%)
  concept 292: 2 patches (0.30%)
  normalized usage entropy: 0.9353
DEBUG visual concept usage [stage4] top 10:
  concept 397: 18 patches (10.71%)
  concept 87: 16 patches (9.52%)
  concept 154: 14 patches (8.33%)
  concept 351: 10 patches (5.95%)
  concept 412: 9 patches (5.36%)
  concept 292: 6 patches (3.57%)
  concept 353: 6 patches (3.57%)
  concept 404: 5 patches (2.98%)
  concept 407: 5 patches (2.98%)
  concept 442: 5 patches (2.98%)
  normalized usage entropy: 0.8937
DEBUG pred min/max/mean/std: -4.505568981170654 26.628793716430664 -3.335019826889038 2.4439003467559814
DEBUG target min/max/mean/std: 0.0 1.0 0.010253489017486572 0.062290966510772705
DEBUG fixation pixels per sample: [160.0, 156.0]
DEBUG fix_batch min/max/mean/std: 0.0 1.0 0.0006857638945803046 0.026178140193223953
DEBUG losses: {'loss_total': 0.1397598683834076, 'loss_fid': 15.732763290405273, 'loss_patch_fid': 3.9267375469207764, 'loss_dense_fid': 3.88093638420105, 'loss_dense_bce': -0.0, 'loss_dense_kl': 7.925088882446289, 'loss_topk': -0.0, 'loss_delta': -0.0, 'loss_cc': 0.25340425968170166, 'loss_nss': -5.154180526733398, 'loss_sim': 0.6053464412689209, 'loss_concept_dense': 0.0, 'loss_concept_kl': 0.0, 'loss_align': 0.0, 'loss_sparse': 0.0, 'loss_div': 0.0, 'loss_gate': 0.0, 'loss_visual_entropy': 0.799339771270752, 'loss_visual_equiv': 0.0, 'loss_visual_usage': 0.06768776476383209, 'loss_temporal_attention_entropy': 0.0, 'loss_total_concept': 0.33115214109420776, 'loss_decoder_side_aux': -0.10694222897291183, 'loss_priority_map': 1.2315890789031982, 'loss_priority_map_weighted': 0.12315890938043594, 'priority_map_loss': 1.2315890789031982, 'weighted_priority_map_loss': 0.12315890938043594, 'loss_priority_map_stage3': 1.244226336479187, 'loss_priority_map_stage4': 1.21895170211792, 'loss_side_stage4': -0.18184274435043335, 'loss_side_stage3': -0.18994975090026855, 'loss_side_stage2': -0.18033111095428467, 'loss_side_stage1': -0.25902724266052246}
DEBUG decoder visual FiLM [stage1] | film_gamma mean/std/min/max=0.0625/0.2606/0.0000/2.6867 | prototype_bottleneck_strength=1.0000 | prototype_application_position=post_refine
DEBUG decoder visual FiLM [stage2] | film_gamma mean/std/min/max=0.0625/0.2544/0.0000/2.6554 | prototype_bottleneck_strength=1.0000 | prototype_application_position=post_refine
DEBUG decoder visual FiLM [stage3] | film_gamma mean/std/min/max=0.0625/1.1456/0.0000/51.3082 | prototype_bottleneck_strength=1.0000 | prototype_application_position=post_refine
DEBUG decoder visual FiLM [stage4] | film_gamma mean/std/min/max=0.0625/1.0943/0.0000/35.9967 | prototype_bottleneck_strength=1.0000 | prototype_application_position=post_refine
DEBUG factorized comparison [stage3] | query_norm_mean=2.0404 | key_norm_mean=0.9326 | context_mean=0.0001 | context_std=0.1091 | context_min=-0.2209 | context_max=0.3045 | total_candidate_weight=336.0000 | spatial_strength=0.0985 | spatial_freq_entropy=2.7726 | spatial_freq_weight_mean=0.6926 | rank=32
DEBUG factorized comparison [stage4] | query_norm_mean=1.2220 | key_norm_mean=1.0794 | context_mean=0.0000 | context_std=0.0993 | context_min=-0.1973 | context_max=0.2997 | total_candidate_weight=84.0000 | spatial_strength=0.0986 | spatial_freq_entropy=2.7726 | spatial_freq_weight_mean=0.6935 | rank=32
patch-priority map [stage1] | mean=0.062500 | std=0.260650 | min=0.000000 | max=2.686652 | prototype_application_position=post_refine_unary_mask | prototype_bottleneck_strength=1.000000 | prototype_to_base_norm_ratio=1.412841
patch-priority map [stage2] | mean=0.062500 | std=0.254415 | min=0.000000 | max=2.655352 | prototype_application_position=post_refine_unary_mask | prototype_bottleneck_strength=1.000000 | prototype_to_base_norm_ratio=1.010773
patch-priority map [stage3] | mean=0.062500 | std=1.145626 | min=0.000000 | max=51.308201 | prototype_application_position=post_refine | prototype_bottleneck_strength=1.000000 | prototype_to_base_norm_ratio=1.517705
patch-priority map [stage4] | mean=0.062500 | std=1.094334 | min=0.000000 | max=35.996662 | prototype_application_position=post_refine | prototype_bottleneck_strength=1.000000 | prototype_to_base_norm_ratio=3.405666
Epoch 24/200
  Mean train loss: 0.552997
  Mean val loss:   0.701171
  Current LR:      4.83e-05
Val metrics   | CC: 0.5188 | SIM: 0.3626 | NSS: 3.0424
  Saved checkpoint: training_outputs/ckpts/20261002_204128/epoch_024.pth

Epoch 25/200
pred_saliency: shape=(2, 1, 224, 384) min=-4.3453 max=74.4272 mean=-3.2761 std=3.7200
sal_batch: shape=(2, 1, 360, 640) min=0.0000 max=1.0000 mean=0.0141 std=0.0669
DEBUG features_shape: {'stage1': (2, 96, 16, 56, 96), 'stage2': (2, 192, 16, 28, 48), 'stage3': (2, 384, 16, 14, 24), 'stage4': (2, 768, 16, 7, 12)}
DEBUG gate: no gate_debug available. This usually means return_concept_losses=False or lambda_gate=0.
DEBUG decoder visual FiLM [stage1] | film_gamma mean/std/min/max=0.0625/0.2598/0.0000/2.6396 | prototype_bottleneck_strength=1.0000 | prototype_application_position=post_refine
DEBUG decoder visual FiLM [stage2] | film_gamma mean/std/min/max=0.0625/0.2534/0.0000/2.5247 | prototype_bottleneck_strength=1.0000 | prototype_application_position=post_refine
DEBUG decoder visual FiLM [stage3] | film_gamma mean/std/min/max=0.0625/0.8773/0.0000/41.9272 | prototype_bottleneck_strength=1.0000 | prototype_application_position=post_refine
DEBUG decoder visual FiLM [stage4] | film_gamma mean/std/min/max=0.0625/0.9005/0.0000/32.9994 | prototype_bottleneck_strength=1.0000 | prototype_application_position=post_refine
DEBUG factorized comparison [stage3] | query_norm_mean=2.0135 | key_norm_mean=0.9296 | context_mean=0.0001 | context_std=0.1088 | context_min=-0.2403 | context_max=0.2642 | total_candidate_weight=336.0000 | spatial_strength=0.0985 | spatial_freq_entropy=2.7726 | spatial_freq_weight_mean=0.6926 | rank=32
DEBUG factorized comparison [stage4] | query_norm_mean=1.2343 | key_norm_mean=1.0580 | context_mean=-0.0000 | context_std=0.1008 | context_min=-0.2364 | context_max=0.2560 | total_candidate_weight=84.0000 | spatial_strength=0.0986 | spatial_freq_entropy=2.7726 | spatial_freq_weight_mean=0.6935 | rank=32
patch-priority map [stage1] | mean=0.062500 | std=0.259847 | min=0.000000 | max=2.639630 | prototype_application_position=post_refine_unary_mask | prototype_bottleneck_strength=1.000000 | prototype_to_base_norm_ratio=1.159466
patch-priority map [stage2] | mean=0.062500 | std=0.253368 | min=0.000000 | max=2.524728 | prototype_application_position=post_refine_unary_mask | prototype_bottleneck_strength=1.000000 | prototype_to_base_norm_ratio=1.072920
patch-priority map [stage3] | mean=0.062500 | std=0.877279 | min=0.000000 | max=41.927162 | prototype_application_position=post_refine | prototype_bottleneck_strength=1.000000 | prototype_to_base_norm_ratio=1.500645
patch-priority map [stage4] | mean=0.062500 | std=0.900524 | min=0.000000 | max=32.999413 | prototype_application_position=post_refine | prototype_bottleneck_strength=1.000000 | prototype_to_base_norm_ratio=3.854567
DEBUG visual concept usage [stage1] top 10:
  concept 483: 3301 patches (30.70%)
  concept 201: 2913 patches (27.09%)
  concept 271: 2265 patches (21.07%)
  concept 219: 1820 patches (16.93%)
  concept 52: 41 patches (0.38%)
  concept 120: 32 patches (0.30%)
  concept 157: 27 patches (0.25%)
  concept 77: 24 patches (0.22%)
  concept 13: 18 patches (0.17%)
  concept 189: 18 patches (0.17%)
  normalized usage entropy: 0.9472
DEBUG visual concept usage [stage2] top 10:
  concept 408: 1687 patches (62.76%)
  concept 66: 884 patches (32.89%)
  concept 363: 111 patches (4.13%)
  concept 290: 2 patches (0.07%)
  concept 26: 1 patches (0.04%)
  concept 112: 1 patches (0.04%)
  concept 327: 1 patches (0.04%)
  concept 418: 1 patches (0.04%)
  normalized usage entropy: 0.9466
DEBUG visual concept usage [stage3] top 10:
  concept 327: 506 patches (75.30%)
  concept 506: 90 patches (13.39%)
  concept 25: 67 patches (9.97%)
  concept 292: 7 patches (1.04%)
  concept 430: 2 patches (0.30%)
  normalized usage entropy: 0.9448
DEBUG visual concept usage [stage4] top 10:
  concept 397: 24 patches (14.29%)
  concept 154: 12 patches (7.14%)
  concept 412: 7 patches (4.17%)
  concept 311: 6 patches (3.57%)
  concept 442: 6 patches (3.57%)
  concept 87: 5 patches (2.98%)
  concept 303: 5 patches (2.98%)
  concept 351: 5 patches (2.98%)
  concept 353: 5 patches (2.98%)
  concept 278: 4 patches (2.38%)
  normalized usage entropy: 0.9198
DEBUG pred min/max/mean/std: -4.345336437225342 74.42718505859375 -3.276099920272827 3.720048666000366
DEBUG target min/max/mean/std: 0.0 1.0 0.014122532680630684 0.06692967563867569
DEBUG fixation pixels per sample: [102.0, 197.0]
DEBUG fix_batch min/max/mean/std: 0.0 1.0 0.0006488715298473835 0.02546471729874611
DEBUG losses: {'loss_total': 0.7654359936714172, 'loss_fid': 39.37504959106445, 'loss_patch_fid': 4.04923152923584, 'loss_dense_fid': 4.001809597015381, 'loss_dense_bce': -0.0, 'loss_dense_kl': 31.32400894165039, 'loss_topk': -0.0, 'loss_delta': -0.0, 'loss_cc': 0.3931264877319336, 'loss_nss': -2.539742946624756, 'loss_sim': 0.6127625703811646, 'loss_concept_dense': 0.0, 'loss_concept_kl': 0.0, 'loss_align': 0.0, 'loss_sparse': 0.0, 'loss_div': 0.0, 'loss_gate': 0.0, 'loss_visual_entropy': 0.8207232356071472, 'loss_visual_equiv': 0.0, 'loss_visual_usage': 0.060391753911972046, 'loss_temporal_attention_entropy': 0.0, 'loss_total_concept': 0.3788456618785858, 'loss_decoder_side_aux': 0.06183303892612457, 'loss_priority_map': 1.3616342544555664, 'loss_priority_map_weighted': 0.13616342842578888, 'priority_map_loss': 1.3616342544555664, 'weighted_priority_map_loss': 0.13616342842578888, 'loss_priority_map_stage3': 1.4043421745300293, 'loss_priority_map_stage4': 1.318926453590393, 'loss_side_stage4': 0.02536436915397644, 'loss_side_stage3': 0.15438660979270935, 'loss_side_stage2': 0.10971319675445557, 'loss_side_stage1': 0.1433458924293518}
DEBUG decoder visual FiLM [stage1] | film_gamma mean/std/min/max=0.0625/0.2612/0.0000/2.8884 | prototype_bottleneck_strength=1.0000 | prototype_application_position=post_refine
DEBUG decoder visual FiLM [stage2] | film_gamma mean/std/min/max=0.0625/0.2542/0.0000/2.3767 | prototype_bottleneck_strength=1.0000 | prototype_application_position=post_refine
DEBUG decoder visual FiLM [stage3] | film_gamma mean/std/min/max=0.0625/1.1252/0.0000/42.8577 | prototype_bottleneck_strength=1.0000 | prototype_application_position=post_refine
DEBUG decoder visual FiLM [stage4] | film_gamma mean/std/min/max=0.0625/1.1525/0.0000/38.8594 | prototype_bottleneck_strength=1.0000 | prototype_application_position=post_refine
DEBUG factorized comparison [stage3] | query_norm_mean=2.0017 | key_norm_mean=0.9133 | context_mean=0.0001 | context_std=0.1085 | context_min=-0.2104 | context_max=0.3000 | total_candidate_weight=336.0000 | spatial_strength=0.0985 | spatial_freq_entropy=2.7726 | spatial_freq_weight_mean=0.6926 | rank=32
DEBUG factorized comparison [stage4] | query_norm_mean=1.2298 | key_norm_mean=1.0858 | context_mean=-0.0000 | context_std=0.1013 | context_min=-0.2123 | context_max=0.3042 | total_candidate_weight=84.0000 | spatial_strength=0.0986 | spatial_freq_entropy=2.7726 | spatial_freq_weight_mean=0.6936 | rank=32
patch-priority map [stage1] | mean=0.062500 | std=0.261178 | min=0.000000 | max=2.888383 | prototype_application_position=post_refine_unary_mask | prototype_bottleneck_strength=1.000000 | prototype_to_base_norm_ratio=1.416812
patch-priority map [stage2] | mean=0.062500 | std=0.254185 | min=0.000000 | max=2.376709 | prototype_application_position=post_refine_unary_mask | prototype_bottleneck_strength=1.000000 | prototype_to_base_norm_ratio=1.010210
patch-priority map [stage3] | mean=0.062500 | std=1.125189 | min=0.000000 | max=42.857708 | prototype_application_position=post_refine | prototype_bottleneck_strength=1.000000 | prototype_to_base_norm_ratio=1.483013
patch-priority map [stage4] | mean=0.062500 | std=1.152490 | min=0.000000 | max=38.859406 | prototype_application_position=post_refine | prototype_bottleneck_strength=1.000000 | prototype_to_base_norm_ratio=3.416402
Epoch 25/200
  Mean train loss: 0.526853
  Mean val loss:   0.684153
  Current LR:      4.81e-05
Val metrics   | CC: 0.5241 | SIM: 0.3668 | NSS: 3.0522
  Saved checkpoint: training_outputs/ckpts/20261002_204128/epoch_025.pth
  New best val loss: 0.684153 (saved training_outputs/ckpts/20261002_204128/best_checkpoint.pth)

Epoch 26/200
pred_saliency: shape=(2, 1, 224, 384) min=-4.4394 max=17.0177 mean=-3.3981 std=1.6739
sal_batch: shape=(2, 1, 360, 640) min=0.0000 max=1.0000 mean=0.0174 std=0.0828
DEBUG features_shape: {'stage1': (2, 96, 16, 56, 96), 'stage2': (2, 192, 16, 28, 48), 'stage3': (2, 384, 16, 14, 24), 'stage4': (2, 768, 16, 7, 12)}
DEBUG gate: no gate_debug available. This usually means return_concept_losses=False or lambda_gate=0.
DEBUG decoder visual FiLM [stage1] | film_gamma mean/std/min/max=0.0625/0.2619/0.0000/2.7975 | prototype_bottleneck_strength=1.0000 | prototype_application_position=post_refine
DEBUG decoder visual FiLM [stage2] | film_gamma mean/std/min/max=0.0625/0.2535/0.0000/2.5161 | prototype_bottleneck_strength=1.0000 | prototype_application_position=post_refine
DEBUG decoder visual FiLM [stage3] | film_gamma mean/std/min/max=0.0625/0.7237/0.0000/37.9218 | prototype_bottleneck_strength=1.0000 | prototype_application_position=post_refine
DEBUG decoder visual FiLM [stage4] | film_gamma mean/std/min/max=0.0625/0.7175/0.0000/21.4944 | prototype_bottleneck_strength=1.0000 | prototype_application_position=post_refine
DEBUG factorized comparison [stage3] | query_norm_mean=1.9644 | key_norm_mean=0.9146 | context_mean=0.0001 | context_std=0.1097 | context_min=-0.2239 | context_max=0.2746 | total_candidate_weight=336.0000 | spatial_strength=0.0985 | spatial_freq_entropy=2.7726 | spatial_freq_weight_mean=0.6926 | rank=32
DEBUG factorized comparison [stage4] | query_norm_mean=1.2376 | key_norm_mean=1.0597 | context_mean=0.0000 | context_std=0.1028 | context_min=-0.2349 | context_max=0.2229 | total_candidate_weight=84.0000 | spatial_strength=0.0986 | spatial_freq_entropy=2.7726 | spatial_freq_weight_mean=0.6936 | rank=32
patch-priority map [stage1] | mean=0.062500 | std=0.261883 | min=0.000000 | max=2.797544 | prototype_application_position=post_refine_unary_mask | prototype_bottleneck_strength=1.000000 | prototype_to_base_norm_ratio=1.108357
patch-priority map [stage2] | mean=0.062500 | std=0.253458 | min=0.000000 | max=2.516084 | prototype_application_position=post_refine_unary_mask | prototype_bottleneck_strength=1.000000 | prototype_to_base_norm_ratio=1.037014
patch-priority map [stage3] | mean=0.062500 | std=0.723659 | min=0.000000 | max=37.921799 | prototype_application_position=post_refine | prototype_bottleneck_strength=1.000000 | prototype_to_base_norm_ratio=0.987091
patch-priority map [stage4] | mean=0.062500 | std=0.717548 | min=0.000000 | max=21.494450 | prototype_application_position=post_refine | prototype_bottleneck_strength=1.000000 | prototype_to_base_norm_ratio=2.461886
DEBUG visual concept usage [stage1] top 10:
  concept 201: 3913 patches (36.39%)
  concept 271: 3249 patches (30.22%)
  concept 219: 2158 patches (20.07%)
  concept 483: 1208 patches (11.24%)
  concept 444: 27 patches (0.25%)
  concept 120: 26 patches (0.24%)
  concept 150: 9 patches (0.08%)
  concept 47: 7 patches (0.07%)
  concept 181: 6 patches (0.06%)
  concept 306: 6 patches (0.06%)
  normalized usage entropy: 0.9494
DEBUG visual concept usage [stage2] top 10:
  concept 66: 1430 patches (53.20%)
  concept 408: 966 patches (35.94%)
  concept 363: 284 patches (10.57%)
  concept 367: 3 patches (0.11%)
  concept 164: 1 patches (0.04%)
  concept 216: 1 patches (0.04%)
  concept 354: 1 patches (0.04%)
  concept 395: 1 patches (0.04%)
  concept 401: 1 patches (0.04%)
  normalized usage entropy: 0.9481
DEBUG visual concept usage [stage3] top 10:
  concept 327: 480 patches (71.43%)
  concept 506: 102 patches (15.18%)
  concept 25: 87 patches (12.95%)
  concept 292: 3 patches (0.45%)
  normalized usage entropy: 0.9432
DEBUG visual concept usage [stage4] top 10:
  concept 397: 16 patches (9.52%)
  concept 412: 13 patches (7.74%)
  concept 154: 10 patches (5.95%)
  concept 353: 10 patches (5.95%)
  concept 478: 8 patches (4.76%)
  concept 410: 7 patches (4.17%)
  concept 87: 6 patches (3.57%)
  concept 432: 6 patches (3.57%)
  concept 462: 6 patches (3.57%)
  concept 459: 5 patches (2.98%)
  normalized usage entropy: 0.9042
DEBUG pred min/max/mean/std: -4.439404010772705 17.017709732055664 -3.3980891704559326 1.673907995223999
DEBUG target min/max/mean/std: 0.0 1.0 0.017399443313479424 0.08275937288999557
DEBUG fixation pixels per sample: [131.0, 140.0]
DEBUG fix_batch min/max/mean/std: 0.0 1.0 0.0005881076795049012 0.024243826046586037
DEBUG losses: {'loss_total': 0.5324241518974304, 'loss_fid': 14.285741806030273, 'loss_patch_fid': 3.732553482055664, 'loss_dense_fid': 3.680879831314087, 'loss_dense_bce': -0.0, 'loss_dense_kl': 6.872308731079102, 'loss_topk': -0.0, 'loss_delta': -0.0, 'loss_cc': 0.3495635986328125, 'loss_nss': -3.79768705368042, 'loss_sim': 0.6205953359603882, 'loss_concept_dense': 0.0, 'loss_concept_kl': 0.0, 'loss_align': 0.0, 'loss_sparse': 0.0, 'loss_div': 0.0, 'loss_gate': 0.0, 'loss_visual_entropy': 0.8075895309448242, 'loss_visual_equiv': 0.0, 'loss_visual_usage': 0.06377890706062317, 'loss_temporal_attention_entropy': 0.0, 'loss_total_concept': 0.35216355323791504, 'loss_decoder_side_aux': 0.006562796887010336, 'loss_priority_map': 1.521167516708374, 'loss_priority_map_weighted': 0.15211676061153412, 'priority_map_loss': 1.521167516708374, 'weighted_priority_map_loss': 0.15211676061153412, 'loss_priority_map_stage3': 1.4529820680618286, 'loss_priority_map_stage4': 1.589353084564209, 'loss_side_stage4': 0.207525372505188, 'loss_side_stage3': 0.026289016008377075, 'loss_side_stage2': -0.015566349029541016, 'loss_side_stage1': -0.020537108182907104}
DEBUG decoder visual FiLM [stage1] | film_gamma mean/std/min/max=0.0625/0.2631/0.0000/2.8017 | prototype_bottleneck_strength=1.0000 | prototype_application_position=post_refine
DEBUG decoder visual FiLM [stage2] | film_gamma mean/std/min/max=0.0625/0.2557/0.0000/2.4863 | prototype_bottleneck_strength=1.0000 | prototype_application_position=post_refine
DEBUG decoder visual FiLM [stage3] | film_gamma mean/std/min/max=0.0625/1.1272/0.0000/44.3240 | prototype_bottleneck_strength=1.0000 | prototype_application_position=post_refine
DEBUG decoder visual FiLM [stage4] | film_gamma mean/std/min/max=0.0625/1.0424/0.0000/33.7070 | prototype_bottleneck_strength=1.0000 | prototype_application_position=post_refine
DEBUG factorized comparison [stage3] | query_norm_mean=2.0972 | key_norm_mean=0.9445 | context_mean=0.0001 | context_std=0.1157 | context_min=-0.2299 | context_max=0.3299 | total_candidate_weight=336.0000 | spatial_strength=0.0985 | spatial_freq_entropy=2.7726 | spatial_freq_weight_mean=0.6926 | rank=32
DEBUG factorized comparison [stage4] | query_norm_mean=1.2206 | key_norm_mean=1.0817 | context_mean=0.0000 | context_std=0.1001 | context_min=-0.2063 | context_max=0.2892 | total_candidate_weight=84.0000 | spatial_strength=0.0986 | spatial_freq_entropy=2.7726 | spatial_freq_weight_mean=0.6936 | rank=32
patch-priority map [stage1] | mean=0.062500 | std=0.263087 | min=0.000000 | max=2.801714 | prototype_application_position=post_refine_unary_mask | prototype_bottleneck_strength=1.000000 | prototype_to_base_norm_ratio=1.439659
patch-priority map [stage2] | mean=0.062500 | std=0.255680 | min=0.000000 | max=2.486326 | prototype_application_position=post_refine_unary_mask | prototype_bottleneck_strength=1.000000 | prototype_to_base_norm_ratio=1.008898
patch-priority map [stage3] | mean=0.062500 | std=1.127202 | min=0.000000 | max=44.323982 | prototype_application_position=post_refine | prototype_bottleneck_strength=1.000000 | prototype_to_base_norm_ratio=1.885148
patch-priority map [stage4] | mean=0.062500 | std=1.042411 | min=0.000000 | max=33.707001 | prototype_application_position=post_refine | prototype_bottleneck_strength=1.000000 | prototype_to_base_norm_ratio=3.201683
Epoch 26/200
  Mean train loss: 0.565071
  Mean val loss:   0.674572
  Current LR:      4.80e-05
Val metrics   | CC: 0.5253 | SIM: 0.3725 | NSS: 3.0825
  Saved checkpoint: training_outputs/ckpts/20261002_204128/epoch_026.pth
  New best val loss: 0.674572 (saved training_outputs/ckpts/20261002_204128/best_checkpoint.pth)

Epoch 27/200
pred_saliency: shape=(2, 1, 224, 384) min=-4.2945 max=31.7907 mean=-3.0963 std=3.2905
sal_batch: shape=(2, 1, 360, 640) min=0.0000 max=1.0000 mean=0.0111 std=0.0689
DEBUG features_shape: {'stage1': (2, 96, 16, 56, 96), 'stage2': (2, 192, 16, 28, 48), 'stage3': (2, 384, 16, 14, 24), 'stage4': (2, 768, 16, 7, 12)}
DEBUG gate: no gate_debug available. This usually means return_concept_losses=False or lambda_gate=0.
DEBUG decoder visual FiLM [stage1] | film_gamma mean/std/min/max=0.0625/0.2628/0.0000/2.8438 | prototype_bottleneck_strength=1.0000 | prototype_application_position=post_refine
DEBUG decoder visual FiLM [stage2] | film_gamma mean/std/min/max=0.0625/0.2529/0.0000/2.5130 | prototype_bottleneck_strength=1.0000 | prototype_application_position=post_refine
DEBUG decoder visual FiLM [stage3] | film_gamma mean/std/min/max=0.0625/0.8554/0.0000/25.6086 | prototype_bottleneck_strength=1.0000 | prototype_application_position=post_refine
DEBUG decoder visual FiLM [stage4] | film_gamma mean/std/min/max=0.0625/0.8347/0.0000/22.7962 | prototype_bottleneck_strength=1.0000 | prototype_application_position=post_refine
DEBUG factorized comparison [stage3] | query_norm_mean=2.0684 | key_norm_mean=0.9413 | context_mean=0.0001 | context_std=0.1118 | context_min=-0.2448 | context_max=0.3015 | total_candidate_weight=336.0000 | spatial_strength=0.0985 | spatial_freq_entropy=2.7726 | spatial_freq_weight_mean=0.6926 | rank=32
DEBUG factorized comparison [stage4] | query_norm_mean=1.2093 | key_norm_mean=1.0583 | context_mean=-0.0000 | context_std=0.0921 | context_min=-0.2304 | context_max=0.2560 | total_candidate_weight=84.0000 | spatial_strength=0.0986 | spatial_freq_entropy=2.7726 | spatial_freq_weight_mean=0.6936 | rank=32
patch-priority map [stage1] | mean=0.062500 | std=0.262819 | min=0.000000 | max=2.843788 | prototype_application_position=post_refine_unary_mask | prototype_bottleneck_strength=1.000000 | prototype_to_base_norm_ratio=1.156499
patch-priority map [stage2] | mean=0.062500 | std=0.252876 | min=0.000000 | max=2.512991 | prototype_application_position=post_refine_unary_mask | prototype_bottleneck_strength=1.000000 | prototype_to_base_norm_ratio=1.095881
patch-priority map [stage3] | mean=0.062500 | std=0.855380 | min=0.000000 | max=25.608610 | prototype_application_position=post_refine | prototype_bottleneck_strength=1.000000 | prototype_to_base_norm_ratio=1.360128
patch-priority map [stage4] | mean=0.062500 | std=0.834682 | min=0.000000 | max=22.796171 | prototype_application_position=post_refine | prototype_bottleneck_strength=1.000000 | prototype_to_base_norm_ratio=2.516973
DEBUG visual concept usage [stage1] top 10:
  concept 271: 4142 patches (38.52%)
  concept 201: 2206 patches (20.52%)
  concept 483: 2120 patches (19.72%)
  concept 219: 1713 patches (15.93%)
  concept 120: 97 patches (0.90%)
  concept 441: 53 patches (0.49%)
  concept 444: 31 patches (0.29%)
  concept 70: 20 patches (0.19%)
  concept 47: 9 patches (0.08%)
  concept 172: 9 patches (0.08%)
  normalized usage entropy: 0.9634
DEBUG visual concept usage [stage2] top 10:
  concept 408: 1006 patches (37.43%)
  concept 363: 863 patches (32.11%)
  concept 66: 811 patches (30.17%)
  concept 112: 2 patches (0.07%)
  concept 122: 1 patches (0.04%)
  concept 168: 1 patches (0.04%)
  concept 319: 1 patches (0.04%)
  concept 459: 1 patches (0.04%)
  concept 476: 1 patches (0.04%)
  concept 505: 1 patches (0.04%)
  normalized usage entropy: 0.9648
DEBUG visual concept usage [stage3] top 10:
  concept 327: 498 patches (74.11%)
  concept 506: 87 patches (12.95%)
  concept 25: 74 patches (11.01%)
  concept 292: 13 patches (1.93%)
  normalized usage entropy: 0.9428
DEBUG visual concept usage [stage4] top 10:
  concept 303: 15 patches (8.93%)
  concept 397: 14 patches (8.33%)
  concept 154: 10 patches (5.95%)
  concept 87: 8 patches (4.76%)
  concept 363: 7 patches (4.17%)
  concept 288: 6 patches (3.57%)
  concept 353: 6 patches (3.57%)
  concept 394: 6 patches (3.57%)
  concept 292: 5 patches (2.98%)
  concept 396: 5 patches (2.98%)
  normalized usage entropy: 0.9077
DEBUG pred min/max/mean/std: -4.294463634490967 31.790735244750977 -3.096256971359253 3.290534496307373
DEBUG target min/max/mean/std: 0.0 1.0 0.011057233437895775 0.06889449059963226
DEBUG fixation pixels per sample: [127.0, 187.0]
DEBUG fix_batch min/max/mean/std: 0.0 1.0 0.0006814236403442919 0.026095224544405937
DEBUG losses: {'loss_total': -0.22199919819831848, 'loss_fid': 20.04889678955078, 'loss_patch_fid': 4.023167133331299, 'loss_dense_fid': 3.9784669876098633, 'loss_dense_bce': -0.0, 'loss_dense_kl': 12.047262191772461, 'loss_topk': -0.0, 'loss_delta': -0.0, 'loss_cc': 0.19178450107574463, 'loss_nss': -6.121994972229004, 'loss_sim': 0.5124210119247437, 'loss_concept_dense': 0.0, 'loss_concept_kl': 0.0, 'loss_align': 0.0, 'loss_sparse': 0.0, 'loss_div': 0.0, 'loss_gate': 0.0, 'loss_visual_entropy': 0.8139758110046387, 'loss_visual_equiv': 0.0, 'loss_visual_usage': 0.05532345175743103, 'loss_temporal_attention_entropy': 0.0, 'loss_total_concept': 0.3060811758041382, 'loss_decoder_side_aux': -0.22310274839401245, 'loss_priority_map': 0.7007894515991211, 'loss_priority_map_weighted': 0.07007894665002823, 'priority_map_loss': 0.7007894515991211, 'weighted_priority_map_loss': 0.07007894665002823, 'loss_priority_map_stage3': 0.851249098777771, 'loss_priority_map_stage4': 0.5503298044204712, 'loss_side_stage4': -0.4424890875816345, 'loss_side_stage3': -0.4384590983390808, 'loss_side_stage2': -0.484250545501709, 'loss_side_stage1': -0.4224740266799927}
DEBUG decoder visual FiLM [stage1] | film_gamma mean/std/min/max=0.0625/0.2607/0.0000/2.7680 | prototype_bottleneck_strength=1.0000 | prototype_application_position=post_refine
DEBUG decoder visual FiLM [stage2] | film_gamma mean/std/min/max=0.0625/0.2568/0.0000/2.6843 | prototype_bottleneck_strength=1.0000 | prototype_application_position=post_refine
DEBUG decoder visual FiLM [stage3] | film_gamma mean/std/min/max=0.0625/1.1661/0.0000/51.5907 | prototype_bottleneck_strength=1.0000 | prototype_application_position=post_refine
DEBUG decoder visual FiLM [stage4] | film_gamma mean/std/min/max=0.0625/1.1643/0.0000/39.0534 | prototype_bottleneck_strength=1.0000 | prototype_application_position=post_refine
DEBUG factorized comparison [stage3] | query_norm_mean=1.8953 | key_norm_mean=0.8779 | context_mean=0.0001 | context_std=0.0984 | context_min=-0.2045 | context_max=0.2761 | total_candidate_weight=336.0000 | spatial_strength=0.0985 | spatial_freq_entropy=2.7726 | spatial_freq_weight_mean=0.6927 | rank=32
DEBUG factorized comparison [stage4] | query_norm_mean=1.2266 | key_norm_mean=1.0892 | context_mean=-0.0000 | context_std=0.1010 | context_min=-0.2108 | context_max=0.3072 | total_candidate_weight=84.0000 | spatial_strength=0.0986 | spatial_freq_entropy=2.7726 | spatial_freq_weight_mean=0.6937 | rank=32
patch-priority map [stage1] | mean=0.062500 | std=0.260670 | min=0.000000 | max=2.767987 | prototype_application_position=post_refine_unary_mask | prototype_bottleneck_strength=1.000000 | prototype_to_base_norm_ratio=1.412283
patch-priority map [stage2] | mean=0.062500 | std=0.256827 | min=0.000000 | max=2.684273 | prototype_application_position=post_refine_unary_mask | prototype_bottleneck_strength=1.000000 | prototype_to_base_norm_ratio=1.020897
patch-priority map [stage3] | mean=0.062500 | std=1.166148 | min=0.000000 | max=51.590736 | prototype_application_position=post_refine | prototype_bottleneck_strength=1.000000 | prototype_to_base_norm_ratio=1.590051
patch-priority map [stage4] | mean=0.062500 | std=1.164309 | min=0.000000 | max=39.053394 | prototype_application_position=post_refine | prototype_bottleneck_strength=1.000000 | prototype_to_base_norm_ratio=4.162914
Epoch 27/200
  Mean train loss: 0.497580
  Mean val loss:   0.699386
  Current LR:      4.78e-05
Val metrics   | CC: 0.5085 | SIM: 0.3654 | NSS: 2.9774
  Saved checkpoint: training_outputs/ckpts/20261002_204128/epoch_027.pth

Epoch 28/200
pred_saliency: shape=(2, 1, 224, 384) min=-4.2577 max=49.8361 mean=-3.2187 std=3.8219
sal_batch: shape=(2, 1, 360, 640) min=0.0000 max=1.0000 mean=0.0194 std=0.0906
DEBUG features_shape: {'stage1': (2, 96, 16, 56, 96), 'stage2': (2, 192, 16, 28, 48), 'stage3': (2, 384, 16, 14, 24), 'stage4': (2, 768, 16, 7, 12)}
DEBUG gate: no gate_debug available. This usually means return_concept_losses=False or lambda_gate=0.
DEBUG decoder visual FiLM [stage1] | film_gamma mean/std/min/max=0.0625/0.2608/0.0000/2.9076 | prototype_bottleneck_strength=1.0000 | prototype_application_position=post_refine
DEBUG decoder visual FiLM [stage2] | film_gamma mean/std/min/max=0.0625/0.2556/0.0000/2.7922 | prototype_bottleneck_strength=1.0000 | prototype_application_position=post_refine
DEBUG decoder visual FiLM [stage3] | film_gamma mean/std/min/max=0.0625/0.8670/0.0000/34.1973 | prototype_bottleneck_strength=1.0000 | prototype_application_position=post_refine
DEBUG decoder visual FiLM [stage4] | film_gamma mean/std/min/max=0.0625/0.9342/0.0000/25.5447 | prototype_bottleneck_strength=1.0000 | prototype_application_position=post_refine
DEBUG factorized comparison [stage3] | query_norm_mean=1.8787 | key_norm_mean=0.8746 | context_mean=0.0000 | context_std=0.1000 | context_min=-0.2075 | context_max=0.3119 | total_candidate_weight=336.0000 | spatial_strength=0.0985 | spatial_freq_entropy=2.7726 | spatial_freq_weight_mean=0.6927 | rank=32
DEBUG factorized comparison [stage4] | query_norm_mean=1.2220 | key_norm_mean=1.0816 | context_mean=-0.0000 | context_std=0.0992 | context_min=-0.2018 | context_max=0.2982 | total_candidate_weight=84.0000 | spatial_strength=0.0986 | spatial_freq_entropy=2.7726 | spatial_freq_weight_mean=0.6937 | rank=32
patch-priority map [stage1] | mean=0.062500 | std=0.260806 | min=0.000000 | max=2.907614 | prototype_application_position=post_refine_unary_mask | prototype_bottleneck_strength=1.000000 | prototype_to_base_norm_ratio=1.164058
patch-priority map [stage2] | mean=0.062500 | std=0.255562 | min=0.000000 | max=2.792222 | prototype_application_position=post_refine_unary_mask | prototype_bottleneck_strength=1.000000 | prototype_to_base_norm_ratio=1.092870
patch-priority map [stage3] | mean=0.062500 | std=0.866993 | min=0.000000 | max=34.197330 | prototype_application_position=post_refine | prototype_bottleneck_strength=1.000000 | prototype_to_base_norm_ratio=1.295642
patch-priority map [stage4] | mean=0.062500 | std=0.934237 | min=0.000000 | max=25.544722 | prototype_application_position=post_refine | prototype_bottleneck_strength=1.000000 | prototype_to_base_norm_ratio=3.557443
DEBUG visual concept usage [stage1] top 10:
  concept 271: 5610 patches (52.18%)
  concept 201: 1967 patches (18.29%)
  concept 219: 1428 patches (13.28%)
  concept 483: 1059 patches (9.85%)
  concept 444: 180 patches (1.67%)
  concept 120: 73 patches (0.68%)
  concept 457: 28 patches (0.26%)
  concept 13: 24 patches (0.22%)
  concept 77: 22 patches (0.20%)
  concept 390: 14 patches (0.13%)
  normalized usage entropy: 0.9666
DEBUG visual concept usage [stage2] top 10:
  concept 408: 1420 patches (52.83%)
  concept 66: 647 patches (24.07%)
  concept 363: 607 patches (22.58%)
  concept 112: 2 patches (0.07%)
  concept 298: 2 patches (0.07%)
  concept 505: 2 patches (0.07%)
  concept 53: 1 patches (0.04%)
  concept 123: 1 patches (0.04%)
  concept 168: 1 patches (0.04%)
  concept 367: 1 patches (0.04%)
  normalized usage entropy: 0.9678
DEBUG visual concept usage [stage3] top 10:
  concept 327: 465 patches (69.20%)
  concept 506: 133 patches (19.79%)
  concept 25: 59 patches (8.78%)
  concept 292: 14 patches (2.08%)
  concept 463: 1 patches (0.15%)
  normalized usage entropy: 0.9451
DEBUG visual concept usage [stage4] top 10:
  concept 154: 9 patches (5.36%)
  concept 459: 8 patches (4.76%)
  concept 313: 7 patches (4.17%)
  concept 449: 6 patches (3.57%)
  concept 466: 6 patches (3.57%)
  concept 87: 5 patches (2.98%)
  concept 278: 5 patches (2.98%)
  concept 281: 5 patches (2.98%)
  concept 288: 5 patches (2.98%)
  concept 311: 5 patches (2.98%)
  normalized usage entropy: 0.9095
DEBUG pred min/max/mean/std: -4.257650852203369 49.836063385009766 -3.21867299079895 3.8218700885772705
DEBUG target min/max/mean/std: 0.0 1.0 0.01940198801457882 0.09060896933078766
DEBUG fixation pixels per sample: [283.0, 179.0]
DEBUG fix_batch min/max/mean/std: 0.0 1.0 0.001002604141831398 0.03164808079600334
DEBUG losses: {'loss_total': 0.6536171436309814, 'loss_fid': 37.60087966918945, 'loss_patch_fid': 4.212076187133789, 'loss_dense_fid': 4.165469169616699, 'loss_dense_bce': -0.0, 'loss_dense_kl': 29.22333335876465, 'loss_topk': -0.0, 'loss_delta': -0.0, 'loss_cc': 0.451799213886261, 'loss_nss': -3.2635152339935303, 'loss_sim': 0.5977162718772888, 'loss_concept_dense': 0.0, 'loss_concept_kl': 0.0, 'loss_align': 0.0, 'loss_sparse': 0.0, 'loss_div': 0.0, 'loss_gate': 0.0, 'loss_visual_entropy': 0.8143623471260071, 'loss_visual_equiv': 0.0, 'loss_visual_usage': 0.05274495482444763, 'loss_temporal_attention_entropy': 0.0, 'loss_total_concept': 0.3088296055793762, 'loss_decoder_side_aux': 0.0673622190952301, 'loss_priority_map': 1.0799577236175537, 'loss_priority_map_weighted': 0.10799577087163925, 'priority_map_loss': 1.0799577236175537, 'weighted_priority_map_loss': 0.10799577087163925, 'loss_priority_map_stage3': 1.1940672397613525, 'loss_priority_map_stage4': 0.9658481478691101, 'loss_side_stage4': 0.16114327311515808, 'loss_side_stage3': 0.15949639678001404, 'loss_side_stage2': 0.11597892642021179, 'loss_side_stage1': 0.12979286909103394}
DEBUG decoder visual FiLM [stage1] | film_gamma mean/std/min/max=0.0625/0.2593/0.0000/2.5070 | prototype_bottleneck_strength=1.0000 | prototype_application_position=post_refine
DEBUG decoder visual FiLM [stage2] | film_gamma mean/std/min/max=0.0625/0.2551/0.0000/2.5758 | prototype_bottleneck_strength=1.0000 | prototype_application_position=post_refine
DEBUG decoder visual FiLM [stage3] | film_gamma mean/std/min/max=0.0625/1.1009/0.0000/49.9464 | prototype_bottleneck_strength=1.0000 | prototype_application_position=post_refine
DEBUG decoder visual FiLM [stage4] | film_gamma mean/std/min/max=0.0625/0.9280/0.0000/30.0429 | prototype_bottleneck_strength=1.0000 | prototype_application_position=post_refine
DEBUG factorized comparison [stage3] | query_norm_mean=1.9396 | key_norm_mean=0.8921 | context_mean=0.0001 | context_std=0.1050 | context_min=-0.2090 | context_max=0.2910 | total_candidate_weight=336.0000 | spatial_strength=0.0985 | spatial_freq_entropy=2.7726 | spatial_freq_weight_mean=0.6927 | rank=32
DEBUG factorized comparison [stage4] | query_norm_mean=1.2423 | key_norm_mean=1.0908 | context_mean=0.0001 | context_std=0.1058 | context_min=-0.2123 | context_max=0.2831 | total_candidate_weight=84.0000 | spatial_strength=0.0986 | spatial_freq_entropy=2.7726 | spatial_freq_weight_mean=0.6937 | rank=32
patch-priority map [stage1] | mean=0.062500 | std=0.259338 | min=0.000000 | max=2.507016 | prototype_application_position=post_refine_unary_mask | prototype_bottleneck_strength=1.000000 | prototype_to_base_norm_ratio=1.402687
patch-priority map [stage2] | mean=0.062500 | std=0.255132 | min=0.000000 | max=2.575763 | prototype_application_position=post_refine_unary_mask | prototype_bottleneck_strength=1.000000 | prototype_to_base_norm_ratio=1.019002
patch-priority map [stage3] | mean=0.062500 | std=1.100892 | min=0.000000 | max=49.946350 | prototype_application_position=post_refine | prototype_bottleneck_strength=1.000000 | prototype_to_base_norm_ratio=1.615930
patch-priority map [stage4] | mean=0.062500 | std=0.928035 | min=0.000000 | max=30.042852 | prototype_application_position=post_refine | prototype_bottleneck_strength=1.000000 | prototype_to_base_norm_ratio=2.755554
Epoch 28/200
  Mean train loss: 0.524787
  Mean val loss:   0.665445
  Current LR:      4.77e-05
Val metrics   | CC: 0.5252 | SIM: 0.3641 | NSS: 3.0508
  Saved checkpoint: training_outputs/ckpts/20261002_204128/epoch_028.pth
  New best val loss: 0.665445 (saved training_outputs/ckpts/20261002_204128/best_checkpoint.pth)

Epoch 29/200
pred_saliency: shape=(2, 1, 224, 384) min=-4.1006 max=58.6056 mean=-2.8349 std=4.1752
sal_batch: shape=(2, 1, 360, 640) min=0.0000 max=1.0000 mean=0.0166 std=0.0832
DEBUG features_shape: {'stage1': (2, 96, 16, 56, 96), 'stage2': (2, 192, 16, 28, 48), 'stage3': (2, 384, 16, 14, 24), 'stage4': (2, 768, 16, 7, 12)}
DEBUG gate: no gate_debug available. This usually means return_concept_losses=False or lambda_gate=0.
DEBUG decoder visual FiLM [stage1] | film_gamma mean/std/min/max=0.0625/0.2596/0.0000/2.5280 | prototype_bottleneck_strength=1.0000 | prototype_application_position=post_refine
DEBUG decoder visual FiLM [stage2] | film_gamma mean/std/min/max=0.0625/0.2538/0.0000/2.7495 | prototype_bottleneck_strength=1.0000 | prototype_application_position=post_refine
DEBUG decoder visual FiLM [stage3] | film_gamma mean/std/min/max=0.0625/0.8696/0.0000/33.5161 | prototype_bottleneck_strength=1.0000 | prototype_application_position=post_refine
DEBUG decoder visual FiLM [stage4] | film_gamma mean/std/min/max=0.0625/0.9187/0.0000/35.2188 | prototype_bottleneck_strength=1.0000 | prototype_application_position=post_refine
DEBUG factorized comparison [stage3] | query_norm_mean=1.9197 | key_norm_mean=0.8929 | context_mean=0.0001 | context_std=0.1097 | context_min=-0.2328 | context_max=0.3045 | total_candidate_weight=336.0000 | spatial_strength=0.0985 | spatial_freq_entropy=2.7726 | spatial_freq_weight_mean=0.6927 | rank=32
DEBUG factorized comparison [stage4] | query_norm_mean=1.2390 | key_norm_mean=1.0851 | context_mean=0.0001 | context_std=0.1035 | context_min=-0.2214 | context_max=0.2560 | total_candidate_weight=84.0000 | spatial_strength=0.0986 | spatial_freq_entropy=2.7726 | spatial_freq_weight_mean=0.6937 | rank=32
patch-priority map [stage1] | mean=0.062500 | std=0.259599 | min=0.000000 | max=2.527964 | prototype_application_position=post_refine_unary_mask | prototype_bottleneck_strength=1.000000 | prototype_to_base_norm_ratio=1.251677
patch-priority map [stage2] | mean=0.062500 | std=0.253828 | min=0.000000 | max=2.749482 | prototype_application_position=post_refine_unary_mask | prototype_bottleneck_strength=1.000000 | prototype_to_base_norm_ratio=1.090497
patch-priority map [stage3] | mean=0.062500 | std=0.869616 | min=0.000000 | max=33.516125 | prototype_application_position=post_refine | prototype_bottleneck_strength=1.000000 | prototype_to_base_norm_ratio=1.509000
patch-priority map [stage4] | mean=0.062500 | std=0.918678 | min=0.000000 | max=35.218777 | prototype_application_position=post_refine | prototype_bottleneck_strength=1.000000 | prototype_to_base_norm_ratio=3.883305
DEBUG visual concept usage [stage1] top 10:
  concept 271: 3889 patches (36.17%)
  concept 201: 3819 patches (35.52%)
  concept 483: 1878 patches (17.47%)
  concept 219: 551 patches (5.12%)
  concept 120: 128 patches (1.19%)
  concept 444: 24 patches (0.22%)
  concept 457: 23 patches (0.21%)
  concept 172: 21 patches (0.20%)
  concept 273: 21 patches (0.20%)
  concept 261: 15 patches (0.14%)
  normalized usage entropy: 0.9646
DEBUG visual concept usage [stage2] top 10:
  concept 408: 1113 patches (41.41%)
  concept 363: 890 patches (33.11%)
  concept 66: 676 patches (25.15%)
  concept 27: 2 patches (0.07%)
  concept 26: 1 patches (0.04%)
  concept 132: 1 patches (0.04%)
  concept 298: 1 patches (0.04%)
  concept 367: 1 patches (0.04%)
  concept 395: 1 patches (0.04%)
  concept 401: 1 patches (0.04%)
  normalized usage entropy: 0.9745
DEBUG visual concept usage [stage3] top 10:
  concept 327: 487 patches (72.47%)
  concept 506: 100 patches (14.88%)
  concept 25: 75 patches (11.16%)
  concept 292: 10 patches (1.49%)
  normalized usage entropy: 0.9479
DEBUG visual concept usage [stage4] top 10:
  concept 87: 10 patches (5.95%)
  concept 330: 10 patches (5.95%)
  concept 154: 9 patches (5.36%)
  concept 351: 7 patches (4.17%)
  concept 363: 7 patches (4.17%)
  concept 292: 5 patches (2.98%)
  concept 358: 5 patches (2.98%)
  concept 462: 5 patches (2.98%)
  concept 275: 4 patches (2.38%)
  concept 278: 4 patches (2.38%)
  normalized usage entropy: 0.9197
DEBUG pred min/max/mean/std: -4.1006340980529785 58.6055908203125 -2.8348560333251953 4.175230026245117
DEBUG target min/max/mean/std: 0.0 1.0 0.016554594039916992 0.08323816955089569
DEBUG fixation pixels per sample: [185.0, 165.0]
DEBUG fix_batch min/max/mean/std: 0.0 1.0 0.0007595486240461469 0.027549469843506813
DEBUG losses: {'loss_total': 0.41794246435165405, 'loss_fid': 36.60606384277344, 'loss_patch_fid': 3.9988207817077637, 'loss_dense_fid': 3.9527719020843506, 'loss_dense_bce': -0.0, 'loss_dense_kl': 28.65447235107422, 'loss_topk': -0.0, 'loss_delta': -0.0, 'loss_cc': 0.32517290115356445, 'loss_nss': -3.8193764686584473, 'loss_sim': 0.5404638051986694, 'loss_concept_dense': 0.0, 'loss_concept_kl': 0.0, 'loss_align': 0.0, 'loss_sparse': 0.0, 'loss_div': 0.0, 'loss_gate': 0.0, 'loss_visual_entropy': 0.8232816457748413, 'loss_visual_equiv': 0.0, 'loss_visual_usage': 0.04832211136817932, 'loss_temporal_attention_entropy': 0.0, 'loss_total_concept': 0.3239445686340332, 'loss_decoder_side_aux': -0.03008078783750534, 'loss_priority_map': 1.4019922018051147, 'loss_priority_map_weighted': 0.1401992291212082, 'priority_map_loss': 1.4019922018051147, 'weighted_priority_map_loss': 0.1401992291212082, 'loss_priority_map_stage3': 1.3258097171783447, 'loss_priority_map_stage4': 1.4781746864318848, 'loss_side_stage4': -0.014308303594589233, 'loss_side_stage3': -0.04255792498588562, 'loss_side_stage2': -0.08191019296646118, 'loss_side_stage1': -0.0641152560710907}
DEBUG decoder visual FiLM [stage1] | film_gamma mean/std/min/max=0.0625/0.2641/0.0000/2.9121 | prototype_bottleneck_strength=1.0000 | prototype_application_position=post_refine
DEBUG decoder visual FiLM [stage2] | film_gamma mean/std/min/max=0.0625/0.2559/0.0000/2.4634 | prototype_bottleneck_strength=1.0000 | prototype_application_position=post_refine
DEBUG decoder visual FiLM [stage3] | film_gamma mean/std/min/max=0.0625/1.1549/0.0000/46.7209 | prototype_bottleneck_strength=1.0000 | prototype_application_position=post_refine
DEBUG decoder visual FiLM [stage4] | film_gamma mean/std/min/max=0.0625/1.1690/0.0000/36.6803 | prototype_bottleneck_strength=1.0000 | prototype_application_position=post_refine
DEBUG factorized comparison [stage3] | query_norm_mean=1.9990 | key_norm_mean=0.9074 | context_mean=0.0000 | context_std=0.1092 | context_min=-0.2239 | context_max=0.3060 | total_candidate_weight=336.0000 | spatial_strength=0.0985 | spatial_freq_entropy=2.7726 | spatial_freq_weight_mean=0.6928 | rank=32
DEBUG factorized comparison [stage4] | query_norm_mean=1.2544 | key_norm_mean=1.1116 | context_mean=0.0000 | context_std=0.1052 | context_min=-0.2229 | context_max=0.3148 | total_candidate_weight=84.0000 | spatial_strength=0.0986 | spatial_freq_entropy=2.7725 | spatial_freq_weight_mean=0.6938 | rank=32
patch-priority map [stage1] | mean=0.062500 | std=0.264085 | min=0.000000 | max=2.912074 | prototype_application_position=post_refine_unary_mask | prototype_bottleneck_strength=1.000000 | prototype_to_base_norm_ratio=1.627992
patch-priority map [stage2] | mean=0.062500 | std=0.255935 | min=0.000000 | max=2.463450 | prototype_application_position=post_refine_unary_mask | prototype_bottleneck_strength=1.000000 | prototype_to_base_norm_ratio=1.044486
patch-priority map [stage3] | mean=0.062500 | std=1.154876 | min=0.000000 | max=46.720894 | prototype_application_position=post_refine | prototype_bottleneck_strength=1.000000 | prototype_to_base_norm_ratio=1.783378
patch-priority map [stage4] | mean=0.062500 | std=1.169040 | min=0.000000 | max=36.680302 | prototype_application_position=post_refine | prototype_bottleneck_strength=1.000000 | prototype_to_base_norm_ratio=3.510719
Epoch 29/200
  Mean train loss: 0.503339
  Mean val loss:   0.651836
  Current LR:      4.75e-05
Val metrics   | CC: 0.5258 | SIM: 0.3821 | NSS: 3.0849
  Saved checkpoint: training_outputs/ckpts/20261002_204128/epoch_029.pth
  New best val loss: 0.651836 (saved training_outputs/ckpts/20261002_204128/best_checkpoint.pth)

Epoch 30/200
pred_saliency: shape=(2, 1, 224, 384) min=-4.1735 max=50.2685 mean=-2.9620 std=3.1476
sal_batch: shape=(2, 1, 360, 640) min=0.0000 max=1.0000 mean=0.0171 std=0.0799
DEBUG features_shape: {'stage1': (2, 96, 16, 56, 96), 'stage2': (2, 192, 16, 28, 48), 'stage3': (2, 384, 16, 14, 24), 'stage4': (2, 768, 16, 7, 12)}
DEBUG gate: no gate_debug available. This usually means return_concept_losses=False or lambda_gate=0.
DEBUG decoder visual FiLM [stage1] | film_gamma mean/std/min/max=0.0625/0.2647/0.0000/2.8901 | prototype_bottleneck_strength=1.0000 | prototype_application_position=post_refine
DEBUG decoder visual FiLM [stage2] | film_gamma mean/std/min/max=0.0625/0.2515/0.0000/2.4435 | prototype_bottleneck_strength=1.0000 | prototype_application_position=post_refine
DEBUG decoder visual FiLM [stage3] | film_gamma mean/std/min/max=0.0625/0.7018/0.0000/36.8541 | prototype_bottleneck_strength=1.0000 | prototype_application_position=post_refine
DEBUG decoder visual FiLM [stage4] | film_gamma mean/std/min/max=0.0625/0.8278/0.0000/29.5033 | prototype_bottleneck_strength=1.0000 | prototype_application_position=post_refine
DEBUG factorized comparison [stage3] | query_norm_mean=1.9606 | key_norm_mean=0.9036 | context_mean=0.0001 | context_std=0.1095 | context_min=-0.2403 | context_max=0.3015 | total_candidate_weight=336.0000 | spatial_strength=0.0985 | spatial_freq_entropy=2.7726 | spatial_freq_weight_mean=0.6928 | rank=32
DEBUG factorized comparison [stage4] | query_norm_mean=1.2450 | key_norm_mean=1.0872 | context_mean=0.0000 | context_std=0.1043 | context_min=-0.2184 | context_max=0.2741 | total_candidate_weight=84.0000 | spatial_strength=0.0986 | spatial_freq_entropy=2.7725 | spatial_freq_weight_mean=0.6938 | rank=32
patch-priority map [stage1] | mean=0.062500 | std=0.264664 | min=0.000000 | max=2.890054 | prototype_application_position=post_refine_unary_mask | prototype_bottleneck_strength=1.000000 | prototype_to_base_norm_ratio=1.204578
patch-priority map [stage2] | mean=0.062500 | std=0.251455 | min=0.000000 | max=2.443501 | prototype_application_position=post_refine_unary_mask | prototype_bottleneck_strength=1.000000 | prototype_to_base_norm_ratio=1.034832
patch-priority map [stage3] | mean=0.062500 | std=0.701782 | min=0.000000 | max=36.854134 | prototype_application_position=post_refine | prototype_bottleneck_strength=1.000000 | prototype_to_base_norm_ratio=1.107090
patch-priority map [stage4] | mean=0.062500 | std=0.827751 | min=0.000000 | max=29.503275 | prototype_application_position=post_refine | prototype_bottleneck_strength=1.000000 | prototype_to_base_norm_ratio=2.902009
DEBUG visual concept usage [stage1] top 10:
  concept 271: 4500 patches (41.85%)
  concept 483: 4044 patches (37.61%)
  concept 219: 940 patches (8.74%)
  concept 201: 718 patches (6.68%)
  concept 444: 68 patches (0.63%)
  concept 70: 27 patches (0.25%)
  concept 120: 24 patches (0.22%)
  concept 496: 21 patches (0.20%)
  concept 172: 19 patches (0.18%)
  concept 170: 16 patches (0.15%)
  normalized usage entropy: 0.9654
DEBUG visual concept usage [stage2] top 10:
  concept 408: 1369 patches (50.93%)
  concept 363: 813 patches (30.25%)
  concept 66: 490 patches (18.23%)
  concept 367: 3 patches (0.11%)
  concept 216: 2 patches (0.07%)
  concept 298: 2 patches (0.07%)
  concept 373: 2 patches (0.07%)
  concept 62: 1 patches (0.04%)
  concept 123: 1 patches (0.04%)
  concept 168: 1 patches (0.04%)
  normalized usage entropy: 0.9668
DEBUG visual concept usage [stage3] top 10:
  concept 327: 461 patches (68.60%)
  concept 506: 118 patches (17.56%)
  concept 25: 90 patches (13.39%)
  concept 292: 3 patches (0.45%)
  normalized usage entropy: 0.9562
DEBUG visual concept usage [stage4] top 10:
  concept 87: 17 patches (10.12%)
  concept 278: 9 patches (5.36%)
  concept 154: 8 patches (4.76%)
  concept 351: 8 patches (4.76%)
  concept 432: 8 patches (4.76%)
  concept 442: 8 patches (4.76%)
  concept 397: 5 patches (2.98%)
  concept 444: 5 patches (2.98%)
  concept 462: 5 patches (2.98%)
  concept 288: 4 patches (2.38%)
  normalized usage entropy: 0.9178
DEBUG pred min/max/mean/std: -4.173459053039551 50.26848602294922 -2.962038040161133 3.147637367248535
DEBUG target min/max/mean/std: 0.0 1.0 0.017060186713933945 0.07987341284751892
DEBUG fixation pixels per sample: [169.0, 185.0]
DEBUG fix_batch min/max/mean/std: 0.0 1.0 0.0007682291907258332 0.027706328779459
DEBUG losses: {'loss_total': 1.032049298286438, 'loss_fid': 28.004180908203125, 'loss_patch_fid': 3.745100498199463, 'loss_dense_fid': 3.698701858520508, 'loss_dense_bce': -0.0, 'loss_dense_kl': 20.560379028320312, 'loss_topk': -0.0, 'loss_delta': -0.0, 'loss_cc': 0.5249879956245422, 'loss_nss': -2.2544748783111572, 'loss_sim': 0.6399897933006287, 'loss_concept_dense': 0.0, 'loss_concept_kl': 0.0, 'loss_align': 0.0, 'loss_sparse': 0.0, 'loss_div': 0.0, 'loss_gate': 0.0, 'loss_visual_entropy': 0.8270170092582703, 'loss_visual_equiv': 0.0, 'loss_visual_usage': 0.04844099283218384, 'loss_temporal_attention_entropy': 0.0, 'loss_total_concept': 0.35917437076568604, 'loss_decoder_side_aux': 0.15777084231376648, 'loss_priority_map': 1.7431981563568115, 'loss_priority_map_weighted': 0.1743198186159134, 'priority_map_loss': 1.7431981563568115, 'weighted_priority_map_loss': 0.1743198186159134, 'loss_priority_map_stage3': 1.7836542129516602, 'loss_priority_map_stage4': 1.702742099761963, 'loss_side_stage4': 0.3344240188598633, 'loss_side_stage3': 0.3285385072231293, 'loss_side_stage2': 0.31897246837615967, 'loss_side_stage1': 0.301749587059021}
DEBUG decoder visual FiLM [stage1] | film_gamma mean/std/min/max=0.0625/0.2622/0.0000/2.5301 | prototype_bottleneck_strength=1.0000 | prototype_application_position=post_refine
DEBUG decoder visual FiLM [stage2] | film_gamma mean/std/min/max=0.0625/0.2542/0.0000/2.2251 | prototype_bottleneck_strength=1.0000 | prototype_application_position=post_refine
DEBUG decoder visual FiLM [stage3] | film_gamma mean/std/min/max=0.0625/1.0975/0.0000/46.2703 | prototype_bottleneck_strength=1.0000 | prototype_application_position=post_refine
DEBUG decoder visual FiLM [stage4] | film_gamma mean/std/min/max=0.0625/1.1278/0.0000/37.6209 | prototype_bottleneck_strength=1.0000 | prototype_application_position=post_refine
DEBUG factorized comparison [stage3] | query_norm_mean=1.9952 | key_norm_mean=0.9052 | context_mean=0.0001 | context_std=0.1082 | context_min=-0.2194 | context_max=0.2940 | total_candidate_weight=336.0000 | spatial_strength=0.0985 | spatial_freq_entropy=2.7726 | spatial_freq_weight_mean=0.6928 | rank=32
DEBUG factorized comparison [stage4] | query_norm_mean=1.2248 | key_norm_mean=1.0885 | context_mean=-0.0001 | context_std=0.0991 | context_min=-0.2123 | context_max=0.2982 | total_candidate_weight=84.0000 | spatial_strength=0.0986 | spatial_freq_entropy=2.7725 | spatial_freq_weight_mean=0.6938 | rank=32
patch-priority map [stage1] | mean=0.062500 | std=0.262225 | min=0.000000 | max=2.530138 | prototype_application_position=post_refine_unary_mask | prototype_bottleneck_strength=1.000000 | prototype_to_base_norm_ratio=1.427498
patch-priority map [stage2] | mean=0.062500 | std=0.254175 | min=0.000000 | max=2.225091 | prototype_application_position=post_refine_unary_mask | prototype_bottleneck_strength=1.000000 | prototype_to_base_norm_ratio=1.007255
patch-priority map [stage3] | mean=0.062500 | std=1.097545 | min=0.000000 | max=46.270321 | prototype_application_position=post_refine | prototype_bottleneck_strength=1.000000 | prototype_to_base_norm_ratio=1.677171
patch-priority map [stage4] | mean=0.062500 | std=1.127797 | min=0.000000 | max=37.620926 | prototype_application_position=post_refine | prototype_bottleneck_strength=1.000000 | prototype_to_base_norm_ratio=3.351933
Epoch 30/200
  Mean train loss: 0.508951
  Mean val loss:   0.656007
  Current LR:      4.73e-05
Val metrics   | CC: 0.5202 | SIM: 0.3759 | NSS: 3.0656
  Saved checkpoint: training_outputs/ckpts/20261002_204128/epoch_030.pth

Epoch 31/200
pred_saliency: shape=(2, 1, 224, 384) min=-4.0952 max=34.2106 mean=-2.6777 std=4.0288
sal_batch: shape=(2, 1, 360, 640) min=0.0000 max=1.0000 mean=0.0120 std=0.0707
DEBUG features_shape: {'stage1': (2, 96, 16, 56, 96), 'stage2': (2, 192, 16, 28, 48), 'stage3': (2, 384, 16, 14, 24), 'stage4': (2, 768, 16, 7, 12)}
DEBUG gate: no gate_debug available. This usually means return_concept_losses=False or lambda_gate=0.
DEBUG decoder visual FiLM [stage1] | film_gamma mean/std/min/max=0.0625/0.2623/0.0000/2.6026 | prototype_bottleneck_strength=1.0000 | prototype_application_position=post_refine
DEBUG decoder visual FiLM [stage2] | film_gamma mean/std/min/max=0.0625/0.2540/0.0000/2.5016 | prototype_bottleneck_strength=1.0000 | prototype_application_position=post_refine
DEBUG decoder visual FiLM [stage3] | film_gamma mean/std/min/max=0.0625/0.6620/0.0000/17.9408 | prototype_bottleneck_strength=1.0000 | prototype_application_position=post_refine
DEBUG decoder visual FiLM [stage4] | film_gamma mean/std/min/max=0.0625/0.6379/0.0000/12.6959 | prototype_bottleneck_strength=1.0000 | prototype_application_position=post_refine
DEBUG factorized comparison [stage3] | query_norm_mean=1.9514 | key_norm_mean=0.9117 | context_mean=0.0001 | context_std=0.1158 | context_min=-0.2403 | context_max=0.2955 | total_candidate_weight=336.0000 | spatial_strength=0.0985 | spatial_freq_entropy=2.7726 | spatial_freq_weight_mean=0.6928 | rank=32
DEBUG factorized comparison [stage4] | query_norm_mean=1.2233 | key_norm_mean=1.0629 | context_mean=0.0000 | context_std=0.1058 | context_min=-0.2380 | context_max=0.2349 | total_candidate_weight=84.0000 | spatial_strength=0.0986 | spatial_freq_entropy=2.7725 | spatial_freq_weight_mean=0.6938 | rank=32
patch-priority map [stage1] | mean=0.062500 | std=0.262305 | min=0.000000 | max=2.602578 | prototype_application_position=post_refine_unary_mask | prototype_bottleneck_strength=1.000000 | prototype_to_base_norm_ratio=1.154835
patch-priority map [stage2] | mean=0.062500 | std=0.253961 | min=0.000000 | max=2.501638 | prototype_application_position=post_refine_unary_mask | prototype_bottleneck_strength=1.000000 | prototype_to_base_norm_ratio=1.072185
patch-priority map [stage3] | mean=0.062500 | std=0.662046 | min=0.000000 | max=17.940840 | prototype_application_position=post_refine | prototype_bottleneck_strength=1.000000 | prototype_to_base_norm_ratio=0.978393
patch-priority map [stage4] | mean=0.062500 | std=0.637904 | min=0.000000 | max=12.695915 | prototype_application_position=post_refine | prototype_bottleneck_strength=1.000000 | prototype_to_base_norm_ratio=1.846361
DEBUG visual concept usage [stage1] top 10:
  concept 271: 4218 patches (39.23%)
  concept 483: 3547 patches (32.99%)
  concept 219: 1020 patches (9.49%)
  concept 201: 955 patches (8.88%)
  concept 444: 254 patches (2.36%)
  concept 120: 75 patches (0.70%)
  concept 172: 47 patches (0.44%)
  concept 362: 40 patches (0.37%)
  concept 457: 37 patches (0.34%)
  concept 346: 23 patches (0.21%)
  normalized usage entropy: 0.9690
DEBUG visual concept usage [stage2] top 10:
  concept 408: 1502 patches (55.88%)
  concept 363: 685 patches (25.48%)
  concept 66: 482 patches (17.93%)
  concept 367: 2 patches (0.07%)
  concept 395: 2 patches (0.07%)
  concept 101: 1 patches (0.04%)
  concept 112: 1 patches (0.04%)
  concept 168: 1 patches (0.04%)
  concept 182: 1 patches (0.04%)
  concept 201: 1 patches (0.04%)
  normalized usage entropy: 0.9671
DEBUG visual concept usage [stage3] top 10:
  concept 327: 464 patches (69.05%)
  concept 506: 111 patches (16.52%)
  concept 25: 86 patches (12.80%)
  concept 292: 10 patches (1.49%)
  concept 263: 1 patches (0.15%)
  normalized usage entropy: 0.9508
DEBUG visual concept usage [stage4] top 10:
  concept 154: 17 patches (10.12%)
  concept 351: 11 patches (6.55%)
  concept 87: 6 patches (3.57%)
  concept 344: 5 patches (2.98%)
  concept 397: 5 patches (2.98%)
  concept 412: 5 patches (2.98%)
  concept 353: 4 patches (2.38%)
  concept 442: 4 patches (2.38%)
  concept 459: 4 patches (2.38%)
  concept 499: 4 patches (2.38%)
  normalized usage entropy: 0.8997
DEBUG pred min/max/mean/std: -4.095179080963135 34.210628509521484 -2.677696466445923 4.028799533843994
DEBUG target min/max/mean/std: 0.0 1.0 0.011965048499405384 0.0706835463643074
DEBUG fixation pixels per sample: [92.0, 139.0]
DEBUG fix_batch min/max/mean/std: 0.0 1.0 0.000501302070915699 0.02238418534398079
DEBUG losses: {'loss_total': 1.467934489250183, 'loss_fid': 33.241615295410156, 'loss_patch_fid': 4.023753643035889, 'loss_dense_fid': 3.9782302379608154, 'loss_dense_bce': -0.0, 'loss_dense_kl': 25.23963165283203, 'loss_topk': -0.0, 'loss_delta': -0.0, 'loss_cc': 0.7448909282684326, 'loss_nss': -1.6537361145019531, 'loss_sim': 0.7489253282546997, 'loss_concept_dense': 0.0, 'loss_concept_kl': 0.0, 'loss_align': 0.0, 'loss_sparse': 0.0, 'loss_div': 0.0, 'loss_gate': 0.0, 'loss_visual_entropy': 0.8107119798660278, 'loss_visual_equiv': 0.0, 'loss_visual_usage': 0.053337082266807556, 'loss_temporal_attention_entropy': 0.0, 'loss_total_concept': 0.35417652130126953, 'loss_decoder_side_aux': 0.3149617612361908, 'loss_priority_map': 1.741448163986206, 'loss_priority_map_weighted': 0.17414481937885284, 'priority_map_loss': 1.741448163986206, 'weighted_priority_map_loss': 0.17414481937885284, 'loss_priority_map_stage3': 1.8736474514007568, 'loss_priority_map_stage4': 1.6092489957809448, 'loss_side_stage4': 0.5859280228614807, 'loss_side_stage3': 0.6563487648963928, 'loss_side_stage2': 0.6651988625526428, 'loss_side_stage1': 0.6012531518936157}
DEBUG decoder visual FiLM [stage1] | film_gamma mean/std/min/max=0.0625/0.2624/0.0000/2.4853 | prototype_bottleneck_strength=1.0000 | prototype_application_position=post_refine
DEBUG decoder visual FiLM [stage2] | film_gamma mean/std/min/max=0.0625/0.2536/0.0000/2.2076 | prototype_bottleneck_strength=1.0000 | prototype_application_position=post_refine
DEBUG decoder visual FiLM [stage3] | film_gamma mean/std/min/max=0.0625/1.2035/0.0000/51.5978 | prototype_bottleneck_strength=1.0000 | prototype_application_position=post_refine
DEBUG decoder visual FiLM [stage4] | film_gamma mean/std/min/max=0.0625/1.0586/0.0000/34.9238 | prototype_bottleneck_strength=1.0000 | prototype_application_position=post_refine
DEBUG factorized comparison [stage3] | query_norm_mean=2.0895 | key_norm_mean=0.9133 | context_mean=0.0001 | context_std=0.1162 | context_min=-0.2179 | context_max=0.3299 | total_candidate_weight=336.0000 | spatial_strength=0.0984 | spatial_freq_entropy=2.7726 | spatial_freq_weight_mean=0.6928 | rank=32
DEBUG factorized comparison [stage4] | query_norm_mean=1.2549 | key_norm_mean=1.1137 | context_mean=-0.0000 | context_std=0.1089 | context_min=-0.2229 | context_max=0.3027 | total_candidate_weight=84.0000 | spatial_strength=0.0986 | spatial_freq_entropy=2.7725 | spatial_freq_weight_mean=0.6939 | rank=32
patch-priority map [stage1] | mean=0.062500 | std=0.262354 | min=0.000000 | max=2.485274 | prototype_application_position=post_refine_unary_mask | prototype_bottleneck_strength=1.000000 | prototype_to_base_norm_ratio=1.421779
patch-priority map [stage2] | mean=0.062500 | std=0.253600 | min=0.000000 | max=2.207559 | prototype_application_position=post_refine_unary_mask | prototype_bottleneck_strength=1.000000 | prototype_to_base_norm_ratio=1.013086
patch-priority map [stage3] | mean=0.062500 | std=1.203542 | min=0.000000 | max=51.597794 | prototype_application_position=post_refine | prototype_bottleneck_strength=1.000000 | prototype_to_base_norm_ratio=1.734134
patch-priority map [stage4] | mean=0.062500 | std=1.058630 | min=0.000000 | max=34.923843 | prototype_application_position=post_refine | prototype_bottleneck_strength=1.000000 | prototype_to_base_norm_ratio=2.990514
Epoch 31/200
  Mean train loss: 0.502084
  Mean val loss:   0.637640
  Current LR:      4.72e-05
Val metrics   | CC: 0.5276 | SIM: 0.3748 | NSS: 3.1015
  Saved checkpoint: training_outputs/ckpts/20261002_204128/epoch_031.pth
  New best val loss: 0.637640 (saved training_outputs/ckpts/20261002_204128/best_checkpoint.pth)

Epoch 32/200
pred_saliency: shape=(2, 1, 224, 384) min=-4.1561 max=42.8370 mean=-2.8188 std=3.0405
sal_batch: shape=(2, 1, 360, 640) min=0.0000 max=1.0000 mean=0.0138 std=0.0720
DEBUG features_shape: {'stage1': (2, 96, 16, 56, 96), 'stage2': (2, 192, 16, 28, 48), 'stage3': (2, 384, 16, 14, 24), 'stage4': (2, 768, 16, 7, 12)}
DEBUG gate: no gate_debug available. This usually means return_concept_losses=False or lambda_gate=0.
DEBUG decoder visual FiLM [stage1] | film_gamma mean/std/min/max=0.0625/0.2621/0.0000/2.5165 | prototype_bottleneck_strength=1.0000 | prototype_application_position=post_refine
DEBUG decoder visual FiLM [stage2] | film_gamma mean/std/min/max=0.0625/0.2546/0.0000/2.5683 | prototype_bottleneck_strength=1.0000 | prototype_application_position=post_refine
DEBUG decoder visual FiLM [stage3] | film_gamma mean/std/min/max=0.0625/0.7240/0.0000/33.3580 | prototype_bottleneck_strength=1.0000 | prototype_application_position=post_refine
DEBUG decoder visual FiLM [stage4] | film_gamma mean/std/min/max=0.0625/0.6211/0.0000/18.0708 | prototype_bottleneck_strength=1.0000 | prototype_application_position=post_refine
DEBUG factorized comparison [stage3] | query_norm_mean=2.0356 | key_norm_mean=0.9132 | context_mean=0.0001 | context_std=0.1206 | context_min=-0.2358 | context_max=0.3075 | total_candidate_weight=336.0000 | spatial_strength=0.0984 | spatial_freq_entropy=2.7726 | spatial_freq_weight_mean=0.6928 | rank=32
DEBUG factorized comparison [stage4] | query_norm_mean=1.2402 | key_norm_mean=1.0889 | context_mean=0.0001 | context_std=0.1087 | context_min=-0.2364 | context_max=0.2515 | total_candidate_weight=84.0000 | spatial_strength=0.0986 | spatial_freq_entropy=2.7725 | spatial_freq_weight_mean=0.6939 | rank=32
patch-priority map [stage1] | mean=0.062500 | std=0.262112 | min=0.000000 | max=2.516459 | prototype_application_position=post_refine_unary_mask | prototype_bottleneck_strength=1.000000 | prototype_to_base_norm_ratio=1.191301
patch-priority map [stage2] | mean=0.062500 | std=0.254555 | min=0.000000 | max=2.568312 | prototype_application_position=post_refine_unary_mask | prototype_bottleneck_strength=1.000000 | prototype_to_base_norm_ratio=1.037473
patch-priority map [stage3] | mean=0.062500 | std=0.723968 | min=0.000000 | max=33.357983 | prototype_application_position=post_refine | prototype_bottleneck_strength=1.000000 | prototype_to_base_norm_ratio=0.968165
patch-priority map [stage4] | mean=0.062500 | std=0.621070 | min=0.000000 | max=18.070829 | prototype_application_position=post_refine | prototype_bottleneck_strength=1.000000 | prototype_to_base_norm_ratio=2.075853
DEBUG visual concept usage [stage1] top 10:
  concept 271: 2655 patches (24.69%)
  concept 201: 2647 patches (24.62%)
  concept 483: 2447 patches (22.76%)
  concept 219: 1333 patches (12.40%)
  concept 444: 624 patches (5.80%)
  concept 120: 161 patches (1.50%)
  concept 172: 60 patches (0.56%)
  concept 434: 56 patches (0.52%)
  concept 457: 54 patches (0.50%)
  concept 362: 44 patches (0.41%)
  normalized usage entropy: 0.9685
DEBUG visual concept usage [stage2] top 10:
  concept 66: 1108 patches (41.22%)
  concept 363: 869 patches (32.33%)
  concept 408: 701 patches (26.08%)
  concept 298: 6 patches (0.22%)
  concept 79: 1 patches (0.04%)
  concept 112: 1 patches (0.04%)
  concept 123: 1 patches (0.04%)
  concept 190: 1 patches (0.04%)
  normalized usage entropy: 0.9615
DEBUG visual concept usage [stage3] top 10:
  concept 327: 468 patches (69.64%)
  concept 25: 107 patches (15.92%)
  concept 506: 93 patches (13.84%)
  concept 292: 4 patches (0.60%)
  normalized usage entropy: 0.9606
DEBUG visual concept usage [stage4] top 10:
  concept 87: 24 patches (14.29%)
  concept 154: 9 patches (5.36%)
  concept 442: 7 patches (4.17%)
  concept 353: 6 patches (3.57%)
  concept 444: 6 patches (3.57%)
  concept 278: 5 patches (2.98%)
  concept 292: 5 patches (2.98%)
  concept 351: 4 patches (2.38%)
  concept 386: 4 patches (2.38%)
  concept 432: 4 patches (2.38%)
  normalized usage entropy: 0.8950
DEBUG pred min/max/mean/std: -4.156111717224121 42.836971282958984 -2.8188061714172363 3.040512800216675
DEBUG target min/max/mean/std: 0.0 1.0 0.013792203739285469 0.07203990966081619
DEBUG fixation pixels per sample: [176.0, 122.0]
DEBUG fix_batch min/max/mean/std: 0.0 1.0 0.0006467014318332076 0.025422127917408943
DEBUG losses: {'loss_total': 0.6455196142196655, 'loss_fid': 24.51571273803711, 'loss_patch_fid': 3.6633999347686768, 'loss_dense_fid': 3.6197257041931152, 'loss_dense_bce': -0.0, 'loss_dense_kl': 17.232585906982422, 'loss_topk': -0.0, 'loss_delta': -0.0, 'loss_cc': 0.3967067003250122, 'loss_nss': -3.563429355621338, 'loss_sim': 0.6795508861541748, 'loss_concept_dense': 0.0, 'loss_concept_kl': 0.0, 'loss_align': 0.0, 'loss_sparse': 0.0, 'loss_div': 0.0, 'loss_gate': 0.0, 'loss_visual_entropy': 0.8056234121322632, 'loss_visual_equiv': 0.0, 'loss_visual_usage': 0.05361418426036835, 'loss_temporal_attention_entropy': 0.0, 'loss_total_concept': 0.33028194308280945, 'loss_decoder_side_aux': 0.046426787972450256, 'loss_priority_map': 1.8349133729934692, 'loss_priority_map_weighted': 0.18349133431911469, 'priority_map_loss': 1.8349133729934692, 'weighted_priority_map_loss': 0.18349133431911469, 'loss_priority_map_stage3': 1.815434455871582, 'loss_priority_map_stage4': 1.8543922901153564, 'loss_side_stage4': 0.2641568183898926, 'loss_side_stage3': 0.1738770604133606, 'loss_side_stage2': 0.06311675906181335, 'loss_side_stage1': 0.03181862831115723}
DEBUG decoder visual FiLM [stage1] | film_gamma mean/std/min/max=0.0625/0.2603/0.0000/2.4537 | prototype_bottleneck_strength=1.0000 | prototype_application_position=post_refine
DEBUG decoder visual FiLM [stage2] | film_gamma mean/std/min/max=0.0625/0.2570/0.0000/2.4061 | prototype_bottleneck_strength=1.0000 | prototype_application_position=post_refine
DEBUG decoder visual FiLM [stage3] | film_gamma mean/std/min/max=0.0625/1.1649/0.0000/45.2117 | prototype_bottleneck_strength=1.0000 | prototype_application_position=post_refine
DEBUG decoder visual FiLM [stage4] | film_gamma mean/std/min/max=0.0625/1.1949/0.0000/38.6666 | prototype_bottleneck_strength=1.0000 | prototype_application_position=post_refine
DEBUG factorized comparison [stage3] | query_norm_mean=1.9844 | key_norm_mean=0.8894 | context_mean=0.0001 | context_std=0.1092 | context_min=-0.2104 | context_max=0.3075 | total_candidate_weight=336.0000 | spatial_strength=0.0985 | spatial_freq_entropy=2.7726 | spatial_freq_weight_mean=0.6929 | rank=32
DEBUG factorized comparison [stage4] | query_norm_mean=1.2647 | key_norm_mean=1.1490 | context_mean=0.0001 | context_std=0.1096 | context_min=-0.2259 | context_max=0.3343 | total_candidate_weight=84.0000 | spatial_strength=0.0986 | spatial_freq_entropy=2.7725 | spatial_freq_weight_mean=0.6939 | rank=32
patch-priority map [stage1] | mean=0.062500 | std=0.260308 | min=0.000000 | max=2.453685 | prototype_application_position=post_refine_unary_mask | prototype_bottleneck_strength=1.000000 | prototype_to_base_norm_ratio=1.441658
patch-priority map [stage2] | mean=0.062500 | std=0.257028 | min=0.000000 | max=2.406064 | prototype_application_position=post_refine_unary_mask | prototype_bottleneck_strength=1.000000 | prototype_to_base_norm_ratio=1.026163
patch-priority map [stage3] | mean=0.062500 | std=1.164876 | min=0.000000 | max=45.211674 | prototype_application_position=post_refine | prototype_bottleneck_strength=1.000000 | prototype_to_base_norm_ratio=1.761073
patch-priority map [stage4] | mean=0.062500 | std=1.194950 | min=0.000000 | max=38.666592 | prototype_application_position=post_refine | prototype_bottleneck_strength=1.000000 | prototype_to_base_norm_ratio=3.142550
Epoch 32/200
  Mean train loss: 0.444684
  Mean val loss:   0.639927
  Current LR:      4.70e-05
Val metrics   | CC: 0.5238 | SIM: 0.3644 | NSS: 3.0842
  Saved checkpoint: training_outputs/ckpts/20261002_204128/epoch_032.pth

Epoch 33/200
pred_saliency: shape=(2, 1, 224, 384) min=-4.5305 max=29.2619 mean=-3.3749 std=2.6664
sal_batch: shape=(2, 1, 360, 640) min=0.0000 max=1.0000 mean=0.0207 std=0.0997
DEBUG features_shape: {'stage1': (2, 96, 16, 56, 96), 'stage2': (2, 192, 16, 28, 48), 'stage3': (2, 384, 16, 14, 24), 'stage4': (2, 768, 16, 7, 12)}
DEBUG gate: no gate_debug available. This usually means return_concept_losses=False or lambda_gate=0.
DEBUG decoder visual FiLM [stage1] | film_gamma mean/std/min/max=0.0625/0.2605/0.0000/2.4484 | prototype_bottleneck_strength=1.0000 | prototype_application_position=post_refine
DEBUG decoder visual FiLM [stage2] | film_gamma mean/std/min/max=0.0625/0.2543/0.0000/2.6911 | prototype_bottleneck_strength=1.0000 | prototype_application_position=post_refine
DEBUG decoder visual FiLM [stage3] | film_gamma mean/std/min/max=0.0625/0.8509/0.0000/48.4192 | prototype_bottleneck_strength=1.0000 | prototype_application_position=post_refine
DEBUG decoder visual FiLM [stage4] | film_gamma mean/std/min/max=0.0625/0.9752/0.0000/39.3010 | prototype_bottleneck_strength=1.0000 | prototype_application_position=post_refine
DEBUG factorized comparison [stage3] | query_norm_mean=1.9626 | key_norm_mean=0.8854 | context_mean=0.0000 | context_std=0.1085 | context_min=-0.2284 | context_max=0.3045 | total_candidate_weight=336.0000 | spatial_strength=0.0985 | spatial_freq_entropy=2.7726 | spatial_freq_weight_mean=0.6929 | rank=32
DEBUG factorized comparison [stage4] | query_norm_mean=1.2533 | key_norm_mean=1.1348 | context_mean=0.0000 | context_std=0.1078 | context_min=-0.2410 | context_max=0.2937 | total_candidate_weight=84.0000 | spatial_strength=0.0986 | spatial_freq_entropy=2.7725 | spatial_freq_weight_mean=0.6939 | rank=32
patch-priority map [stage1] | mean=0.062500 | std=0.260457 | min=0.000000 | max=2.448411 | prototype_application_position=post_refine_unary_mask | prototype_bottleneck_strength=1.000000 | prototype_to_base_norm_ratio=1.130239
patch-priority map [stage2] | mean=0.062500 | std=0.254274 | min=0.000000 | max=2.691054 | prototype_application_position=post_refine_unary_mask | prototype_bottleneck_strength=1.000000 | prototype_to_base_norm_ratio=1.040347
patch-priority map [stage3] | mean=0.062500 | std=0.850875 | min=0.000000 | max=48.419186 | prototype_application_position=post_refine | prototype_bottleneck_strength=1.000000 | prototype_to_base_norm_ratio=1.119579
patch-priority map [stage4] | mean=0.062500 | std=0.975161 | min=0.000000 | max=39.300972 | prototype_application_position=post_refine | prototype_bottleneck_strength=1.000000 | prototype_to_base_norm_ratio=2.681474
DEBUG visual concept usage [stage1] top 10:
  concept 271: 6528 patches (60.71%)
  concept 483: 2011 patches (18.70%)
  concept 201: 1146 patches (10.66%)
  concept 219: 542 patches (5.04%)
  concept 120: 32 patches (0.30%)
  concept 273: 28 patches (0.26%)
  concept 444: 28 patches (0.26%)
  concept 457: 28 patches (0.26%)
  concept 23: 23 patches (0.21%)
  concept 121: 19 patches (0.18%)
  normalized usage entropy: 0.9634
DEBUG visual concept usage [stage2] top 10:
  concept 408: 1526 patches (56.77%)
  concept 66: 687 patches (25.56%)
  concept 363: 449 patches (16.70%)
  concept 298: 7 patches (0.26%)
  concept 395: 3 patches (0.11%)
  concept 401: 3 patches (0.11%)
  concept 373: 2 patches (0.07%)
  concept 430: 2 patches (0.07%)
  concept 25: 1 patches (0.04%)
  concept 26: 1 patches (0.04%)
  normalized usage entropy: 0.9703
DEBUG visual concept usage [stage3] top 10:
  concept 327: 476 patches (70.83%)
  concept 506: 119 patches (17.71%)
  concept 25: 68 patches (10.12%)
  concept 292: 9 patches (1.34%)
  normalized usage entropy: 0.9487
DEBUG visual concept usage [stage4] top 10:
  concept 154: 12 patches (7.14%)
  concept 289: 9 patches (5.36%)
  concept 303: 9 patches (5.36%)
  concept 87: 7 patches (4.17%)
  concept 275: 7 patches (4.17%)
  concept 292: 5 patches (2.98%)
  concept 351: 5 patches (2.98%)
  concept 363: 5 patches (2.98%)
  concept 444: 5 patches (2.98%)
  concept 466: 5 patches (2.98%)
  normalized usage entropy: 0.9013
DEBUG pred min/max/mean/std: -4.530539512634277 29.26189422607422 -3.3748693466186523 2.6663782596588135
DEBUG target min/max/mean/std: 0.0 1.0 0.020726051181554794 0.09973364323377609
DEBUG fixation pixels per sample: [154.0, 174.0]
DEBUG fix_batch min/max/mean/std: 0.0 1.0 0.0007118055946193635 0.026670215651392937
DEBUG losses: {'loss_total': 0.05374651402235031, 'loss_fid': 22.022411346435547, 'loss_patch_fid': 4.014816761016846, 'loss_dense_fid': 3.968075752258301, 'loss_dense_bce': -0.0, 'loss_dense_kl': 14.039518356323242, 'loss_topk': -0.0, 'loss_delta': -0.0, 'loss_cc': 0.18556749820709229, 'loss_nss': -4.260011672973633, 'loss_sim': 0.495438814163208, 'loss_concept_dense': 0.0, 'loss_concept_kl': 0.0, 'loss_align': 0.0, 'loss_sparse': 0.0, 'loss_div': 0.0, 'loss_gate': 0.0, 'loss_visual_entropy': 0.805735170841217, 'loss_visual_equiv': 0.0, 'loss_visual_usage': 0.054060086607933044, 'loss_temporal_attention_entropy': 0.0, 'loss_total_concept': 0.29169198870658875, 'loss_decoder_side_aux': -0.118196040391922, 'loss_priority_map': 0.7633628845214844, 'loss_priority_map_weighted': 0.07633628696203232, 'priority_map_loss': 0.7633628845214844, 'weighted_priority_map_loss': 0.07633628696203232, 'loss_priority_map_stage3': 0.9009243845939636, 'loss_priority_map_stage4': 0.6258013844490051, 'loss_side_stage4': -0.1823287010192871, 'loss_side_stage3': -0.2624122202396393, 'loss_side_stage2': -0.2321501076221466, 'loss_side_stage1': -0.24007931351661682}
DEBUG decoder visual FiLM [stage1] | film_gamma mean/std/min/max=0.0625/0.2601/0.0000/2.6405 | prototype_bottleneck_strength=1.0000 | prototype_application_position=post_refine
DEBUG decoder visual FiLM [stage2] | film_gamma mean/std/min/max=0.0625/0.2551/0.0000/2.2734 | prototype_bottleneck_strength=1.0000 | prototype_application_position=post_refine
DEBUG decoder visual FiLM [stage3] | film_gamma mean/std/min/max=0.0625/1.2857/0.0000/56.5850 | prototype_bottleneck_strength=1.0000 | prototype_application_position=post_refine
DEBUG decoder visual FiLM [stage4] | film_gamma mean/std/min/max=0.0625/1.1939/0.0000/40.5124 | prototype_bottleneck_strength=1.0000 | prototype_application_position=post_refine
DEBUG factorized comparison [stage3] | query_norm_mean=2.0241 | key_norm_mean=0.8803 | context_mean=0.0001 | context_std=0.1084 | context_min=-0.2104 | context_max=0.3194 | total_candidate_weight=336.0000 | spatial_strength=0.0985 | spatial_freq_entropy=2.7726 | spatial_freq_weight_mean=0.6929 | rank=32
DEBUG factorized comparison [stage4] | query_norm_mean=1.2262 | key_norm_mean=1.1134 | context_mean=0.0001 | context_std=0.1028 | context_min=-0.2048 | context_max=0.3178 | total_candidate_weight=84.0000 | spatial_strength=0.0986 | spatial_freq_entropy=2.7725 | spatial_freq_weight_mean=0.6940 | rank=32
patch-priority map [stage1] | mean=0.062500 | std=0.260111 | min=0.000000 | max=2.640506 | prototype_application_position=post_refine_unary_mask | prototype_bottleneck_strength=1.000000 | prototype_to_base_norm_ratio=1.482758
patch-priority map [stage2] | mean=0.062500 | std=0.255113 | min=0.000000 | max=2.273397 | prototype_application_position=post_refine_unary_mask | prototype_bottleneck_strength=1.000000 | prototype_to_base_norm_ratio=1.022876
patch-priority map [stage3] | mean=0.062500 | std=1.285742 | min=0.000000 | max=56.584969 | prototype_application_position=post_refine | prototype_bottleneck_strength=1.000000 | prototype_to_base_norm_ratio=2.113220
patch-priority map [stage4] | mean=0.062500 | std=1.193885 | min=0.000000 | max=40.512398 | prototype_application_position=post_refine | prototype_bottleneck_strength=1.000000 | prototype_to_base_norm_ratio=3.012035
Epoch 33/200
  Mean train loss: 0.489452
  Mean val loss:   0.625339
  Current LR:      4.68e-05
Val metrics   | CC: 0.5314 | SIM: 0.3765 | NSS: 3.1031
  Saved checkpoint: training_outputs/ckpts/20261002_204128/epoch_033.pth
  New best val loss: 0.625339 (saved training_outputs/ckpts/20261002_204128/best_checkpoint.pth)

Epoch 34/200
pred_saliency: shape=(2, 1, 224, 384) min=-4.2040 max=30.1266 mean=-2.7937 std=3.1895
sal_batch: shape=(2, 1, 360, 640) min=0.0000 max=1.0000 mean=0.0141 std=0.0692
DEBUG features_shape: {'stage1': (2, 96, 16, 56, 96), 'stage2': (2, 192, 16, 28, 48), 'stage3': (2, 384, 16, 14, 24), 'stage4': (2, 768, 16, 7, 12)}
DEBUG gate: no gate_debug available. This usually means return_concept_losses=False or lambda_gate=0.
DEBUG decoder visual FiLM [stage1] | film_gamma mean/std/min/max=0.0625/0.2603/0.0000/2.4940 | prototype_bottleneck_strength=1.0000 | prototype_application_position=post_refine
DEBUG decoder visual FiLM [stage2] | film_gamma mean/std/min/max=0.0625/0.2549/0.0000/2.4272 | prototype_bottleneck_strength=1.0000 | prototype_application_position=post_refine
DEBUG decoder visual FiLM [stage3] | film_gamma mean/std/min/max=0.0625/0.7829/0.0000/32.4048 | prototype_bottleneck_strength=1.0000 | prototype_application_position=post_refine
DEBUG decoder visual FiLM [stage4] | film_gamma mean/std/min/max=0.0625/0.8115/0.0000/29.3722 | prototype_bottleneck_strength=1.0000 | prototype_application_position=post_refine
DEBUG factorized comparison [stage3] | query_norm_mean=1.9728 | key_norm_mean=0.8869 | context_mean=0.0001 | context_std=0.1159 | context_min=-0.2254 | context_max=0.2896 | total_candidate_weight=336.0000 | spatial_strength=0.0985 | spatial_freq_entropy=2.7726 | spatial_freq_weight_mean=0.6929 | rank=32
DEBUG factorized comparison [stage4] | query_norm_mean=1.2385 | key_norm_mean=1.0897 | context_mean=0.0000 | context_std=0.1091 | context_min=-0.2184 | context_max=0.2440 | total_candidate_weight=84.0000 | spatial_strength=0.0986 | spatial_freq_entropy=2.7725 | spatial_freq_weight_mean=0.6940 | rank=32
patch-priority map [stage1] | mean=0.062500 | std=0.260251 | min=0.000000 | max=2.494044 | prototype_application_position=post_refine_unary_mask | prototype_bottleneck_strength=1.000000 | prototype_to_base_norm_ratio=1.228799
patch-priority map [stage2] | mean=0.062500 | std=0.254920 | min=0.000000 | max=2.427171 | prototype_application_position=post_refine_unary_mask | prototype_bottleneck_strength=1.000000 | prototype_to_base_norm_ratio=1.050516
patch-priority map [stage3] | mean=0.062500 | std=0.782947 | min=0.000000 | max=32.404758 | prototype_application_position=post_refine | prototype_bottleneck_strength=1.000000 | prototype_to_base_norm_ratio=1.189188
patch-priority map [stage4] | mean=0.062500 | std=0.811468 | min=0.000000 | max=29.372242 | prototype_application_position=post_refine | prototype_bottleneck_strength=1.000000 | prototype_to_base_norm_ratio=2.424449
DEBUG visual concept usage [stage1] top 10:
  concept 271: 2726 patches (25.35%)
  concept 201: 2553 patches (23.74%)
  concept 483: 2223 patches (20.68%)
  concept 219: 2116 patches (19.68%)
  concept 120: 174 patches (1.62%)
  concept 444: 142 patches (1.32%)
  concept 273: 76 patches (0.71%)
  concept 362: 51 patches (0.47%)
  concept 457: 50 patches (0.47%)
  concept 172: 29 patches (0.27%)
  normalized usage entropy: 0.9634
DEBUG visual concept usage [stage2] top 10:
  concept 66: 1224 patches (45.54%)
  concept 363: 772 patches (28.72%)
  concept 408: 681 patches (25.33%)
  concept 298: 4 patches (0.15%)
  concept 26: 1 patches (0.04%)
  concept 72: 1 patches (0.04%)
  concept 141: 1 patches (0.04%)
  concept 246: 1 patches (0.04%)
  concept 476: 1 patches (0.04%)
  concept 496: 1 patches (0.04%)
  normalized usage entropy: 0.9652
DEBUG visual concept usage [stage3] top 10:
  concept 327: 467 patches (69.49%)
  concept 506: 102 patches (15.18%)
  concept 25: 97 patches (14.43%)
  concept 292: 2 patches (0.30%)
  concept 398: 2 patches (0.30%)
  concept 325: 1 patches (0.15%)
  concept 364: 1 patches (0.15%)
  normalized usage entropy: 0.9606
DEBUG visual concept usage [stage4] top 10:
  concept 154: 16 patches (9.52%)
  concept 87: 10 patches (5.95%)
  concept 303: 8 patches (4.76%)
  concept 444: 8 patches (4.76%)
  concept 292: 7 patches (4.17%)
  concept 386: 6 patches (3.57%)
  concept 313: 5 patches (2.98%)
  concept 291: 4 patches (2.38%)
  concept 351: 4 patches (2.38%)
  concept 459: 4 patches (2.38%)
  normalized usage entropy: 0.8940
DEBUG pred min/max/mean/std: -4.204045295715332 30.126646041870117 -2.7936782836914062 3.1895456314086914
DEBUG target min/max/mean/std: 0.0 1.0 0.014134983532130718 0.06923995167016983
DEBUG fixation pixels per sample: [106.0, 178.0]
DEBUG fix_batch min/max/mean/std: 0.0 1.0 0.000616319477558136 0.02481815591454506
DEBUG losses: {'loss_total': 0.6240791082382202, 'loss_fid': 20.01959991455078, 'loss_patch_fid': 3.805373191833496, 'loss_dense_fid': 3.7643702030181885, 'loss_dense_bce': -0.0, 'loss_dense_kl': 12.449856758117676, 'loss_topk': -0.0, 'loss_delta': -0.0, 'loss_cc': 0.4605869650840759, 'loss_nss': -3.665907859802246, 'loss_sim': 0.6053164601325989, 'loss_concept_dense': 0.0, 'loss_concept_kl': 0.0, 'loss_align': 0.0, 'loss_sparse': 0.0, 'loss_div': 0.0, 'loss_gate': 0.0, 'loss_visual_entropy': 0.7987143993377686, 'loss_visual_equiv': 0.0, 'loss_visual_usage': 0.054196134209632874, 'loss_temporal_attention_entropy': 0.0, 'loss_total_concept': 0.34526872634887695, 'loss_decoder_side_aux': 0.04332587867975235, 'loss_priority_map': 0.9653089642524719, 'loss_priority_map_weighted': 0.09653089940547943, 'priority_map_loss': 0.9653089642524719, 'weighted_priority_map_loss': 0.09653089940547943, 'loss_priority_map_stage3': 1.0999419689178467, 'loss_priority_map_stage4': 0.8306759595870972, 'loss_side_stage4': 0.05112287402153015, 'loss_side_stage3': 0.1055576503276825, 'loss_side_stage2': 0.07838836312294006, 'loss_side_stage1': 0.09227856993675232}
DEBUG decoder visual FiLM [stage1] | film_gamma mean/std/min/max=0.0625/0.2601/0.0000/2.5640 | prototype_bottleneck_strength=1.0000 | prototype_application_position=post_refine
DEBUG decoder visual FiLM [stage2] | film_gamma mean/std/min/max=0.0625/0.2536/0.0000/2.1496 | prototype_bottleneck_strength=1.0000 | prototype_application_position=post_refine
DEBUG decoder visual FiLM [stage3] | film_gamma mean/std/min/max=0.0625/1.2474/0.0000/60.8898 | prototype_bottleneck_strength=1.0000 | prototype_application_position=post_refine
DEBUG decoder visual FiLM [stage4] | film_gamma mean/std/min/max=0.0625/1.0947/0.0000/33.4443 | prototype_bottleneck_strength=1.0000 | prototype_application_position=post_refine
DEBUG factorized comparison [stage3] | query_norm_mean=2.0170 | key_norm_mean=0.8898 | context_mean=0.0001 | context_std=0.1118 | context_min=-0.2388 | context_max=0.3269 | total_candidate_weight=336.0000 | spatial_strength=0.0985 | spatial_freq_entropy=2.7726 | spatial_freq_weight_mean=0.6930 | rank=32
DEBUG factorized comparison [stage4] | query_norm_mean=1.2508 | key_norm_mean=1.1008 | context_mean=0.0000 | context_std=0.1080 | context_min=-0.2214 | context_max=0.3042 | total_candidate_weight=84.0000 | spatial_strength=0.0986 | spatial_freq_entropy=2.7725 | spatial_freq_weight_mean=0.6941 | rank=32
patch-priority map [stage1] | mean=0.062500 | std=0.260103 | min=0.000000 | max=2.563965 | prototype_application_position=post_refine_unary_mask | prototype_bottleneck_strength=1.000000 | prototype_to_base_norm_ratio=1.402434
patch-priority map [stage2] | mean=0.062500 | std=0.253638 | min=0.000000 | max=2.149613 | prototype_application_position=post_refine_unary_mask | prototype_bottleneck_strength=1.000000 | prototype_to_base_norm_ratio=1.000124
patch-priority map [stage3] | mean=0.062500 | std=1.247427 | min=0.000000 | max=60.889801 | prototype_application_position=post_refine | prototype_bottleneck_strength=1.000000 | prototype_to_base_norm_ratio=2.070601
patch-priority map [stage4] | mean=0.062500 | std=1.094727 | min=0.000000 | max=33.444336 | prototype_application_position=post_refine | prototype_bottleneck_strength=1.000000 | prototype_to_base_norm_ratio=2.944768
Epoch 34/200
  Mean train loss: 0.462432
  Mean val loss:   0.627764
  Current LR:      4.66e-05
Val metrics   | CC: 0.5264 | SIM: 0.3803 | NSS: 3.0890
  Saved checkpoint: training_outputs/ckpts/20261002_204128/epoch_034.pth

Epoch 35/200
pred_saliency: shape=(2, 1, 224, 384) min=-4.3081 max=82.7807 mean=-2.8638 std=5.5965
sal_batch: shape=(2, 1, 360, 640) min=0.0000 max=1.0000 mean=0.0197 std=0.0887
DEBUG features_shape: {'stage1': (2, 96, 16, 56, 96), 'stage2': (2, 192, 16, 28, 48), 'stage3': (2, 384, 16, 14, 24), 'stage4': (2, 768, 16, 7, 12)}
DEBUG gate: no gate_debug available. This usually means return_concept_losses=False or lambda_gate=0.
DEBUG decoder visual FiLM [stage1] | film_gamma mean/std/min/max=0.0625/0.2600/0.0000/2.5245 | prototype_bottleneck_strength=1.0000 | prototype_application_position=post_refine
DEBUG decoder visual FiLM [stage2] | film_gamma mean/std/min/max=0.0625/0.2525/0.0000/2.3305 | prototype_bottleneck_strength=1.0000 | prototype_application_position=post_refine
DEBUG decoder visual FiLM [stage3] | film_gamma mean/std/min/max=0.0625/0.9110/0.0000/27.3016 | prototype_bottleneck_strength=1.0000 | prototype_application_position=post_refine
DEBUG decoder visual FiLM [stage4] | film_gamma mean/std/min/max=0.0625/0.9707/0.0000/29.1406 | prototype_bottleneck_strength=1.0000 | prototype_application_position=post_refine
DEBUG factorized comparison [stage3] | query_norm_mean=2.0148 | key_norm_mean=0.8876 | context_mean=0.0001 | context_std=0.1152 | context_min=-0.2358 | context_max=0.3104 | total_candidate_weight=336.0000 | spatial_strength=0.0985 | spatial_freq_entropy=2.7726 | spatial_freq_weight_mean=0.6930 | rank=32
DEBUG factorized comparison [stage4] | query_norm_mean=1.2481 | key_norm_mean=1.1011 | context_mean=-0.0000 | context_std=0.1050 | context_min=-0.2078 | context_max=0.3042 | total_candidate_weight=84.0000 | spatial_strength=0.0986 | spatial_freq_entropy=2.7725 | spatial_freq_weight_mean=0.6941 | rank=32
patch-priority map [stage1] | mean=0.062500 | std=0.259983 | min=0.000000 | max=2.524497 | prototype_application_position=post_refine_unary_mask | prototype_bottleneck_strength=1.000000 | prototype_to_base_norm_ratio=1.358777
patch-priority map [stage2] | mean=0.062500 | std=0.252454 | min=0.000000 | max=2.330529 | prototype_application_position=post_refine_unary_mask | prototype_bottleneck_strength=1.000000 | prototype_to_base_norm_ratio=1.013074
patch-priority map [stage3] | mean=0.062500 | std=0.911029 | min=0.000000 | max=27.301563 | prototype_application_position=post_refine | prototype_bottleneck_strength=1.000000 | prototype_to_base_norm_ratio=1.366656
patch-priority map [stage4] | mean=0.062500 | std=0.970737 | min=0.000000 | max=29.140575 | prototype_application_position=post_refine | prototype_bottleneck_strength=1.000000 | prototype_to_base_norm_ratio=3.453616
DEBUG visual concept usage [stage1] top 10:
  concept 271: 5603 patches (52.11%)
  concept 201: 2253 patches (20.95%)
  concept 483: 1662 patches (15.46%)
  concept 219: 983 patches (9.14%)
  concept 120: 24 patches (0.22%)
  concept 336: 21 patches (0.20%)
  concept 217: 13 patches (0.12%)
  concept 205: 11 patches (0.10%)
  concept 390: 10 patches (0.09%)
  concept 187: 9 patches (0.08%)
  normalized usage entropy: 0.9639
DEBUG visual concept usage [stage2] top 10:
  concept 408: 1655 patches (61.57%)
  concept 66: 845 patches (31.44%)
  concept 363: 185 patches (6.88%)
  concept 216: 1 patches (0.04%)
  concept 367: 1 patches (0.04%)
  concept 459: 1 patches (0.04%)
  normalized usage entropy: 0.9730
DEBUG visual concept usage [stage3] top 10:
  concept 327: 467 patches (69.49%)
  concept 506: 123 patches (18.30%)
  concept 25: 59 patches (8.78%)
  concept 292: 16 patches (2.38%)
  concept 430: 3 patches (0.45%)
  concept 263: 1 patches (0.15%)
  concept 390: 1 patches (0.15%)
  concept 398: 1 patches (0.15%)
  concept 503: 1 patches (0.15%)
  normalized usage entropy: 0.9503
DEBUG visual concept usage [stage4] top 10:
  concept 330: 21 patches (12.50%)
  concept 154: 10 patches (5.95%)
  concept 292: 7 patches (4.17%)
  concept 432: 7 patches (4.17%)
  concept 442: 6 patches (3.57%)
  concept 499: 6 patches (3.57%)
  concept 446: 5 patches (2.98%)
  concept 281: 4 patches (2.38%)
  concept 337: 4 patches (2.38%)
  concept 344: 4 patches (2.38%)
  normalized usage entropy: 0.9078
DEBUG pred min/max/mean/std: -4.30811071395874 82.7807388305664 -2.8637638092041016 5.596495151519775
DEBUG target min/max/mean/std: 0.0 1.0 0.019659144803881645 0.08867329359054565
DEBUG fixation pixels per sample: [186.0, 90.0]
DEBUG fix_batch min/max/mean/std: 0.0 1.0 0.0005989583441987634 0.024466320872306824
DEBUG losses: {'loss_total': 0.5890151858329773, 'loss_fid': 40.89810562133789, 'loss_patch_fid': 4.290623188018799, 'loss_dense_fid': 4.240851402282715, 'loss_dense_bce': -0.0, 'loss_dense_kl': 32.36663055419922, 'loss_topk': -0.0, 'loss_delta': -0.0, 'loss_cc': 0.3820064067840576, 'loss_nss': -2.9419913291931152, 'loss_sim': 0.5174399614334106, 'loss_concept_dense': 0.0, 'loss_concept_kl': 0.0, 'loss_align': 0.0, 'loss_sparse': 0.0, 'loss_div': 0.0, 'loss_gate': 0.0, 'loss_visual_entropy': 0.8160128593444824, 'loss_visual_equiv': 0.0, 'loss_visual_usage': 0.05123594403266907, 'loss_temporal_attention_entropy': 0.0, 'loss_total_concept': 0.31084147095680237, 'loss_decoder_side_aux': 0.04844088852405548, 'loss_priority_map': 0.9939312934875488, 'loss_priority_map_weighted': 0.09939312934875488, 'priority_map_loss': 0.9939312934875488, 'weighted_priority_map_loss': 0.09939312934875488, 'loss_priority_map_stage3': 0.9289296865463257, 'loss_priority_map_stage4': 1.058932900428772, 'loss_side_stage4': 0.14903312921524048, 'loss_side_stage3': 0.10595759749412537, 'loss_side_stage2': 0.07519203424453735, 'loss_side_stage1': 0.09557333588600159}
DEBUG decoder visual FiLM [stage1] | film_gamma mean/std/min/max=0.0625/0.2605/0.0000/2.4846 | prototype_bottleneck_strength=1.0000 | prototype_application_position=post_refine
DEBUG decoder visual FiLM [stage2] | film_gamma mean/std/min/max=0.0625/0.2545/0.0000/2.3065 | prototype_bottleneck_strength=1.0000 | prototype_application_position=post_refine
DEBUG decoder visual FiLM [stage3] | film_gamma mean/std/min/max=0.0625/1.1233/0.0000/46.1092 | prototype_bottleneck_strength=1.0000 | prototype_application_position=post_refine
DEBUG decoder visual FiLM [stage4] | film_gamma mean/std/min/max=0.0625/1.0858/0.0000/36.2390 | prototype_bottleneck_strength=1.0000 | prototype_application_position=post_refine
DEBUG factorized comparison [stage3] | query_norm_mean=1.9910 | key_norm_mean=0.8848 | context_mean=0.0000 | context_std=0.1099 | context_min=-0.2224 | context_max=0.3060 | total_candidate_weight=336.0000 | spatial_strength=0.0985 | spatial_freq_entropy=2.7726 | spatial_freq_weight_mean=0.6930 | rank=32
DEBUG factorized comparison [stage4] | query_norm_mean=1.2336 | key_norm_mean=1.0986 | context_mean=-0.0000 | context_std=0.1044 | context_min=-0.2093 | context_max=0.2997 | total_candidate_weight=84.0000 | spatial_strength=0.0986 | spatial_freq_entropy=2.7725 | spatial_freq_weight_mean=0.6942 | rank=32
patch-priority map [stage1] | mean=0.062500 | std=0.260499 | min=0.000000 | max=2.484619 | prototype_application_position=post_refine_unary_mask | prototype_bottleneck_strength=1.000000 | prototype_to_base_norm_ratio=1.426247
patch-priority map [stage2] | mean=0.062500 | std=0.254497 | min=0.000000 | max=2.306544 | prototype_application_position=post_refine_unary_mask | prototype_bottleneck_strength=1.000000 | prototype_to_base_norm_ratio=1.021803
patch-priority map [stage3] | mean=0.062500 | std=1.123333 | min=0.000000 | max=46.109188 | prototype_application_position=post_refine | prototype_bottleneck_strength=1.000000 | prototype_to_base_norm_ratio=2.019685
patch-priority map [stage4] | mean=0.062500 | std=1.085837 | min=0.000000 | max=36.239010 | prototype_application_position=post_refine | prototype_bottleneck_strength=1.000000 | prototype_to_base_norm_ratio=2.612655
Epoch 35/200
  Mean train loss: 0.485699
  Mean val loss:   0.610526
  Current LR:      4.64e-05
Val metrics   | CC: 0.5337 | SIM: 0.3780 | NSS: 3.1217
  Saved checkpoint: training_outputs/ckpts/20261002_204128/epoch_035.pth
  New best val loss: 0.610526 (saved training_outputs/ckpts/20261002_204128/best_checkpoint.pth)

Epoch 36/200
pred_saliency: shape=(2, 1, 224, 384) min=-4.1474 max=29.7687 mean=-2.7115 std=3.3860
sal_batch: shape=(2, 1, 360, 640) min=0.0000 max=1.0000 mean=0.0131 std=0.0628
DEBUG features_shape: {'stage1': (2, 96, 16, 56, 96), 'stage2': (2, 192, 16, 28, 48), 'stage3': (2, 384, 16, 14, 24), 'stage4': (2, 768, 16, 7, 12)}
DEBUG gate: no gate_debug available. This usually means return_concept_losses=False or lambda_gate=0.
DEBUG decoder visual FiLM [stage1] | film_gamma mean/std/min/max=0.0625/0.2605/0.0000/2.4857 | prototype_bottleneck_strength=1.0000 | prototype_application_position=post_refine
DEBUG decoder visual FiLM [stage2] | film_gamma mean/std/min/max=0.0625/0.2528/0.0000/2.2639 | prototype_bottleneck_strength=1.0000 | prototype_application_position=post_refine
DEBUG decoder visual FiLM [stage3] | film_gamma mean/std/min/max=0.0625/0.6379/0.0000/15.5828 | prototype_bottleneck_strength=1.0000 | prototype_application_position=post_refine
DEBUG decoder visual FiLM [stage4] | film_gamma mean/std/min/max=0.0625/0.6683/0.0000/13.2626 | prototype_bottleneck_strength=1.0000 | prototype_application_position=post_refine
DEBUG factorized comparison [stage3] | query_norm_mean=1.9244 | key_norm_mean=0.8896 | context_mean=0.0000 | context_std=0.1177 | context_min=-0.2343 | context_max=0.2836 | total_candidate_weight=336.0000 | spatial_strength=0.0985 | spatial_freq_entropy=2.7726 | spatial_freq_weight_mean=0.6930 | rank=32
DEBUG factorized comparison [stage4] | query_norm_mean=1.2406 | key_norm_mean=1.0799 | context_mean=-0.0000 | context_std=0.1105 | context_min=-0.2289 | context_max=0.2681 | total_candidate_weight=84.0000 | spatial_strength=0.0986 | spatial_freq_entropy=2.7725 | spatial_freq_weight_mean=0.6942 | rank=32
patch-priority map [stage1] | mean=0.062500 | std=0.260548 | min=0.000000 | max=2.485656 | prototype_application_position=post_refine_unary_mask | prototype_bottleneck_strength=1.000000 | prototype_to_base_norm_ratio=1.224395
patch-priority map [stage2] | mean=0.062500 | std=0.252817 | min=0.000000 | max=2.263903 | prototype_application_position=post_refine_unary_mask | prototype_bottleneck_strength=1.000000 | prototype_to_base_norm_ratio=1.041337
patch-priority map [stage3] | mean=0.062500 | std=0.637902 | min=0.000000 | max=15.582833 | prototype_application_position=post_refine | prototype_bottleneck_strength=1.000000 | prototype_to_base_norm_ratio=0.980554
patch-priority map [stage4] | mean=0.062500 | std=0.668339 | min=0.000000 | max=13.262601 | prototype_application_position=post_refine | prototype_bottleneck_strength=1.000000 | prototype_to_base_norm_ratio=1.878762
DEBUG visual concept usage [stage1] top 10:
  concept 271: 5049 patches (46.96%)
  concept 201: 2144 patches (19.94%)
  concept 219: 1375 patches (12.79%)
  concept 483: 1369 patches (12.73%)
  concept 362: 57 patches (0.53%)
  concept 444: 55 patches (0.51%)
  concept 120: 44 patches (0.41%)
  concept 172: 29 patches (0.27%)
  concept 181: 28 patches (0.26%)
  concept 198: 17 patches (0.16%)
  normalized usage entropy: 0.9744
DEBUG visual concept usage [stage2] top 10:
  concept 363: 957 patches (35.60%)
  concept 66: 889 patches (33.07%)
  concept 408: 828 patches (30.80%)
  concept 382: 7 patches (0.26%)
  concept 298: 2 patches (0.07%)
  concept 62: 1 patches (0.04%)
  concept 112: 1 patches (0.04%)
  concept 343: 1 patches (0.04%)
  concept 401: 1 patches (0.04%)
  concept 505: 1 patches (0.04%)
  normalized usage entropy: 0.9754
DEBUG visual concept usage [stage3] top 10:
  concept 327: 419 patches (62.35%)
  concept 25: 134 patches (19.94%)
  concept 506: 110 patches (16.37%)
  concept 292: 9 patches (1.34%)
  normalized usage entropy: 0.9591
DEBUG visual concept usage [stage4] top 10:
  concept 154: 21 patches (12.50%)
  concept 292: 6 patches (3.57%)
  concept 509: 6 patches (3.57%)
  concept 351: 5 patches (2.98%)
  concept 478: 5 patches (2.98%)
  concept 281: 4 patches (2.38%)
  concept 404: 4 patches (2.38%)
  concept 466: 4 patches (2.38%)
  concept 472: 4 patches (2.38%)
  concept 87: 3 patches (1.79%)
  normalized usage entropy: 0.8904
DEBUG pred min/max/mean/std: -4.147383689880371 29.768688201904297 -2.7115468978881836 3.3859848976135254
DEBUG target min/max/mean/std: 0.0 1.0 0.013064645230770111 0.06278655678033829
DEBUG fixation pixels per sample: [174.0, 154.0]
DEBUG fix_batch min/max/mean/std: 0.0 1.0 0.0007118055946193635 0.026670217514038086
DEBUG losses: {'loss_total': 0.838880181312561, 'loss_fid': 21.19597053527832, 'loss_patch_fid': 3.848830223083496, 'loss_dense_fid': 3.8061728477478027, 'loss_dense_bce': -0.0, 'loss_dense_kl': 13.54096794128418, 'loss_topk': -0.0, 'loss_delta': -0.0, 'loss_cc': 0.49391305446624756, 'loss_nss': -2.4422121047973633, 'loss_sim': 0.610579252243042, 'loss_concept_dense': 0.0, 'loss_concept_kl': 0.0, 'loss_align': 0.0, 'loss_sparse': 0.0, 'loss_div': 0.0, 'loss_gate': 0.0, 'loss_visual_entropy': 0.8047019243240356, 'loss_visual_equiv': 0.0, 'loss_visual_usage': 0.05019691586494446, 'loss_temporal_attention_entropy': 0.0, 'loss_total_concept': 0.32418471574783325, 'loss_decoder_side_aux': 0.11575651913881302, 'loss_priority_map': 1.070328950881958, 'loss_priority_map_weighted': 0.1070328950881958, 'priority_map_loss': 1.070328950881958, 'weighted_priority_map_loss': 0.1070328950881958, 'loss_priority_map_stage3': 1.0197267532348633, 'loss_priority_map_stage4': 1.1209311485290527, 'loss_side_stage4': 0.2741696238517761, 'loss_side_stage3': 0.21084988117218018, 'loss_side_stage2': 0.2158224880695343, 'loss_side_stage1': 0.24294833838939667}
DEBUG decoder visual FiLM [stage1] | film_gamma mean/std/min/max=0.0625/0.2620/0.0000/2.4266 | prototype_bottleneck_strength=1.0000 | prototype_application_position=post_refine
DEBUG decoder visual FiLM [stage2] | film_gamma mean/std/min/max=0.0625/0.2526/0.0000/2.1787 | prototype_bottleneck_strength=1.0000 | prototype_application_position=post_refine
DEBUG decoder visual FiLM [stage3] | film_gamma mean/std/min/max=0.0625/1.2527/0.0000/55.7537 | prototype_bottleneck_strength=1.0000 | prototype_application_position=post_refine
DEBUG decoder visual FiLM [stage4] | film_gamma mean/std/min/max=0.0625/1.1818/0.0000/42.3030 | prototype_bottleneck_strength=1.0000 | prototype_application_position=post_refine
DEBUG factorized comparison [stage3] | query_norm_mean=1.9769 | key_norm_mean=0.8721 | context_mean=0.0000 | context_std=0.1113 | context_min=-0.2134 | context_max=0.3119 | total_candidate_weight=336.0000 | spatial_strength=0.0985 | spatial_freq_entropy=2.7726 | spatial_freq_weight_mean=0.6930 | rank=32
DEBUG factorized comparison [stage4] | query_norm_mean=1.2603 | key_norm_mean=1.0903 | context_mean=0.0001 | context_std=0.1075 | context_min=-0.2214 | context_max=0.3042 | total_candidate_weight=84.0000 | spatial_strength=0.0986 | spatial_freq_entropy=2.7725 | spatial_freq_weight_mean=0.6941 | rank=32
patch-priority map [stage1] | mean=0.062500 | std=0.261981 | min=0.000000 | max=2.426621 | prototype_application_position=post_refine_unary_mask | prototype_bottleneck_strength=1.000000 | prototype_to_base_norm_ratio=1.455354
patch-priority map [stage2] | mean=0.062500 | std=0.252625 | min=0.000000 | max=2.178722 | prototype_application_position=post_refine_unary_mask | prototype_bottleneck_strength=1.000000 | prototype_to_base_norm_ratio=1.017061
patch-priority map [stage3] | mean=0.062500 | std=1.252741 | min=0.000000 | max=55.753658 | prototype_application_position=post_refine | prototype_bottleneck_strength=1.000000 | prototype_to_base_norm_ratio=2.027042
patch-priority map [stage4] | mean=0.062500 | std=1.181818 | min=0.000000 | max=42.303024 | prototype_application_position=post_refine | prototype_bottleneck_strength=1.000000 | prototype_to_base_norm_ratio=3.426927
Epoch 36/200
  Mean train loss: 0.416264
  Mean val loss:   0.615357
  Current LR:      4.62e-05
Val metrics   | CC: 0.5301 | SIM: 0.3770 | NSS: 3.0970
  Saved checkpoint: training_outputs/ckpts/20261002_204128/epoch_036.pth

Epoch 37/200
pred_saliency: shape=(2, 1, 224, 384) min=-4.0918 max=52.7218 mean=-2.8178 std=3.8382
sal_batch: shape=(2, 1, 360, 640) min=0.0000 max=1.0000 mean=0.0201 std=0.0827
DEBUG features_shape: {'stage1': (2, 96, 16, 56, 96), 'stage2': (2, 192, 16, 28, 48), 'stage3': (2, 384, 16, 14, 24), 'stage4': (2, 768, 16, 7, 12)}
DEBUG gate: no gate_debug available. This usually means return_concept_losses=False or lambda_gate=0.
DEBUG decoder visual FiLM [stage1] | film_gamma mean/std/min/max=0.0625/0.2618/0.0000/2.4853 | prototype_bottleneck_strength=1.0000 | prototype_application_position=post_refine
DEBUG decoder visual FiLM [stage2] | film_gamma mean/std/min/max=0.0625/0.2523/0.0000/2.4681 | prototype_bottleneck_strength=1.0000 | prototype_application_position=post_refine
DEBUG decoder visual FiLM [stage3] | film_gamma mean/std/min/max=0.0625/0.8038/0.0000/31.8988 | prototype_bottleneck_strength=1.0000 | prototype_application_position=post_refine
DEBUG decoder visual FiLM [stage4] | film_gamma mean/std/min/max=0.0625/0.7117/0.0000/19.3279 | prototype_bottleneck_strength=1.0000 | prototype_application_position=post_refine
DEBUG factorized comparison [stage3] | query_norm_mean=1.9498 | key_norm_mean=0.8811 | context_mean=0.0000 | context_std=0.1175 | context_min=-0.2343 | context_max=0.3075 | total_candidate_weight=336.0000 | spatial_strength=0.0985 | spatial_freq_entropy=2.7726 | spatial_freq_weight_mean=0.6930 | rank=32
DEBUG factorized comparison [stage4] | query_norm_mean=1.2620 | key_norm_mean=1.0714 | context_mean=-0.0001 | context_std=0.1112 | context_min=-0.2395 | context_max=0.2741 | total_candidate_weight=84.0000 | spatial_strength=0.0986 | spatial_freq_entropy=2.7725 | spatial_freq_weight_mean=0.6941 | rank=32
patch-priority map [stage1] | mean=0.062500 | std=0.261753 | min=0.000000 | max=2.485338 | prototype_application_position=post_refine_unary_mask | prototype_bottleneck_strength=1.000000 | prototype_to_base_norm_ratio=1.232901
patch-priority map [stage2] | mean=0.062500 | std=0.252293 | min=0.000000 | max=2.468055 | prototype_application_position=post_refine_unary_mask | prototype_bottleneck_strength=1.000000 | prototype_to_base_norm_ratio=1.036200
patch-priority map [stage3] | mean=0.062500 | std=0.803779 | min=0.000000 | max=31.898829 | prototype_application_position=post_refine | prototype_bottleneck_strength=1.000000 | prototype_to_base_norm_ratio=1.367586
patch-priority map [stage4] | mean=0.062500 | std=0.711700 | min=0.000000 | max=19.327852 | prototype_application_position=post_refine | prototype_bottleneck_strength=1.000000 | prototype_to_base_norm_ratio=1.994568
DEBUG visual concept usage [stage1] top 10:
  concept 483: 3004 patches (27.94%)
  concept 201: 2711 patches (25.21%)
  concept 219: 2192 patches (20.39%)
  concept 271: 1703 patches (15.84%)
  concept 444: 130 patches (1.21%)
  concept 120: 120 patches (1.12%)
  concept 336: 99 patches (0.92%)
  concept 457: 77 patches (0.72%)
  concept 362: 45 patches (0.42%)
  concept 172: 26 patches (0.24%)
  normalized usage entropy: 0.9651
DEBUG visual concept usage [stage2] top 10:
  concept 66: 1265 patches (47.06%)
  concept 363: 762 patches (28.35%)
  concept 408: 646 patches (24.03%)
  concept 112: 3 patches (0.11%)
  concept 373: 2 patches (0.07%)
  concept 445: 2 patches (0.07%)
  concept 7: 1 patches (0.04%)
  concept 119: 1 patches (0.04%)
  concept 201: 1 patches (0.04%)
  concept 234: 1 patches (0.04%)
  normalized usage entropy: 0.9675
DEBUG visual concept usage [stage3] top 10:
  concept 327: 490 patches (72.92%)
  concept 506: 91 patches (13.54%)
  concept 25: 78 patches (11.61%)
  concept 292: 7 patches (1.04%)
  concept 430: 3 patches (0.45%)
  concept 398: 1 patches (0.15%)
  concept 424: 1 patches (0.15%)
  concept 499: 1 patches (0.15%)
  normalized usage entropy: 0.9621
DEBUG visual concept usage [stage4] top 10:
  concept 154: 15 patches (8.93%)
  concept 289: 12 patches (7.14%)
  concept 87: 10 patches (5.95%)
  concept 330: 7 patches (4.17%)
  concept 397: 7 patches (4.17%)
  concept 313: 6 patches (3.57%)
  concept 303: 5 patches (2.98%)
  concept 442: 5 patches (2.98%)
  concept 444: 5 patches (2.98%)
  concept 499: 5 patches (2.98%)
  normalized usage entropy: 0.9116
DEBUG pred min/max/mean/std: -4.091810703277588 52.72183609008789 -2.817809820175171 3.8381662368774414
DEBUG target min/max/mean/std: 0.0 1.0 0.020077072083950043 0.08265355974435806
DEBUG fixation pixels per sample: [269.0, 161.0]
DEBUG fix_batch min/max/mean/std: 0.0 1.0 0.0009331597248092294 0.0305334385484457
DEBUG losses: {'loss_total': 0.512886643409729, 'loss_fid': 34.542171478271484, 'loss_patch_fid': 3.9535162448883057, 'loss_dense_fid': 3.907849073410034, 'loss_dense_bce': -0.0, 'loss_dense_kl': 26.680805206298828, 'loss_topk': -0.0, 'loss_delta': -0.0, 'loss_cc': 0.3170952796936035, 'loss_nss': -3.009655475616455, 'loss_sim': 0.5491146445274353, 'loss_concept_dense': 0.0, 'loss_concept_kl': 0.0, 'loss_align': 0.0, 'loss_sparse': 0.0, 'loss_div': 0.0, 'loss_gate': 0.0, 'loss_visual_entropy': 0.8133474588394165, 'loss_visual_equiv': 0.0, 'loss_visual_usage': 0.04839560389518738, 'loss_temporal_attention_entropy': 0.0, 'loss_total_concept': 0.30183157324790955, 'loss_decoder_side_aux': 0.007699656765908003, 'loss_priority_map': 1.4653644561767578, 'loss_priority_map_weighted': 0.1465364545583725, 'priority_map_loss': 1.4653644561767578, 'weighted_priority_map_loss': 0.1465364545583725, 'loss_priority_map_stage3': 1.3603564500808716, 'loss_priority_map_stage4': 1.5703723430633545, 'loss_side_stage4': 0.07571908831596375, 'loss_side_stage3': -0.015258193016052246, 'loss_side_stage2': 0.01411697268486023, 'loss_side_stage1': 0.016609877347946167}
DEBUG decoder visual FiLM [stage1] | film_gamma mean/std/min/max=0.0625/0.2614/0.0000/2.4774 | prototype_bottleneck_strength=1.0000 | prototype_application_position=post_refine
DEBUG decoder visual FiLM [stage2] | film_gamma mean/std/min/max=0.0625/0.2537/0.0000/2.3974 | prototype_bottleneck_strength=1.0000 | prototype_application_position=post_refine
DEBUG decoder visual FiLM [stage3] | film_gamma mean/std/min/max=0.0625/1.1307/0.0000/48.3165 | prototype_bottleneck_strength=1.0000 | prototype_application_position=post_refine
DEBUG decoder visual FiLM [stage4] | film_gamma mean/std/min/max=0.0625/1.0798/0.0000/37.8653 | prototype_bottleneck_strength=1.0000 | prototype_application_position=post_refine
DEBUG factorized comparison [stage3] | query_norm_mean=1.8729 | key_norm_mean=0.8350 | context_mean=0.0000 | context_std=0.1009 | context_min=-0.2075 | context_max=0.2910 | total_candidate_weight=336.0000 | spatial_strength=0.0985 | spatial_freq_entropy=2.7725 | spatial_freq_weight_mean=0.6931 | rank=32
DEBUG factorized comparison [stage4] | query_norm_mean=1.2127 | key_norm_mean=1.0594 | context_mean=0.0000 | context_std=0.1012 | context_min=-0.2199 | context_max=0.2892 | total_candidate_weight=84.0000 | spatial_strength=0.0986 | spatial_freq_entropy=2.7725 | spatial_freq_weight_mean=0.6942 | rank=32
patch-priority map [stage1] | mean=0.062500 | std=0.261350 | min=0.000000 | max=2.477352 | prototype_application_position=post_refine_unary_mask | prototype_bottleneck_strength=1.000000 | prototype_to_base_norm_ratio=1.380557
patch-priority map [stage2] | mean=0.062500 | std=0.253682 | min=0.000000 | max=2.397361 | prototype_application_position=post_refine_unary_mask | prototype_bottleneck_strength=1.000000 | prototype_to_base_norm_ratio=1.005163
patch-priority map [stage3] | mean=0.062500 | std=1.130718 | min=0.000000 | max=48.316536 | prototype_application_position=post_refine | prototype_bottleneck_strength=1.000000 | prototype_to_base_norm_ratio=1.628867
patch-priority map [stage4] | mean=0.062500 | std=1.079783 | min=0.000000 | max=37.865288 | prototype_application_position=post_refine | prototype_bottleneck_strength=1.000000 | prototype_to_base_norm_ratio=2.642539
Epoch 37/200
  Mean train loss: 0.469497
  Mean val loss:   0.622760
  Current LR:      4.60e-05
Val metrics   | CC: 0.5242 | SIM: 0.3804 | NSS: 3.0694
  Saved checkpoint: training_outputs/ckpts/20261002_204128/epoch_037.pth

Epoch 38/200
pred_saliency: shape=(2, 1, 224, 384) min=-4.1718 max=53.0414 mean=-2.6622 std=4.5967
sal_batch: shape=(2, 1, 360, 640) min=0.0000 max=1.0000 mean=0.0151 std=0.0791
DEBUG features_shape: {'stage1': (2, 96, 16, 56, 96), 'stage2': (2, 192, 16, 28, 48), 'stage3': (2, 384, 16, 14, 24), 'stage4': (2, 768, 16, 7, 12)}
DEBUG gate: no gate_debug available. This usually means return_concept_losses=False or lambda_gate=0.
DEBUG decoder visual FiLM [stage1] | film_gamma mean/std/min/max=0.0625/0.2615/0.0000/2.4908 | prototype_bottleneck_strength=1.0000 | prototype_application_position=post_refine
DEBUG decoder visual FiLM [stage2] | film_gamma mean/std/min/max=0.0625/0.2525/0.0000/2.3568 | prototype_bottleneck_strength=1.0000 | prototype_application_position=post_refine
DEBUG decoder visual FiLM [stage3] | film_gamma mean/std/min/max=0.0625/0.8891/0.0000/35.3924 | prototype_bottleneck_strength=1.0000 | prototype_application_position=post_refine
DEBUG decoder visual FiLM [stage4] | film_gamma mean/std/min/max=0.0625/0.8458/0.0000/25.8106 | prototype_bottleneck_strength=1.0000 | prototype_application_position=post_refine
DEBUG factorized comparison [stage3] | query_norm_mean=1.8593 | key_norm_mean=0.8404 | context_mean=0.0001 | context_std=0.1068 | context_min=-0.2134 | context_max=0.2910 | total_candidate_weight=336.0000 | spatial_strength=0.0985 | spatial_freq_entropy=2.7725 | spatial_freq_weight_mean=0.6931 | rank=32
DEBUG factorized comparison [stage4] | query_norm_mean=1.2099 | key_norm_mean=1.0518 | context_mean=0.0000 | context_std=0.1034 | context_min=-0.2199 | context_max=0.2816 | total_candidate_weight=84.0000 | spatial_strength=0.0986 | spatial_freq_entropy=2.7725 | spatial_freq_weight_mean=0.6942 | rank=32
patch-priority map [stage1] | mean=0.062500 | std=0.261501 | min=0.000000 | max=2.490848 | prototype_application_position=post_refine_unary_mask | prototype_bottleneck_strength=1.000000 | prototype_to_base_norm_ratio=1.277499
patch-priority map [stage2] | mean=0.062500 | std=0.252503 | min=0.000000 | max=2.356791 | prototype_application_position=post_refine_unary_mask | prototype_bottleneck_strength=1.000000 | prototype_to_base_norm_ratio=1.020726
patch-priority map [stage3] | mean=0.062500 | std=0.889096 | min=0.000000 | max=35.392395 | prototype_application_position=post_refine | prototype_bottleneck_strength=1.000000 | prototype_to_base_norm_ratio=1.431168
patch-priority map [stage4] | mean=0.062500 | std=0.845789 | min=0.000000 | max=25.810566 | prototype_application_position=post_refine | prototype_bottleneck_strength=1.000000 | prototype_to_base_norm_ratio=2.498438
DEBUG visual concept usage [stage1] top 10:
  concept 271: 5278 patches (49.09%)
  concept 219: 1877 patches (17.46%)
  concept 201: 1706 patches (15.87%)
  concept 483: 917 patches (8.53%)
  concept 362: 62 patches (0.58%)
  concept 120: 60 patches (0.56%)
  concept 444: 56 patches (0.52%)
  concept 90: 51 patches (0.47%)
  concept 457: 44 patches (0.41%)
  concept 419: 42 patches (0.39%)
  normalized usage entropy: 0.9668
DEBUG visual concept usage [stage2] top 10:
  concept 363: 1141 patches (42.45%)
  concept 66: 905 patches (33.67%)
  concept 408: 624 patches (23.21%)
  concept 382: 11 patches (0.41%)
  concept 298: 2 patches (0.07%)
  concept 62: 1 patches (0.04%)
  concept 112: 1 patches (0.04%)
  concept 343: 1 patches (0.04%)
  concept 354: 1 patches (0.04%)
  concept 367: 1 patches (0.04%)
  normalized usage entropy: 0.9760
DEBUG visual concept usage [stage3] top 10:
  concept 327: 465 patches (69.20%)
  concept 506: 122 patches (18.15%)
  concept 25: 68 patches (10.12%)
  concept 292: 8 patches (1.19%)
  concept 398: 5 patches (0.74%)
  concept 315: 1 patches (0.15%)
  concept 364: 1 patches (0.15%)
  concept 390: 1 patches (0.15%)
  concept 499: 1 patches (0.15%)
  normalized usage entropy: 0.9641
DEBUG visual concept usage [stage4] top 10:
  concept 154: 10 patches (5.95%)
  concept 87: 9 patches (5.36%)
  concept 292: 8 patches (4.76%)
  concept 330: 7 patches (4.17%)
  concept 477: 7 patches (4.17%)
  concept 449: 6 patches (3.57%)
  concept 499: 6 patches (3.57%)
  concept 351: 5 patches (2.98%)
  concept 412: 5 patches (2.98%)
  concept 472: 5 patches (2.98%)
  normalized usage entropy: 0.9173
DEBUG pred min/max/mean/std: -4.171809196472168 53.041419982910156 -2.6621592044830322 4.596722602844238
DEBUG target min/max/mean/std: 0.0 1.0 0.015122097916901112 0.07907483726739883
DEBUG fixation pixels per sample: [189.0, 142.0]
DEBUG fix_batch min/max/mean/std: 0.0 1.0 0.000718316005077213 0.02679181843996048
DEBUG losses: {'loss_total': -0.1050279438495636, 'loss_fid': 29.088626861572266, 'loss_patch_fid': 4.104008197784424, 'loss_dense_fid': 4.0578293800354, 'loss_dense_bce': -0.0, 'loss_dense_kl': 20.926788330078125, 'loss_topk': -0.0, 'loss_delta': -0.0, 'loss_cc': 0.16501057147979736, 'loss_nss': -4.8827056884765625, 'loss_sim': 0.4741882085800171, 'loss_concept_dense': 0.0, 'loss_concept_kl': 0.0, 'loss_align': 0.0, 'loss_sparse': 0.0, 'loss_div': 0.0, 'loss_gate': 0.0, 'loss_visual_entropy': 0.8125348091125488, 'loss_visual_equiv': 0.0, 'loss_visual_usage': 0.043956875801086426, 'loss_temporal_attention_entropy': 0.0, 'loss_total_concept': 0.2583979666233063, 'loss_decoder_side_aux': -0.16546395421028137, 'loss_priority_map': 0.8809459209442139, 'loss_priority_map_weighted': 0.08809459209442139, 'priority_map_loss': 0.8809459209442139, 'weighted_priority_map_loss': 0.08809459209442139, 'loss_priority_map_stage3': 0.8630156517028809, 'loss_priority_map_stage4': 0.8988761901855469, 'loss_side_stage4': -0.2991490960121155, 'loss_side_stage3': -0.37768614292144775, 'loss_side_stage2': -0.32054659724235535, 'loss_side_stage1': -0.3232795000076294}
DEBUG decoder visual FiLM [stage1] | film_gamma mean/std/min/max=0.0625/0.2625/0.0000/2.6394 | prototype_bottleneck_strength=1.0000 | prototype_application_position=post_refine
DEBUG decoder visual FiLM [stage2] | film_gamma mean/std/min/max=0.0625/0.2522/0.0000/2.2474 | prototype_bottleneck_strength=1.0000 | prototype_application_position=post_refine
DEBUG decoder visual FiLM [stage3] | film_gamma mean/std/min/max=0.0625/1.1664/0.0000/51.0587 | prototype_bottleneck_strength=1.0000 | prototype_application_position=post_refine
DEBUG decoder visual FiLM [stage4] | film_gamma mean/std/min/max=0.0625/1.1310/0.0000/39.4986 | prototype_bottleneck_strength=1.0000 | prototype_application_position=post_refine
DEBUG factorized comparison [stage3] | query_norm_mean=1.9705 | key_norm_mean=0.8604 | context_mean=0.0001 | context_std=0.1098 | context_min=-0.2090 | context_max=0.3075 | total_candidate_weight=336.0000 | spatial_strength=0.0985 | spatial_freq_entropy=2.7725 | spatial_freq_weight_mean=0.6931 | rank=32
DEBUG factorized comparison [stage4] | query_norm_mean=1.2737 | key_norm_mean=1.1220 | context_mean=0.0001 | context_std=0.1150 | context_min=-0.2349 | context_max=0.3223 | total_candidate_weight=84.0000 | spatial_strength=0.0986 | spatial_freq_entropy=2.7725 | spatial_freq_weight_mean=0.6942 | rank=32
patch-priority map [stage1] | mean=0.062500 | std=0.262509 | min=0.000000 | max=2.639394 | prototype_application_position=post_refine_unary_mask | prototype_bottleneck_strength=1.000000 | prototype_to_base_norm_ratio=1.385963
patch-priority map [stage2] | mean=0.062500 | std=0.252245 | min=0.000000 | max=2.247356 | prototype_application_position=post_refine_unary_mask | prototype_bottleneck_strength=1.000000 | prototype_to_base_norm_ratio=1.016425
patch-priority map [stage3] | mean=0.062500 | std=1.166417 | min=0.000000 | max=51.058681 | prototype_application_position=post_refine | prototype_bottleneck_strength=1.000000 | prototype_to_base_norm_ratio=1.590138
patch-priority map [stage4] | mean=0.062500 | std=1.130979 | min=0.000000 | max=39.498585 | prototype_application_position=post_refine | prototype_bottleneck_strength=1.000000 | prototype_to_base_norm_ratio=2.476613
Epoch 38/200
  Mean train loss: 0.452559
  Mean val loss:   0.614221
  Current LR:      4.58e-05
Val metrics   | CC: 0.5266 | SIM: 0.3766 | NSS: 3.0915
  Saved checkpoint: training_outputs/ckpts/20261002_204128/epoch_038.pth

Epoch 39/200
pred_saliency: shape=(2, 1, 224, 384) min=-4.1522 max=65.4860 mean=-2.6033 std=5.7667
sal_batch: shape=(2, 1, 360, 640) min=0.0000 max=1.0000 mean=0.0151 std=0.0754
DEBUG features_shape: {'stage1': (2, 96, 16, 56, 96), 'stage2': (2, 192, 16, 28, 48), 'stage3': (2, 384, 16, 14, 24), 'stage4': (2, 768, 16, 7, 12)}
DEBUG gate: no gate_debug available. This usually means return_concept_losses=False or lambda_gate=0.
DEBUG decoder visual FiLM [stage1] | film_gamma mean/std/min/max=0.0625/0.2626/0.0000/2.6028 | prototype_bottleneck_strength=1.0000 | prototype_application_position=post_refine
DEBUG decoder visual FiLM [stage2] | film_gamma mean/std/min/max=0.0625/0.2517/0.0000/2.4178 | prototype_bottleneck_strength=1.0000 | prototype_application_position=post_refine
DEBUG decoder visual FiLM [stage3] | film_gamma mean/std/min/max=0.0625/0.8886/0.0000/33.9478 | prototype_bottleneck_strength=1.0000 | prototype_application_position=post_refine
DEBUG decoder visual FiLM [stage4] | film_gamma mean/std/min/max=0.0625/1.0221/0.0000/33.8085 | prototype_bottleneck_strength=1.0000 | prototype_application_position=post_refine
DEBUG factorized comparison [stage3] | query_norm_mean=1.9360 | key_norm_mean=0.8640 | context_mean=0.0001 | context_std=0.1154 | context_min=-0.2194 | context_max=0.3104 | total_candidate_weight=336.0000 | spatial_strength=0.0985 | spatial_freq_entropy=2.7725 | spatial_freq_weight_mean=0.6931 | rank=32
DEBUG factorized comparison [stage4] | query_norm_mean=1.2617 | key_norm_mean=1.1280 | context_mean=0.0001 | context_std=0.1138 | context_min=-0.2470 | context_max=0.3223 | total_candidate_weight=84.0000 | spatial_strength=0.0986 | spatial_freq_entropy=2.7725 | spatial_freq_weight_mean=0.6942 | rank=32
patch-priority map [stage1] | mean=0.062500 | std=0.262569 | min=0.000000 | max=2.602800 | prototype_application_position=post_refine_unary_mask | prototype_bottleneck_strength=1.000000 | prototype_to_base_norm_ratio=1.333663
patch-priority map [stage2] | mean=0.062500 | std=0.251739 | min=0.000000 | max=2.417780 | prototype_application_position=post_refine_unary_mask | prototype_bottleneck_strength=1.000000 | prototype_to_base_norm_ratio=1.019896
patch-priority map [stage3] | mean=0.062500 | std=0.888599 | min=0.000000 | max=33.947830 | prototype_application_position=post_refine | prototype_bottleneck_strength=1.000000 | prototype_to_base_norm_ratio=1.125195
patch-priority map [stage4] | mean=0.062500 | std=1.022101 | min=0.000000 | max=33.808529 | prototype_application_position=post_refine | prototype_bottleneck_strength=1.000000 | prototype_to_base_norm_ratio=2.809016
DEBUG visual concept usage [stage1] top 10:
  concept 271: 4483 patches (41.69%)
  concept 201: 2654 patches (24.68%)
  concept 219: 1600 patches (14.88%)
  concept 483: 1091 patches (10.15%)
  concept 444: 263 patches (2.45%)
  concept 84: 82 patches (0.76%)
  concept 167: 69 patches (0.64%)
  concept 457: 53 patches (0.49%)
  concept 434: 41 patches (0.38%)
  concept 419: 27 patches (0.25%)
  normalized usage entropy: 0.9598
DEBUG visual concept usage [stage2] top 10:
  concept 66: 1071 patches (39.84%)
  concept 408: 1065 patches (39.62%)
  concept 363: 552 patches (20.54%)
  normalized usage entropy: 0.9739
DEBUG visual concept usage [stage3] top 10:
  concept 327: 419 patches (62.35%)
  concept 506: 146 patches (21.73%)
  concept 25: 94 patches (13.99%)
  concept 292: 11 patches (1.64%)
  concept 315: 1 patches (0.15%)
  concept 398: 1 patches (0.15%)
  normalized usage entropy: 0.9630
DEBUG visual concept usage [stage4] top 10:
  concept 351: 13 patches (7.74%)
  concept 154: 10 patches (5.95%)
  concept 353: 7 patches (4.17%)
  concept 330: 6 patches (3.57%)
  concept 404: 6 patches (3.57%)
  concept 449: 6 patches (3.57%)
  concept 87: 5 patches (2.98%)
  concept 472: 5 patches (2.98%)
  concept 499: 5 patches (2.98%)
  concept 283: 4 patches (2.38%)
  normalized usage entropy: 0.9120
DEBUG pred min/max/mean/std: -4.152155876159668 65.48600769042969 -2.6033053398132324 5.766727447509766
DEBUG target min/max/mean/std: 0.0 1.0 0.015085350722074509 0.07542237639427185
DEBUG fixation pixels per sample: [153.0, 283.0]
DEBUG fix_batch min/max/mean/std: 0.0 1.0 0.0009461806039325893 0.030745524913072586
DEBUG losses: {'loss_total': 0.08122666925191879, 'loss_fid': 45.73920822143555, 'loss_patch_fid': 4.380652904510498, 'loss_dense_fid': 4.332423686981201, 'loss_dense_bce': -0.0, 'loss_dense_kl': 37.02613067626953, 'loss_topk': -0.0, 'loss_delta': -0.0, 'loss_cc': 0.22077322006225586, 'loss_nss': -4.5728254318237305, 'loss_sim': 0.44638752937316895, 'loss_concept_dense': 0.0, 'loss_concept_kl': 0.0, 'loss_align': 0.0, 'loss_sparse': 0.0, 'loss_div': 0.0, 'loss_gate': 0.0, 'loss_visual_entropy': 0.799362301826477, 'loss_visual_equiv': 0.0, 'loss_visual_usage': 0.04781012237071991, 'loss_temporal_attention_entropy': 0.0, 'loss_total_concept': 0.30710411071777344, 'loss_decoder_side_aux': -0.11348049342632294, 'loss_priority_map': 0.8441653251647949, 'loss_priority_map_weighted': 0.08441653102636337, 'priority_map_loss': 0.8441653251647949, 'weighted_priority_map_loss': 0.08441653102636337, 'loss_priority_map_stage3': 0.9533442258834839, 'loss_priority_map_stage4': 0.7349864840507507, 'loss_side_stage4': -0.24048244953155518, 'loss_side_stage3': -0.20681318640708923, 'loss_side_stage2': -0.22410044074058533, 'loss_side_stage1': -0.2357999086380005}
DEBUG decoder visual FiLM [stage1] | film_gamma mean/std/min/max=0.0625/0.2642/0.0000/2.7368 | prototype_bottleneck_strength=1.0000 | prototype_application_position=post_refine
DEBUG decoder visual FiLM [stage2] | film_gamma mean/std/min/max=0.0625/0.2514/0.0000/2.2983 | prototype_bottleneck_strength=1.0000 | prototype_application_position=post_refine
DEBUG decoder visual FiLM [stage3] | film_gamma mean/std/min/max=0.0625/1.3289/0.0000/56.1716 | prototype_bottleneck_strength=1.0000 | prototype_application_position=post_refine
DEBUG decoder visual FiLM [stage4] | film_gamma mean/std/min/max=0.0625/1.2994/0.0000/45.7126 | prototype_bottleneck_strength=1.0000 | prototype_application_position=post_refine
DEBUG factorized comparison [stage3] | query_norm_mean=2.0133 | key_norm_mean=0.8564 | context_mean=0.0001 | context_std=0.1108 | context_min=-0.2284 | context_max=0.3373 | total_candidate_weight=336.0000 | spatial_strength=0.0984 | spatial_freq_entropy=2.7725 | spatial_freq_weight_mean=0.6931 | rank=32
DEBUG factorized comparison [stage4] | query_norm_mean=1.2617 | key_norm_mean=1.1359 | context_mean=0.0001 | context_std=0.1127 | context_min=-0.2274 | context_max=0.3358 | total_candidate_weight=84.0000 | spatial_strength=0.0986 | spatial_freq_entropy=2.7725 | spatial_freq_weight_mean=0.6943 | rank=32
patch-priority map [stage1] | mean=0.062500 | std=0.264173 | min=0.000000 | max=2.736808 | prototype_application_position=post_refine_unary_mask | prototype_bottleneck_strength=1.000000 | prototype_to_base_norm_ratio=1.511983
patch-priority map [stage2] | mean=0.062500 | std=0.251355 | min=0.000000 | max=2.298331 | prototype_application_position=post_refine_unary_mask | prototype_bottleneck_strength=1.000000 | prototype_to_base_norm_ratio=1.007182
patch-priority map [stage3] | mean=0.062500 | std=1.328869 | min=0.000000 | max=56.171577 | prototype_application_position=post_refine | prototype_bottleneck_strength=1.000000 | prototype_to_base_norm_ratio=1.814095
patch-priority map [stage4] | mean=0.062500 | std=1.299400 | min=0.000000 | max=45.712639 | prototype_application_position=post_refine | prototype_bottleneck_strength=1.000000 | prototype_to_base_norm_ratio=3.259218
Epoch 39/200
  Mean train loss: 0.449050
  Mean val loss:   0.610821
  Current LR:      4.55e-05
Val metrics   | CC: 0.5271 | SIM: 0.3743 | NSS: 3.0790
  Saved checkpoint: training_outputs/ckpts/20261002_204128/epoch_039.pth

Epoch 40/200
pred_saliency: shape=(2, 1, 224, 384) min=-4.3265 max=35.9253 mean=-2.7536 std=3.6976
sal_batch: shape=(2, 1, 360, 640) min=0.0000 max=1.0000 mean=0.0164 std=0.0782
DEBUG features_shape: {'stage1': (2, 96, 16, 56, 96), 'stage2': (2, 192, 16, 28, 48), 'stage3': (2, 384, 16, 14, 24), 'stage4': (2, 768, 16, 7, 12)}
DEBUG gate: no gate_debug available. This usually means return_concept_losses=False or lambda_gate=0.
DEBUG decoder visual FiLM [stage1] | film_gamma mean/std/min/max=0.0625/0.2648/0.0000/2.7671 | prototype_bottleneck_strength=1.0000 | prototype_application_position=post_refine
DEBUG decoder visual FiLM [stage2] | film_gamma mean/std/min/max=0.0625/0.2509/0.0000/2.3157 | prototype_bottleneck_strength=1.0000 | prototype_application_position=post_refine
DEBUG decoder visual FiLM [stage3] | film_gamma mean/std/min/max=0.0625/0.9284/0.0000/54.4939 | prototype_bottleneck_strength=1.0000 | prototype_application_position=post_refine
DEBUG decoder visual FiLM [stage4] | film_gamma mean/std/min/max=0.0625/0.8457/0.0000/29.4042 | prototype_bottleneck_strength=1.0000 | prototype_application_position=post_refine
DEBUG factorized comparison [stage3] | query_norm_mean=1.9657 | key_norm_mean=0.8624 | context_mean=0.0001 | context_std=0.1168 | context_min=-0.2343 | context_max=0.3373 | total_candidate_weight=336.0000 | spatial_strength=0.0984 | spatial_freq_entropy=2.7725 | spatial_freq_weight_mean=0.6931 | rank=32
DEBUG factorized comparison [stage4] | query_norm_mean=1.2714 | key_norm_mean=1.1101 | context_mean=0.0001 | context_std=0.1193 | context_min=-0.2455 | context_max=0.3193 | total_candidate_weight=84.0000 | spatial_strength=0.0986 | spatial_freq_entropy=2.7725 | spatial_freq_weight_mean=0.6943 | rank=32
patch-priority map [stage1] | mean=0.062500 | std=0.264825 | min=0.000000 | max=2.767073 | prototype_application_position=post_refine_unary_mask | prototype_bottleneck_strength=1.000000 | prototype_to_base_norm_ratio=1.281430
patch-priority map [stage2] | mean=0.062500 | std=0.250859 | min=0.000000 | max=2.315726 | prototype_application_position=post_refine_unary_mask | prototype_bottleneck_strength=1.000000 | prototype_to_base_norm_ratio=1.020529
patch-priority map [stage3] | mean=0.062500 | std=0.928369 | min=0.000000 | max=54.493923 | prototype_application_position=post_refine | prototype_bottleneck_strength=1.000000 | prototype_to_base_norm_ratio=1.506399
patch-priority map [stage4] | mean=0.062500 | std=0.845687 | min=0.000000 | max=29.404240 | prototype_application_position=post_refine | prototype_bottleneck_strength=1.000000 | prototype_to_base_norm_ratio=2.150266
DEBUG visual concept usage [stage1] top 10:
  concept 271: 3776 patches (35.12%)
  concept 483: 2286 patches (21.26%)
  concept 219: 1993 patches (18.54%)
  concept 201: 1728 patches (16.07%)
  concept 444: 165 patches (1.53%)
  concept 172: 78 patches (0.73%)
  concept 120: 63 patches (0.59%)
  concept 362: 61 patches (0.57%)
  concept 457: 60 patches (0.56%)
  concept 273: 30 patches (0.28%)
  normalized usage entropy: 0.9695
DEBUG visual concept usage [stage2] top 10:
  concept 66: 1219 patches (45.35%)
  concept 408: 1113 patches (41.41%)
  concept 363: 332 patches (12.35%)
  concept 298: 12 patches (0.45%)
  concept 112: 4 patches (0.15%)
  concept 367: 3 patches (0.11%)
  concept 382: 2 patches (0.07%)
  concept 62: 1 patches (0.04%)
  concept 141: 1 patches (0.04%)
  concept 373: 1 patches (0.04%)
  normalized usage entropy: 0.9727
DEBUG visual concept usage [stage3] top 10:
  concept 327: 438 patches (65.18%)
  concept 506: 105 patches (15.62%)
  concept 25: 102 patches (15.18%)
  concept 430: 9 patches (1.34%)
  concept 398: 8 patches (1.19%)
  concept 292: 3 patches (0.45%)
  concept 364: 2 patches (0.30%)
  concept 298: 1 patches (0.15%)
  concept 315: 1 patches (0.15%)
  concept 424: 1 patches (0.15%)
  normalized usage entropy: 0.9666
DEBUG visual concept usage [stage4] top 10:
  concept 154: 16 patches (9.52%)
  concept 87: 10 patches (5.95%)
  concept 509: 7 patches (4.17%)
  concept 276: 6 patches (3.57%)
  concept 459: 6 patches (3.57%)
  concept 351: 5 patches (2.98%)
  concept 354: 5 patches (2.98%)
  concept 404: 5 patches (2.98%)
  concept 412: 5 patches (2.98%)
  concept 499: 5 patches (2.98%)
  normalized usage entropy: 0.9017
DEBUG pred min/max/mean/std: -4.3264689445495605 35.925262451171875 -2.753584146499634 3.697570562362671
DEBUG target min/max/mean/std: 0.0 1.0 0.01640104316174984 0.07819931209087372
DEBUG fixation pixels per sample: [227.0, 205.0]
DEBUG fix_batch min/max/mean/std: 0.0 1.0 0.000937500037252903 0.030604301020503044
DEBUG losses: {'loss_total': 0.13323135673999786, 'loss_fid': 21.49684715270996, 'loss_patch_fid': 3.9997305870056152, 'loss_dense_fid': 3.9551267623901367, 'loss_dense_bce': -0.0, 'loss_dense_kl': 13.54198932647705, 'loss_topk': -0.0, 'loss_delta': -0.0, 'loss_cc': 0.2200879454612732, 'loss_nss': -4.121037483215332, 'loss_sim': 0.5193633437156677, 'loss_concept_dense': 0.0, 'loss_concept_kl': 0.0, 'loss_align': 0.0, 'loss_sparse': 0.0, 'loss_div': 0.0, 'loss_gate': 0.0, 'loss_visual_entropy': 0.7994223833084106, 'loss_visual_equiv': 0.0, 'loss_visual_usage': 0.047385916113853455, 'loss_temporal_attention_entropy': 0.0, 'loss_total_concept': 0.2836865782737732, 'loss_decoder_side_aux': -0.09229947626590729, 'loss_priority_map': 0.9409597516059875, 'loss_priority_map_weighted': 0.09409597516059875, 'priority_map_loss': 0.9409597516059875, 'weighted_priority_map_loss': 0.09409597516059875, 'loss_priority_map_stage3': 0.9580262899398804, 'loss_priority_map_stage4': 0.9238932132720947, 'loss_side_stage4': -0.20113056898117065, 'loss_side_stage3': -0.16041186451911926, 'loss_side_stage2': -0.18053120374679565, 'loss_side_stage1': -0.1956104338169098}
DEBUG decoder visual FiLM [stage1] | film_gamma mean/std/min/max=0.0625/0.2641/0.0000/2.7717 | prototype_bottleneck_strength=1.0000 | prototype_application_position=post_refine
DEBUG decoder visual FiLM [stage2] | film_gamma mean/std/min/max=0.0625/0.2516/0.0000/2.2850 | prototype_bottleneck_strength=1.0000 | prototype_application_position=post_refine
DEBUG decoder visual FiLM [stage3] | film_gamma mean/std/min/max=0.0625/1.3199/0.0000/57.9227 | prototype_bottleneck_strength=1.0000 | prototype_application_position=post_refine
DEBUG decoder visual FiLM [stage4] | film_gamma mean/std/min/max=0.0625/1.2478/0.0000/42.8014 | prototype_bottleneck_strength=1.0000 | prototype_application_position=post_refine
DEBUG factorized comparison [stage3] | query_norm_mean=1.9535 | key_norm_mean=0.8487 | context_mean=0.0001 | context_std=0.1076 | context_min=-0.2209 | context_max=0.3269 | total_candidate_weight=336.0000 | spatial_strength=0.0985 | spatial_freq_entropy=2.7725 | spatial_freq_weight_mean=0.6932 | rank=32
DEBUG factorized comparison [stage4] | query_norm_mean=1.2420 | key_norm_mean=1.1305 | context_mean=-0.0000 | context_std=0.1100 | context_min=-0.2169 | context_max=0.3283 | total_candidate_weight=84.0000 | spatial_strength=0.0986 | spatial_freq_entropy=2.7725 | spatial_freq_weight_mean=0.6943 | rank=32
patch-priority map [stage1] | mean=0.062500 | std=0.264088 | min=0.000000 | max=2.771686 | prototype_application_position=post_refine_unary_mask | prototype_bottleneck_strength=1.000000 | prototype_to_base_norm_ratio=1.656522
patch-priority map [stage2] | mean=0.062500 | std=0.251627 | min=0.000000 | max=2.285009 | prototype_application_position=post_refine_unary_mask | prototype_bottleneck_strength=1.000000 | prototype_to_base_norm_ratio=1.041906
patch-priority map [stage3] | mean=0.062500 | std=1.319850 | min=0.000000 | max=57.922710 | prototype_application_position=post_refine | prototype_bottleneck_strength=1.000000 | prototype_to_base_norm_ratio=2.333827
patch-priority map [stage4] | mean=0.062500 | std=1.247818 | min=0.000000 | max=42.801361 | prototype_application_position=post_refine | prototype_bottleneck_strength=1.000000 | prototype_to_base_norm_ratio=3.321394
Epoch 40/200
  Mean train loss: 0.428585
  Mean val loss:   0.609670
  Current LR:      4.53e-05
Val metrics   | CC: 0.5262 | SIM: 0.3855 | NSS: 3.0632
  Saved checkpoint: training_outputs/ckpts/20261002_204128/epoch_040.pth
  New best val loss: 0.609670 (saved training_outputs/ckpts/20261002_204128/best_checkpoint.pth)

Epoch 41/200
pred_saliency: shape=(2, 1, 224, 384) min=-4.0169 max=63.1337 mean=-2.8041 std=3.8034
sal_batch: shape=(2, 1, 360, 640) min=0.0000 max=1.0000 mean=0.0133 std=0.0691
DEBUG features_shape: {'stage1': (2, 96, 16, 56, 96), 'stage2': (2, 192, 16, 28, 48), 'stage3': (2, 384, 16, 14, 24), 'stage4': (2, 768, 16, 7, 12)}
DEBUG gate: no gate_debug available. This usually means return_concept_losses=False or lambda_gate=0.
DEBUG decoder visual FiLM [stage1] | film_gamma mean/std/min/max=0.0625/0.2630/0.0000/2.7600 | prototype_bottleneck_strength=1.0000 | prototype_application_position=post_refine
DEBUG decoder visual FiLM [stage2] | film_gamma mean/std/min/max=0.0625/0.2517/0.0000/2.5537 | prototype_bottleneck_strength=1.0000 | prototype_application_position=post_refine
DEBUG decoder visual FiLM [stage3] | film_gamma mean/std/min/max=0.0625/0.8732/0.0000/52.7685 | prototype_bottleneck_strength=1.0000 | prototype_application_position=post_refine
DEBUG decoder visual FiLM [stage4] | film_gamma mean/std/min/max=0.0625/0.9730/0.0000/39.7610 | prototype_bottleneck_strength=1.0000 | prototype_application_position=post_refine
DEBUG factorized comparison [stage3] | query_norm_mean=1.9250 | key_norm_mean=0.8565 | context_mean=0.0001 | context_std=0.1088 | context_min=-0.2328 | context_max=0.3463 | total_candidate_weight=336.0000 | spatial_strength=0.0985 | spatial_freq_entropy=2.7725 | spatial_freq_weight_mean=0.6932 | rank=32
DEBUG factorized comparison [stage4] | query_norm_mean=1.2339 | key_norm_mean=1.0962 | context_mean=0.0000 | context_std=0.1081 | context_min=-0.2380 | context_max=0.2771 | total_candidate_weight=84.0000 | spatial_strength=0.0986 | spatial_freq_entropy=2.7725 | spatial_freq_weight_mean=0.6943 | rank=32
patch-priority map [stage1] | mean=0.062500 | std=0.263020 | min=0.000000 | max=2.759952 | prototype_application_position=post_refine_unary_mask | prototype_bottleneck_strength=1.000000 | prototype_to_base_norm_ratio=1.154140
patch-priority map [stage2] | mean=0.062500 | std=0.251715 | min=0.000000 | max=2.553737 | prototype_application_position=post_refine_unary_mask | prototype_bottleneck_strength=1.000000 | prototype_to_base_norm_ratio=1.043683
patch-priority map [stage3] | mean=0.062500 | std=0.873157 | min=0.000000 | max=52.768497 | prototype_application_position=post_refine | prototype_bottleneck_strength=1.000000 | prototype_to_base_norm_ratio=1.516294
patch-priority map [stage4] | mean=0.062500 | std=0.972956 | min=0.000000 | max=39.760986 | prototype_application_position=post_refine | prototype_bottleneck_strength=1.000000 | prototype_to_base_norm_ratio=3.639832
DEBUG visual concept usage [stage1] top 10:
  concept 201: 3106 patches (28.89%)
  concept 271: 2579 patches (23.99%)
  concept 219: 1981 patches (18.42%)
  concept 483: 1130 patches (10.51%)
  concept 444: 413 patches (3.84%)
  concept 172: 168 patches (1.56%)
  concept 120: 88 patches (0.82%)
  concept 99: 69 patches (0.64%)
  concept 70: 62 patches (0.58%)
  concept 362: 53 patches (0.49%)
  normalized usage entropy: 0.9789
DEBUG visual concept usage [stage2] top 10:
  concept 363: 1318 patches (49.03%)
  concept 66: 845 patches (31.44%)
  concept 408: 484 patches (18.01%)
  concept 298: 13 patches (0.48%)
  concept 382: 12 patches (0.45%)
  concept 505: 5 patches (0.19%)
  concept 72: 2 patches (0.07%)
  concept 112: 2 patches (0.07%)
  concept 343: 2 patches (0.07%)
  concept 18: 1 patches (0.04%)
  normalized usage entropy: 0.9747
DEBUG visual concept usage [stage3] top 10:
  concept 327: 486 patches (72.32%)
  concept 506: 102 patches (15.18%)
  concept 25: 62 patches (9.23%)
  concept 292: 10 patches (1.49%)
  concept 398: 6 patches (0.89%)
  concept 430: 5 patches (0.74%)
  concept 263: 1 patches (0.15%)
  normalized usage entropy: 0.9675
DEBUG visual concept usage [stage4] top 10:
  concept 87: 9 patches (5.36%)
  concept 154: 8 patches (4.76%)
  concept 276: 7 patches (4.17%)
  concept 323: 6 patches (3.57%)
  concept 499: 6 patches (3.57%)
  concept 442: 5 patches (2.98%)
  concept 459: 5 patches (2.98%)
  concept 291: 4 patches (2.38%)
  concept 314: 4 patches (2.38%)
  concept 344: 4 patches (2.38%)
  normalized usage entropy: 0.9254
DEBUG pred min/max/mean/std: -4.016941070556641 63.133689880371094 -2.804068088531494 3.8033900260925293
DEBUG target min/max/mean/std: 0.0 1.0 0.01333107054233551 0.06909368932247162
DEBUG fixation pixels per sample: [190.0, 137.0]
DEBUG fix_batch min/max/mean/std: 0.0 1.0 0.0007096354383975267 0.026629557833075523
DEBUG losses: {'loss_total': 0.3207019567489624, 'loss_fid': 41.57357406616211, 'loss_patch_fid': 3.7707083225250244, 'loss_dense_fid': 3.723940134048462, 'loss_dense_bce': -0.0, 'loss_dense_kl': 34.07892608642578, 'loss_topk': -0.0, 'loss_delta': -0.0, 'loss_cc': 0.31302809715270996, 'loss_nss': -4.396302223205566, 'loss_sim': 0.5200633406639099, 'loss_concept_dense': 0.0, 'loss_concept_kl': 0.0, 'loss_align': 0.0, 'loss_sparse': 0.0, 'loss_div': 0.0, 'loss_gate': 0.0, 'loss_visual_entropy': 0.8163061141967773, 'loss_visual_equiv': 0.0, 'loss_visual_usage': 0.038367316126823425, 'loss_temporal_attention_entropy': 0.0, 'loss_total_concept': 0.34066861867904663, 'loss_decoder_side_aux': -0.06199350953102112, 'loss_priority_map': 1.3509000539779663, 'loss_priority_map_weighted': 0.13509000837802887, 'priority_map_loss': 1.3509000539779663, 'weighted_priority_map_loss': 0.13509000837802887, 'loss_priority_map_stage3': 1.5310394763946533, 'loss_priority_map_stage4': 1.1707606315612793, 'loss_side_stage4': -0.15509074926376343, 'loss_side_stage3': -0.11160454154014587, 'loss_side_stage2': -0.11460685729980469, 'loss_side_stage1': -0.12943744659423828}
DEBUG decoder visual FiLM [stage1] | film_gamma mean/std/min/max=0.0625/0.2624/0.0000/2.5384 | prototype_bottleneck_strength=1.0000 | prototype_application_position=post_refine
DEBUG decoder visual FiLM [stage2] | film_gamma mean/std/min/max=0.0625/0.2526/0.0000/2.4262 | prototype_bottleneck_strength=1.0000 | prototype_application_position=post_refine
DEBUG decoder visual FiLM [stage3] | film_gamma mean/std/min/max=0.0625/1.2621/0.0000/53.3759 | prototype_bottleneck_strength=1.0000 | prototype_application_position=post_refine
DEBUG decoder visual FiLM [stage4] | film_gamma mean/std/min/max=0.0625/1.2596/0.0000/43.4194 | prototype_bottleneck_strength=1.0000 | prototype_application_position=post_refine
DEBUG factorized comparison [stage3] | query_norm_mean=1.9850 | key_norm_mean=0.8460 | context_mean=0.0000 | context_std=0.1092 | context_min=-0.2299 | context_max=0.3209 | total_candidate_weight=336.0000 | spatial_strength=0.0985 | spatial_freq_entropy=2.7725 | spatial_freq_weight_mean=0.6933 | rank=32
DEBUG factorized comparison [stage4] | query_norm_mean=1.2414 | key_norm_mean=1.1164 | context_mean=0.0000 | context_std=0.1065 | context_min=-0.2184 | context_max=0.3283 | total_candidate_weight=84.0000 | spatial_strength=0.0986 | spatial_freq_entropy=2.7725 | spatial_freq_weight_mean=0.6944 | rank=32
patch-priority map [stage1] | mean=0.062500 | std=0.262356 | min=0.000000 | max=2.538351 | prototype_application_position=post_refine_unary_mask | prototype_bottleneck_strength=1.000000 | prototype_to_base_norm_ratio=1.478701
patch-priority map [stage2] | mean=0.062500 | std=0.252562 | min=0.000000 | max=2.426204 | prototype_application_position=post_refine_unary_mask | prototype_bottleneck_strength=1.000000 | prototype_to_base_norm_ratio=1.020261
patch-priority map [stage3] | mean=0.062500 | std=1.262080 | min=0.000000 | max=53.375885 | prototype_application_position=post_refine | prototype_bottleneck_strength=1.000000 | prototype_to_base_norm_ratio=1.727506
patch-priority map [stage4] | mean=0.062500 | std=1.259579 | min=0.000000 | max=43.419445 | prototype_application_position=post_refine | prototype_bottleneck_strength=1.000000 | prototype_to_base_norm_ratio=3.535976
Epoch 41/200
  Mean train loss: 0.445310
  Mean val loss:   0.599750
  Current LR:      4.51e-05
Val metrics   | CC: 0.5285 | SIM: 0.3832 | NSS: 3.1145
  Saved checkpoint: training_outputs/ckpts/20261002_204128/epoch_041.pth
  New best val loss: 0.599750 (saved training_outputs/ckpts/20261002_204128/best_checkpoint.pth)

Epoch 42/200
pred_saliency: shape=(2, 1, 224, 384) min=-4.1899 max=28.8040 mean=-3.1420 std=2.5323
sal_batch: shape=(2, 1, 360, 640) min=0.0000 max=1.0000 mean=0.0180 std=0.0856
DEBUG features_shape: {'stage1': (2, 96, 16, 56, 96), 'stage2': (2, 192, 16, 28, 48), 'stage3': (2, 384, 16, 14, 24), 'stage4': (2, 768, 16, 7, 12)}
DEBUG gate: no gate_debug available. This usually means return_concept_losses=False or lambda_gate=0.
DEBUG decoder visual FiLM [stage1] | film_gamma mean/std/min/max=0.0625/0.2621/0.0000/2.5297 | prototype_bottleneck_strength=1.0000 | prototype_application_position=post_refine
DEBUG decoder visual FiLM [stage2] | film_gamma mean/std/min/max=0.0625/0.2525/0.0000/2.5352 | prototype_bottleneck_strength=1.0000 | prototype_application_position=post_refine
DEBUG decoder visual FiLM [stage3] | film_gamma mean/std/min/max=0.0625/0.7121/0.0000/22.8903 | prototype_bottleneck_strength=1.0000 | prototype_application_position=post_refine
DEBUG decoder visual FiLM [stage4] | film_gamma mean/std/min/max=0.0625/0.6967/0.0000/18.0902 | prototype_bottleneck_strength=1.0000 | prototype_application_position=post_refine
DEBUG factorized comparison [stage3] | query_norm_mean=1.9456 | key_norm_mean=0.8565 | context_mean=0.0001 | context_std=0.1155 | context_min=-0.2299 | context_max=0.2701 | total_candidate_weight=336.0000 | spatial_strength=0.0985 | spatial_freq_entropy=2.7725 | spatial_freq_weight_mean=0.6933 | rank=32
DEBUG factorized comparison [stage4] | query_norm_mean=1.2452 | key_norm_mean=1.0838 | context_mean=0.0000 | context_std=0.1126 | context_min=-0.2515 | context_max=0.2726 | total_candidate_weight=84.0000 | spatial_strength=0.0986 | spatial_freq_entropy=2.7725 | spatial_freq_weight_mean=0.6944 | rank=32
patch-priority map [stage1] | mean=0.062500 | std=0.262073 | min=0.000000 | max=2.529662 | prototype_application_position=post_refine_unary_mask | prototype_bottleneck_strength=1.000000 | prototype_to_base_norm_ratio=1.173645
patch-priority map [stage2] | mean=0.062500 | std=0.252480 | min=0.000000 | max=2.535187 | prototype_application_position=post_refine_unary_mask | prototype_bottleneck_strength=1.000000 | prototype_to_base_norm_ratio=1.034804
patch-priority map [stage3] | mean=0.062500 | std=0.712055 | min=0.000000 | max=22.890308 | prototype_application_position=post_refine | prototype_bottleneck_strength=1.000000 | prototype_to_base_norm_ratio=1.131236
patch-priority map [stage4] | mean=0.062500 | std=0.696744 | min=0.000000 | max=18.090181 | prototype_application_position=post_refine | prototype_bottleneck_strength=1.000000 | prototype_to_base_norm_ratio=2.486677
DEBUG visual concept usage [stage1] top 10:
  concept 483: 3910 patches (36.37%)
  concept 271: 3330 patches (30.97%)
  concept 219: 1555 patches (14.46%)
  concept 201: 1522 patches (14.16%)
  concept 120: 51 patches (0.47%)
  concept 172: 23 patches (0.21%)
  concept 362: 21 patches (0.20%)
  concept 457: 17 patches (0.16%)
  concept 419: 15 patches (0.14%)
  concept 444: 15 patches (0.14%)
  normalized usage entropy: 0.9691
DEBUG visual concept usage [stage2] top 10:
  concept 408: 1147 patches (42.67%)
  concept 66: 1042 patches (38.76%)
  concept 363: 484 patches (18.01%)
  concept 298: 8 patches (0.30%)
  concept 505: 3 patches (0.11%)
  concept 112: 1 patches (0.04%)
  concept 367: 1 patches (0.04%)
  concept 373: 1 patches (0.04%)
  concept 395: 1 patches (0.04%)
  normalized usage entropy: 0.9785
DEBUG visual concept usage [stage3] top 10:
  concept 327: 371 patches (55.21%)
  concept 506: 101 patches (15.03%)
  concept 25: 81 patches (12.05%)
  concept 430: 57 patches (8.48%)
  concept 398: 42 patches (6.25%)
  concept 292: 19 patches (2.83%)
  concept 376: 1 patches (0.15%)
  normalized usage entropy: 0.9690
DEBUG visual concept usage [stage4] top 10:
  concept 154: 16 patches (9.52%)
  concept 87: 7 patches (4.17%)
  concept 351: 7 patches (4.17%)
  concept 353: 6 patches (3.57%)
  concept 397: 6 patches (3.57%)
  concept 291: 5 patches (2.98%)
  concept 446: 5 patches (2.98%)
  concept 278: 4 patches (2.38%)
  concept 444: 4 patches (2.38%)
  concept 280: 3 patches (1.79%)
  normalized usage entropy: 0.9261
DEBUG pred min/max/mean/std: -4.189875602722168 28.803983688354492 -3.142031669616699 2.5323057174682617
DEBUG target min/max/mean/std: 0.0 1.0 0.01798269897699356 0.08564288169145584
DEBUG fixation pixels per sample: [135.0, 189.0]
DEBUG fix_batch min/max/mean/std: 0.0 1.0 0.0007031250279396772 0.02650720812380314
DEBUG losses: {'loss_total': 1.3214144706726074, 'loss_fid': 19.146484375, 'loss_patch_fid': 3.737107038497925, 'loss_dense_fid': 3.688983917236328, 'loss_dense_bce': -0.0, 'loss_dense_kl': 11.720394134521484, 'loss_topk': -0.0, 'loss_delta': -0.0, 'loss_cc': 0.6402989625930786, 'loss_nss': -1.795934796333313, 'loss_sim': 0.7281452417373657, 'loss_concept_dense': 0.0, 'loss_concept_kl': 0.0, 'loss_align': 0.0, 'loss_sparse': 0.0, 'loss_div': 0.0, 'loss_gate': 0.0, 'loss_visual_entropy': 0.8220789432525635, 'loss_visual_equiv': 0.0, 'loss_visual_usage': 0.03930790722370148, 'loss_temporal_attention_entropy': 0.0, 'loss_total_concept': 0.32536953687667847, 'loss_decoder_side_aux': 0.2440774142742157, 'loss_priority_map': 2.55995512008667, 'loss_priority_map_weighted': 0.255995512008667, 'priority_map_loss': 2.55995512008667, 'weighted_priority_map_loss': 0.255995512008667, 'loss_priority_map_stage3': 2.5287179946899414, 'loss_priority_map_stage4': 2.5911922454833984, 'loss_side_stage4': 0.5508636236190796, 'loss_side_stage3': 0.5230360627174377, 'loss_side_stage2': 0.4944855272769928, 'loss_side_stage1': 0.45028895139694214}
DEBUG decoder visual FiLM [stage1] | film_gamma mean/std/min/max=0.0625/0.2624/0.0000/2.6199 | prototype_bottleneck_strength=1.0000 | prototype_application_position=post_refine
DEBUG decoder visual FiLM [stage2] | film_gamma mean/std/min/max=0.0625/0.2514/0.0000/2.1294 | prototype_bottleneck_strength=1.0000 | prototype_application_position=post_refine
DEBUG decoder visual FiLM [stage3] | film_gamma mean/std/min/max=0.0625/1.2821/0.0000/58.2024 | prototype_bottleneck_strength=1.0000 | prototype_application_position=post_refine
DEBUG decoder visual FiLM [stage4] | film_gamma mean/std/min/max=0.0625/1.2683/0.0000/43.2596 | prototype_bottleneck_strength=1.0000 | prototype_application_position=post_refine
DEBUG factorized comparison [stage3] | query_norm_mean=1.9021 | key_norm_mean=0.8258 | context_mean=0.0001 | context_std=0.1037 | context_min=-0.2060 | context_max=0.3060 | total_candidate_weight=336.0000 | spatial_strength=0.0985 | spatial_freq_entropy=2.7725 | spatial_freq_weight_mean=0.6933 | rank=32
DEBUG factorized comparison [stage4] | query_norm_mean=1.2107 | key_norm_mean=1.0895 | context_mean=-0.0000 | context_std=0.1031 | context_min=-0.2018 | context_max=0.3193 | total_candidate_weight=84.0000 | spatial_strength=0.0986 | spatial_freq_entropy=2.7725 | spatial_freq_weight_mean=0.6945 | rank=32
patch-priority map [stage1] | mean=0.062500 | std=0.262369 | min=0.000000 | max=2.619869 | prototype_application_position=post_refine_unary_mask | prototype_bottleneck_strength=1.000000 | prototype_to_base_norm_ratio=1.487120
patch-priority map [stage2] | mean=0.062500 | std=0.251417 | min=0.000000 | max=2.129399 | prototype_application_position=post_refine_unary_mask | prototype_bottleneck_strength=1.000000 | prototype_to_base_norm_ratio=1.021028
patch-priority map [stage3] | mean=0.062500 | std=1.282101 | min=0.000000 | max=58.202396 | prototype_application_position=post_refine | prototype_bottleneck_strength=1.000000 | prototype_to_base_norm_ratio=1.983844
patch-priority map [stage4] | mean=0.062500 | std=1.268287 | min=0.000000 | max=43.259617 | prototype_application_position=post_refine | prototype_bottleneck_strength=1.000000 | prototype_to_base_norm_ratio=3.648365
Epoch 42/200
  Mean train loss: 0.429522
  Mean val loss:   0.593248
  Current LR:      4.49e-05
Val metrics   | CC: 0.5312 | SIM: 0.3830 | NSS: 3.1199
  Saved checkpoint: training_outputs/ckpts/20261002_204128/epoch_042.pth
  New best val loss: 0.593248 (saved training_outputs/ckpts/20261002_204128/best_checkpoint.pth)

Epoch 43/200
pred_saliency: shape=(2, 1, 224, 384) min=-4.1335 max=50.8553 mean=-2.9561 std=3.6751
sal_batch: shape=(2, 1, 360, 640) min=0.0000 max=1.0000 mean=0.0138 std=0.0755
DEBUG features_shape: {'stage1': (2, 96, 16, 56, 96), 'stage2': (2, 192, 16, 28, 48), 'stage3': (2, 384, 16, 14, 24), 'stage4': (2, 768, 16, 7, 12)}
DEBUG gate: no gate_debug available. This usually means return_concept_losses=False or lambda_gate=0.
DEBUG decoder visual FiLM [stage1] | film_gamma mean/std/min/max=0.0625/0.2621/0.0000/2.6065 | prototype_bottleneck_strength=1.0000 | prototype_application_position=post_refine
DEBUG decoder visual FiLM [stage2] | film_gamma mean/std/min/max=0.0625/0.2512/0.0000/2.5752 | prototype_bottleneck_strength=1.0000 | prototype_application_position=post_refine
DEBUG decoder visual FiLM [stage3] | film_gamma mean/std/min/max=0.0625/0.8991/0.0000/38.7467 | prototype_bottleneck_strength=1.0000 | prototype_application_position=post_refine
DEBUG decoder visual FiLM [stage4] | film_gamma mean/std/min/max=0.0625/0.9995/0.0000/32.5941 | prototype_bottleneck_strength=1.0000 | prototype_application_position=post_refine
DEBUG factorized comparison [stage3] | query_norm_mean=1.8881 | key_norm_mean=0.8246 | context_mean=0.0000 | context_std=0.1009 | context_min=-0.2119 | context_max=0.2955 | total_candidate_weight=336.0000 | spatial_strength=0.0985 | spatial_freq_entropy=2.7725 | spatial_freq_weight_mean=0.6933 | rank=32
DEBUG factorized comparison [stage4] | query_norm_mean=1.2027 | key_norm_mean=1.0710 | context_mean=0.0000 | context_std=0.1008 | context_min=-0.2123 | context_max=0.2711 | total_candidate_weight=84.0000 | spatial_strength=0.0986 | spatial_freq_entropy=2.7725 | spatial_freq_weight_mean=0.6945 | rank=32
patch-priority map [stage1] | mean=0.062500 | std=0.262103 | min=0.000000 | max=2.606523 | prototype_application_position=post_refine_unary_mask | prototype_bottleneck_strength=1.000000 | prototype_to_base_norm_ratio=1.135493
patch-priority map [stage2] | mean=0.062500 | std=0.251188 | min=0.000000 | max=2.575237 | prototype_application_position=post_refine_unary_mask | prototype_bottleneck_strength=1.000000 | prototype_to_base_norm_ratio=1.095706
patch-priority map [stage3] | mean=0.062500 | std=0.899078 | min=0.000000 | max=38.746651 | prototype_application_position=post_refine | prototype_bottleneck_strength=1.000000 | prototype_to_base_norm_ratio=1.565194
patch-priority map [stage4] | mean=0.062500 | std=0.999466 | min=0.000000 | max=32.594116 | prototype_application_position=post_refine | prototype_bottleneck_strength=1.000000 | prototype_to_base_norm_ratio=3.242274
DEBUG visual concept usage [stage1] top 10:
  concept 271: 4898 patches (45.55%)
  concept 201: 2770 patches (25.76%)
  concept 483: 1349 patches (12.55%)
  concept 219: 1034 patches (9.62%)
  concept 444: 132 patches (1.23%)
  concept 172: 97 patches (0.90%)
  concept 120: 43 patches (0.40%)
  concept 10: 33 patches (0.31%)
  concept 457: 26 patches (0.24%)
  concept 99: 24 patches (0.22%)
  normalized usage entropy: 0.9699
DEBUG visual concept usage [stage2] top 10:
  concept 408: 1017 patches (37.83%)
  concept 66: 1004 patches (37.35%)
  concept 363: 594 patches (22.10%)
  concept 382: 59 patches (2.19%)
  concept 112: 4 patches (0.15%)
  concept 298: 4 patches (0.15%)
  concept 62: 1 patches (0.04%)
  concept 79: 1 patches (0.04%)
  concept 216: 1 patches (0.04%)
  concept 367: 1 patches (0.04%)
  normalized usage entropy: 0.9774
DEBUG visual concept usage [stage3] top 10:
  concept 327: 392 patches (58.33%)
  concept 506: 138 patches (20.54%)
  concept 398: 77 patches (11.46%)
  concept 25: 51 patches (7.59%)
  concept 430: 11 patches (1.64%)
  concept 292: 3 patches (0.45%)
  normalized usage entropy: 0.9605
DEBUG visual concept usage [stage4] top 10:
  concept 351: 14 patches (8.33%)
  concept 154: 9 patches (5.36%)
  concept 87: 7 patches (4.17%)
  concept 281: 5 patches (2.98%)
  concept 432: 5 patches (2.98%)
  concept 496: 5 patches (2.98%)
  concept 283: 4 patches (2.38%)
  concept 353: 4 patches (2.38%)
  concept 354: 4 patches (2.38%)
  concept 359: 4 patches (2.38%)
  normalized usage entropy: 0.9222
DEBUG pred min/max/mean/std: -4.133496284484863 50.855308532714844 -2.956143617630005 3.675121307373047
DEBUG target min/max/mean/std: 0.0 1.0 0.013841801322996616 0.07551359385251999
DEBUG fixation pixels per sample: [139.0, 140.0]
DEBUG fix_batch min/max/mean/std: 0.0 1.0 0.0006054687546566129 0.024598851799964905
DEBUG losses: {'loss_total': 0.12511543929576874, 'loss_fid': 36.08937454223633, 'loss_patch_fid': 3.9590003490448, 'loss_dense_fid': 3.9126508235931396, 'loss_dense_bce': -0.0, 'loss_dense_kl': 28.217723846435547, 'loss_topk': -0.0, 'loss_delta': -0.0, 'loss_cc': 0.25462639331817627, 'loss_nss': -4.337178707122803, 'loss_sim': 0.5289732813835144, 'loss_concept_dense': 0.0, 'loss_concept_kl': 0.0, 'loss_align': 0.0, 'loss_sparse': 0.0, 'loss_div': 0.0, 'loss_gate': 0.0, 'loss_visual_entropy': 0.8007319569587708, 'loss_visual_equiv': 0.0, 'loss_visual_usage': 0.04249747097492218, 'loss_temporal_attention_entropy': 0.0, 'loss_total_concept': 0.2653868794441223, 'loss_decoder_side_aux': -0.10155100375413895, 'loss_priority_map': 1.0397429466247559, 'loss_priority_map_weighted': 0.10397429764270782, 'priority_map_loss': 1.0397429466247559, 'weighted_priority_map_loss': 0.10397429764270782, 'loss_priority_map_stage3': 1.0474097728729248, 'loss_priority_map_stage4': 1.0320760011672974, 'loss_side_stage4': -0.2253013253211975, 'loss_side_stage3': -0.22904890775680542, 'loss_side_stage2': -0.19924911856651306, 'loss_side_stage1': -0.18746837973594666}
DEBUG decoder visual FiLM [stage1] | film_gamma mean/std/min/max=0.0625/0.2669/0.0000/3.0281 | prototype_bottleneck_strength=1.0000 | prototype_application_position=post_refine
DEBUG decoder visual FiLM [stage2] | film_gamma mean/std/min/max=0.0625/0.2518/0.0000/2.2469 | prototype_bottleneck_strength=1.0000 | prototype_application_position=post_refine
DEBUG decoder visual FiLM [stage3] | film_gamma mean/std/min/max=0.0625/1.4056/0.0000/65.9962 | prototype_bottleneck_strength=1.0000 | prototype_application_position=post_refine
DEBUG decoder visual FiLM [stage4] | film_gamma mean/std/min/max=0.0625/1.2985/0.0000/44.7550 | prototype_bottleneck_strength=1.0000 | prototype_application_position=post_refine
DEBUG factorized comparison [stage3] | query_norm_mean=2.0191 | key_norm_mean=0.8447 | context_mean=0.0001 | context_std=0.1106 | context_min=-0.2209 | context_max=0.3373 | total_candidate_weight=336.0000 | spatial_strength=0.0984 | spatial_freq_entropy=2.7725 | spatial_freq_weight_mean=0.6933 | rank=32
DEBUG factorized comparison [stage4] | query_norm_mean=1.2437 | key_norm_mean=1.1295 | context_mean=0.0001 | context_std=0.1086 | context_min=-0.2123 | context_max=0.3328 | total_candidate_weight=84.0000 | spatial_strength=0.0986 | spatial_freq_entropy=2.7725 | spatial_freq_weight_mean=0.6945 | rank=32
patch-priority map [stage1] | mean=0.062500 | std=0.266927 | min=0.000000 | max=3.028103 | prototype_application_position=post_refine_unary_mask | prototype_bottleneck_strength=1.000000 | prototype_to_base_norm_ratio=1.608652
patch-priority map [stage2] | mean=0.062500 | std=0.251784 | min=0.000000 | max=2.246899 | prototype_application_position=post_refine_unary_mask | prototype_bottleneck_strength=1.000000 | prototype_to_base_norm_ratio=1.003262
patch-priority map [stage3] | mean=0.062500 | std=1.405602 | min=0.000000 | max=65.996185 | prototype_application_position=post_refine | prototype_bottleneck_strength=1.000000 | prototype_to_base_norm_ratio=2.241506
patch-priority map [stage4] | mean=0.062500 | std=1.298534 | min=0.000000 | max=44.754951 | prototype_application_position=post_refine | prototype_bottleneck_strength=1.000000 | prototype_to_base_norm_ratio=3.472905
Epoch 43/200
  Mean train loss: 0.412298
  Mean val loss:   0.597886
  Current LR:      4.46e-05
Val metrics   | CC: 0.5252 | SIM: 0.3882 | NSS: 3.1026
  Saved checkpoint: training_outputs/ckpts/20261002_204128/epoch_043.pth

Epoch 44/200
pred_saliency: shape=(2, 1, 224, 384) min=-4.3593 max=44.6343 mean=-2.6763 std=4.6977
sal_batch: shape=(2, 1, 360, 640) min=0.0000 max=1.0000 mean=0.0176 std=0.0757
DEBUG features_shape: {'stage1': (2, 96, 16, 56, 96), 'stage2': (2, 192, 16, 28, 48), 'stage3': (2, 384, 16, 14, 24), 'stage4': (2, 768, 16, 7, 12)}
DEBUG gate: no gate_debug available. This usually means return_concept_losses=False or lambda_gate=0.
DEBUG decoder visual FiLM [stage1] | film_gamma mean/std/min/max=0.0625/0.2668/0.0000/3.0025 | prototype_bottleneck_strength=1.0000 | prototype_application_position=post_refine
DEBUG decoder visual FiLM [stage2] | film_gamma mean/std/min/max=0.0625/0.2513/0.0000/2.3780 | prototype_bottleneck_strength=1.0000 | prototype_application_position=post_refine
DEBUG decoder visual FiLM [stage3] | film_gamma mean/std/min/max=0.0625/0.7990/0.0000/24.5585 | prototype_bottleneck_strength=1.0000 | prototype_application_position=post_refine
DEBUG decoder visual FiLM [stage4] | film_gamma mean/std/min/max=0.0625/0.8187/0.0000/22.5368 | prototype_bottleneck_strength=1.0000 | prototype_application_position=post_refine
DEBUG factorized comparison [stage3] | query_norm_mean=1.9726 | key_norm_mean=0.8559 | context_mean=0.0002 | context_std=0.1203 | context_min=-0.2343 | context_max=0.3075 | total_candidate_weight=336.0000 | spatial_strength=0.0984 | spatial_freq_entropy=2.7725 | spatial_freq_weight_mean=0.6933 | rank=32
DEBUG factorized comparison [stage4] | query_norm_mean=1.2564 | key_norm_mean=1.1197 | context_mean=0.0001 | context_std=0.1166 | context_min=-0.2304 | context_max=0.2786 | total_candidate_weight=84.0000 | spatial_strength=0.0986 | spatial_freq_entropy=2.7725 | spatial_freq_weight_mean=0.6945 | rank=32
patch-priority map [stage1] | mean=0.062500 | std=0.266819 | min=0.000000 | max=3.002472 | prototype_application_position=post_refine_unary_mask | prototype_bottleneck_strength=1.000000 | prototype_to_base_norm_ratio=1.316175
patch-priority map [stage2] | mean=0.062500 | std=0.251252 | min=0.000000 | max=2.378009 | prototype_application_position=post_refine_unary_mask | prototype_bottleneck_strength=1.000000 | prototype_to_base_norm_ratio=1.035878
patch-priority map [stage3] | mean=0.062500 | std=0.799002 | min=0.000000 | max=24.558481 | prototype_application_position=post_refine | prototype_bottleneck_strength=1.000000 | prototype_to_base_norm_ratio=1.276254
patch-priority map [stage4] | mean=0.062500 | std=0.818703 | min=0.000000 | max=22.536827 | prototype_application_position=post_refine | prototype_bottleneck_strength=1.000000 | prototype_to_base_norm_ratio=1.808011
DEBUG visual concept usage [stage1] top 10:
  concept 271: 6723 patches (62.53%)
  concept 201: 1409 patches (13.10%)
  concept 219: 1294 patches (12.03%)
  concept 483: 575 patches (5.35%)
  concept 444: 173 patches (1.61%)
  concept 172: 62 patches (0.58%)
  concept 88: 56 patches (0.52%)
  concept 10: 34 patches (0.32%)
  concept 120: 31 patches (0.29%)
  concept 23: 29 patches (0.27%)
  normalized usage entropy: 0.9750
DEBUG visual concept usage [stage2] top 10:
  concept 363: 1244 patches (46.28%)
  concept 66: 737 patches (27.42%)
  concept 408: 383 patches (14.25%)
  concept 382: 320 patches (11.90%)
  concept 112: 2 patches (0.07%)
  concept 298: 2 patches (0.07%)
  normalized usage entropy: 0.9772
DEBUG visual concept usage [stage3] top 10:
  concept 327: 341 patches (50.74%)
  concept 506: 121 patches (18.01%)
  concept 398: 104 patches (15.48%)
  concept 25: 90 patches (13.39%)
  concept 292: 10 patches (1.49%)
  concept 430: 6 patches (0.89%)
  normalized usage entropy: 0.9653
DEBUG visual concept usage [stage4] top 10:
  concept 154: 13 patches (7.74%)
  concept 276: 11 patches (6.55%)
  concept 275: 8 patches (4.76%)
  concept 397: 7 patches (4.17%)
  concept 87: 5 patches (2.98%)
  concept 351: 5 patches (2.98%)
  concept 404: 5 patches (2.98%)
  concept 432: 5 patches (2.98%)
  concept 442: 5 patches (2.98%)
  concept 499: 5 patches (2.98%)
  normalized usage entropy: 0.9068
DEBUG pred min/max/mean/std: -4.359278678894043 44.63429260253906 -2.676304817199707 4.6977219581604
DEBUG target min/max/mean/std: 0.0 1.0 0.017581801861524582 0.07567840069532394
DEBUG fixation pixels per sample: [233.0, 105.0]
DEBUG fix_batch min/max/mean/std: 0.0 1.0 0.0007335069822147489 0.02707342617213726
DEBUG losses: {'loss_total': 0.45801258087158203, 'loss_fid': 34.84336471557617, 'loss_patch_fid': 4.3643598556518555, 'loss_dense_fid': 4.317837238311768, 'loss_dense_bce': -0.0, 'loss_dense_kl': 26.16116714477539, 'loss_topk': -0.0, 'loss_delta': -0.0, 'loss_cc': 0.35234320163726807, 'loss_nss': -3.3646538257598877, 'loss_sim': 0.5145807862281799, 'loss_concept_dense': 0.0, 'loss_concept_kl': 0.0, 'loss_align': 0.0, 'loss_sparse': 0.0, 'loss_div': 0.0, 'loss_gate': 0.0, 'loss_visual_entropy': 0.8047988414764404, 'loss_visual_equiv': 0.0, 'loss_visual_usage': 0.04392191767692566, 'loss_temporal_attention_entropy': 0.0, 'loss_total_concept': 0.2946279048919678, 'loss_decoder_side_aux': 0.014936759136617184, 'loss_priority_map': 0.9522787928581238, 'loss_priority_map_weighted': 0.09522788226604462, 'priority_map_loss': 0.9522787928581238, 'weighted_priority_map_loss': 0.09522788226604462, 'loss_priority_map_stage3': 1.046952486038208, 'loss_priority_map_stage4': 0.8576050996780396, 'loss_side_stage4': 0.12556955218315125, 'loss_side_stage3': 0.03537145256996155, 'loss_side_stage2': 0.009010076522827148, 'loss_side_stage1': 0.018848121166229248}
DEBUG decoder visual FiLM [stage1] | film_gamma mean/std/min/max=0.0625/0.2636/0.0000/2.6412 | prototype_bottleneck_strength=1.0000 | prototype_application_position=post_refine
DEBUG decoder visual FiLM [stage2] | film_gamma mean/std/min/max=0.0625/0.2532/0.0000/2.2838 | prototype_bottleneck_strength=1.0000 | prototype_application_position=post_refine
DEBUG decoder visual FiLM [stage3] | film_gamma mean/std/min/max=0.0625/1.1591/0.0000/48.7331 | prototype_bottleneck_strength=1.0000 | prototype_application_position=post_refine
DEBUG decoder visual FiLM [stage4] | film_gamma mean/std/min/max=0.0625/1.2024/0.0000/40.7774 | prototype_bottleneck_strength=1.0000 | prototype_application_position=post_refine
DEBUG factorized comparison [stage3] | query_norm_mean=1.8831 | key_norm_mean=0.8047 | context_mean=0.0001 | context_std=0.1022 | context_min=-0.2045 | context_max=0.2910 | total_candidate_weight=336.0000 | spatial_strength=0.0985 | spatial_freq_entropy=2.7725 | spatial_freq_weight_mean=0.6934 | rank=32
DEBUG factorized comparison [stage4] | query_norm_mean=1.2274 | key_norm_mean=1.0809 | context_mean=0.0001 | context_std=0.1064 | context_min=-0.2169 | context_max=0.3087 | total_candidate_weight=84.0000 | spatial_strength=0.0986 | spatial_freq_entropy=2.7725 | spatial_freq_weight_mean=0.6945 | rank=32
patch-priority map [stage1] | mean=0.062500 | std=0.263612 | min=0.000000 | max=2.641162 | prototype_application_position=post_refine_unary_mask | prototype_bottleneck_strength=1.000000 | prototype_to_base_norm_ratio=1.507956
patch-priority map [stage2] | mean=0.062500 | std=0.253218 | min=0.000000 | max=2.283829 | prototype_application_position=post_refine_unary_mask | prototype_bottleneck_strength=1.000000 | prototype_to_base_norm_ratio=1.001410
patch-priority map [stage3] | mean=0.062500 | std=1.159095 | min=0.000000 | max=48.733147 | prototype_application_position=post_refine | prototype_bottleneck_strength=1.000000 | prototype_to_base_norm_ratio=1.752817
patch-priority map [stage4] | mean=0.062500 | std=1.202382 | min=0.000000 | max=40.777420 | prototype_application_position=post_refine | prototype_bottleneck_strength=1.000000 | prototype_to_base_norm_ratio=3.194958
Epoch 44/200
  Mean train loss: 0.417392
  Mean val loss:   0.590613
  Current LR:      4.44e-05
Val metrics   | CC: 0.5295 | SIM: 0.3792 | NSS: 3.1084
  Saved checkpoint: training_outputs/ckpts/20261002_204128/epoch_044.pth
  New best val loss: 0.590613 (saved training_outputs/ckpts/20261002_204128/best_checkpoint.pth)

Epoch 45/200
pred_saliency: shape=(2, 1, 224, 384) min=-4.3014 max=64.3380 mean=-2.9576 std=4.4686
sal_batch: shape=(2, 1, 360, 640) min=0.0000 max=1.0000 mean=0.0161 std=0.0782
DEBUG features_shape: {'stage1': (2, 96, 16, 56, 96), 'stage2': (2, 192, 16, 28, 48), 'stage3': (2, 384, 16, 14, 24), 'stage4': (2, 768, 16, 7, 12)}
DEBUG gate: no gate_debug available. This usually means return_concept_losses=False or lambda_gate=0.
DEBUG decoder visual FiLM [stage1] | film_gamma mean/std/min/max=0.0625/0.2634/0.0000/2.6270 | prototype_bottleneck_strength=1.0000 | prototype_application_position=post_refine
DEBUG decoder visual FiLM [stage2] | film_gamma mean/std/min/max=0.0625/0.2527/0.0000/2.5028 | prototype_bottleneck_strength=1.0000 | prototype_application_position=post_refine
DEBUG decoder visual FiLM [stage3] | film_gamma mean/std/min/max=0.0625/0.9123/0.0000/42.1511 | prototype_bottleneck_strength=1.0000 | prototype_application_position=post_refine
DEBUG decoder visual FiLM [stage4] | film_gamma mean/std/min/max=0.0625/0.8263/0.0000/22.7294 | prototype_bottleneck_strength=1.0000 | prototype_application_position=post_refine
DEBUG factorized comparison [stage3] | query_norm_mean=1.8762 | key_norm_mean=0.8141 | context_mean=0.0001 | context_std=0.1115 | context_min=-0.2179 | context_max=0.3075 | total_candidate_weight=336.0000 | spatial_strength=0.0985 | spatial_freq_entropy=2.7725 | spatial_freq_weight_mean=0.6934 | rank=32
DEBUG factorized comparison [stage4] | query_norm_mean=1.2132 | key_norm_mean=1.0887 | context_mean=0.0000 | context_std=0.1101 | context_min=-0.2455 | context_max=0.2937 | total_candidate_weight=84.0000 | spatial_strength=0.0986 | spatial_freq_entropy=2.7725 | spatial_freq_weight_mean=0.6945 | rank=32
patch-priority map [stage1] | mean=0.062500 | std=0.263415 | min=0.000000 | max=2.627019 | prototype_application_position=post_refine_unary_mask | prototype_bottleneck_strength=1.000000 | prototype_to_base_norm_ratio=1.251971
patch-priority map [stage2] | mean=0.062500 | std=0.252730 | min=0.000000 | max=2.502794 | prototype_application_position=post_refine_unary_mask | prototype_bottleneck_strength=1.000000 | prototype_to_base_norm_ratio=1.024405
patch-priority map [stage3] | mean=0.062500 | std=0.912260 | min=0.000000 | max=42.151108 | prototype_application_position=post_refine | prototype_bottleneck_strength=1.000000 | prototype_to_base_norm_ratio=1.495360
patch-priority map [stage4] | mean=0.062500 | std=0.826341 | min=0.000000 | max=22.729389 | prototype_application_position=post_refine | prototype_bottleneck_strength=1.000000 | prototype_to_base_norm_ratio=2.523100
DEBUG visual concept usage [stage1] top 10:
  concept 201: 3369 patches (31.33%)
  concept 483: 2586 patches (24.05%)
  concept 219: 1985 patches (18.46%)
  concept 271: 1419 patches (13.20%)
  concept 444: 499 patches (4.64%)
  concept 434: 103 patches (0.96%)
  concept 346: 86 patches (0.80%)
  concept 172: 73 patches (0.68%)
  concept 88: 52 patches (0.48%)
  concept 120: 52 patches (0.48%)
  normalized usage entropy: 0.9534
DEBUG visual concept usage [stage2] top 10:
  concept 66: 1135 patches (42.22%)
  concept 363: 901 patches (33.52%)
  concept 408: 589 patches (21.91%)
  concept 382: 53 patches (1.97%)
  concept 298: 7 patches (0.26%)
  concept 505: 3 patches (0.11%)
  normalized usage entropy: 0.9772
DEBUG visual concept usage [stage3] top 10:
  concept 327: 312 patches (46.43%)
  concept 398: 169 patches (25.15%)
  concept 506: 105 patches (15.62%)
  concept 25: 72 patches (10.71%)
  concept 430: 10 patches (1.49%)
  concept 292: 4 patches (0.60%)
  normalized usage entropy: 0.9657
DEBUG visual concept usage [stage4] top 10:
  concept 154: 11 patches (6.55%)
  concept 351: 8 patches (4.76%)
  concept 276: 6 patches (3.57%)
  concept 466: 6 patches (3.57%)
  concept 275: 5 patches (2.98%)
  concept 509: 5 patches (2.98%)
  concept 330: 4 patches (2.38%)
  concept 404: 4 patches (2.38%)
  concept 442: 4 patches (2.38%)
  concept 475: 4 patches (2.38%)
  normalized usage entropy: 0.9151
DEBUG pred min/max/mean/std: -4.301428318023682 64.33798217773438 -2.957559585571289 4.468629360198975
DEBUG target min/max/mean/std: 0.0 1.0 0.016123954206705093 0.07815825194120407
DEBUG fixation pixels per sample: [174.0, 123.0]
DEBUG fix_batch min/max/mean/std: 0.0 1.0 0.0006445312756113708 0.025379465892910957
DEBUG losses: {'loss_total': 0.2970700263977051, 'loss_fid': 35.91895294189453, 'loss_patch_fid': 4.164988040924072, 'loss_dense_fid': 4.116195201873779, 'loss_dense_bce': -0.0, 'loss_dense_kl': 27.637771606445312, 'loss_topk': -0.0, 'loss_delta': -0.0, 'loss_cc': 0.2974361777305603, 'loss_nss': -4.346429347991943, 'loss_sim': 0.4986993670463562, 'loss_concept_dense': 0.0, 'loss_concept_kl': 0.0, 'loss_align': 0.0, 'loss_sparse': 0.0, 'loss_div': 0.0, 'loss_gate': 0.0, 'loss_visual_entropy': 0.8019546866416931, 'loss_visual_equiv': 0.0, 'loss_visual_usage': 0.04713617265224457, 'loss_temporal_attention_entropy': 0.0, 'loss_total_concept': 0.3187245726585388, 'loss_decoder_side_aux': -0.06811681389808655, 'loss_priority_map': 1.441704511642456, 'loss_priority_map_weighted': 0.14417044818401337, 'priority_map_loss': 1.441704511642456, 'weighted_priority_map_loss': 0.14417044818401337, 'loss_priority_map_stage3': 1.1169006824493408, 'loss_priority_map_stage4': 1.7665084600448608, 'loss_side_stage4': -0.11278721690177917, 'loss_side_stage3': -0.14299029111862183, 'loss_side_stage2': -0.13154861330986023, 'loss_side_stage1': -0.14223065972328186}
DEBUG decoder visual FiLM [stage1] | film_gamma mean/std/min/max=0.0625/0.2625/0.0000/2.6325 | prototype_bottleneck_strength=1.0000 | prototype_application_position=post_refine
DEBUG decoder visual FiLM [stage2] | film_gamma mean/std/min/max=0.0625/0.2530/0.0000/2.3945 | prototype_bottleneck_strength=1.0000 | prototype_application_position=post_refine
DEBUG decoder visual FiLM [stage3] | film_gamma mean/std/min/max=0.0625/1.2000/0.0000/50.9832 | prototype_bottleneck_strength=1.0000 | prototype_application_position=post_refine
DEBUG decoder visual FiLM [stage4] | film_gamma mean/std/min/max=0.0625/1.2355/0.0000/42.2573 | prototype_bottleneck_strength=1.0000 | prototype_application_position=post_refine
DEBUG factorized comparison [stage3] | query_norm_mean=1.8325 | key_norm_mean=0.7931 | context_mean=0.0001 | context_std=0.0981 | context_min=-0.1985 | context_max=0.2836 | total_candidate_weight=336.0000 | spatial_strength=0.0985 | spatial_freq_entropy=2.7725 | spatial_freq_weight_mean=0.6935 | rank=32
DEBUG factorized comparison [stage4] | query_norm_mean=1.1958 | key_norm_mean=1.0672 | context_mean=0.0001 | context_std=0.0988 | context_min=-0.2093 | context_max=0.3027 | total_candidate_weight=84.0000 | spatial_strength=0.0986 | spatial_freq_entropy=2.7725 | spatial_freq_weight_mean=0.6946 | rank=32
patch-priority map [stage1] | mean=0.062500 | std=0.262534 | min=0.000000 | max=2.632512 | prototype_application_position=post_refine_unary_mask | prototype_bottleneck_strength=1.000000 | prototype_to_base_norm_ratio=1.468838
patch-priority map [stage2] | mean=0.062500 | std=0.253034 | min=0.000000 | max=2.394450 | prototype_application_position=post_refine_unary_mask | prototype_bottleneck_strength=1.000000 | prototype_to_base_norm_ratio=0.997382
patch-priority map [stage3] | mean=0.062500 | std=1.200038 | min=0.000000 | max=50.983181 | prototype_application_position=post_refine | prototype_bottleneck_strength=1.000000 | prototype_to_base_norm_ratio=1.938981
patch-priority map [stage4] | mean=0.062500 | std=1.235504 | min=0.000000 | max=42.257347 | prototype_application_position=post_refine | prototype_bottleneck_strength=1.000000 | prototype_to_base_norm_ratio=3.098197
Epoch 45/200
  Mean train loss: 0.395875
  Mean val loss:   0.581923
  Current LR:      4.41e-05
Val metrics   | CC: 0.5349 | SIM: 0.3799 | NSS: 3.1253
  Saved checkpoint: training_outputs/ckpts/20261002_204128/epoch_045.pth
  New best val loss: 0.581923 (saved training_outputs/ckpts/20261002_204128/best_checkpoint.pth)

Epoch 46/200
pred_saliency: shape=(2, 1, 224, 384) min=-4.0095 max=64.5393 mean=-2.5440 std=4.5550
sal_batch: shape=(2, 1, 360, 640) min=0.0000 max=1.0000 mean=0.0151 std=0.0733
DEBUG features_shape: {'stage1': (2, 96, 16, 56, 96), 'stage2': (2, 192, 16, 28, 48), 'stage3': (2, 384, 16, 14, 24), 'stage4': (2, 768, 16, 7, 12)}
DEBUG gate: no gate_debug available. This usually means return_concept_losses=False or lambda_gate=0.
DEBUG decoder visual FiLM [stage1] | film_gamma mean/std/min/max=0.0625/0.2624/0.0000/2.4642 | prototype_bottleneck_strength=1.0000 | prototype_application_position=post_refine
DEBUG decoder visual FiLM [stage2] | film_gamma mean/std/min/max=0.0625/0.2538/0.0000/2.5268 | prototype_bottleneck_strength=1.0000 | prototype_application_position=post_refine
DEBUG decoder visual FiLM [stage3] | film_gamma mean/std/min/max=0.0625/0.8647/0.0000/32.6279 | prototype_bottleneck_strength=1.0000 | prototype_application_position=post_refine
DEBUG decoder visual FiLM [stage4] | film_gamma mean/std/min/max=0.0625/0.8984/0.0000/33.0094 | prototype_bottleneck_strength=1.0000 | prototype_application_position=post_refine
DEBUG factorized comparison [stage3] | query_norm_mean=1.7910 | key_norm_mean=0.8066 | context_mean=0.0001 | context_std=0.1063 | context_min=-0.2149 | context_max=0.2836 | total_candidate_weight=336.0000 | spatial_strength=0.0985 | spatial_freq_entropy=2.7725 | spatial_freq_weight_mean=0.6935 | rank=32
DEBUG factorized comparison [stage4] | query_norm_mean=1.2050 | key_norm_mean=1.0591 | context_mean=0.0000 | context_std=0.1075 | context_min=-0.2139 | context_max=0.2726 | total_candidate_weight=84.0000 | spatial_strength=0.0986 | spatial_freq_entropy=2.7725 | spatial_freq_weight_mean=0.6946 | rank=32
patch-priority map [stage1] | mean=0.062500 | std=0.262381 | min=0.000000 | max=2.464211 | prototype_application_position=post_refine_unary_mask | prototype_bottleneck_strength=1.000000 | prototype_to_base_norm_ratio=1.232378
patch-priority map [stage2] | mean=0.062500 | std=0.253777 | min=0.000000 | max=2.526759 | prototype_application_position=post_refine_unary_mask | prototype_bottleneck_strength=1.000000 | prototype_to_base_norm_ratio=1.030664
patch-priority map [stage3] | mean=0.062500 | std=0.864721 | min=0.000000 | max=32.627869 | prototype_application_position=post_refine | prototype_bottleneck_strength=1.000000 | prototype_to_base_norm_ratio=1.532351
patch-priority map [stage4] | mean=0.062500 | std=0.898352 | min=0.000000 | max=33.009388 | prototype_application_position=post_refine | prototype_bottleneck_strength=1.000000 | prototype_to_base_norm_ratio=2.746620
DEBUG visual concept usage [stage1] top 10:
  concept 271: 6087 patches (56.61%)
  concept 201: 1767 patches (16.43%)
  concept 483: 1639 patches (15.24%)
  concept 219: 940 patches (8.74%)
  concept 88: 44 patches (0.41%)
  concept 172: 21 patches (0.20%)
  concept 120: 20 patches (0.19%)
  concept 362: 20 patches (0.19%)
  concept 273: 18 patches (0.17%)
  concept 47: 14 patches (0.13%)
  normalized usage entropy: 0.9649
DEBUG visual concept usage [stage2] top 10:
  concept 408: 1394 patches (51.86%)
  concept 66: 894 patches (33.26%)
  concept 363: 297 patches (11.05%)
  concept 382: 82 patches (3.05%)
  concept 298: 9 patches (0.33%)
  concept 505: 6 patches (0.22%)
  concept 112: 1 patches (0.04%)
  concept 239: 1 patches (0.04%)
  concept 327: 1 patches (0.04%)
  concept 367: 1 patches (0.04%)
  normalized usage entropy: 0.9800
DEBUG visual concept usage [stage3] top 10:
  concept 327: 325 patches (48.36%)
  concept 506: 121 patches (18.01%)
  concept 25: 95 patches (14.14%)
  concept 398: 95 patches (14.14%)
  concept 430: 27 patches (4.02%)
  concept 292: 9 patches (1.34%)
  normalized usage entropy: 0.9677
DEBUG visual concept usage [stage4] top 10:
  concept 154: 16 patches (9.52%)
  concept 330: 9 patches (5.36%)
  concept 351: 7 patches (4.17%)
  concept 472: 7 patches (4.17%)
  concept 449: 5 patches (2.98%)
  concept 276: 4 patches (2.38%)
  concept 344: 4 patches (2.38%)
  concept 404: 4 patches (2.38%)
  concept 444: 4 patches (2.38%)
  concept 499: 4 patches (2.38%)
  normalized usage entropy: 0.9142
DEBUG pred min/max/mean/std: -4.009451866149902 64.53929138183594 -2.544046401977539 4.555034160614014
DEBUG target min/max/mean/std: 0.0 1.0 0.015132073312997818 0.0733179897069931
DEBUG fixation pixels per sample: [242.0, 207.0]
DEBUG fix_batch min/max/mean/std: 0.0 1.0 0.0009743924019858241 0.03120008111000061
DEBUG losses: {'loss_total': -0.03364942967891693, 'loss_fid': 27.628982543945312, 'loss_patch_fid': 3.9593048095703125, 'loss_dense_fid': 3.9159579277038574, 'loss_dense_bce': -0.0, 'loss_dense_kl': 19.753719329833984, 'loss_topk': -0.0, 'loss_delta': -0.0, 'loss_cc': 0.20578527450561523, 'loss_nss': -4.654437065124512, 'loss_sim': 0.44540470838546753, 'loss_concept_dense': 0.0, 'loss_concept_kl': 0.0, 'loss_align': 0.0, 'loss_sparse': 0.0, 'loss_div': 0.0, 'loss_gate': 0.0, 'loss_visual_entropy': 0.796614944934845, 'loss_visual_equiv': 0.0, 'loss_visual_usage': 0.04328317940235138, 'loss_temporal_attention_entropy': 0.0, 'loss_total_concept': 0.24734200537204742, 'loss_decoder_side_aux': -0.1276489496231079, 'loss_priority_map': 0.6980758905410767, 'loss_priority_map_weighted': 0.06980758905410767, 'priority_map_loss': 0.6980758905410767, 'weighted_priority_map_loss': 0.06980758905410767, 'loss_priority_map_stage3': 0.746196448802948, 'loss_priority_map_stage4': 0.6499552726745605, 'loss_side_stage4': -0.2405724823474884, 'loss_side_stage3': -0.26954975724220276, 'loss_side_stage2': -0.2514358460903168, 'loss_side_stage1': -0.2547498345375061}
DEBUG decoder visual FiLM [stage1] | film_gamma mean/std/min/max=0.0625/0.2640/0.0000/2.6408 | prototype_bottleneck_strength=1.0000 | prototype_application_position=post_refine
DEBUG decoder visual FiLM [stage2] | film_gamma mean/std/min/max=0.0625/0.2511/0.0000/2.1347 | prototype_bottleneck_strength=1.0000 | prototype_application_position=post_refine
DEBUG decoder visual FiLM [stage3] | film_gamma mean/std/min/max=0.0625/1.4505/0.0000/74.3317 | prototype_bottleneck_strength=1.0000 | prototype_application_position=post_refine
DEBUG decoder visual FiLM [stage4] | film_gamma mean/std/min/max=0.0625/1.4046/0.0000/50.4137 | prototype_bottleneck_strength=1.0000 | prototype_application_position=post_refine
DEBUG factorized comparison [stage3] | query_norm_mean=1.9349 | key_norm_mean=0.7947 | context_mean=0.0001 | context_std=0.1017 | context_min=-0.2209 | context_max=0.3194 | total_candidate_weight=336.0000 | spatial_strength=0.0985 | spatial_freq_entropy=2.7725 | spatial_freq_weight_mean=0.6935 | rank=32
DEBUG factorized comparison [stage4] | query_norm_mean=1.2095 | key_norm_mean=1.1111 | context_mean=0.0000 | context_std=0.1026 | context_min=-0.2093 | context_max=0.3328 | total_candidate_weight=84.0000 | spatial_strength=0.0986 | spatial_freq_entropy=2.7725 | spatial_freq_weight_mean=0.6946 | rank=32
patch-priority map [stage1] | mean=0.062500 | std=0.263969 | min=0.000000 | max=2.640832 | prototype_application_position=post_refine_unary_mask | prototype_bottleneck_strength=1.000000 | prototype_to_base_norm_ratio=1.556922
patch-priority map [stage2] | mean=0.062500 | std=0.251111 | min=0.000000 | max=2.134708 | prototype_application_position=post_refine_unary_mask | prototype_bottleneck_strength=1.000000 | prototype_to_base_norm_ratio=0.985746
patch-priority map [stage3] | mean=0.062500 | std=1.450528 | min=0.000000 | max=74.331680 | prototype_application_position=post_refine | prototype_bottleneck_strength=1.000000 | prototype_to_base_norm_ratio=2.227453
patch-priority map [stage4] | mean=0.062500 | std=1.404557 | min=0.000000 | max=50.413715 | prototype_application_position=post_refine | prototype_bottleneck_strength=1.000000 | prototype_to_base_norm_ratio=4.319739
Epoch 46/200
  Mean train loss: 0.375370
  Mean val loss:   0.595738
  Current LR:      4.39e-05
Val metrics   | CC: 0.5248 | SIM: 0.3783 | NSS: 3.0861
  Saved checkpoint: training_outputs/ckpts/20261002_204128/epoch_046.pth

Epoch 47/200
pred_saliency: shape=(2, 1, 224, 384) min=-4.3530 max=63.3929 mean=-3.0663 std=4.6700
sal_batch: shape=(2, 1, 360, 640) min=0.0000 max=1.0000 mean=0.0153 std=0.0778
DEBUG features_shape: {'stage1': (2, 96, 16, 56, 96), 'stage2': (2, 192, 16, 28, 48), 'stage3': (2, 384, 16, 14, 24), 'stage4': (2, 768, 16, 7, 12)}
DEBUG gate: no gate_debug available. This usually means return_concept_losses=False or lambda_gate=0.
DEBUG decoder visual FiLM [stage1] | film_gamma mean/std/min/max=0.0625/0.2633/0.0000/2.7039 | prototype_bottleneck_strength=1.0000 | prototype_application_position=post_refine
DEBUG decoder visual FiLM [stage2] | film_gamma mean/std/min/max=0.0625/0.2504/0.0000/2.2710 | prototype_bottleneck_strength=1.0000 | prototype_application_position=post_refine
DEBUG decoder visual FiLM [stage3] | film_gamma mean/std/min/max=0.0625/1.0171/0.0000/42.2795 | prototype_bottleneck_strength=1.0000 | prototype_application_position=post_refine
DEBUG decoder visual FiLM [stage4] | film_gamma mean/std/min/max=0.0625/1.0670/0.0000/38.6183 | prototype_bottleneck_strength=1.0000 | prototype_application_position=post_refine
DEBUG factorized comparison [stage3] | query_norm_mean=1.9225 | key_norm_mean=0.7991 | context_mean=0.0001 | context_std=0.1072 | context_min=-0.2075 | context_max=0.3627 | total_candidate_weight=336.0000 | spatial_strength=0.0985 | spatial_freq_entropy=2.7725 | spatial_freq_weight_mean=0.6935 | rank=32
DEBUG factorized comparison [stage4] | query_norm_mean=1.2094 | key_norm_mean=1.0983 | context_mean=0.0001 | context_std=0.1056 | context_min=-0.2410 | context_max=0.2967 | total_candidate_weight=84.0000 | spatial_strength=0.0986 | spatial_freq_entropy=2.7725 | spatial_freq_weight_mean=0.6946 | rank=32
patch-priority map [stage1] | mean=0.062500 | std=0.263339 | min=0.000000 | max=2.703891 | prototype_application_position=post_refine_unary_mask | prototype_bottleneck_strength=1.000000 | prototype_to_base_norm_ratio=1.177760
patch-priority map [stage2] | mean=0.062500 | std=0.250420 | min=0.000000 | max=2.270966 | prototype_application_position=post_refine_unary_mask | prototype_bottleneck_strength=1.000000 | prototype_to_base_norm_ratio=1.079283
patch-priority map [stage3] | mean=0.062500 | std=1.017108 | min=0.000000 | max=42.279465 | prototype_application_position=post_refine | prototype_bottleneck_strength=1.000000 | prototype_to_base_norm_ratio=1.774156
patch-priority map [stage4] | mean=0.062500 | std=1.067011 | min=0.000000 | max=38.618324 | prototype_application_position=post_refine | prototype_bottleneck_strength=1.000000 | prototype_to_base_norm_ratio=2.857044
DEBUG visual concept usage [stage1] top 10:
  concept 483: 3035 patches (28.23%)
  concept 271: 2925 patches (27.20%)
  concept 219: 2260 patches (21.02%)
  concept 201: 1524 patches (14.17%)
  concept 88: 168 patches (1.56%)
  concept 444: 100 patches (0.93%)
  concept 172: 84 patches (0.78%)
  concept 362: 75 patches (0.70%)
  concept 457: 46 patches (0.43%)
  concept 167: 30 patches (0.28%)
  normalized usage entropy: 0.9710
DEBUG visual concept usage [stage2] top 10:
  concept 408: 1024 patches (38.10%)
  concept 66: 743 patches (27.64%)
  concept 363: 601 patches (22.36%)
  concept 382: 300 patches (11.16%)
  concept 298: 14 patches (0.52%)
  concept 62: 1 patches (0.04%)
  concept 112: 1 patches (0.04%)
  concept 343: 1 patches (0.04%)
  concept 367: 1 patches (0.04%)
  concept 395: 1 patches (0.04%)
  normalized usage entropy: 0.9845
DEBUG visual concept usage [stage3] top 10:
  concept 327: 254 patches (37.80%)
  concept 398: 185 patches (27.53%)
  concept 506: 114 patches (16.96%)
  concept 25: 65 patches (9.67%)
  concept 430: 41 patches (6.10%)
  concept 292: 13 patches (1.93%)
  normalized usage entropy: 0.9560
DEBUG visual concept usage [stage4] top 10:
  concept 154: 9 patches (5.36%)
  concept 442: 9 patches (5.36%)
  concept 87: 8 patches (4.76%)
  concept 351: 7 patches (4.17%)
  concept 499: 7 patches (4.17%)
  concept 362: 6 patches (3.57%)
  concept 276: 5 patches (2.98%)
  concept 353: 5 patches (2.98%)
  concept 280: 4 patches (2.38%)
  concept 288: 4 patches (2.38%)
  normalized usage entropy: 0.8969
DEBUG pred min/max/mean/std: -4.352996826171875 63.392913818359375 -3.0663182735443115 4.669973850250244
DEBUG target min/max/mean/std: 0.0 1.0 0.01526272390037775 0.07783782482147217
DEBUG fixation pixels per sample: [124.0, 187.0]
DEBUG fix_batch min/max/mean/std: 0.0 1.0 0.0006749132298864424 0.025970350950956345
DEBUG losses: {'loss_total': 0.1595667451620102, 'loss_fid': 46.412864685058594, 'loss_patch_fid': 4.304981231689453, 'loss_dense_fid': 4.255361080169678, 'loss_dense_bce': -0.0, 'loss_dense_kl': 37.85252380371094, 'loss_topk': -0.0, 'loss_delta': -0.0, 'loss_cc': 0.2934077978134155, 'loss_nss': -4.574474811553955, 'loss_sim': 0.49493616819381714, 'loss_concept_dense': 0.0, 'loss_concept_kl': 0.0, 'loss_align': 0.0, 'loss_sparse': 0.0, 'loss_div': 0.0, 'loss_gate': 0.0, 'loss_visual_entropy': 0.7899961471557617, 'loss_visual_equiv': 0.0, 'loss_visual_usage': 0.04789736866950989, 'loss_temporal_attention_entropy': 0.0, 'loss_total_concept': 0.2740962505340576, 'loss_decoder_side_aux': -0.08203931152820587, 'loss_priority_map': 0.9159667491912842, 'loss_priority_map_weighted': 0.09159667789936066, 'priority_map_loss': 0.9159667491912842, 'weighted_priority_map_loss': 0.09159667789936066, 'loss_priority_map_stage3': 0.9680731892585754, 'loss_priority_map_stage4': 0.8638603687286377, 'loss_side_stage4': -0.1799560785293579, 'loss_side_stage3': -0.1685660481452942, 'loss_side_stage2': -0.1563604474067688, 'loss_side_stage1': -0.1636541485786438}
DEBUG decoder visual FiLM [stage1] | film_gamma mean/std/min/max=0.0625/0.2632/0.0000/2.5805 | prototype_bottleneck_strength=1.0000 | prototype_application_position=post_refine
DEBUG decoder visual FiLM [stage2] | film_gamma mean/std/min/max=0.0625/0.2512/0.0000/2.2023 | prototype_bottleneck_strength=1.0000 | prototype_application_position=post_refine
DEBUG decoder visual FiLM [stage3] | film_gamma mean/std/min/max=0.0625/1.2690/0.0000/70.4904 | prototype_bottleneck_strength=1.0000 | prototype_application_position=post_refine
DEBUG decoder visual FiLM [stage4] | film_gamma mean/std/min/max=0.0625/1.2250/0.0000/43.3269 | prototype_bottleneck_strength=1.0000 | prototype_application_position=post_refine
DEBUG factorized comparison [stage3] | query_norm_mean=1.9360 | key_norm_mean=0.8077 | context_mean=0.0000 | context_std=0.1043 | context_min=-0.2254 | context_max=0.3075 | total_candidate_weight=336.0000 | spatial_strength=0.0985 | spatial_freq_entropy=2.7725 | spatial_freq_weight_mean=0.6935 | rank=32
DEBUG factorized comparison [stage4] | query_norm_mean=1.2049 | key_norm_mean=1.0712 | context_mean=0.0001 | context_std=0.1021 | context_min=-0.2169 | context_max=0.2997 | total_candidate_weight=84.0000 | spatial_strength=0.0986 | spatial_freq_entropy=2.7725 | spatial_freq_weight_mean=0.6947 | rank=32
patch-priority map [stage1] | mean=0.062500 | std=0.263223 | min=0.000000 | max=2.580537 | prototype_application_position=post_refine_unary_mask | prototype_bottleneck_strength=1.000000 | prototype_to_base_norm_ratio=1.477151
patch-priority map [stage2] | mean=0.062500 | std=0.251246 | min=0.000000 | max=2.202313 | prototype_application_position=post_refine_unary_mask | prototype_bottleneck_strength=1.000000 | prototype_to_base_norm_ratio=1.018285
patch-priority map [stage3] | mean=0.062500 | std=1.268995 | min=0.000000 | max=70.490372 | prototype_application_position=post_refine | prototype_bottleneck_strength=1.000000 | prototype_to_base_norm_ratio=1.855403
patch-priority map [stage4] | mean=0.062500 | std=1.225046 | min=0.000000 | max=43.326904 | prototype_application_position=post_refine | prototype_bottleneck_strength=1.000000 | prototype_to_base_norm_ratio=3.332934
Epoch 47/200
  Mean train loss: 0.425218
  Mean val loss:   0.578685
  Current LR:      4.36e-05
Val metrics   | CC: 0.5334 | SIM: 0.3835 | NSS: 3.1128
  Saved checkpoint: training_outputs/ckpts/20261002_204128/epoch_047.pth
  New best val loss: 0.578685 (saved training_outputs/ckpts/20261002_204128/best_checkpoint.pth)

Epoch 48/200
pred_saliency: shape=(2, 1, 224, 384) min=-4.1249 max=34.3602 mean=-2.7788 std=3.9446
sal_batch: shape=(2, 1, 360, 640) min=0.0000 max=1.0000 mean=0.0201 std=0.0878
DEBUG features_shape: {'stage1': (2, 96, 16, 56, 96), 'stage2': (2, 192, 16, 28, 48), 'stage3': (2, 384, 16, 14, 24), 'stage4': (2, 768, 16, 7, 12)}
DEBUG gate: no gate_debug available. This usually means return_concept_losses=False or lambda_gate=0.
DEBUG decoder visual FiLM [stage1] | film_gamma mean/std/min/max=0.0625/0.2627/0.0000/2.5375 | prototype_bottleneck_strength=1.0000 | prototype_application_position=post_refine
DEBUG decoder visual FiLM [stage2] | film_gamma mean/std/min/max=0.0625/0.2495/0.0000/2.4719 | prototype_bottleneck_strength=1.0000 | prototype_application_position=post_refine
DEBUG decoder visual FiLM [stage3] | film_gamma mean/std/min/max=0.0625/0.7848/0.0000/26.0065 | prototype_bottleneck_strength=1.0000 | prototype_application_position=post_refine
DEBUG decoder visual FiLM [stage4] | film_gamma mean/std/min/max=0.0625/0.7815/0.0000/20.3137 | prototype_bottleneck_strength=1.0000 | prototype_application_position=post_refine
DEBUG factorized comparison [stage3] | query_norm_mean=1.9122 | key_norm_mean=0.8150 | context_mean=0.0001 | context_std=0.1122 | context_min=-0.2284 | context_max=0.2866 | total_candidate_weight=336.0000 | spatial_strength=0.0985 | spatial_freq_entropy=2.7725 | spatial_freq_weight_mean=0.6935 | rank=32
DEBUG factorized comparison [stage4] | query_norm_mean=1.2016 | key_norm_mean=1.0626 | context_mean=0.0001 | context_std=0.1058 | context_min=-0.2425 | context_max=0.2560 | total_candidate_weight=84.0000 | spatial_strength=0.0986 | spatial_freq_entropy=2.7725 | spatial_freq_weight_mean=0.6947 | rank=32
patch-priority map [stage1] | mean=0.062500 | std=0.262692 | min=0.000000 | max=2.537532 | prototype_application_position=post_refine_unary_mask | prototype_bottleneck_strength=1.000000 | prototype_to_base_norm_ratio=1.180096
patch-priority map [stage2] | mean=0.062500 | std=0.249537 | min=0.000000 | max=2.471868 | prototype_application_position=post_refine_unary_mask | prototype_bottleneck_strength=1.000000 | prototype_to_base_norm_ratio=1.021199
patch-priority map [stage3] | mean=0.062500 | std=0.784841 | min=0.000000 | max=26.006536 | prototype_application_position=post_refine | prototype_bottleneck_strength=1.000000 | prototype_to_base_norm_ratio=1.138210
patch-priority map [stage4] | mean=0.062500 | std=0.781501 | min=0.000000 | max=20.313652 | prototype_application_position=post_refine | prototype_bottleneck_strength=1.000000 | prototype_to_base_norm_ratio=2.368273
DEBUG visual concept usage [stage1] top 10:
  concept 271: 5397 patches (50.20%)
  concept 201: 1923 patches (17.89%)
  concept 219: 1012 patches (9.41%)
  concept 483: 806 patches (7.50%)
  concept 444: 605 patches (5.63%)
  concept 88: 158 patches (1.47%)
  concept 501: 106 patches (0.99%)
  concept 118: 67 patches (0.62%)
  concept 434: 46 patches (0.43%)
  concept 346: 40 patches (0.37%)
  normalized usage entropy: 0.9739
DEBUG visual concept usage [stage2] top 10:
  concept 363: 1085 patches (40.36%)
  concept 66: 651 patches (24.22%)
  concept 408: 631 patches (23.47%)
  concept 382: 289 patches (10.75%)
  concept 298: 19 patches (0.71%)
  concept 112: 8 patches (0.30%)
  concept 164: 1 patches (0.04%)
  concept 304: 1 patches (0.04%)
  concept 385: 1 patches (0.04%)
  concept 443: 1 patches (0.04%)
  normalized usage entropy: 0.9785
DEBUG visual concept usage [stage3] top 10:
  concept 327: 331 patches (49.26%)
  concept 398: 91 patches (13.54%)
  concept 506: 88 patches (13.10%)
  concept 25: 80 patches (11.90%)
  concept 430: 55 patches (8.18%)
  concept 292: 27 patches (4.02%)
  normalized usage entropy: 0.9671
DEBUG visual concept usage [stage4] top 10:
  concept 154: 12 patches (7.14%)
  concept 87: 8 patches (4.76%)
  concept 275: 5 patches (2.98%)
  concept 444: 5 patches (2.98%)
  concept 351: 4 patches (2.38%)
  concept 499: 4 patches (2.38%)
  concept 281: 3 patches (1.79%)
  concept 289: 3 patches (1.79%)
  concept 358: 3 patches (1.79%)
  concept 443: 3 patches (1.79%)
  normalized usage entropy: 0.9251
DEBUG pred min/max/mean/std: -4.124942779541016 34.36017990112305 -2.7787885665893555 3.9446136951446533
DEBUG target min/max/mean/std: 0.0 1.0 0.020107105374336243 0.0877738744020462
DEBUG fixation pixels per sample: [215.0, 198.0]
DEBUG fix_batch min/max/mean/std: 0.0 1.0 0.0008962673600763083 0.029924338683485985
DEBUG losses: {'loss_total': 0.5787245035171509, 'loss_fid': 27.937633514404297, 'loss_patch_fid': 4.016956329345703, 'loss_dense_fid': 3.9725985527038574, 'loss_dense_bce': -0.0, 'loss_dense_kl': 19.948078155517578, 'loss_topk': -0.0, 'loss_delta': -0.0, 'loss_cc': 0.390384316444397, 'loss_nss': -2.9441518783569336, 'loss_sim': 0.5310487151145935, 'loss_concept_dense': 0.0, 'loss_concept_kl': 0.0, 'loss_align': 0.0, 'loss_sparse': 0.0, 'loss_div': 0.0, 'loss_gate': 0.0, 'loss_visual_entropy': 0.8086768388748169, 'loss_visual_equiv': 0.0, 'loss_visual_usage': 0.038841113448143005, 'loss_temporal_attention_entropy': 0.0, 'loss_total_concept': 0.2821466624736786, 'loss_decoder_side_aux': 0.06335531920194626, 'loss_priority_map': 1.0336599349975586, 'loss_priority_map_weighted': 0.10336599498987198, 'priority_map_loss': 1.0336599349975586, 'weighted_priority_map_loss': 0.10336599498987198, 'loss_priority_map_stage3': 1.0166544914245605, 'loss_priority_map_stage4': 1.0506653785705566, 'loss_side_stage4': 0.15492978692054749, 'loss_side_stage3': 0.13966479897499084, 'loss_side_stage2': 0.13654381036758423, 'loss_side_stage1': 0.10580387711524963}
DEBUG decoder visual FiLM [stage1] | film_gamma mean/std/min/max=0.0625/0.2627/0.0000/2.5282 | prototype_bottleneck_strength=1.0000 | prototype_application_position=post_refine
DEBUG decoder visual FiLM [stage2] | film_gamma mean/std/min/max=0.0625/0.2525/0.0000/2.3438 | prototype_bottleneck_strength=1.0000 | prototype_application_position=post_refine
DEBUG decoder visual FiLM [stage3] | film_gamma mean/std/min/max=0.0625/1.2827/0.0000/69.7567 | prototype_bottleneck_strength=1.0000 | prototype_application_position=post_refine
DEBUG decoder visual FiLM [stage4] | film_gamma mean/std/min/max=0.0625/1.2309/0.0000/45.9839 | prototype_bottleneck_strength=1.0000 | prototype_application_position=post_refine
DEBUG factorized comparison [stage3] | query_norm_mean=1.9331 | key_norm_mean=0.8019 | context_mean=0.0000 | context_std=0.1052 | context_min=-0.2209 | context_max=0.3119 | total_candidate_weight=336.0000 | spatial_strength=0.0985 | spatial_freq_entropy=2.7725 | spatial_freq_weight_mean=0.6936 | rank=32
DEBUG factorized comparison [stage4] | query_norm_mean=1.2225 | key_norm_mean=1.0917 | context_mean=0.0001 | context_std=0.1050 | context_min=-0.2169 | context_max=0.3087 | total_candidate_weight=84.0000 | spatial_strength=0.0986 | spatial_freq_entropy=2.7725 | spatial_freq_weight_mean=0.6947 | rank=32
patch-priority map [stage1] | mean=0.062500 | std=0.262717 | min=0.000000 | max=2.528168 | prototype_application_position=post_refine_unary_mask | prototype_bottleneck_strength=1.000000 | prototype_to_base_norm_ratio=1.497656
patch-priority map [stage2] | mean=0.062500 | std=0.252525 | min=0.000000 | max=2.343841 | prototype_application_position=post_refine_unary_mask | prototype_bottleneck_strength=1.000000 | prototype_to_base_norm_ratio=1.010817
patch-priority map [stage3] | mean=0.062500 | std=1.282720 | min=0.000000 | max=69.756668 | prototype_application_position=post_refine | prototype_bottleneck_strength=1.000000 | prototype_to_base_norm_ratio=1.750958
patch-priority map [stage4] | mean=0.062500 | std=1.230871 | min=0.000000 | max=45.983902 | prototype_application_position=post_refine | prototype_bottleneck_strength=1.000000 | prototype_to_base_norm_ratio=3.717608
Epoch 48/200
  Mean train loss: 0.420810
  Mean val loss:   0.591486
  Current LR:      4.34e-05
Val metrics   | CC: 0.5265 | SIM: 0.3807 | NSS: 3.0784
  Saved checkpoint: training_outputs/ckpts/20261002_204128/epoch_048.pth

Epoch 49/200
pred_saliency: shape=(2, 1, 224, 384) min=-3.9757 max=26.9099 mean=-2.8264 std=2.8669
sal_batch: shape=(2, 1, 360, 640) min=0.0000 max=1.0000 mean=0.0136 std=0.0708
DEBUG features_shape: {'stage1': (2, 96, 16, 56, 96), 'stage2': (2, 192, 16, 28, 48), 'stage3': (2, 384, 16, 14, 24), 'stage4': (2, 768, 16, 7, 12)}
DEBUG gate: no gate_debug available. This usually means return_concept_losses=False or lambda_gate=0.
DEBUG decoder visual FiLM [stage1] | film_gamma mean/std/min/max=0.0625/0.2624/0.0000/2.6067 | prototype_bottleneck_strength=1.0000 | prototype_application_position=post_refine
DEBUG decoder visual FiLM [stage2] | film_gamma mean/std/min/max=0.0625/0.2509/0.0000/2.2381 | prototype_bottleneck_strength=1.0000 | prototype_application_position=post_refine
DEBUG decoder visual FiLM [stage3] | film_gamma mean/std/min/max=0.0625/0.7910/0.0000/30.6222 | prototype_bottleneck_strength=1.0000 | prototype_application_position=post_refine
DEBUG decoder visual FiLM [stage4] | film_gamma mean/std/min/max=0.0625/0.7672/0.0000/19.6684 | prototype_bottleneck_strength=1.0000 | prototype_application_position=post_refine
DEBUG factorized comparison [stage3] | query_norm_mean=1.8758 | key_norm_mean=0.8070 | context_mean=0.0001 | context_std=0.1080 | context_min=-0.2284 | context_max=0.3000 | total_candidate_weight=336.0000 | spatial_strength=0.0985 | spatial_freq_entropy=2.7725 | spatial_freq_weight_mean=0.6936 | rank=32
DEBUG factorized comparison [stage4] | query_norm_mean=1.2237 | key_norm_mean=1.0697 | context_mean=0.0000 | context_std=0.1126 | context_min=-0.2636 | context_max=0.2681 | total_candidate_weight=84.0000 | spatial_strength=0.0986 | spatial_freq_entropy=2.7725 | spatial_freq_weight_mean=0.6947 | rank=32
patch-priority map [stage1] | mean=0.062500 | std=0.262402 | min=0.000000 | max=2.606702 | prototype_application_position=post_refine_unary_mask | prototype_bottleneck_strength=1.000000 | prototype_to_base_norm_ratio=1.135288
patch-priority map [stage2] | mean=0.062500 | std=0.250915 | min=0.000000 | max=2.238101 | prototype_application_position=post_refine_unary_mask | prototype_bottleneck_strength=1.000000 | prototype_to_base_norm_ratio=1.023757
patch-priority map [stage3] | mean=0.062500 | std=0.790954 | min=0.000000 | max=30.622244 | prototype_application_position=post_refine | prototype_bottleneck_strength=1.000000 | prototype_to_base_norm_ratio=1.179611
patch-priority map [stage4] | mean=0.062500 | std=0.767184 | min=0.000000 | max=19.668446 | prototype_application_position=post_refine | prototype_bottleneck_strength=1.000000 | prototype_to_base_norm_ratio=2.027914
DEBUG visual concept usage [stage1] top 10:
  concept 483: 6106 patches (56.79%)
  concept 271: 2024 patches (18.82%)
  concept 219: 1120 patches (10.42%)
  concept 201: 1114 patches (10.36%)
  concept 88: 51 patches (0.47%)
  concept 510: 20 patches (0.19%)
  concept 434: 19 patches (0.18%)
  concept 167: 18 patches (0.17%)
  concept 444: 17 patches (0.16%)
  concept 457: 16 patches (0.15%)
  normalized usage entropy: 0.9461
DEBUG visual concept usage [stage2] top 10:
  concept 408: 1795 patches (66.78%)
  concept 66: 727 patches (27.05%)
  concept 363: 109 patches (4.06%)
  concept 382: 41 patches (1.53%)
  concept 298: 6 patches (0.22%)
  concept 148: 4 patches (0.15%)
  concept 505: 4 patches (0.15%)
  concept 62: 1 patches (0.04%)
  concept 367: 1 patches (0.04%)
  normalized usage entropy: 0.9708
DEBUG visual concept usage [stage3] top 10:
  concept 327: 291 patches (43.30%)
  concept 398: 144 patches (21.43%)
  concept 506: 116 patches (17.26%)
  concept 25: 101 patches (15.03%)
  concept 430: 11 patches (1.64%)
  concept 292: 9 patches (1.34%)
  normalized usage entropy: 0.9722
DEBUG visual concept usage [stage4] top 10:
  concept 154: 14 patches (8.33%)
  concept 87: 10 patches (5.95%)
  concept 351: 9 patches (5.36%)
  concept 442: 7 patches (4.17%)
  concept 404: 6 patches (3.57%)
  concept 509: 5 patches (2.98%)
  concept 278: 4 patches (2.38%)
  concept 412: 4 patches (2.38%)
  concept 432: 4 patches (2.38%)
  concept 499: 4 patches (2.38%)
  normalized usage entropy: 0.9122
DEBUG pred min/max/mean/std: -3.975738286972046 26.909866333007812 -2.8264338970184326 2.866909980773926
DEBUG target min/max/mean/std: 0.0 1.0 0.013603256084024906 0.0708322674036026
DEBUG fixation pixels per sample: [166.0, 205.0]
DEBUG fix_batch min/max/mean/std: 0.0 1.0 0.0008051215554587543 0.028363268822431564
DEBUG losses: {'loss_total': 0.43487462401390076, 'loss_fid': 21.42138671875, 'loss_patch_fid': 3.6578900814056396, 'loss_dense_fid': 3.613499641418457, 'loss_dense_bce': -0.0, 'loss_dense_kl': 14.149995803833008, 'loss_topk': -0.0, 'loss_delta': -0.0, 'loss_cc': 0.38260042667388916, 'loss_nss': -3.572882652282715, 'loss_sim': 0.6068065166473389, 'loss_concept_dense': 0.0, 'loss_concept_kl': 0.0, 'loss_align': 0.0, 'loss_sparse': 0.0, 'loss_div': 0.0, 'loss_gate': 0.0, 'loss_visual_entropy': 0.7950969338417053, 'loss_visual_equiv': 0.0, 'loss_visual_usage': 0.04966694116592407, 'loss_temporal_attention_entropy': 0.0, 'loss_total_concept': 0.24560832977294922, 'loss_decoder_side_aux': 0.019648322835564613, 'loss_priority_map': 1.025294303894043, 'loss_priority_map_weighted': 0.10252942889928818, 'priority_map_loss': 1.025294303894043, 'weighted_priority_map_loss': 0.10252942889928818, 'loss_priority_map_stage3': 1.099974274635315, 'loss_priority_map_stage4': 0.950614333152771, 'loss_side_stage4': 0.1171850860118866, 'loss_side_stage3': 0.05432707071304321, 'loss_side_stage2': 0.014039665460586548, 'loss_side_stage1': 0.03125205636024475}
DEBUG decoder visual FiLM [stage1] | film_gamma mean/std/min/max=0.0625/0.2631/0.0000/2.6582 | prototype_bottleneck_strength=1.0000 | prototype_application_position=post_refine
DEBUG decoder visual FiLM [stage2] | film_gamma mean/std/min/max=0.0625/0.2539/0.0000/2.3230 | prototype_bottleneck_strength=1.0000 | prototype_application_position=post_refine
DEBUG decoder visual FiLM [stage3] | film_gamma mean/std/min/max=0.0625/1.3128/0.0000/69.7020 | prototype_bottleneck_strength=1.0000 | prototype_application_position=post_refine
DEBUG decoder visual FiLM [stage4] | film_gamma mean/std/min/max=0.0625/1.1860/0.0000/40.2546 | prototype_bottleneck_strength=1.0000 | prototype_application_position=post_refine
DEBUG factorized comparison [stage3] | query_norm_mean=1.8863 | key_norm_mean=0.7777 | context_mean=0.0001 | context_std=0.1010 | context_min=-0.2030 | context_max=0.3060 | total_candidate_weight=336.0000 | spatial_strength=0.0985 | spatial_freq_entropy=2.7725 | spatial_freq_weight_mean=0.6937 | rank=32
DEBUG factorized comparison [stage4] | query_norm_mean=1.2292 | key_norm_mean=1.1052 | context_mean=-0.0000 | context_std=0.1071 | context_min=-0.2184 | context_max=0.3148 | total_candidate_weight=84.0000 | spatial_strength=0.0986 | spatial_freq_entropy=2.7725 | spatial_freq_weight_mean=0.6948 | rank=32
patch-priority map [stage1] | mean=0.062500 | std=0.263111 | min=0.000000 | max=2.658163 | prototype_application_position=post_refine_unary_mask | prototype_bottleneck_strength=1.000000 | prototype_to_base_norm_ratio=1.521991
patch-priority map [stage2] | mean=0.062500 | std=0.253889 | min=0.000000 | max=2.322998 | prototype_application_position=post_refine_unary_mask | prototype_bottleneck_strength=1.000000 | prototype_to_base_norm_ratio=1.011042
patch-priority map [stage3] | mean=0.062500 | std=1.312775 | min=0.000000 | max=69.702011 | prototype_application_position=post_refine | prototype_bottleneck_strength=1.000000 | prototype_to_base_norm_ratio=2.007163
patch-priority map [stage4] | mean=0.062500 | std=1.186028 | min=0.000000 | max=40.254589 | prototype_application_position=post_refine | prototype_bottleneck_strength=1.000000 | prototype_to_base_norm_ratio=3.000234
Epoch 49/200
  Mean train loss: 0.400265
  Mean val loss:   0.588849
  Current LR:      4.31e-05
Val metrics   | CC: 0.5271 | SIM: 0.3750 | NSS: 3.0648
  Saved checkpoint: training_outputs/ckpts/20261002_204128/epoch_049.pth

Epoch 50/200
pred_saliency: shape=(2, 1, 224, 384) min=-4.4620 max=55.2525 mean=-3.1059 std=3.9464
sal_batch: shape=(2, 1, 360, 640) min=0.0000 max=1.0000 mean=0.0158 std=0.0802
DEBUG features_shape: {'stage1': (2, 96, 16, 56, 96), 'stage2': (2, 192, 16, 28, 48), 'stage3': (2, 384, 16, 14, 24), 'stage4': (2, 768, 16, 7, 12)}
DEBUG gate: no gate_debug available. This usually means return_concept_losses=False or lambda_gate=0.
DEBUG decoder visual FiLM [stage1] | film_gamma mean/std/min/max=0.0625/0.2629/0.0000/2.6434 | prototype_bottleneck_strength=1.0000 | prototype_application_position=post_refine
DEBUG decoder visual FiLM [stage2] | film_gamma mean/std/min/max=0.0625/0.2523/0.0000/2.4053 | prototype_bottleneck_strength=1.0000 | prototype_application_position=post_refine
DEBUG decoder visual FiLM [stage3] | film_gamma mean/std/min/max=0.0625/0.8119/0.0000/43.3096 | prototype_bottleneck_strength=1.0000 | prototype_application_position=post_refine
DEBUG decoder visual FiLM [stage4] | film_gamma mean/std/min/max=0.0625/0.8168/0.0000/33.8626 | prototype_bottleneck_strength=1.0000 | prototype_application_position=post_refine
DEBUG factorized comparison [stage3] | query_norm_mean=1.8668 | key_norm_mean=0.7840 | context_mean=0.0001 | context_std=0.1056 | context_min=-0.2209 | context_max=0.3164 | total_candidate_weight=336.0000 | spatial_strength=0.0985 | spatial_freq_entropy=2.7725 | spatial_freq_weight_mean=0.6937 | rank=32
DEBUG factorized comparison [stage4] | query_norm_mean=1.2250 | key_norm_mean=1.0953 | context_mean=-0.0000 | context_std=0.1161 | context_min=-0.2349 | context_max=0.2997 | total_candidate_weight=84.0000 | spatial_strength=0.0986 | spatial_freq_entropy=2.7725 | spatial_freq_weight_mean=0.6948 | rank=32
patch-priority map [stage1] | mean=0.062500 | std=0.262858 | min=0.000000 | max=2.643431 | prototype_application_position=post_refine_unary_mask | prototype_bottleneck_strength=1.000000 | prototype_to_base_norm_ratio=1.229862
patch-priority map [stage2] | mean=0.062500 | std=0.252332 | min=0.000000 | max=2.405307 | prototype_application_position=post_refine_unary_mask | prototype_bottleneck_strength=1.000000 | prototype_to_base_norm_ratio=1.022011
patch-priority map [stage3] | mean=0.062500 | std=0.811949 | min=0.000000 | max=43.309620 | prototype_application_position=post_refine | prototype_bottleneck_strength=1.000000 | prototype_to_base_norm_ratio=1.371850
patch-priority map [stage4] | mean=0.062500 | std=0.816781 | min=0.000000 | max=33.862556 | prototype_application_position=post_refine | prototype_bottleneck_strength=1.000000 | prototype_to_base_norm_ratio=2.112797
DEBUG visual concept usage [stage1] top 10:
  concept 271: 5994 patches (55.75%)
  concept 201: 1945 patches (18.09%)
  concept 483: 1041 patches (9.68%)
  concept 219: 654 patches (6.08%)
  concept 172: 173 patches (1.61%)
  concept 444: 138 patches (1.28%)
  concept 362: 110 patches (1.02%)
  concept 88: 103 patches (0.96%)
  concept 70: 95 patches (0.88%)
  concept 397: 62 patches (0.58%)
  normalized usage entropy: 0.9674
DEBUG visual concept usage [stage2] top 10:
  concept 408: 1058 patches (39.36%)
  concept 363: 884 patches (32.89%)
  concept 66: 523 patches (19.46%)
  concept 382: 200 patches (7.44%)
  concept 298: 14 patches (0.52%)
  concept 112: 2 patches (0.07%)
  concept 148: 2 patches (0.07%)
  concept 505: 2 patches (0.07%)
  concept 276: 1 patches (0.04%)
  concept 327: 1 patches (0.04%)
  normalized usage entropy: 0.9836
DEBUG visual concept usage [stage3] top 10:
  concept 327: 273 patches (40.62%)
  concept 398: 166 patches (24.70%)
  concept 506: 135 patches (20.09%)
  concept 25: 69 patches (10.27%)
  concept 430: 22 patches (3.27%)
  concept 292: 7 patches (1.04%)
  normalized usage entropy: 0.9683
DEBUG visual concept usage [stage4] top 10:
  concept 154: 12 patches (7.14%)
  concept 147: 10 patches (5.95%)
  concept 351: 10 patches (5.95%)
  concept 444: 7 patches (4.17%)
  concept 87: 5 patches (2.98%)
  concept 358: 5 patches (2.98%)
  concept 397: 5 patches (2.98%)
  concept 404: 5 patches (2.98%)
  concept 472: 5 patches (2.98%)
  concept 276: 4 patches (2.38%)
  normalized usage entropy: 0.9148
DEBUG pred min/max/mean/std: -4.462033271789551 55.25251007080078 -3.105881929397583 3.946359395980835
DEBUG target min/max/mean/std: 0.0 1.0 0.01581118069589138 0.08016589283943176
DEBUG fixation pixels per sample: [212.0, 110.0]
DEBUG fix_batch min/max/mean/std: 0.0 1.0 0.0006987847154960036 0.026425324380397797
DEBUG losses: {'loss_total': 0.10705634206533432, 'loss_fid': 25.099685668945312, 'loss_patch_fid': 4.093016147613525, 'loss_dense_fid': 4.04080867767334, 'loss_dense_bce': -0.0, 'loss_dense_kl': 16.96586036682129, 'loss_topk': -0.0, 'loss_delta': -0.0, 'loss_cc': 0.2580828070640564, 'loss_nss': -4.537333965301514, 'loss_sim': 0.5104170441627502, 'loss_concept_dense': 0.0, 'loss_concept_kl': 0.0, 'loss_align': 0.0, 'loss_sparse': 0.0, 'loss_div': 0.0, 'loss_gate': 0.0, 'loss_visual_entropy': 0.7964556217193604, 'loss_visual_equiv': 0.0, 'loss_visual_usage': 0.04148906469345093, 'loss_temporal_attention_entropy': 0.0, 'loss_total_concept': 0.27057042717933655, 'loss_decoder_side_aux': -0.0962834507226944, 'loss_priority_map': 0.9284325838088989, 'loss_priority_map_weighted': 0.09284325689077377, 'priority_map_loss': 0.9284325838088989, 'weighted_priority_map_loss': 0.09284325689077377, 'loss_priority_map_stage3': 0.9752368927001953, 'loss_priority_map_stage4': 0.8816282153129578, 'loss_side_stage4': -0.15024206042289734, 'loss_side_stage3': -0.19816866517066956, 'loss_side_stage2': -0.19955405592918396, 'loss_side_stage1': -0.19510683417320251}
DEBUG decoder visual FiLM [stage1] | film_gamma mean/std/min/max=0.0625/0.2635/0.0000/2.5431 | prototype_bottleneck_strength=1.0000 | prototype_application_position=post_refine
DEBUG decoder visual FiLM [stage2] | film_gamma mean/std/min/max=0.0625/0.2521/0.0000/2.1149 | prototype_bottleneck_strength=1.0000 | prototype_application_position=post_refine
DEBUG decoder visual FiLM [stage3] | film_gamma mean/std/min/max=0.0625/1.3063/0.0000/69.5886 | prototype_bottleneck_strength=1.0000 | prototype_application_position=post_refine
DEBUG decoder visual FiLM [stage4] | film_gamma mean/std/min/max=0.0625/1.2612/0.0000/45.2310 | prototype_bottleneck_strength=1.0000 | prototype_application_position=post_refine
DEBUG factorized comparison [stage3] | query_norm_mean=1.9181 | key_norm_mean=0.7939 | context_mean=0.0001 | context_std=0.1043 | context_min=-0.2075 | context_max=0.3119 | total_candidate_weight=336.0000 | spatial_strength=0.0985 | spatial_freq_entropy=2.7725 | spatial_freq_weight_mean=0.6937 | rank=32
DEBUG factorized comparison [stage4] | query_norm_mean=1.2562 | key_norm_mean=1.1168 | context_mean=-0.0001 | context_std=0.1142 | context_min=-0.2304 | context_max=0.3253 | total_candidate_weight=84.0000 | spatial_strength=0.0986 | spatial_freq_entropy=2.7725 | spatial_freq_weight_mean=0.6949 | rank=32
patch-priority map [stage1] | mean=0.062500 | std=0.263470 | min=0.000000 | max=2.543123 | prototype_application_position=post_refine_unary_mask | prototype_bottleneck_strength=1.000000 | prototype_to_base_norm_ratio=1.522096
patch-priority map [stage2] | mean=0.062500 | std=0.252142 | min=0.000000 | max=2.114904 | prototype_application_position=post_refine_unary_mask | prototype_bottleneck_strength=1.000000 | prototype_to_base_norm_ratio=1.033028
patch-priority map [stage3] | mean=0.062500 | std=1.306345 | min=0.000000 | max=69.588615 | prototype_application_position=post_refine | prototype_bottleneck_strength=1.000000 | prototype_to_base_norm_ratio=2.056898
patch-priority map [stage4] | mean=0.062500 | std=1.261198 | min=0.000000 | max=45.231003 | prototype_application_position=post_refine | prototype_bottleneck_strength=1.000000 | prototype_to_base_norm_ratio=3.234049
Epoch 50/200
  Mean train loss: 0.380754
  Mean val loss:   0.580564
  Current LR:      4.28e-05
Val metrics   | CC: 0.5311 | SIM: 0.3829 | NSS: 3.0887
  Saved checkpoint: training_outputs/ckpts/20261002_204128/epoch_050.pth

Epoch 51/200
pred_saliency: shape=(2, 1, 224, 384) min=-4.0043 max=26.9583 mean=-2.7816 std=3.3168
sal_batch: shape=(2, 1, 360, 640) min=0.0000 max=1.0000 mean=0.0244 std=0.0869
DEBUG features_shape: {'stage1': (2, 96, 16, 56, 96), 'stage2': (2, 192, 16, 28, 48), 'stage3': (2, 384, 16, 14, 24), 'stage4': (2, 768, 16, 7, 12)}
DEBUG gate: no gate_debug available. This usually means return_concept_losses=False or lambda_gate=0.
DEBUG decoder visual FiLM [stage1] | film_gamma mean/std/min/max=0.0625/0.2646/0.0000/2.5487 | prototype_bottleneck_strength=1.0000 | prototype_application_position=post_refine
DEBUG decoder visual FiLM [stage2] | film_gamma mean/std/min/max=0.0625/0.2508/0.0000/2.4218 | prototype_bottleneck_strength=1.0000 | prototype_application_position=post_refine
DEBUG decoder visual FiLM [stage3] | film_gamma mean/std/min/max=0.0625/0.7612/0.0000/24.3942 | prototype_bottleneck_strength=1.0000 | prototype_application_position=post_refine
DEBUG decoder visual FiLM [stage4] | film_gamma mean/std/min/max=0.0625/0.7457/0.0000/20.9248 | prototype_bottleneck_strength=1.0000 | prototype_application_position=post_refine
DEBUG factorized comparison [stage3] | query_norm_mean=1.8856 | key_norm_mean=0.8160 | context_mean=0.0000 | context_std=0.1250 | context_min=-0.2254 | context_max=0.3000 | total_candidate_weight=336.0000 | spatial_strength=0.0985 | spatial_freq_entropy=2.7725 | spatial_freq_weight_mean=0.6937 | rank=32
DEBUG factorized comparison [stage4] | query_norm_mean=1.2557 | key_norm_mean=1.1225 | context_mean=0.0000 | context_std=0.1315 | context_min=-0.2334 | context_max=0.3178 | total_candidate_weight=84.0000 | spatial_strength=0.0986 | spatial_freq_entropy=2.7725 | spatial_freq_weight_mean=0.6949 | rank=32
patch-priority map [stage1] | mean=0.062500 | std=0.264563 | min=0.000000 | max=2.548664 | prototype_application_position=post_refine_unary_mask | prototype_bottleneck_strength=1.000000 | prototype_to_base_norm_ratio=1.258789
patch-priority map [stage2] | mean=0.062500 | std=0.250755 | min=0.000000 | max=2.421760 | prototype_application_position=post_refine_unary_mask | prototype_bottleneck_strength=1.000000 | prototype_to_base_norm_ratio=1.036622
patch-priority map [stage3] | mean=0.062500 | std=0.761214 | min=0.000000 | max=24.394171 | prototype_application_position=post_refine | prototype_bottleneck_strength=1.000000 | prototype_to_base_norm_ratio=1.143961
patch-priority map [stage4] | mean=0.062500 | std=0.745685 | min=0.000000 | max=20.924810 | prototype_application_position=post_refine | prototype_bottleneck_strength=1.000000 | prototype_to_base_norm_ratio=2.075414
DEBUG visual concept usage [stage1] top 10:
  concept 271: 4780 patches (44.46%)
  concept 483: 4035 patches (37.53%)
  concept 201: 947 patches (8.81%)
  concept 219: 803 patches (7.47%)
  concept 88: 59 patches (0.55%)
  concept 118: 31 patches (0.29%)
  concept 47: 11 patches (0.10%)
  concept 457: 8 patches (0.07%)
  concept 97: 6 patches (0.06%)
  concept 172: 6 patches (0.06%)
  normalized usage entropy: 0.9540
DEBUG visual concept usage [stage2] top 10:
  concept 408: 1958 patches (72.84%)
  concept 66: 498 patches (18.53%)
  concept 363: 161 patches (5.99%)
  concept 148: 54 patches (2.01%)
  concept 382: 11 patches (0.41%)
  concept 298: 4 patches (0.15%)
  concept 112: 1 patches (0.04%)
  concept 505: 1 patches (0.04%)
  normalized usage entropy: 0.9713
DEBUG visual concept usage [stage3] top 10:
  concept 327: 243 patches (36.16%)
  concept 398: 175 patches (26.04%)
  concept 506: 116 patches (17.26%)
  concept 25: 111 patches (16.52%)
  concept 292: 14 patches (2.08%)
  concept 430: 12 patches (1.79%)
  concept 412: 1 patches (0.15%)
  normalized usage entropy: 0.9687
DEBUG visual concept usage [stage4] top 10:
  concept 154: 17 patches (10.12%)
  concept 87: 11 patches (6.55%)
  concept 351: 8 patches (4.76%)
  concept 432: 6 patches (3.57%)
  concept 444: 6 patches (3.57%)
  concept 306: 5 patches (2.98%)
  concept 368: 5 patches (2.98%)
  concept 393: 5 patches (2.98%)
  concept 472: 5 patches (2.98%)
  concept 276: 3 patches (1.79%)
  normalized usage entropy: 0.9002
DEBUG pred min/max/mean/std: -4.004292011260986 26.958274841308594 -2.781625270843506 3.316817283630371
DEBUG target min/max/mean/std: 0.0 1.0 0.0243601743131876 0.08694065362215042
DEBUG fixation pixels per sample: [201.0, 223.0]
DEBUG fix_batch min/max/mean/std: 0.0 1.0 0.0009201389038935304 0.03031986579298973
DEBUG losses: {'loss_total': 0.8687618970870972, 'loss_fid': 24.359699249267578, 'loss_patch_fid': 3.9276959896087646, 'loss_dense_fid': 3.8854029178619385, 'loss_dense_bce': -0.0, 'loss_dense_kl': 16.546600341796875, 'loss_topk': -0.0, 'loss_delta': -0.0, 'loss_cc': 0.48981189727783203, 'loss_nss': -1.8626400232315063, 'loss_sim': 0.5508237481117249, 'loss_concept_dense': 0.0, 'loss_concept_kl': 0.0, 'loss_align': 0.0, 'loss_sparse': 0.0, 'loss_div': 0.0, 'loss_gate': 0.0, 'loss_visual_entropy': 0.7918742895126343, 'loss_visual_equiv': 0.0, 'loss_visual_usage': 0.05146549642086029, 'loss_temporal_attention_entropy': 0.0, 'loss_total_concept': 0.2593304514884949, 'loss_decoder_side_aux': 0.14675553143024445, 'loss_priority_map': 1.1638866662979126, 'loss_priority_map_weighted': 0.11638867110013962, 'priority_map_loss': 1.1638866662979126, 'weighted_priority_map_loss': 0.11638867110013962, 'loss_priority_map_stage3': 1.2461848258972168, 'loss_priority_map_stage4': 1.0815885066986084, 'loss_side_stage4': 0.2800823748111725, 'loss_side_stage3': 0.3083784878253937, 'loss_side_stage2': 0.2818543314933777, 'loss_side_stage1': 0.2981770634651184}
DEBUG decoder visual FiLM [stage1] | film_gamma mean/std/min/max=0.0625/0.2647/0.0000/2.7443 | prototype_bottleneck_strength=1.0000 | prototype_application_position=post_refine
DEBUG decoder visual FiLM [stage2] | film_gamma mean/std/min/max=0.0625/0.2513/0.0000/2.0335 | prototype_bottleneck_strength=1.0000 | prototype_application_position=post_refine
DEBUG decoder visual FiLM [stage3] | film_gamma mean/std/min/max=0.0625/1.3385/0.0000/68.2095 | prototype_bottleneck_strength=1.0000 | prototype_application_position=post_refine
DEBUG decoder visual FiLM [stage4] | film_gamma mean/std/min/max=0.0625/1.2941/0.0000/47.6753 | prototype_bottleneck_strength=1.0000 | prototype_application_position=post_refine
DEBUG factorized comparison [stage3] | query_norm_mean=1.9583 | key_norm_mean=0.8057 | context_mean=0.0001 | context_std=0.1103 | context_min=-0.2209 | context_max=0.3224 | total_candidate_weight=336.0000 | spatial_strength=0.0985 | spatial_freq_entropy=2.7725 | spatial_freq_weight_mean=0.6937 | rank=32
DEBUG factorized comparison [stage4] | query_norm_mean=1.2311 | key_norm_mean=1.0983 | context_mean=0.0001 | context_std=0.1111 | context_min=-0.2199 | context_max=0.3193 | total_candidate_weight=84.0000 | spatial_strength=0.0986 | spatial_freq_entropy=2.7725 | spatial_freq_weight_mean=0.6949 | rank=32
patch-priority map [stage1] | mean=0.062500 | std=0.264650 | min=0.000000 | max=2.744268 | prototype_application_position=post_refine_unary_mask | prototype_bottleneck_strength=1.000000 | prototype_to_base_norm_ratio=1.528871
patch-priority map [stage2] | mean=0.062500 | std=0.251282 | min=0.000000 | max=2.033542 | prototype_application_position=post_refine_unary_mask | prototype_bottleneck_strength=1.000000 | prototype_to_base_norm_ratio=1.029644
patch-priority map [stage3] | mean=0.062500 | std=1.338511 | min=0.000000 | max=68.209534 | prototype_application_position=post_refine | prototype_bottleneck_strength=1.000000 | prototype_to_base_norm_ratio=1.888773
patch-priority map [stage4] | mean=0.062500 | std=1.294104 | min=0.000000 | max=47.675262 | prototype_application_position=post_refine | prototype_bottleneck_strength=1.000000 | prototype_to_base_norm_ratio=3.211634
Epoch 51/200
  Mean train loss: 0.393911
  Mean val loss:   0.570224
  Current LR:      4.25e-05
Val metrics   | CC: 0.5364 | SIM: 0.3928 | NSS: 3.1117
  Saved checkpoint: training_outputs/ckpts/20261002_204128/epoch_051.pth
  New best val loss: 0.570224 (saved training_outputs/ckpts/20261002_204128/best_checkpoint.pth)

Epoch 52/200
pred_saliency: shape=(2, 1, 224, 384) min=-4.0581 max=40.2164 mean=-2.9073 std=3.2994
sal_batch: shape=(2, 1, 360, 640) min=0.0000 max=1.0000 mean=0.0163 std=0.0827
DEBUG features_shape: {'stage1': (2, 96, 16, 56, 96), 'stage2': (2, 192, 16, 28, 48), 'stage3': (2, 384, 16, 14, 24), 'stage4': (2, 768, 16, 7, 12)}
DEBUG gate: no gate_debug available. This usually means return_concept_losses=False or lambda_gate=0.
DEBUG decoder visual FiLM [stage1] | film_gamma mean/std/min/max=0.0625/0.2642/0.0000/2.5906 | prototype_bottleneck_strength=1.0000 | prototype_application_position=post_refine
DEBUG decoder visual FiLM [stage2] | film_gamma mean/std/min/max=0.0625/0.2507/0.0000/2.2220 | prototype_bottleneck_strength=1.0000 | prototype_application_position=post_refine
DEBUG decoder visual FiLM [stage3] | film_gamma mean/std/min/max=0.0625/0.8265/0.0000/30.9502 | prototype_bottleneck_strength=1.0000 | prototype_application_position=post_refine
DEBUG decoder visual FiLM [stage4] | film_gamma mean/std/min/max=0.0625/0.8447/0.0000/27.1999 | prototype_bottleneck_strength=1.0000 | prototype_application_position=post_refine
DEBUG factorized comparison [stage3] | query_norm_mean=1.9334 | key_norm_mean=0.8022 | context_mean=0.0000 | context_std=0.1071 | context_min=-0.2209 | context_max=0.2627 | total_candidate_weight=336.0000 | spatial_strength=0.0985 | spatial_freq_entropy=2.7725 | spatial_freq_weight_mean=0.6937 | rank=32
DEBUG factorized comparison [stage4] | query_norm_mean=1.2102 | key_norm_mean=1.0727 | context_mean=0.0001 | context_std=0.1042 | context_min=-0.2380 | context_max=0.2816 | total_candidate_weight=84.0000 | spatial_strength=0.0986 | spatial_freq_entropy=2.7725 | spatial_freq_weight_mean=0.6949 | rank=32
patch-priority map [stage1] | mean=0.062500 | std=0.264206 | min=0.000000 | max=2.590618 | prototype_application_position=post_refine_unary_mask | prototype_bottleneck_strength=1.000000 | prototype_to_base_norm_ratio=1.116183
patch-priority map [stage2] | mean=0.062500 | std=0.250677 | min=0.000000 | max=2.221961 | prototype_application_position=post_refine_unary_mask | prototype_bottleneck_strength=1.000000 | prototype_to_base_norm_ratio=1.048616
patch-priority map [stage3] | mean=0.062500 | std=0.826550 | min=0.000000 | max=30.950224 | prototype_application_position=post_refine | prototype_bottleneck_strength=1.000000 | prototype_to_base_norm_ratio=1.285800
patch-priority map [stage4] | mean=0.062500 | std=0.844651 | min=0.000000 | max=27.199938 | prototype_application_position=post_refine | prototype_bottleneck_strength=1.000000 | prototype_to_base_norm_ratio=2.365605
DEBUG visual concept usage [stage1] top 10:
  concept 483: 5039 patches (46.87%)
  concept 271: 2783 patches (25.88%)
  concept 219: 1182 patches (10.99%)
  concept 201: 840 patches (7.81%)
  concept 88: 230 patches (2.14%)
  concept 228: 89 patches (0.83%)
  concept 118: 87 patches (0.81%)
  concept 273: 47 patches (0.44%)
  concept 397: 42 patches (0.39%)
  concept 172: 31 patches (0.29%)
  normalized usage entropy: 0.9572
DEBUG visual concept usage [stage2] top 10:
  concept 408: 1633 patches (60.75%)
  concept 66: 643 patches (23.92%)
  concept 363: 208 patches (7.74%)
  concept 148: 132 patches (4.91%)
  concept 382: 21 patches (0.78%)
  concept 505: 21 patches (0.78%)
  concept 298: 16 patches (0.60%)
  concept 443: 6 patches (0.22%)
  concept 343: 2 patches (0.07%)
  concept 410: 2 patches (0.07%)
  normalized usage entropy: 0.9817
DEBUG visual concept usage [stage3] top 10:
  concept 327: 301 patches (44.79%)
  concept 398: 187 patches (27.83%)
  concept 506: 88 patches (13.10%)
  concept 25: 62 patches (9.23%)
  concept 430: 23 patches (3.42%)
  concept 292: 7 patches (1.04%)
  concept 309: 2 patches (0.30%)
  concept 429: 1 patches (0.15%)
  concept 467: 1 patches (0.15%)
  normalized usage entropy: 0.9708
DEBUG visual concept usage [stage4] top 10:
  concept 154: 8 patches (4.76%)
  concept 87: 7 patches (4.17%)
  concept 444: 6 patches (3.57%)
  concept 276: 4 patches (2.38%)
  concept 292: 4 patches (2.38%)
  concept 306: 4 patches (2.38%)
  concept 351: 4 patches (2.38%)
  concept 353: 4 patches (2.38%)
  concept 354: 4 patches (2.38%)
  concept 359: 4 patches (2.38%)
  normalized usage entropy: 0.9336
DEBUG pred min/max/mean/std: -4.05811882019043 40.2164306640625 -2.9072532653808594 3.299407482147217
DEBUG target min/max/mean/std: 0.0 1.0 0.016327710822224617 0.08267931640148163
DEBUG fixation pixels per sample: [151.0, 170.0]
DEBUG fix_batch min/max/mean/std: 0.0 1.0 0.0006966146174818277 0.026384292170405388
DEBUG losses: {'loss_total': 0.21994754672050476, 'loss_fid': 25.963489532470703, 'loss_patch_fid': 3.84616756439209, 'loss_dense_fid': 3.800152063369751, 'loss_dense_bce': -0.0, 'loss_dense_kl': 18.317169189453125, 'loss_topk': -0.0, 'loss_delta': -0.0, 'loss_cc': 0.26543712615966797, 'loss_nss': -3.7782604694366455, 'loss_sim': 0.5082867741584778, 'loss_concept_dense': 0.0, 'loss_concept_kl': 0.0, 'loss_align': 0.0, 'loss_sparse': 0.0, 'loss_div': 0.0, 'loss_gate': 0.0, 'loss_visual_entropy': 0.8013511300086975, 'loss_visual_equiv': 0.0, 'loss_visual_usage': 0.039195045828819275, 'loss_temporal_attention_entropy': 0.0, 'loss_total_concept': 0.26021069288253784, 'loss_decoder_side_aux': -0.05148995295166969, 'loss_priority_map': 0.8963100910186768, 'loss_priority_map_weighted': 0.08963101357221603, 'priority_map_loss': 0.8963100910186768, 'weighted_priority_map_loss': 0.08963101357221603, 'loss_priority_map_stage3': 1.0005090236663818, 'loss_priority_map_stage4': 0.7921112179756165, 'loss_side_stage4': -0.11971282958984375, 'loss_side_stage3': -0.09630641341209412, 'loss_side_stage2': -0.09015095233917236, 'loss_side_stage1': -0.1117551326751709}
DEBUG decoder visual FiLM [stage1] | film_gamma mean/std/min/max=0.0625/0.2639/0.0000/2.5196 | prototype_bottleneck_strength=1.0000 | prototype_application_position=post_refine
DEBUG decoder visual FiLM [stage2] | film_gamma mean/std/min/max=0.0625/0.2517/0.0000/2.0998 | prototype_bottleneck_strength=1.0000 | prototype_application_position=post_refine
DEBUG decoder visual FiLM [stage3] | film_gamma mean/std/min/max=0.0625/1.3309/0.0000/65.5904 | prototype_bottleneck_strength=1.0000 | prototype_application_position=post_refine
DEBUG decoder visual FiLM [stage4] | film_gamma mean/std/min/max=0.0625/1.3447/0.0000/49.8579 | prototype_bottleneck_strength=1.0000 | prototype_application_position=post_refine
DEBUG factorized comparison [stage3] | query_norm_mean=1.9044 | key_norm_mean=0.7951 | context_mean=0.0001 | context_std=0.1046 | context_min=-0.2239 | context_max=0.3060 | total_candidate_weight=336.0000 | spatial_strength=0.0985 | spatial_freq_entropy=2.7725 | spatial_freq_weight_mean=0.6937 | rank=32
DEBUG factorized comparison [stage4] | query_norm_mean=1.2345 | key_norm_mean=1.0771 | context_mean=0.0001 | context_std=0.1079 | context_min=-0.2289 | context_max=0.3133 | total_candidate_weight=84.0000 | spatial_strength=0.0986 | spatial_freq_entropy=2.7725 | spatial_freq_weight_mean=0.6949 | rank=32
patch-priority map [stage1] | mean=0.062500 | std=0.263900 | min=0.000000 | max=2.519625 | prototype_application_position=post_refine_unary_mask | prototype_bottleneck_strength=1.000000 | prototype_to_base_norm_ratio=1.465874
patch-priority map [stage2] | mean=0.062500 | std=0.251732 | min=0.000000 | max=2.099814 | prototype_application_position=post_refine_unary_mask | prototype_bottleneck_strength=1.000000 | prototype_to_base_norm_ratio=1.026718
patch-priority map [stage3] | mean=0.062500 | std=1.330896 | min=0.000000 | max=65.590424 | prototype_application_position=post_refine | prototype_bottleneck_strength=1.000000 | prototype_to_base_norm_ratio=1.959588
patch-priority map [stage4] | mean=0.062500 | std=1.344740 | min=0.000000 | max=49.857876 | prototype_application_position=post_refine | prototype_bottleneck_strength=1.000000 | prototype_to_base_norm_ratio=3.180789
Epoch 52/200
  Mean train loss: 0.355914
  Mean val loss:   0.576567
  Current LR:      4.23e-05
Val metrics   | CC: 0.5300 | SIM: 0.3932 | NSS: 3.1155
  Saved checkpoint: training_outputs/ckpts/20261002_204128/epoch_052.pth

Epoch 53/200
pred_saliency: shape=(2, 1, 224, 384) min=-4.0672 max=42.5047 mean=-2.7067 std=3.9342
sal_batch: shape=(2, 1, 360, 640) min=0.0000 max=1.0000 mean=0.0129 std=0.0725
DEBUG features_shape: {'stage1': (2, 96, 16, 56, 96), 'stage2': (2, 192, 16, 28, 48), 'stage3': (2, 384, 16, 14, 24), 'stage4': (2, 768, 16, 7, 12)}
DEBUG gate: no gate_debug available. This usually means return_concept_losses=False or lambda_gate=0.
DEBUG decoder visual FiLM [stage1] | film_gamma mean/std/min/max=0.0625/0.2638/0.0000/2.6104 | prototype_bottleneck_strength=1.0000 | prototype_application_position=post_refine
DEBUG decoder visual FiLM [stage2] | film_gamma mean/std/min/max=0.0625/0.2511/0.0000/2.1684 | prototype_bottleneck_strength=1.0000 | prototype_application_position=post_refine
DEBUG decoder visual FiLM [stage3] | film_gamma mean/std/min/max=0.0625/0.8432/0.0000/33.2566 | prototype_bottleneck_strength=1.0000 | prototype_application_position=post_refine
DEBUG decoder visual FiLM [stage4] | film_gamma mean/std/min/max=0.0625/0.9420/0.0000/33.0920 | prototype_bottleneck_strength=1.0000 | prototype_application_position=post_refine
DEBUG factorized comparison [stage3] | query_norm_mean=1.8704 | key_norm_mean=0.8100 | context_mean=0.0001 | context_std=0.1176 | context_min=-0.2448 | context_max=0.3149 | total_candidate_weight=336.0000 | spatial_strength=0.0985 | spatial_freq_entropy=2.7725 | spatial_freq_weight_mean=0.6937 | rank=32
DEBUG factorized comparison [stage4] | query_norm_mean=1.2286 | key_norm_mean=1.0767 | context_mean=0.0001 | context_std=0.1135 | context_min=-0.2289 | context_max=0.2937 | total_candidate_weight=84.0000 | spatial_strength=0.0986 | spatial_freq_entropy=2.7725 | spatial_freq_weight_mean=0.6949 | rank=32
patch-priority map [stage1] | mean=0.062500 | std=0.263846 | min=0.000000 | max=2.610408 | prototype_application_position=post_refine_unary_mask | prototype_bottleneck_strength=1.000000 | prototype_to_base_norm_ratio=1.217881
patch-priority map [stage2] | mean=0.062500 | std=0.251085 | min=0.000000 | max=2.168403 | prototype_application_position=post_refine_unary_mask | prototype_bottleneck_strength=1.000000 | prototype_to_base_norm_ratio=1.025314
patch-priority map [stage3] | mean=0.062500 | std=0.843224 | min=0.000000 | max=33.256641 | prototype_application_position=post_refine | prototype_bottleneck_strength=1.000000 | prototype_to_base_norm_ratio=1.315797
patch-priority map [stage4] | mean=0.062500 | std=0.942040 | min=0.000000 | max=33.091988 | prototype_application_position=post_refine | prototype_bottleneck_strength=1.000000 | prototype_to_base_norm_ratio=2.332857
DEBUG visual concept usage [stage1] top 10:
  concept 271: 5550 patches (51.62%)
  concept 483: 1416 patches (13.17%)
  concept 219: 1250 patches (11.63%)
  concept 201: 970 patches (9.02%)
  concept 88: 675 patches (6.28%)
  concept 444: 100 patches (0.93%)
  concept 172: 86 patches (0.80%)
  concept 434: 69 patches (0.64%)
  concept 118: 54 patches (0.50%)
  concept 273: 44 patches (0.41%)
  normalized usage entropy: 0.9799
DEBUG visual concept usage [stage2] top 10:
  concept 382: 853 patches (31.73%)
  concept 408: 782 patches (29.09%)
  concept 66: 536 patches (19.94%)
  concept 363: 352 patches (13.10%)
  concept 148: 96 patches (3.57%)
  concept 298: 41 patches (1.53%)
  concept 443: 8 patches (0.30%)
  concept 505: 7 patches (0.26%)
  concept 112: 2 patches (0.07%)
  concept 327: 2 patches (0.07%)
  normalized usage entropy: 0.9780
DEBUG visual concept usage [stage3] top 10:
  concept 327: 256 patches (38.10%)
  concept 398: 136 patches (20.24%)
  concept 506: 101 patches (15.03%)
  concept 25: 100 patches (14.88%)
  concept 430: 60 patches (8.93%)
  concept 292: 15 patches (2.23%)
  concept 303: 1 patches (0.15%)
  concept 324: 1 patches (0.15%)
  concept 389: 1 patches (0.15%)
  concept 496: 1 patches (0.15%)
  normalized usage entropy: 0.9737
DEBUG visual concept usage [stage4] top 10:
  concept 276: 9 patches (5.36%)
  concept 351: 9 patches (5.36%)
  concept 87: 8 patches (4.76%)
  concept 154: 8 patches (4.76%)
  concept 442: 7 patches (4.17%)
  concept 330: 5 patches (2.98%)
  concept 337: 5 patches (2.98%)
  concept 353: 4 patches (2.38%)
  concept 358: 4 patches (2.38%)
  concept 404: 4 patches (2.38%)
  normalized usage entropy: 0.9294
DEBUG pred min/max/mean/std: -4.067233085632324 42.5046501159668 -2.7066903114318848 3.9341700077056885
DEBUG target min/max/mean/std: 0.0 1.0 0.012882097624242306 0.07249194383621216
DEBUG fixation pixels per sample: [217.0, 170.0]
DEBUG fix_batch min/max/mean/std: 0.0 1.0 0.0008398437639698386 0.02896791696548462
DEBUG losses: {'loss_total': 0.22032161056995392, 'loss_fid': 25.335693359375, 'loss_patch_fid': 3.9787540435791016, 'loss_dense_fid': 3.9330193996429443, 'loss_dense_bce': -0.0, 'loss_dense_kl': 17.423919677734375, 'loss_topk': -0.0, 'loss_delta': -0.0, 'loss_cc': 0.2821621894836426, 'loss_nss': -4.333632469177246, 'loss_sim': 0.5402432084083557, 'loss_concept_dense': 0.0, 'loss_concept_kl': 0.0, 'loss_align': 0.0, 'loss_sparse': 0.0, 'loss_div': 0.0, 'loss_gate': 0.0, 'loss_visual_entropy': 0.8020413517951965, 'loss_visual_equiv': 0.0, 'loss_visual_usage': 0.03475083410739899, 'loss_temporal_attention_entropy': 0.0, 'loss_total_concept': 0.2949512004852295, 'loss_decoder_side_aux': -0.07615497708320618, 'loss_priority_map': 1.216894507408142, 'loss_priority_map_weighted': 0.12168945372104645, 'priority_map_loss': 1.216894507408142, 'weighted_priority_map_loss': 0.12168945372104645, 'loss_priority_map_stage3': 1.0014568567276, 'loss_priority_map_stage4': 1.432332158088684, 'loss_side_stage4': -0.09439566731452942, 'loss_side_stage3': -0.1680574119091034, 'loss_side_stage2': -0.1545071303844452, 'loss_side_stage1': -0.15726688504219055}
DEBUG decoder visual FiLM [stage1] | film_gamma mean/std/min/max=0.0625/0.2632/0.0000/2.5005 | prototype_bottleneck_strength=1.0000 | prototype_application_position=post_refine
DEBUG decoder visual FiLM [stage2] | film_gamma mean/std/min/max=0.0625/0.2539/0.0000/2.3637 | prototype_bottleneck_strength=1.0000 | prototype_application_position=post_refine
DEBUG decoder visual FiLM [stage3] | film_gamma mean/std/min/max=0.0625/1.2434/0.0000/61.8207 | prototype_bottleneck_strength=1.0000 | prototype_application_position=post_refine
DEBUG decoder visual FiLM [stage4] | film_gamma mean/std/min/max=0.0625/1.3101/0.0000/48.0045 | prototype_bottleneck_strength=1.0000 | prototype_application_position=post_refine
DEBUG factorized comparison [stage3] | query_norm_mean=1.8547 | key_norm_mean=0.7767 | context_mean=0.0000 | context_std=0.1041 | context_min=-0.2104 | context_max=0.2940 | total_candidate_weight=336.0000 | spatial_strength=0.0985 | spatial_freq_entropy=2.7725 | spatial_freq_weight_mean=0.6938 | rank=32
DEBUG factorized comparison [stage4] | query_norm_mean=1.2480 | key_norm_mean=1.0995 | context_mean=-0.0000 | context_std=0.1112 | context_min=-0.2304 | context_max=0.3238 | total_candidate_weight=84.0000 | spatial_strength=0.0986 | spatial_freq_entropy=2.7725 | spatial_freq_weight_mean=0.6950 | rank=32
patch-priority map [stage1] | mean=0.062500 | std=0.263213 | min=0.000000 | max=2.500465 | prototype_application_position=post_refine_unary_mask | prototype_bottleneck_strength=1.000000 | prototype_to_base_norm_ratio=1.483060
patch-priority map [stage2] | mean=0.062500 | std=0.253852 | min=0.000000 | max=2.363739 | prototype_application_position=post_refine_unary_mask | prototype_bottleneck_strength=1.000000 | prototype_to_base_norm_ratio=1.016017
patch-priority map [stage3] | mean=0.062500 | std=1.243402 | min=0.000000 | max=61.820744 | prototype_application_position=post_refine | prototype_bottleneck_strength=1.000000 | prototype_to_base_norm_ratio=2.036292
patch-priority map [stage4] | mean=0.062500 | std=1.310134 | min=0.000000 | max=48.004471 | prototype_application_position=post_refine | prototype_bottleneck_strength=1.000000 | prototype_to_base_norm_ratio=3.340981
Epoch 53/200
  Mean train loss: 0.405113
  Mean val loss:   0.553946
  Current LR:      4.20e-05
Val metrics   | CC: 0.5433 | SIM: 0.3924 | NSS: 3.1566
  Saved checkpoint: training_outputs/ckpts/20261002_204128/epoch_053.pth
  New best val loss: 0.553946 (saved training_outputs/ckpts/20261002_204128/best_checkpoint.pth)

Epoch 54/200
pred_saliency: shape=(2, 1, 224, 384) min=-3.9749 max=80.2850 mean=-2.4776 std=6.7063
sal_batch: shape=(2, 1, 360, 640) min=0.0000 max=1.0000 mean=0.0148 std=0.0824
DEBUG features_shape: {'stage1': (2, 96, 16, 56, 96), 'stage2': (2, 192, 16, 28, 48), 'stage3': (2, 384, 16, 14, 24), 'stage4': (2, 768, 16, 7, 12)}
DEBUG gate: no gate_debug available. This usually means return_concept_losses=False or lambda_gate=0.
DEBUG decoder visual FiLM [stage1] | film_gamma mean/std/min/max=0.0625/0.2632/0.0000/2.4679 | prototype_bottleneck_strength=1.0000 | prototype_application_position=post_refine
DEBUG decoder visual FiLM [stage2] | film_gamma mean/std/min/max=0.0625/0.2544/0.0000/2.4031 | prototype_bottleneck_strength=1.0000 | prototype_application_position=post_refine
DEBUG decoder visual FiLM [stage3] | film_gamma mean/std/min/max=0.0625/1.1202/0.0000/48.5734 | prototype_bottleneck_strength=1.0000 | prototype_application_position=post_refine
DEBUG decoder visual FiLM [stage4] | film_gamma mean/std/min/max=0.0625/1.2762/0.0000/49.2096 | prototype_bottleneck_strength=1.0000 | prototype_application_position=post_refine
DEBUG factorized comparison [stage3] | query_norm_mean=1.8820 | key_norm_mean=0.7778 | context_mean=0.0000 | context_std=0.1096 | context_min=-0.2030 | context_max=0.3119 | total_candidate_weight=336.0000 | spatial_strength=0.0985 | spatial_freq_entropy=2.7725 | spatial_freq_weight_mean=0.6938 | rank=32
DEBUG factorized comparison [stage4] | query_norm_mean=1.2226 | key_norm_mean=1.1143 | context_mean=-0.0000 | context_std=0.1096 | context_min=-0.2033 | context_max=0.3404 | total_candidate_weight=84.0000 | spatial_strength=0.0986 | spatial_freq_entropy=2.7725 | spatial_freq_weight_mean=0.6950 | rank=32
patch-priority map [stage1] | mean=0.062500 | std=0.263189 | min=0.000000 | max=2.467877 | prototype_application_position=post_refine_unary_mask | prototype_bottleneck_strength=1.000000 | prototype_to_base_norm_ratio=1.464344
patch-priority map [stage2] | mean=0.062500 | std=0.254390 | min=0.000000 | max=2.403087 | prototype_application_position=post_refine_unary_mask | prototype_bottleneck_strength=1.000000 | prototype_to_base_norm_ratio=1.043974
patch-priority map [stage3] | mean=0.062500 | std=1.120182 | min=0.000000 | max=48.573387 | prototype_application_position=post_refine | prototype_bottleneck_strength=1.000000 | prototype_to_base_norm_ratio=1.937444
patch-priority map [stage4] | mean=0.062500 | std=1.276195 | min=0.000000 | max=49.209560 | prototype_application_position=post_refine | prototype_bottleneck_strength=1.000000 | prototype_to_base_norm_ratio=3.150271
DEBUG visual concept usage [stage1] top 10:
  concept 271: 4204 patches (39.10%)
  concept 483: 3123 patches (29.05%)
  concept 201: 1380 patches (12.83%)
  concept 219: 1119 patches (10.41%)
  concept 88: 345 patches (3.21%)
  concept 172: 111 patches (1.03%)
  concept 362: 103 patches (0.96%)
  concept 444: 44 patches (0.41%)
  concept 70: 42 patches (0.39%)
  concept 228: 22 patches (0.20%)
  normalized usage entropy: 0.9652
DEBUG visual concept usage [stage2] top 10:
  concept 408: 1482 patches (55.13%)
  concept 66: 503 patches (18.71%)
  concept 363: 308 patches (11.46%)
  concept 382: 198 patches (7.37%)
  concept 148: 106 patches (3.94%)
  concept 505: 45 patches (1.67%)
  concept 298: 23 patches (0.86%)
  concept 112: 8 patches (0.30%)
  concept 443: 7 patches (0.26%)
  concept 410: 3 patches (0.11%)
  normalized usage entropy: 0.9769
DEBUG visual concept usage [stage3] top 10:
  concept 327: 201 patches (29.91%)
  concept 398: 171 patches (25.45%)
  concept 506: 128 patches (19.05%)
  concept 430: 110 patches (16.37%)
  concept 25: 49 patches (7.29%)
  concept 292: 11 patches (1.64%)
  concept 385: 2 patches (0.30%)
  normalized usage entropy: 0.9543
DEBUG visual concept usage [stage4] top 10:
  concept 154: 10 patches (5.95%)
  concept 351: 10 patches (5.95%)
  concept 353: 6 patches (3.57%)
  concept 404: 5 patches (2.98%)
  concept 466: 5 patches (2.98%)
  concept 276: 4 patches (2.38%)
  concept 442: 4 patches (2.38%)
  concept 444: 4 patches (2.38%)
  concept 472: 4 patches (2.38%)
  concept 283: 3 patches (1.79%)
  normalized usage entropy: 0.9047
DEBUG pred min/max/mean/std: -3.9748809337615967 80.2850341796875 -2.4775843620300293 6.706295967102051
DEBUG target min/max/mean/std: 0.0 1.0 0.01478111557662487 0.08244214951992035
DEBUG fixation pixels per sample: [287.0, 148.0]
DEBUG fix_batch min/max/mean/std: 0.0 1.0 0.0009440104477107525 0.030710279941558838
DEBUG losses: {'loss_total': -0.2634887993335724, 'loss_fid': 47.26155090332031, 'loss_patch_fid': 4.506019115447998, 'loss_dense_fid': 4.45501708984375, 'loss_dense_bce': -0.0, 'loss_dense_kl': 38.300514221191406, 'loss_topk': -0.0, 'loss_delta': -0.0, 'loss_cc': 0.1444084644317627, 'loss_nss': -5.4438934326171875, 'loss_sim': 0.362515926361084, 'loss_concept_dense': 0.0, 'loss_concept_kl': 0.0, 'loss_align': 0.0, 'loss_sparse': 0.0, 'loss_div': 0.0, 'loss_gate': 0.0, 'loss_visual_entropy': 0.7777146100997925, 'loss_visual_equiv': 0.0, 'loss_visual_usage': 0.049715057015419006, 'loss_temporal_attention_entropy': 0.0, 'loss_total_concept': 0.2327437698841095, 'loss_decoder_side_aux': -0.193216472864151, 'loss_priority_map': 0.5646312832832336, 'loss_priority_map_weighted': 0.056463129818439484, 'priority_map_loss': 0.5646312832832336, 'weighted_priority_map_loss': 0.056463129818439484, 'loss_priority_map_stage3': 0.619130551815033, 'loss_priority_map_stage4': 0.5101320147514343, 'loss_side_stage4': -0.39734089374542236, 'loss_side_stage3': -0.37129396200180054, 'loss_side_stage2': -0.3780876398086548, 'loss_side_stage1': -0.39753443002700806}
DEBUG decoder visual FiLM [stage1] | film_gamma mean/std/min/max=0.0625/0.2639/0.0000/2.7364 | prototype_bottleneck_strength=1.0000 | prototype_application_position=post_refine
DEBUG decoder visual FiLM [stage2] | film_gamma mean/std/min/max=0.0625/0.2539/0.0000/2.4233 | prototype_bottleneck_strength=1.0000 | prototype_application_position=post_refine
DEBUG decoder visual FiLM [stage3] | film_gamma mean/std/min/max=0.0625/1.5752/0.0000/82.4774 | prototype_bottleneck_strength=1.0000 | prototype_application_position=post_refine
DEBUG decoder visual FiLM [stage4] | film_gamma mean/std/min/max=0.0625/1.4422/0.0000/50.4707 | prototype_bottleneck_strength=1.0000 | prototype_application_position=post_refine
DEBUG factorized comparison [stage3] | query_norm_mean=1.9916 | key_norm_mean=0.7899 | context_mean=0.0001 | context_std=0.1071 | context_min=-0.2284 | context_max=0.3478 | total_candidate_weight=336.0000 | spatial_strength=0.0985 | spatial_freq_entropy=2.7725 | spatial_freq_weight_mean=0.6938 | rank=32
DEBUG factorized comparison [stage4] | query_norm_mean=1.2417 | key_norm_mean=1.1026 | context_mean=0.0001 | context_std=0.1097 | context_min=-0.2274 | context_max=0.3328 | total_candidate_weight=84.0000 | spatial_strength=0.0986 | spatial_freq_entropy=2.7725 | spatial_freq_weight_mean=0.6950 | rank=32
patch-priority map [stage1] | mean=0.062500 | std=0.263887 | min=0.000000 | max=2.736356 | prototype_application_position=post_refine_unary_mask | prototype_bottleneck_strength=1.000000 | prototype_to_base_norm_ratio=1.596291
patch-priority map [stage2] | mean=0.062500 | std=0.253875 | min=0.000000 | max=2.423272 | prototype_application_position=post_refine_unary_mask | prototype_bottleneck_strength=1.000000 | prototype_to_base_norm_ratio=1.016133
patch-priority map [stage3] | mean=0.062500 | std=1.575167 | min=0.000000 | max=82.477364 | prototype_application_position=post_refine | prototype_bottleneck_strength=1.000000 | prototype_to_base_norm_ratio=2.455411
patch-priority map [stage4] | mean=0.062500 | std=1.442190 | min=0.000000 | max=50.470749 | prototype_application_position=post_refine | prototype_bottleneck_strength=1.000000 | prototype_to_base_norm_ratio=3.884422
Epoch 54/200
  Mean train loss: 0.360635
  Mean val loss:   0.587295
  Current LR:      4.17e-05
Val metrics   | CC: 0.5226 | SIM: 0.3906 | NSS: 3.0874
  Saved checkpoint: training_outputs/ckpts/20261002_204128/epoch_054.pth

Epoch 55/200
pred_saliency: shape=(2, 1, 224, 384) min=-4.1807 max=27.0545 mean=-3.0751 std=2.7731
sal_batch: shape=(2, 1, 360, 640) min=0.0000 max=1.0000 mean=0.0148 std=0.0745
DEBUG features_shape: {'stage1': (2, 96, 16, 56, 96), 'stage2': (2, 192, 16, 28, 48), 'stage3': (2, 384, 16, 14, 24), 'stage4': (2, 768, 16, 7, 12)}
DEBUG gate: no gate_debug available. This usually means return_concept_losses=False or lambda_gate=0.
DEBUG decoder visual FiLM [stage1] | film_gamma mean/std/min/max=0.0625/0.2640/0.0000/2.7329 | prototype_bottleneck_strength=1.0000 | prototype_application_position=post_refine
DEBUG decoder visual FiLM [stage2] | film_gamma mean/std/min/max=0.0625/0.2551/0.0000/2.7093 | prototype_bottleneck_strength=1.0000 | prototype_application_position=post_refine
DEBUG decoder visual FiLM [stage3] | film_gamma mean/std/min/max=0.0625/0.7005/0.0000/24.9035 | prototype_bottleneck_strength=1.0000 | prototype_application_position=post_refine
DEBUG decoder visual FiLM [stage4] | film_gamma mean/std/min/max=0.0625/0.6353/0.0000/16.5415 | prototype_bottleneck_strength=1.0000 | prototype_application_position=post_refine
DEBUG factorized comparison [stage3] | query_norm_mean=1.9680 | key_norm_mean=0.7898 | context_mean=0.0001 | context_std=0.1054 | context_min=-0.2463 | context_max=0.2433 | total_candidate_weight=336.0000 | spatial_strength=0.0985 | spatial_freq_entropy=2.7725 | spatial_freq_weight_mean=0.6938 | rank=32
DEBUG factorized comparison [stage4] | query_norm_mean=1.2245 | key_norm_mean=1.0749 | context_mean=0.0001 | context_std=0.1084 | context_min=-0.2380 | context_max=0.2199 | total_candidate_weight=84.0000 | spatial_strength=0.0986 | spatial_freq_entropy=2.7725 | spatial_freq_weight_mean=0.6950 | rank=32
patch-priority map [stage1] | mean=0.062500 | std=0.263965 | min=0.000000 | max=2.732870 | prototype_application_position=post_refine_unary_mask | prototype_bottleneck_strength=1.000000 | prototype_to_base_norm_ratio=1.082518
patch-priority map [stage2] | mean=0.062500 | std=0.255117 | min=0.000000 | max=2.709290 | prototype_application_position=post_refine_unary_mask | prototype_bottleneck_strength=1.000000 | prototype_to_base_norm_ratio=1.039517
patch-priority map [stage3] | mean=0.062500 | std=0.700479 | min=0.000000 | max=24.903513 | prototype_application_position=post_refine | prototype_bottleneck_strength=1.000000 | prototype_to_base_norm_ratio=1.131140
patch-priority map [stage4] | mean=0.062500 | std=0.635251 | min=0.000000 | max=16.541477 | prototype_application_position=post_refine | prototype_bottleneck_strength=1.000000 | prototype_to_base_norm_ratio=1.813464
DEBUG visual concept usage [stage1] top 10:
  concept 271: 6609 patches (61.47%)
  concept 483: 1063 patches (9.89%)
  concept 219: 953 patches (8.86%)
  concept 201: 694 patches (6.45%)
  concept 88: 434 patches (4.04%)
  concept 444: 121 patches (1.13%)
  concept 501: 109 patches (1.01%)
  concept 118: 99 patches (0.92%)
  concept 172: 76 patches (0.71%)
  concept 434: 63 patches (0.59%)
  normalized usage entropy: 0.9683
DEBUG visual concept usage [stage2] top 10:
  concept 408: 1394 patches (51.86%)
  concept 66: 412 patches (15.33%)
  concept 363: 366 patches (13.62%)
  concept 382: 191 patches (7.11%)
  concept 148: 140 patches (5.21%)
  concept 298: 74 patches (2.75%)
  concept 505: 45 patches (1.67%)
  concept 443: 29 patches (1.08%)
  concept 112: 18 patches (0.67%)
  concept 395: 11 patches (0.41%)
  normalized usage entropy: 0.9815
DEBUG visual concept usage [stage3] top 10:
  concept 327: 264 patches (39.29%)
  concept 430: 145 patches (21.58%)
  concept 25: 67 patches (9.97%)
  concept 398: 46 patches (6.85%)
  concept 292: 37 patches (5.51%)
  concept 506: 36 patches (5.36%)
  concept 350: 35 patches (5.21%)
  concept 324: 16 patches (2.38%)
  concept 424: 5 patches (0.74%)
  concept 319: 3 patches (0.45%)
  normalized usage entropy: 0.9680
DEBUG visual concept usage [stage4] top 10:
  concept 87: 13 patches (7.74%)
  concept 154: 9 patches (5.36%)
  concept 351: 7 patches (4.17%)
  concept 276: 6 patches (3.57%)
  concept 289: 5 patches (2.98%)
  concept 353: 5 patches (2.98%)
  concept 449: 5 patches (2.98%)
  concept 278: 4 patches (2.38%)
  concept 368: 4 patches (2.38%)
  concept 397: 4 patches (2.38%)
  normalized usage entropy: 0.9388
DEBUG pred min/max/mean/std: -4.180722236633301 27.054487228393555 -3.075100898742676 2.7730631828308105
DEBUG target min/max/mean/std: 0.0 1.0 0.014774979092180729 0.07454696297645569
DEBUG fixation pixels per sample: [153.0, 157.0]
DEBUG fix_batch min/max/mean/std: 0.0 1.0 0.0006727430736646056 0.025928592309355736
DEBUG losses: {'loss_total': 0.15037602186203003, 'loss_fid': 21.38052749633789, 'loss_patch_fid': 3.779832363128662, 'loss_dense_fid': 3.7298831939697266, 'loss_dense_bce': -0.0, 'loss_dense_kl': 13.870811462402344, 'loss_topk': -0.0, 'loss_delta': -0.0, 'loss_cc': 0.24609285593032837, 'loss_nss': -4.261576175689697, 'loss_sim': 0.5396448373794556, 'loss_concept_dense': 0.0, 'loss_concept_kl': 0.0, 'loss_align': 0.0, 'loss_sparse': 0.0, 'loss_div': 0.0, 'loss_gate': 0.0, 'loss_visual_entropy': 0.8024064302444458, 'loss_visual_equiv': 0.0, 'loss_visual_usage': 0.03584712743759155, 'loss_temporal_attention_entropy': 0.0, 'loss_total_concept': 0.280694842338562, 'loss_decoder_side_aux': -0.07643142342567444, 'loss_priority_map': 0.9437411427497864, 'loss_priority_map_weighted': 0.09437411278486252, 'priority_map_loss': 0.9437411427497864, 'weighted_priority_map_loss': 0.09437411278486252, 'loss_priority_map_stage3': 1.1002986431121826, 'loss_priority_map_stage4': 0.7871836423873901, 'loss_side_stage4': -0.11490949988365173, 'loss_side_stage3': -0.13803163170814514, 'loss_side_stage2': -0.137527197599411, 'loss_side_stage1': -0.18126854300498962}
DEBUG decoder visual FiLM [stage1] | film_gamma mean/std/min/max=0.0625/0.2631/0.0000/2.5709 | prototype_bottleneck_strength=1.0000 | prototype_application_position=post_refine
DEBUG decoder visual FiLM [stage2] | film_gamma mean/std/min/max=0.0625/0.2541/0.0000/2.3564 | prototype_bottleneck_strength=1.0000 | prototype_application_position=post_refine
DEBUG decoder visual FiLM [stage3] | film_gamma mean/std/min/max=0.0625/1.4128/0.0000/70.9767 | prototype_bottleneck_strength=1.0000 | prototype_application_position=post_refine
DEBUG decoder visual FiLM [stage4] | film_gamma mean/std/min/max=0.0625/1.4038/0.0000/50.9535 | prototype_bottleneck_strength=1.0000 | prototype_application_position=post_refine
DEBUG factorized comparison [stage3] | query_norm_mean=1.9025 | key_norm_mean=0.7697 | context_mean=-0.0000 | context_std=0.1021 | context_min=-0.2104 | context_max=0.3164 | total_candidate_weight=336.0000 | spatial_strength=0.0985 | spatial_freq_entropy=2.7725 | spatial_freq_weight_mean=0.6939 | rank=32
DEBUG factorized comparison [stage4] | query_norm_mean=1.2401 | key_norm_mean=1.0890 | context_mean=0.0000 | context_std=0.1084 | context_min=-0.2289 | context_max=0.3253 | total_candidate_weight=84.0000 | spatial_strength=0.0986 | spatial_freq_entropy=2.7725 | spatial_freq_weight_mean=0.6950 | rank=32
patch-priority map [stage1] | mean=0.062500 | std=0.263111 | min=0.000000 | max=2.570886 | prototype_application_position=post_refine_unary_mask | prototype_bottleneck_strength=1.000000 | prototype_to_base_norm_ratio=1.517558
patch-priority map [stage2] | mean=0.062500 | std=0.254113 | min=0.000000 | max=2.356439 | prototype_application_position=post_refine_unary_mask | prototype_bottleneck_strength=1.000000 | prototype_to_base_norm_ratio=1.031758
patch-priority map [stage3] | mean=0.062500 | std=1.412808 | min=0.000000 | max=70.976662 | prototype_application_position=post_refine | prototype_bottleneck_strength=1.000000 | prototype_to_base_norm_ratio=1.967944
patch-priority map [stage4] | mean=0.062500 | std=1.403841 | min=0.000000 | max=50.953461 | prototype_application_position=post_refine | prototype_bottleneck_strength=1.000000 | prototype_to_base_norm_ratio=4.431024
Epoch 55/200
  Mean train loss: 0.374096
  Mean val loss:   0.562083
  Current LR:      4.14e-05
Val metrics   | CC: 0.5336 | SIM: 0.3871 | NSS: 3.1400
  Saved checkpoint: training_outputs/ckpts/20261002_204128/epoch_055.pth

Epoch 56/200
pred_saliency: shape=(2, 1, 224, 384) min=-4.1653 max=69.3678 mean=-2.9696 std=4.0269
sal_batch: shape=(2, 1, 360, 640) min=0.0000 max=1.0000 mean=0.0156 std=0.0758
DEBUG features_shape: {'stage1': (2, 96, 16, 56, 96), 'stage2': (2, 192, 16, 28, 48), 'stage3': (2, 384, 16, 14, 24), 'stage4': (2, 768, 16, 7, 12)}
DEBUG gate: no gate_debug available. This usually means return_concept_losses=False or lambda_gate=0.
DEBUG decoder visual FiLM [stage1] | film_gamma mean/std/min/max=0.0625/0.2630/0.0000/2.5529 | prototype_bottleneck_strength=1.0000 | prototype_application_position=post_refine
DEBUG decoder visual FiLM [stage2] | film_gamma mean/std/min/max=0.0625/0.2551/0.0000/2.6675 | prototype_bottleneck_strength=1.0000 | prototype_application_position=post_refine
DEBUG decoder visual FiLM [stage3] | film_gamma mean/std/min/max=0.0625/0.7556/0.0000/32.6640 | prototype_bottleneck_strength=1.0000 | prototype_application_position=post_refine
DEBUG decoder visual FiLM [stage4] | film_gamma mean/std/min/max=0.0625/0.8721/0.0000/27.2529 | prototype_bottleneck_strength=1.0000 | prototype_application_position=post_refine
DEBUG factorized comparison [stage3] | query_norm_mean=1.8629 | key_norm_mean=0.7716 | context_mean=0.0001 | context_std=0.1050 | context_min=-0.2209 | context_max=0.2463 | total_candidate_weight=336.0000 | spatial_strength=0.0985 | spatial_freq_entropy=2.7725 | spatial_freq_weight_mean=0.6939 | rank=32
DEBUG factorized comparison [stage4] | query_norm_mean=1.2212 | key_norm_mean=1.0837 | context_mean=0.0000 | context_std=0.1126 | context_min=-0.2455 | context_max=0.2937 | total_candidate_weight=84.0000 | spatial_strength=0.0986 | spatial_freq_entropy=2.7725 | spatial_freq_weight_mean=0.6950 | rank=32
patch-priority map [stage1] | mean=0.062500 | std=0.262993 | min=0.000000 | max=2.552922 | prototype_application_position=post_refine_unary_mask | prototype_bottleneck_strength=1.000000 | prototype_to_base_norm_ratio=1.182779
patch-priority map [stage2] | mean=0.062500 | std=0.255083 | min=0.000000 | max=2.667482 | prototype_application_position=post_refine_unary_mask | prototype_bottleneck_strength=1.000000 | prototype_to_base_norm_ratio=1.052181
patch-priority map [stage3] | mean=0.062500 | std=0.755616 | min=0.000000 | max=32.663971 | prototype_application_position=post_refine | prototype_bottleneck_strength=1.000000 | prototype_to_base_norm_ratio=1.246660
patch-priority map [stage4] | mean=0.062500 | std=0.872069 | min=0.000000 | max=27.252899 | prototype_application_position=post_refine | prototype_bottleneck_strength=1.000000 | prototype_to_base_norm_ratio=2.679084
DEBUG visual concept usage [stage1] top 10:
  concept 271: 5192 patches (48.29%)
  concept 483: 2583 patches (24.02%)
  concept 219: 943 patches (8.77%)
  concept 201: 847 patches (7.88%)
  concept 88: 242 patches (2.25%)
  concept 444: 181 patches (1.68%)
  concept 362: 146 patches (1.36%)
  concept 70: 101 patches (0.94%)
  concept 434: 99 patches (0.92%)
  concept 172: 36 patches (0.33%)
  normalized usage entropy: 0.9706
DEBUG visual concept usage [stage2] top 10:
  concept 408: 1367 patches (50.86%)
  concept 66: 491 patches (18.27%)
  concept 363: 309 patches (11.50%)
  concept 382: 224 patches (8.33%)
  concept 148: 155 patches (5.77%)
  concept 505: 50 patches (1.86%)
  concept 443: 35 patches (1.30%)
  concept 298: 30 patches (1.12%)
  concept 112: 17 patches (0.63%)
  concept 483: 6 patches (0.22%)
  normalized usage entropy: 0.9835
DEBUG visual concept usage [stage3] top 10:
  concept 327: 237 patches (35.27%)
  concept 398: 173 patches (25.74%)
  concept 506: 136 patches (20.24%)
  concept 25: 92 patches (13.69%)
  concept 430: 22 patches (3.27%)
  concept 385: 6 patches (0.89%)
  concept 292: 3 patches (0.45%)
  concept 309: 1 patches (0.15%)
  concept 324: 1 patches (0.15%)
  concept 390: 1 patches (0.15%)
  normalized usage entropy: 0.9706
DEBUG visual concept usage [stage4] top 10:
  concept 154: 13 patches (7.74%)
  concept 351: 9 patches (5.36%)
  concept 292: 8 patches (4.76%)
  concept 87: 7 patches (4.17%)
  concept 499: 7 patches (4.17%)
  concept 276: 6 patches (3.57%)
  concept 404: 6 patches (3.57%)
  concept 337: 4 patches (2.38%)
  concept 432: 4 patches (2.38%)
  concept 475: 4 patches (2.38%)
  normalized usage entropy: 0.9196
DEBUG pred min/max/mean/std: -4.165250301361084 69.36782836914062 -2.969599962234497 4.026936054229736
DEBUG target min/max/mean/std: 0.0 1.0 0.015620439313352108 0.0758228525519371
DEBUG fixation pixels per sample: [137.0, 85.0]
DEBUG fix_batch min/max/mean/std: 0.0 1.0 0.0004817708395421505 0.021944014355540276
DEBUG losses: {'loss_total': 0.3326406478881836, 'loss_fid': 35.8839111328125, 'loss_patch_fid': 3.963686227798462, 'loss_dense_fid': 3.912972927093506, 'loss_dense_bce': -0.0, 'loss_dense_kl': 28.007251739501953, 'loss_topk': -0.0, 'loss_delta': -0.0, 'loss_cc': 0.3208181858062744, 'loss_nss': -3.3961052894592285, 'loss_sim': 0.5360522866249084, 'loss_concept_dense': 0.0, 'loss_concept_kl': 0.0, 'loss_align': 0.0, 'loss_sparse': 0.0, 'loss_div': 0.0, 'loss_gate': 0.0, 'loss_visual_entropy': 0.7870949506759644, 'loss_visual_equiv': 0.0, 'loss_visual_usage': 0.038951605558395386, 'loss_temporal_attention_entropy': 0.0, 'loss_total_concept': 0.22574326395988464, 'loss_decoder_side_aux': -0.019008932635188103, 'loss_priority_map': 1.108168125152588, 'loss_priority_map_weighted': 0.11081681400537491, 'priority_map_loss': 1.108168125152588, 'weighted_priority_map_loss': 0.11081681400537491, 'loss_priority_map_stage3': 1.2104096412658691, 'loss_priority_map_stage4': 1.0059266090393066, 'loss_side_stage4': -0.11713108420372009, 'loss_side_stage3': 0.005539268255233765, 'loss_side_stage2': -0.05885609984397888, 'loss_side_stage1': -0.024389445781707764}
DEBUG decoder visual FiLM [stage1] | film_gamma mean/std/min/max=0.0625/0.2643/0.0000/2.6357 | prototype_bottleneck_strength=1.0000 | prototype_application_position=post_refine
DEBUG decoder visual FiLM [stage2] | film_gamma mean/std/min/max=0.0625/0.2523/0.0000/2.5215 | prototype_bottleneck_strength=1.0000 | prototype_application_position=post_refine
DEBUG decoder visual FiLM [stage3] | film_gamma mean/std/min/max=0.0625/1.3949/0.0000/68.9455 | prototype_bottleneck_strength=1.0000 | prototype_application_position=post_refine
DEBUG decoder visual FiLM [stage4] | film_gamma mean/std/min/max=0.0625/1.3044/0.0000/46.2133 | prototype_bottleneck_strength=1.0000 | prototype_application_position=post_refine
DEBUG factorized comparison [stage3] | query_norm_mean=1.9568 | key_norm_mean=0.7749 | context_mean=0.0001 | context_std=0.1082 | context_min=-0.2403 | context_max=0.3313 | total_candidate_weight=336.0000 | spatial_strength=0.0985 | spatial_freq_entropy=2.7725 | spatial_freq_weight_mean=0.6938 | rank=32
DEBUG factorized comparison [stage4] | query_norm_mean=1.2348 | key_norm_mean=1.0998 | context_mean=0.0001 | context_std=0.1062 | context_min=-0.2229 | context_max=0.3193 | total_candidate_weight=84.0000 | spatial_strength=0.0986 | spatial_freq_entropy=2.7725 | spatial_freq_weight_mean=0.6950 | rank=32
patch-priority map [stage1] | mean=0.062500 | std=0.264274 | min=0.000000 | max=2.635740 | prototype_application_position=post_refine_unary_mask | prototype_bottleneck_strength=1.000000 | prototype_to_base_norm_ratio=1.527466
patch-priority map [stage2] | mean=0.062500 | std=0.252314 | min=0.000000 | max=2.521474 | prototype_application_position=post_refine_unary_mask | prototype_bottleneck_strength=1.000000 | prototype_to_base_norm_ratio=1.033921
patch-priority map [stage3] | mean=0.062500 | std=1.394882 | min=0.000000 | max=68.945488 | prototype_application_position=post_refine | prototype_bottleneck_strength=1.000000 | prototype_to_base_norm_ratio=1.746615
patch-priority map [stage4] | mean=0.062500 | std=1.304363 | min=0.000000 | max=46.213299 | prototype_application_position=post_refine | prototype_bottleneck_strength=1.000000 | prototype_to_base_norm_ratio=4.181546
Epoch 56/200
  Mean train loss: 0.395388
  Mean val loss:   0.561963
  Current LR:      4.11e-05
Val metrics   | CC: 0.5325 | SIM: 0.3940 | NSS: 3.1351
  Saved checkpoint: training_outputs/ckpts/20261002_204128/epoch_056.pth

Epoch 57/200
pred_saliency: shape=(2, 1, 224, 384) min=-4.1812 max=40.2375 mean=-2.6710 std=3.9954
sal_batch: shape=(2, 1, 360, 640) min=0.0000 max=1.0000 mean=0.0125 std=0.0724
DEBUG features_shape: {'stage1': (2, 96, 16, 56, 96), 'stage2': (2, 192, 16, 28, 48), 'stage3': (2, 384, 16, 14, 24), 'stage4': (2, 768, 16, 7, 12)}
DEBUG gate: no gate_debug available. This usually means return_concept_losses=False or lambda_gate=0.
DEBUG decoder visual FiLM [stage1] | film_gamma mean/std/min/max=0.0625/0.2640/0.0000/2.6086 | prototype_bottleneck_strength=1.0000 | prototype_application_position=post_refine
DEBUG decoder visual FiLM [stage2] | film_gamma mean/std/min/max=0.0625/0.2528/0.0000/2.6776 | prototype_bottleneck_strength=1.0000 | prototype_application_position=post_refine
DEBUG decoder visual FiLM [stage3] | film_gamma mean/std/min/max=0.0625/0.7599/0.0000/31.7711 | prototype_bottleneck_strength=1.0000 | prototype_application_position=post_refine
DEBUG decoder visual FiLM [stage4] | film_gamma mean/std/min/max=0.0625/0.7379/0.0000/18.4313 | prototype_bottleneck_strength=1.0000 | prototype_application_position=post_refine
DEBUG factorized comparison [stage3] | query_norm_mean=1.8963 | key_norm_mean=0.7951 | context_mean=0.0001 | context_std=0.1193 | context_min=-0.2478 | context_max=0.3149 | total_candidate_weight=336.0000 | spatial_strength=0.0985 | spatial_freq_entropy=2.7725 | spatial_freq_weight_mean=0.6938 | rank=32
DEBUG factorized comparison [stage4] | query_norm_mean=1.2430 | key_norm_mean=1.0658 | context_mean=-0.0000 | context_std=0.1128 | context_min=-0.2380 | context_max=0.2877 | total_candidate_weight=84.0000 | spatial_strength=0.0986 | spatial_freq_entropy=2.7725 | spatial_freq_weight_mean=0.6950 | rank=32
patch-priority map [stage1] | mean=0.062500 | std=0.263986 | min=0.000000 | max=2.608580 | prototype_application_position=post_refine_unary_mask | prototype_bottleneck_strength=1.000000 | prototype_to_base_norm_ratio=1.252709
patch-priority map [stage2] | mean=0.062500 | std=0.252829 | min=0.000000 | max=2.677650 | prototype_application_position=post_refine_unary_mask | prototype_bottleneck_strength=1.000000 | prototype_to_base_norm_ratio=1.027772
patch-priority map [stage3] | mean=0.062500 | std=0.759877 | min=0.000000 | max=31.771084 | prototype_application_position=post_refine | prototype_bottleneck_strength=1.000000 | prototype_to_base_norm_ratio=1.075708
patch-priority map [stage4] | mean=0.062500 | std=0.737875 | min=0.000000 | max=18.431263 | prototype_application_position=post_refine | prototype_bottleneck_strength=1.000000 | prototype_to_base_norm_ratio=1.885420
DEBUG visual concept usage [stage1] top 10:
  concept 219: 3231 patches (30.05%)
  concept 201: 2926 patches (27.21%)
  concept 483: 1414 patches (13.15%)
  concept 271: 1217 patches (11.32%)
  concept 88: 612 patches (5.69%)
  concept 118: 280 patches (2.60%)
  concept 444: 264 patches (2.46%)
  concept 84: 121 patches (1.13%)
  concept 167: 73 patches (0.68%)
  concept 362: 44 patches (0.41%)
  normalized usage entropy: 0.9605
DEBUG visual concept usage [stage2] top 10:
  concept 66: 1346 patches (50.07%)
  concept 363: 588 patches (21.88%)
  concept 148: 334 patches (12.43%)
  concept 408: 334 patches (12.43%)
  concept 298: 20 patches (0.74%)
  concept 112: 19 patches (0.71%)
  concept 443: 18 patches (0.67%)
  concept 382: 17 patches (0.63%)
  concept 505: 8 patches (0.30%)
  concept 395: 2 patches (0.07%)
  normalized usage entropy: 0.9572
DEBUG visual concept usage [stage3] top 10:
  concept 327: 228 patches (33.93%)
  concept 398: 117 patches (17.41%)
  concept 430: 116 patches (17.26%)
  concept 25: 108 patches (16.07%)
  concept 506: 75 patches (11.16%)
  concept 292: 11 patches (1.64%)
  concept 324: 6 patches (0.89%)
  concept 385: 3 patches (0.45%)
  concept 438: 2 patches (0.30%)
  concept 269: 1 patches (0.15%)
  normalized usage entropy: 0.9743
DEBUG visual concept usage [stage4] top 10:
  concept 87: 11 patches (6.55%)
  concept 154: 11 patches (6.55%)
  concept 276: 6 patches (3.57%)
  concept 330: 6 patches (3.57%)
  concept 354: 5 patches (2.98%)
  concept 442: 5 patches (2.98%)
  concept 499: 5 patches (2.98%)
  concept 292: 4 patches (2.38%)
  concept 353: 4 patches (2.38%)
  concept 358: 4 patches (2.38%)
  normalized usage entropy: 0.9325
DEBUG pred min/max/mean/std: -4.181173324584961 40.23752975463867 -2.6710197925567627 3.995414972305298
DEBUG target min/max/mean/std: 0.0 1.0 0.012496971525251865 0.07243135571479797
DEBUG fixation pixels per sample: [165.0, 58.0]
DEBUG fix_batch min/max/mean/std: 0.0 1.0 0.0004839409957639873 0.021993357688188553
DEBUG losses: {'loss_total': 0.6491892337799072, 'loss_fid': 26.97481918334961, 'loss_patch_fid': 3.9278738498687744, 'loss_dense_fid': 3.8803653717041016, 'loss_dense_bce': -0.0, 'loss_dense_kl': 19.166580200195312, 'loss_topk': -0.0, 'loss_delta': -0.0, 'loss_cc': 0.42712271213531494, 'loss_nss': -3.3682138919830322, 'loss_sim': 0.5963277816772461, 'loss_concept_dense': 0.0, 'loss_concept_kl': 0.0, 'loss_align': 0.0, 'loss_sparse': 0.0, 'loss_div': 0.0, 'loss_gate': 0.0, 'loss_visual_entropy': 0.7891061305999756, 'loss_visual_equiv': 0.0, 'loss_visual_usage': 0.04385669529438019, 'loss_temporal_attention_entropy': 0.0, 'loss_total_concept': 0.33284467458724976, 'loss_decoder_side_aux': 0.04182084649801254, 'loss_priority_map': 1.4659552574157715, 'loss_priority_map_weighted': 0.1465955227613449, 'priority_map_loss': 1.4659552574157715, 'weighted_priority_map_loss': 0.1465955227613449, 'loss_priority_map_stage3': 1.472475290298462, 'loss_priority_map_stage4': 1.4594353437423706, 'loss_side_stage4': 0.107491135597229, 'loss_side_stage3': 0.09377500414848328, 'loss_side_stage2': 0.06646212935447693, 'loss_side_stage1': 0.08549734950065613}
DEBUG decoder visual FiLM [stage1] | film_gamma mean/std/min/max=0.0625/0.2651/0.0000/2.8100 | prototype_bottleneck_strength=1.0000 | prototype_application_position=post_refine
DEBUG decoder visual FiLM [stage2] | film_gamma mean/std/min/max=0.0625/0.2521/0.0000/2.5994 | prototype_bottleneck_strength=1.0000 | prototype_application_position=post_refine
DEBUG decoder visual FiLM [stage3] | film_gamma mean/std/min/max=0.0625/1.3543/0.0000/63.4752 | prototype_bottleneck_strength=1.0000 | prototype_application_position=post_refine
DEBUG decoder visual FiLM [stage4] | film_gamma mean/std/min/max=0.0625/1.4189/0.0000/51.4785 | prototype_bottleneck_strength=1.0000 | prototype_application_position=post_refine
DEBUG factorized comparison [stage3] | query_norm_mean=1.8981 | key_norm_mean=0.7571 | context_mean=0.0000 | context_std=0.1024 | context_min=-0.2328 | context_max=0.3119 | total_candidate_weight=336.0000 | spatial_strength=0.0985 | spatial_freq_entropy=2.7725 | spatial_freq_weight_mean=0.6939 | rank=32
DEBUG factorized comparison [stage4] | query_norm_mean=1.2090 | key_norm_mean=1.0777 | context_mean=0.0001 | context_std=0.1062 | context_min=-0.2093 | context_max=0.3193 | total_candidate_weight=84.0000 | spatial_strength=0.0986 | spatial_freq_entropy=2.7725 | spatial_freq_weight_mean=0.6951 | rank=32
patch-priority map [stage1] | mean=0.062500 | std=0.265092 | min=0.000000 | max=2.809980 | prototype_application_position=post_refine_unary_mask | prototype_bottleneck_strength=1.000000 | prototype_to_base_norm_ratio=1.595837
patch-priority map [stage2] | mean=0.062500 | std=0.252145 | min=0.000000 | max=2.599373 | prototype_application_position=post_refine_unary_mask | prototype_bottleneck_strength=1.000000 | prototype_to_base_norm_ratio=1.025073
patch-priority map [stage3] | mean=0.062500 | std=1.354292 | min=0.000000 | max=63.475243 | prototype_application_position=post_refine | prototype_bottleneck_strength=1.000000 | prototype_to_base_norm_ratio=1.947199
patch-priority map [stage4] | mean=0.062500 | std=1.418916 | min=0.000000 | max=51.478539 | prototype_application_position=post_refine | prototype_bottleneck_strength=1.000000 | prototype_to_base_norm_ratio=3.941671
Epoch 57/200
  Mean train loss: 0.368078
  Mean val loss:   0.562145
  Current LR:      4.08e-05
Val metrics   | CC: 0.5325 | SIM: 0.3935 | NSS: 3.1456
  Saved checkpoint: training_outputs/ckpts/20261002_204128/epoch_057.pth

Epoch 58/200
pred_saliency: shape=(2, 1, 224, 384) min=-4.3585 max=50.4093 mean=-2.8771 std=4.0051
sal_batch: shape=(2, 1, 360, 640) min=0.0000 max=1.0000 mean=0.0207 std=0.0877
DEBUG features_shape: {'stage1': (2, 96, 16, 56, 96), 'stage2': (2, 192, 16, 28, 48), 'stage3': (2, 384, 16, 14, 24), 'stage4': (2, 768, 16, 7, 12)}
DEBUG gate: no gate_debug available. This usually means return_concept_losses=False or lambda_gate=0.
DEBUG decoder visual FiLM [stage1] | film_gamma mean/std/min/max=0.0625/0.2647/0.0000/2.8416 | prototype_bottleneck_strength=1.0000 | prototype_application_position=post_refine
DEBUG decoder visual FiLM [stage2] | film_gamma mean/std/min/max=0.0625/0.2529/0.0000/2.7498 | prototype_bottleneck_strength=1.0000 | prototype_application_position=post_refine
DEBUG decoder visual FiLM [stage3] | film_gamma mean/std/min/max=0.0625/0.7663/0.0000/25.8209 | prototype_bottleneck_strength=1.0000 | prototype_application_position=post_refine
DEBUG decoder visual FiLM [stage4] | film_gamma mean/std/min/max=0.0625/0.7638/0.0000/26.0416 | prototype_bottleneck_strength=1.0000 | prototype_application_position=post_refine
DEBUG factorized comparison [stage3] | query_norm_mean=1.8619 | key_norm_mean=0.7645 | context_mean=0.0001 | context_std=0.1070 | context_min=-0.2328 | context_max=0.2612 | total_candidate_weight=336.0000 | spatial_strength=0.0985 | spatial_freq_entropy=2.7725 | spatial_freq_weight_mean=0.6939 | rank=32
DEBUG factorized comparison [stage4] | query_norm_mean=1.2047 | key_norm_mean=1.0573 | context_mean=0.0001 | context_std=0.1129 | context_min=-0.2530 | context_max=0.2560 | total_candidate_weight=84.0000 | spatial_strength=0.0986 | spatial_freq_entropy=2.7725 | spatial_freq_weight_mean=0.6951 | rank=32
patch-priority map [stage1] | mean=0.062500 | std=0.264705 | min=0.000000 | max=2.841560 | prototype_application_position=post_refine_unary_mask | prototype_bottleneck_strength=1.000000 | prototype_to_base_norm_ratio=1.202410
patch-priority map [stage2] | mean=0.062500 | std=0.252945 | min=0.000000 | max=2.749770 | prototype_application_position=post_refine_unary_mask | prototype_bottleneck_strength=1.000000 | prototype_to_base_norm_ratio=1.050760
patch-priority map [stage3] | mean=0.062500 | std=0.766266 | min=0.000000 | max=25.820854 | prototype_application_position=post_refine | prototype_bottleneck_strength=1.000000 | prototype_to_base_norm_ratio=1.280254
patch-priority map [stage4] | mean=0.062500 | std=0.763813 | min=0.000000 | max=26.041622 | prototype_application_position=post_refine | prototype_bottleneck_strength=1.000000 | prototype_to_base_norm_ratio=2.045635
DEBUG visual concept usage [stage1] top 10:
  concept 271: 4179 patches (38.87%)
  concept 444: 1328 patches (12.35%)
  concept 118: 1144 patches (10.64%)
  concept 201: 1127 patches (10.48%)
  concept 483: 942 patches (8.76%)
  concept 219: 530 patches (4.93%)
  concept 434: 319 patches (2.97%)
  concept 88: 274 patches (2.55%)
  concept 346: 152 patches (1.41%)
  concept 501: 92 patches (0.86%)
  normalized usage entropy: 0.9604
DEBUG visual concept usage [stage2] top 10:
  concept 382: 758 patches (28.20%)
  concept 66: 673 patches (25.04%)
  concept 408: 416 patches (15.48%)
  concept 363: 365 patches (13.58%)
  concept 148: 220 patches (8.18%)
  concept 443: 148 patches (5.51%)
  concept 298: 46 patches (1.71%)
  concept 483: 27 patches (1.00%)
  concept 505: 22 patches (0.82%)
  concept 112: 8 patches (0.30%)
  normalized usage entropy: 0.9743
DEBUG visual concept usage [stage3] top 10:
  concept 327: 247 patches (36.76%)
  concept 398: 121 patches (18.01%)
  concept 430: 93 patches (13.84%)
  concept 506: 85 patches (12.65%)
  concept 25: 83 patches (12.35%)
  concept 292: 13 patches (1.93%)
  concept 496: 10 patches (1.49%)
  concept 324: 7 patches (1.04%)
  concept 350: 6 patches (0.89%)
  concept 259: 1 patches (0.15%)
  normalized usage entropy: 0.9726
DEBUG visual concept usage [stage4] top 10:
  concept 87: 14 patches (8.33%)
  concept 154: 13 patches (7.74%)
  concept 499: 6 patches (3.57%)
  concept 351: 5 patches (2.98%)
  concept 337: 4 patches (2.38%)
  concept 472: 4 patches (2.38%)
  concept 507: 4 patches (2.38%)
  concept 291: 3 patches (1.79%)
  concept 292: 3 patches (1.79%)
  concept 397: 3 patches (1.79%)
  normalized usage entropy: 0.9290
DEBUG pred min/max/mean/std: -4.35850191116333 50.409339904785156 -2.8771002292633057 4.005115985870361
DEBUG target min/max/mean/std: 0.0 1.0 0.020671050995588303 0.08772329986095428
DEBUG fixation pixels per sample: [163.0, 216.0]
DEBUG fix_batch min/max/mean/std: 0.0 1.0 0.000822482630610466 0.028667191043496132
DEBUG losses: {'loss_total': 0.4789937138557434, 'loss_fid': 34.8106575012207, 'loss_patch_fid': 4.136312484741211, 'loss_dense_fid': 4.089839935302734, 'loss_dense_bce': -0.0, 'loss_dense_kl': 26.584505081176758, 'loss_topk': -0.0, 'loss_delta': -0.0, 'loss_cc': 0.3420379161834717, 'loss_nss': -3.0331673622131348, 'loss_sim': 0.5098466277122498, 'loss_concept_dense': 0.0, 'loss_concept_kl': 0.0, 'loss_align': 0.0, 'loss_sparse': 0.0, 'loss_div': 0.0, 'loss_gate': 0.0, 'loss_visual_entropy': 0.7864780426025391, 'loss_visual_equiv': 0.0, 'loss_visual_usage': 0.04093053936958313, 'loss_temporal_attention_entropy': 0.0, 'loss_total_concept': 0.28024351596832275, 'loss_decoder_side_aux': 0.03400411456823349, 'loss_priority_map': 0.9089189767837524, 'loss_priority_map_weighted': 0.09089189767837524, 'priority_map_loss': 0.9089189767837524, 'weighted_priority_map_loss': 0.09089189767837524, 'loss_priority_map_stage3': 0.8770425915718079, 'loss_priority_map_stage4': 0.940795361995697, 'loss_side_stage4': 0.12478688359260559, 'loss_side_stage3': 0.07296612858772278, 'loss_side_stage2': 0.08108773827552795, 'loss_side_stage1': 0.0415249764919281}
DEBUG decoder visual FiLM [stage1] | film_gamma mean/std/min/max=0.0625/0.2633/0.0000/2.7510 | prototype_bottleneck_strength=1.0000 | prototype_application_position=post_refine
DEBUG decoder visual FiLM [stage2] | film_gamma mean/std/min/max=0.0625/0.2538/0.0000/2.5518 | prototype_bottleneck_strength=1.0000 | prototype_application_position=post_refine
DEBUG decoder visual FiLM [stage3] | film_gamma mean/std/min/max=0.0625/1.3297/0.0000/61.8897 | prototype_bottleneck_strength=1.0000 | prototype_application_position=post_refine
DEBUG decoder visual FiLM [stage4] | film_gamma mean/std/min/max=0.0625/1.1797/0.0000/39.5573 | prototype_bottleneck_strength=1.0000 | prototype_application_position=post_refine
DEBUG factorized comparison [stage3] | query_norm_mean=1.8255 | key_norm_mean=0.7238 | context_mean=0.0001 | context_std=0.0978 | context_min=-0.2045 | context_max=0.3075 | total_candidate_weight=336.0000 | spatial_strength=0.0985 | spatial_freq_entropy=2.7725 | spatial_freq_weight_mean=0.6940 | rank=32
DEBUG factorized comparison [stage4] | query_norm_mean=1.2155 | key_norm_mean=1.0674 | context_mean=-0.0000 | context_std=0.1072 | context_min=-0.2108 | context_max=0.3087 | total_candidate_weight=84.0000 | spatial_strength=0.0986 | spatial_freq_entropy=2.7725 | spatial_freq_weight_mean=0.6951 | rank=32
patch-priority map [stage1] | mean=0.062500 | std=0.263294 | min=0.000000 | max=2.751016 | prototype_application_position=post_refine_unary_mask | prototype_bottleneck_strength=1.000000 | prototype_to_base_norm_ratio=1.498160
patch-priority map [stage2] | mean=0.062500 | std=0.253784 | min=0.000000 | max=2.551826 | prototype_application_position=post_refine_unary_mask | prototype_bottleneck_strength=1.000000 | prototype_to_base_norm_ratio=1.021408
patch-priority map [stage3] | mean=0.062500 | std=1.329695 | min=0.000000 | max=61.889744 | prototype_application_position=post_refine | prototype_bottleneck_strength=1.000000 | prototype_to_base_norm_ratio=2.263702
patch-priority map [stage4] | mean=0.062500 | std=1.179691 | min=0.000000 | max=39.557251 | prototype_application_position=post_refine | prototype_bottleneck_strength=1.000000 | prototype_to_base_norm_ratio=2.830810
Epoch 58/200
  Mean train loss: 0.364595
  Mean val loss:   0.567036
  Current LR:      4.05e-05
Val metrics   | CC: 0.5291 | SIM: 0.3949 | NSS: 3.1119
  Saved checkpoint: training_outputs/ckpts/20261002_204128/epoch_058.pth

Epoch 59/200
pred_saliency: shape=(2, 1, 224, 384) min=-4.1543 max=43.3209 mean=-3.0095 std=3.6003
sal_batch: shape=(2, 1, 360, 640) min=0.0000 max=1.0000 mean=0.0155 std=0.0825
DEBUG features_shape: {'stage1': (2, 96, 16, 56, 96), 'stage2': (2, 192, 16, 28, 48), 'stage3': (2, 384, 16, 14, 24), 'stage4': (2, 768, 16, 7, 12)}
DEBUG gate: no gate_debug available. This usually means return_concept_losses=False or lambda_gate=0.
DEBUG decoder visual FiLM [stage1] | film_gamma mean/std/min/max=0.0625/0.2634/0.0000/2.6617 | prototype_bottleneck_strength=1.0000 | prototype_application_position=post_refine
DEBUG decoder visual FiLM [stage2] | film_gamma mean/std/min/max=0.0625/0.2545/0.0000/3.1241 | prototype_bottleneck_strength=1.0000 | prototype_application_position=post_refine
DEBUG decoder visual FiLM [stage3] | film_gamma mean/std/min/max=0.0625/0.9232/0.0000/36.2667 | prototype_bottleneck_strength=1.0000 | prototype_application_position=post_refine
DEBUG decoder visual FiLM [stage4] | film_gamma mean/std/min/max=0.0625/0.9304/0.0000/33.8205 | prototype_bottleneck_strength=1.0000 | prototype_application_position=post_refine
DEBUG factorized comparison [stage3] | query_norm_mean=1.7762 | key_norm_mean=0.7332 | context_mean=0.0000 | context_std=0.1032 | context_min=-0.2045 | context_max=0.2746 | total_candidate_weight=336.0000 | spatial_strength=0.0985 | spatial_freq_entropy=2.7725 | spatial_freq_weight_mean=0.6940 | rank=32
DEBUG factorized comparison [stage4] | query_norm_mean=1.2275 | key_norm_mean=1.0567 | context_mean=0.0000 | context_std=0.1141 | context_min=-0.2575 | context_max=0.2681 | total_candidate_weight=84.0000 | spatial_strength=0.0986 | spatial_freq_entropy=2.7725 | spatial_freq_weight_mean=0.6951 | rank=32
patch-priority map [stage1] | mean=0.062500 | std=0.263392 | min=0.000000 | max=2.661749 | prototype_application_position=post_refine_unary_mask | prototype_bottleneck_strength=1.000000 | prototype_to_base_norm_ratio=1.227192
patch-priority map [stage2] | mean=0.062500 | std=0.254510 | min=0.000000 | max=3.124082 | prototype_application_position=post_refine_unary_mask | prototype_bottleneck_strength=1.000000 | prototype_to_base_norm_ratio=1.040873
patch-priority map [stage3] | mean=0.062500 | std=0.923176 | min=0.000000 | max=36.266678 | prototype_application_position=post_refine | prototype_bottleneck_strength=1.000000 | prototype_to_base_norm_ratio=1.429343
patch-priority map [stage4] | mean=0.062500 | std=0.930384 | min=0.000000 | max=33.820534 | prototype_application_position=post_refine | prototype_bottleneck_strength=1.000000 | prototype_to_base_norm_ratio=2.366446
DEBUG visual concept usage [stage1] top 10:
  concept 271: 4300 patches (39.99%)
  concept 483: 3682 patches (34.24%)
  concept 219: 1277 patches (11.88%)
  concept 201: 592 patches (5.51%)
  concept 88: 290 patches (2.70%)
  concept 118: 142 patches (1.32%)
  concept 501: 75 patches (0.70%)
  concept 273: 54 patches (0.50%)
  concept 444: 51 patches (0.47%)
  concept 172: 47 patches (0.44%)
  normalized usage entropy: 0.9682
DEBUG visual concept usage [stage2] top 10:
  concept 408: 1315 patches (48.92%)
  concept 66: 426 patches (15.85%)
  concept 148: 313 patches (11.64%)
  concept 363: 232 patches (8.63%)
  concept 298: 96 patches (3.57%)
  concept 443: 92 patches (3.42%)
  concept 505: 80 patches (2.98%)
  concept 382: 73 patches (2.72%)
  concept 483: 34 patches (1.26%)
  concept 112: 18 patches (0.67%)
  normalized usage entropy: 0.9847
DEBUG visual concept usage [stage3] top 10:
  concept 327: 245 patches (36.46%)
  concept 398: 130 patches (19.35%)
  concept 506: 98 patches (14.58%)
  concept 25: 90 patches (13.39%)
  concept 430: 69 patches (10.27%)
  concept 292: 25 patches (3.72%)
  concept 385: 10 patches (1.49%)
  concept 324: 3 patches (0.45%)
  concept 350: 1 patches (0.15%)
  concept 496: 1 patches (0.15%)
  normalized usage entropy: 0.9757
DEBUG visual concept usage [stage4] top 10:
  concept 87: 12 patches (7.14%)
  concept 154: 10 patches (5.95%)
  concept 351: 7 patches (4.17%)
  concept 499: 7 patches (4.17%)
  concept 444: 6 patches (3.57%)
  concept 466: 6 patches (3.57%)
  concept 347: 4 patches (2.38%)
  concept 442: 4 patches (2.38%)
  concept 281: 3 patches (1.79%)
  concept 294: 3 patches (1.79%)
  normalized usage entropy: 0.9304
DEBUG pred min/max/mean/std: -4.154270172119141 43.32088088989258 -3.009465217590332 3.6003339290618896
DEBUG target min/max/mean/std: 0.0 1.0 0.015458224341273308 0.0825427994132042
DEBUG fixation pixels per sample: [232.0, 203.0]
DEBUG fix_batch min/max/mean/std: 0.0 1.0 0.0009440104477107525 0.030710279941558838
DEBUG losses: {'loss_total': 0.049098581075668335, 'loss_fid': 26.237333297729492, 'loss_patch_fid': 4.044277667999268, 'loss_dense_fid': 3.997248888015747, 'loss_dense_bce': -0.0, 'loss_dense_kl': 18.1958065032959, 'loss_topk': -0.0, 'loss_delta': -0.0, 'loss_cc': 0.23996281623840332, 'loss_nss': -4.571017742156982, 'loss_sim': 0.5174214839935303, 'loss_concept_dense': 0.0, 'loss_concept_kl': 0.0, 'loss_align': 0.0, 'loss_sparse': 0.0, 'loss_div': 0.0, 'loss_gate': 0.0, 'loss_visual_entropy': 0.7861591577529907, 'loss_visual_equiv': 0.0, 'loss_visual_usage': 0.03528353571891785, 'loss_temporal_attention_entropy': 0.0, 'loss_total_concept': 0.2543399930000305, 'loss_decoder_side_aux': -0.10404947400093079, 'loss_priority_map': 0.8473065495491028, 'loss_priority_map_weighted': 0.08473065495491028, 'priority_map_loss': 0.8473065495491028, 'weighted_priority_map_loss': 0.08473065495491028, 'loss_priority_map_stage3': 0.8796108365058899, 'loss_priority_map_stage4': 0.8150022625923157, 'loss_side_stage4': -0.14383700489997864, 'loss_side_stage3': -0.22838851809501648, 'loss_side_stage2': -0.19976520538330078, 'loss_side_stage1': -0.22026994824409485}
DEBUG decoder visual FiLM [stage1] | film_gamma mean/std/min/max=0.0625/0.2628/0.0000/2.6665 | prototype_bottleneck_strength=1.0000 | prototype_application_position=post_refine
DEBUG decoder visual FiLM [stage2] | film_gamma mean/std/min/max=0.0625/0.2552/0.0000/2.3179 | prototype_bottleneck_strength=1.0000 | prototype_application_position=post_refine
DEBUG decoder visual FiLM [stage3] | film_gamma mean/std/min/max=0.0625/1.2111/0.0000/51.8984 | prototype_bottleneck_strength=1.0000 | prototype_application_position=post_refine
DEBUG decoder visual FiLM [stage4] | film_gamma mean/std/min/max=0.0625/1.1212/0.0000/37.3230 | prototype_bottleneck_strength=1.0000 | prototype_application_position=post_refine
DEBUG factorized comparison [stage3] | query_norm_mean=1.8323 | key_norm_mean=0.7370 | context_mean=0.0001 | context_std=0.1016 | context_min=-0.2075 | context_max=0.3015 | total_candidate_weight=336.0000 | spatial_strength=0.0985 | spatial_freq_entropy=2.7725 | spatial_freq_weight_mean=0.6940 | rank=32
DEBUG factorized comparison [stage4] | query_norm_mean=1.2112 | key_norm_mean=1.0695 | context_mean=0.0001 | context_std=0.1076 | context_min=-0.2169 | context_max=0.3072 | total_candidate_weight=84.0000 | spatial_strength=0.0986 | spatial_freq_entropy=2.7725 | spatial_freq_weight_mean=0.6951 | rank=32
patch-priority map [stage1] | mean=0.062500 | std=0.262764 | min=0.000000 | max=2.666467 | prototype_application_position=post_refine_unary_mask | prototype_bottleneck_strength=1.000000 | prototype_to_base_norm_ratio=1.468660
patch-priority map [stage2] | mean=0.062500 | std=0.255179 | min=0.000000 | max=2.317850 | prototype_application_position=post_refine_unary_mask | prototype_bottleneck_strength=1.000000 | prototype_to_base_norm_ratio=1.045018
patch-priority map [stage3] | mean=0.062500 | std=1.211127 | min=0.000000 | max=51.898357 | prototype_application_position=post_refine | prototype_bottleneck_strength=1.000000 | prototype_to_base_norm_ratio=1.670379
patch-priority map [stage4] | mean=0.062500 | std=1.121225 | min=0.000000 | max=37.323040 | prototype_application_position=post_refine | prototype_bottleneck_strength=1.000000 | prototype_to_base_norm_ratio=2.801934
Epoch 59/200
  Mean train loss: 0.324746
  Mean val loss:   0.558755
  Current LR:      4.02e-05
Val metrics   | CC: 0.5330 | SIM: 0.3890 | NSS: 3.1137
  Saved checkpoint: training_outputs/ckpts/20261002_204128/epoch_059.pth

Epoch 60/200
pred_saliency: shape=(2, 1, 224, 384) min=-4.0690 max=80.3532 mean=-2.6725 std=4.8026
sal_batch: shape=(2, 1, 360, 640) min=0.0000 max=1.0000 mean=0.0148 std=0.0773
DEBUG features_shape: {'stage1': (2, 96, 16, 56, 96), 'stage2': (2, 192, 16, 28, 48), 'stage3': (2, 384, 16, 14, 24), 'stage4': (2, 768, 16, 7, 12)}
DEBUG gate: no gate_debug available. This usually means return_concept_losses=False or lambda_gate=0.
DEBUG decoder visual FiLM [stage1] | film_gamma mean/std/min/max=0.0625/0.2623/0.0000/2.6199 | prototype_bottleneck_strength=1.0000 | prototype_application_position=post_refine
DEBUG decoder visual FiLM [stage2] | film_gamma mean/std/min/max=0.0625/0.2558/0.0000/2.6133 | prototype_bottleneck_strength=1.0000 | prototype_application_position=post_refine
DEBUG decoder visual FiLM [stage3] | film_gamma mean/std/min/max=0.0625/1.0136/0.0000/44.8010 | prototype_bottleneck_strength=1.0000 | prototype_application_position=post_refine
DEBUG decoder visual FiLM [stage4] | film_gamma mean/std/min/max=0.0625/0.9238/0.0000/34.3438 | prototype_bottleneck_strength=1.0000 | prototype_application_position=post_refine
DEBUG factorized comparison [stage3] | query_norm_mean=1.8341 | key_norm_mean=0.7386 | context_mean=0.0000 | context_std=0.1057 | context_min=-0.2015 | context_max=0.3313 | total_candidate_weight=336.0000 | spatial_strength=0.0985 | spatial_freq_entropy=2.7725 | spatial_freq_weight_mean=0.6940 | rank=32
DEBUG factorized comparison [stage4] | query_norm_mean=1.2013 | key_norm_mean=1.0877 | context_mean=0.0000 | context_std=0.1097 | context_min=-0.2093 | context_max=0.3102 | total_candidate_weight=84.0000 | spatial_strength=0.0986 | spatial_freq_entropy=2.7725 | spatial_freq_weight_mean=0.6951 | rank=32
patch-priority map [stage1] | mean=0.062500 | std=0.262260 | min=0.000000 | max=2.619926 | prototype_application_position=post_refine_unary_mask | prototype_bottleneck_strength=1.000000 | prototype_to_base_norm_ratio=1.296941
patch-priority map [stage2] | mean=0.062500 | std=0.255845 | min=0.000000 | max=2.613283 | prototype_application_position=post_refine_unary_mask | prototype_bottleneck_strength=1.000000 | prototype_to_base_norm_ratio=1.052383
patch-priority map [stage3] | mean=0.062500 | std=1.013624 | min=0.000000 | max=44.801022 | prototype_application_position=post_refine | prototype_bottleneck_strength=1.000000 | prototype_to_base_norm_ratio=1.542186
patch-priority map [stage4] | mean=0.062500 | std=0.923775 | min=0.000000 | max=34.343842 | prototype_application_position=post_refine | prototype_bottleneck_strength=1.000000 | prototype_to_base_norm_ratio=3.266083
DEBUG visual concept usage [stage1] top 10:
  concept 271: 7261 patches (67.53%)
  concept 483: 2584 patches (24.03%)
  concept 219: 299 patches (2.78%)
  concept 88: 234 patches (2.18%)
  concept 201: 170 patches (1.58%)
  concept 118: 42 patches (0.39%)
  concept 441: 24 patches (0.22%)
  concept 228: 15 patches (0.14%)
  concept 360: 12 patches (0.11%)
  concept 90: 9 patches (0.08%)
  normalized usage entropy: 0.9553
DEBUG visual concept usage [stage2] top 10:
  concept 408: 1497 patches (55.69%)
  concept 382: 655 patches (24.37%)
  concept 363: 215 patches (8.00%)
  concept 483: 116 patches (4.32%)
  concept 66: 105 patches (3.91%)
  concept 148: 50 patches (1.86%)
  concept 505: 23 patches (0.86%)
  concept 298: 18 patches (0.67%)
  concept 443: 4 patches (0.15%)
  concept 112: 2 patches (0.07%)
  normalized usage entropy: 0.9417
DEBUG visual concept usage [stage3] top 10:
  concept 327: 199 patches (29.61%)
  concept 398: 184 patches (27.38%)
  concept 506: 125 patches (18.60%)
  concept 25: 71 patches (10.57%)
  concept 430: 50 patches (7.44%)
  concept 385: 32 patches (4.76%)
  concept 292: 8 patches (1.19%)
  concept 324: 3 patches (0.45%)
  normalized usage entropy: 0.9656
DEBUG visual concept usage [stage4] top 10:
  concept 154: 11 patches (6.55%)
  concept 87: 7 patches (4.17%)
  concept 442: 7 patches (4.17%)
  concept 444: 7 patches (4.17%)
  concept 466: 7 patches (4.17%)
  concept 292: 6 patches (3.57%)
  concept 362: 6 patches (3.57%)
  concept 281: 5 patches (2.98%)
  concept 354: 5 patches (2.98%)
  concept 330: 4 patches (2.38%)
  normalized usage entropy: 0.9162
DEBUG pred min/max/mean/std: -4.069003582000732 80.35323333740234 -2.6724905967712402 4.802586555480957
DEBUG target min/max/mean/std: 0.0 1.0 0.014849981293082237 0.07728073000907898
DEBUG fixation pixels per sample: [113.0, 166.0]
DEBUG fix_batch min/max/mean/std: 0.0 1.0 0.0006054687546566129 0.024598851799964905
DEBUG losses: {'loss_total': 0.1450878232717514, 'loss_fid': 43.15442657470703, 'loss_patch_fid': 4.046152591705322, 'loss_dense_fid': 4.000465393066406, 'loss_dense_bce': -0.0, 'loss_dense_kl': 35.107810974121094, 'loss_topk': -0.0, 'loss_delta': -0.0, 'loss_cc': 0.2682873010635376, 'loss_nss': -4.187225341796875, 'loss_sim': 0.4919047951698303, 'loss_concept_dense': 0.0, 'loss_concept_kl': 0.0, 'loss_align': 0.0, 'loss_sparse': 0.0, 'loss_div': 0.0, 'loss_gate': 0.0, 'loss_visual_entropy': 0.7780801057815552, 'loss_visual_equiv': 0.0, 'loss_visual_usage': 0.055297866463661194, 'loss_temporal_attention_entropy': 0.0, 'loss_total_concept': 0.24984455108642578, 'loss_decoder_side_aux': -0.07579934597015381, 'loss_priority_map': 0.7641942501068115, 'loss_priority_map_weighted': 0.07641942799091339, 'priority_map_loss': 0.7641942501068115, 'weighted_priority_map_loss': 0.07641942799091339, 'loss_priority_map_stage3': 0.9178035259246826, 'loss_priority_map_stage4': 0.6105849742889404, 'loss_side_stage4': -0.1353626549243927, 'loss_side_stage3': -0.14761069416999817, 'loss_side_stage2': -0.15190616250038147, 'loss_side_stage1': -0.1574210524559021}
DEBUG decoder visual FiLM [stage1] | film_gamma mean/std/min/max=0.0625/0.2620/0.0000/2.4821 | prototype_bottleneck_strength=1.0000 | prototype_application_position=post_refine
DEBUG decoder visual FiLM [stage2] | film_gamma mean/std/min/max=0.0625/0.2549/0.0000/2.5029 | prototype_bottleneck_strength=1.0000 | prototype_application_position=post_refine
DEBUG decoder visual FiLM [stage3] | film_gamma mean/std/min/max=0.0625/1.3253/0.0000/63.1472 | prototype_bottleneck_strength=1.0000 | prototype_application_position=post_refine
DEBUG decoder visual FiLM [stage4] | film_gamma mean/std/min/max=0.0625/1.2978/0.0000/46.9995 | prototype_bottleneck_strength=1.0000 | prototype_application_position=post_refine
DEBUG factorized comparison [stage3] | query_norm_mean=1.8450 | key_norm_mean=0.7392 | context_mean=0.0001 | context_std=0.1000 | context_min=-0.2239 | context_max=0.3060 | total_candidate_weight=336.0000 | spatial_strength=0.0985 | spatial_freq_entropy=2.7725 | spatial_freq_weight_mean=0.6940 | rank=32
DEBUG factorized comparison [stage4] | query_norm_mean=1.2291 | key_norm_mean=1.1077 | context_mean=0.0001 | context_std=0.1123 | context_min=-0.2229 | context_max=0.3389 | total_candidate_weight=84.0000 | spatial_strength=0.0986 | spatial_freq_entropy=2.7725 | spatial_freq_weight_mean=0.6951 | rank=32
patch-priority map [stage1] | mean=0.062500 | std=0.261997 | min=0.000000 | max=2.482120 | prototype_application_position=post_refine_unary_mask | prototype_bottleneck_strength=1.000000 | prototype_to_base_norm_ratio=1.489072
patch-priority map [stage2] | mean=0.062500 | std=0.254945 | min=0.000000 | max=2.502900 | prototype_application_position=post_refine_unary_mask | prototype_bottleneck_strength=1.000000 | prototype_to_base_norm_ratio=1.039301
patch-priority map [stage3] | mean=0.062500 | std=1.325291 | min=0.000000 | max=63.147175 | prototype_application_position=post_refine | prototype_bottleneck_strength=1.000000 | prototype_to_base_norm_ratio=2.001587
patch-priority map [stage4] | mean=0.062500 | std=1.297849 | min=0.000000 | max=46.999489 | prototype_application_position=post_refine | prototype_bottleneck_strength=1.000000 | prototype_to_base_norm_ratio=3.296846
Epoch 60/200
  Mean train loss: 0.302355
  Mean val loss:   0.577748
  Current LR:      3.99e-05
Val metrics   | CC: 0.5209 | SIM: 0.3888 | NSS: 3.0905
  Saved checkpoint: training_outputs/ckpts/20261002_204128/epoch_060.pth

Epoch 61/200
pred_saliency: shape=(2, 1, 224, 384) min=-4.0596 max=37.4928 mean=-2.8609 std=3.3183
sal_batch: shape=(2, 1, 360, 640) min=0.0000 max=1.0000 mean=0.0188 std=0.0838
DEBUG features_shape: {'stage1': (2, 96, 16, 56, 96), 'stage2': (2, 192, 16, 28, 48), 'stage3': (2, 384, 16, 14, 24), 'stage4': (2, 768, 16, 7, 12)}
DEBUG gate: no gate_debug available. This usually means return_concept_losses=False or lambda_gate=0.
DEBUG decoder visual FiLM [stage1] | film_gamma mean/std/min/max=0.0625/0.2622/0.0000/2.6059 | prototype_bottleneck_strength=1.0000 | prototype_application_position=post_refine
DEBUG decoder visual FiLM [stage2] | film_gamma mean/std/min/max=0.0625/0.2555/0.0000/2.6846 | prototype_bottleneck_strength=1.0000 | prototype_application_position=post_refine
DEBUG decoder visual FiLM [stage3] | film_gamma mean/std/min/max=0.0625/0.8869/0.0000/40.5300 | prototype_bottleneck_strength=1.0000 | prototype_application_position=post_refine
DEBUG decoder visual FiLM [stage4] | film_gamma mean/std/min/max=0.0625/0.8191/0.0000/21.1486 | prototype_bottleneck_strength=1.0000 | prototype_application_position=post_refine
DEBUG factorized comparison [stage3] | query_norm_mean=1.8123 | key_norm_mean=0.7463 | context_mean=0.0001 | context_std=0.1039 | context_min=-0.2179 | context_max=0.2701 | total_candidate_weight=336.0000 | spatial_strength=0.0985 | spatial_freq_entropy=2.7725 | spatial_freq_weight_mean=0.6940 | rank=32
DEBUG factorized comparison [stage4] | query_norm_mean=1.2350 | key_norm_mean=1.0899 | context_mean=0.0001 | context_std=0.1151 | context_min=-0.2620 | context_max=0.2696 | total_candidate_weight=84.0000 | spatial_strength=0.0986 | spatial_freq_entropy=2.7725 | spatial_freq_weight_mean=0.6951 | rank=32
patch-priority map [stage1] | mean=0.062500 | std=0.262193 | min=0.000000 | max=2.605902 | prototype_application_position=post_refine_unary_mask | prototype_bottleneck_strength=1.000000 | prototype_to_base_norm_ratio=1.115929
patch-priority map [stage2] | mean=0.062500 | std=0.255517 | min=0.000000 | max=2.684632 | prototype_application_position=post_refine_unary_mask | prototype_bottleneck_strength=1.000000 | prototype_to_base_norm_ratio=1.051866
patch-priority map [stage3] | mean=0.062500 | std=0.886851 | min=0.000000 | max=40.529972 | prototype_application_position=post_refine | prototype_bottleneck_strength=1.000000 | prototype_to_base_norm_ratio=1.304510
patch-priority map [stage4] | mean=0.062500 | std=0.819130 | min=0.000000 | max=21.148643 | prototype_application_position=post_refine | prototype_bottleneck_strength=1.000000 | prototype_to_base_norm_ratio=2.000385
DEBUG visual concept usage [stage1] top 10:
  concept 483: 3698 patches (34.39%)
  concept 271: 2478 patches (23.05%)
  concept 219: 1992 patches (18.53%)
  concept 201: 970 patches (9.02%)
  concept 88: 722 patches (6.72%)
  concept 118: 162 patches (1.51%)
  concept 228: 86 patches (0.80%)
  concept 444: 70 patches (0.65%)
  concept 434: 48 patches (0.45%)
  concept 172: 43 patches (0.40%)
  normalized usage entropy: 0.9740
DEBUG visual concept usage [stage2] top 10:
  concept 408: 914 patches (34.00%)
  concept 66: 472 patches (17.56%)
  concept 382: 464 patches (17.26%)
  concept 363: 346 patches (12.87%)
  concept 148: 194 patches (7.22%)
  concept 505: 122 patches (4.54%)
  concept 483: 88 patches (3.27%)
  concept 443: 39 patches (1.45%)
  concept 298: 38 patches (1.41%)
  concept 112: 4 patches (0.15%)
  normalized usage entropy: 0.9839
DEBUG visual concept usage [stage3] top 10:
  concept 327: 226 patches (33.63%)
  concept 430: 121 patches (18.01%)
  concept 398: 100 patches (14.88%)
  concept 506: 85 patches (12.65%)
  concept 25: 75 patches (11.16%)
  concept 292: 23 patches (3.42%)
  concept 385: 21 patches (3.12%)
  concept 324: 17 patches (2.53%)
  concept 309: 1 patches (0.15%)
  concept 350: 1 patches (0.15%)
  normalized usage entropy: 0.9703
DEBUG visual concept usage [stage4] top 10:
  concept 154: 9 patches (5.36%)
  concept 87: 6 patches (3.57%)
  concept 444: 6 patches (3.57%)
  concept 291: 5 patches (2.98%)
  concept 292: 5 patches (2.98%)
  concept 276: 4 patches (2.38%)
  concept 358: 4 patches (2.38%)
  concept 404: 4 patches (2.38%)
  concept 409: 4 patches (2.38%)
  concept 442: 4 patches (2.38%)
  normalized usage entropy: 0.9343
DEBUG pred min/max/mean/std: -4.059621810913086 37.49276351928711 -2.8608648777008057 3.3183162212371826
DEBUG target min/max/mean/std: 0.0 1.0 0.0187530480325222 0.0838332548737526
DEBUG fixation pixels per sample: [151.0, 161.0]
DEBUG fix_batch min/max/mean/std: 0.0 1.0 0.0006770833279006183 0.02601204253733158
DEBUG losses: {'loss_total': 0.11076126247644424, 'loss_fid': 28.776918411254883, 'loss_patch_fid': 3.8533384799957275, 'loss_dense_fid': 3.8013575077056885, 'loss_dense_bce': -0.0, 'loss_dense_kl': 21.122222900390625, 'loss_topk': -0.0, 'loss_delta': -0.0, 'loss_cc': 0.26260221004486084, 'loss_nss': -4.272714614868164, 'loss_sim': 0.47989290952682495, 'loss_concept_dense': 0.0, 'loss_concept_kl': 0.0, 'loss_align': 0.0, 'loss_sparse': 0.0, 'loss_div': 0.0, 'loss_gate': 0.0, 'loss_visual_entropy': 0.7869924306869507, 'loss_visual_equiv': 0.0, 'loss_visual_usage': 0.034384503960609436, 'loss_temporal_attention_entropy': 0.0, 'loss_total_concept': 0.23196162283420563, 'loss_decoder_side_aux': -0.057321593165397644, 'loss_priority_map': 0.7038689255714417, 'loss_priority_map_weighted': 0.07038689404726028, 'priority_map_loss': 0.7038689255714417, 'weighted_priority_map_loss': 0.07038689404726028, 'loss_priority_map_stage3': 0.8280782699584961, 'loss_priority_map_stage4': 0.5796595811843872, 'loss_side_stage4': -0.014561265707015991, 'loss_side_stage3': -0.0197218656539917, 'loss_side_stage2': -0.15593072772026062, 'loss_side_stage1': -0.1561586558818817}
DEBUG decoder visual FiLM [stage1] | film_gamma mean/std/min/max=0.0625/0.2634/0.0000/2.6458 | prototype_bottleneck_strength=1.0000 | prototype_application_position=post_refine
DEBUG decoder visual FiLM [stage2] | film_gamma mean/std/min/max=0.0625/0.2542/0.0000/2.5919 | prototype_bottleneck_strength=1.0000 | prototype_application_position=post_refine
DEBUG decoder visual FiLM [stage3] | film_gamma mean/std/min/max=0.0625/1.3936/0.0000/64.1080 | prototype_bottleneck_strength=1.0000 | prototype_application_position=post_refine
DEBUG decoder visual FiLM [stage4] | film_gamma mean/std/min/max=0.0625/1.3244/0.0000/46.7347 | prototype_bottleneck_strength=1.0000 | prototype_application_position=post_refine
DEBUG factorized comparison [stage3] | query_norm_mean=1.9568 | key_norm_mean=0.7527 | context_mean=-0.0000 | context_std=0.1063 | context_min=-0.2194 | context_max=0.3269 | total_candidate_weight=336.0000 | spatial_strength=0.0985 | spatial_freq_entropy=2.7725 | spatial_freq_weight_mean=0.6940 | rank=32
DEBUG factorized comparison [stage4] | query_norm_mean=1.1895 | key_norm_mean=1.0943 | context_mean=0.0000 | context_std=0.1062 | context_min=-0.2063 | context_max=0.3253 | total_candidate_weight=84.0000 | spatial_strength=0.0986 | spatial_freq_entropy=2.7725 | spatial_freq_weight_mean=0.6952 | rank=32
patch-priority map [stage1] | mean=0.062500 | std=0.263404 | min=0.000000 | max=2.645772 | prototype_application_position=post_refine_unary_mask | prototype_bottleneck_strength=1.000000 | prototype_to_base_norm_ratio=1.487818
patch-priority map [stage2] | mean=0.062500 | std=0.254243 | min=0.000000 | max=2.591851 | prototype_application_position=post_refine_unary_mask | prototype_bottleneck_strength=1.000000 | prototype_to_base_norm_ratio=1.022559
patch-priority map [stage3] | mean=0.062500 | std=1.393567 | min=0.000000 | max=64.108009 | prototype_application_position=post_refine | prototype_bottleneck_strength=1.000000 | prototype_to_base_norm_ratio=1.946994
patch-priority map [stage4] | mean=0.062500 | std=1.324421 | min=0.000000 | max=46.734745 | prototype_application_position=post_refine | prototype_bottleneck_strength=1.000000 | prototype_to_base_norm_ratio=2.852408
Epoch 61/200
  Mean train loss: 0.301422
  Mean val loss:   0.574247
  Current LR:      3.96e-05
Val metrics   | CC: 0.5255 | SIM: 0.3858 | NSS: 3.0857
  Saved checkpoint: training_outputs/ckpts/20261002_204128/epoch_061.pth

Epoch 62/200
pred_saliency: shape=(2, 1, 224, 384) min=-4.4311 max=58.6107 mean=-2.9940 std=3.9786
sal_batch: shape=(2, 1, 360, 640) min=0.0000 max=1.0000 mean=0.0255 std=0.0969
DEBUG features_shape: {'stage1': (2, 96, 16, 56, 96), 'stage2': (2, 192, 16, 28, 48), 'stage3': (2, 384, 16, 14, 24), 'stage4': (2, 768, 16, 7, 12)}
DEBUG gate: no gate_debug available. This usually means return_concept_losses=False or lambda_gate=0.
DEBUG decoder visual FiLM [stage1] | film_gamma mean/std/min/max=0.0625/0.2633/0.0000/2.6078 | prototype_bottleneck_strength=1.0000 | prototype_application_position=post_refine
DEBUG decoder visual FiLM [stage2] | film_gamma mean/std/min/max=0.0625/0.2544/0.0000/2.8018 | prototype_bottleneck_strength=1.0000 | prototype_application_position=post_refine
DEBUG decoder visual FiLM [stage3] | film_gamma mean/std/min/max=0.0625/0.8506/0.0000/39.8400 | prototype_bottleneck_strength=1.0000 | prototype_application_position=post_refine
DEBUG decoder visual FiLM [stage4] | film_gamma mean/std/min/max=0.0625/0.7912/0.0000/25.9930 | prototype_bottleneck_strength=1.0000 | prototype_application_position=post_refine
DEBUG factorized comparison [stage3] | query_norm_mean=1.8950 | key_norm_mean=0.7548 | context_mean=0.0001 | context_std=0.1076 | context_min=-0.2224 | context_max=0.3015 | total_candidate_weight=336.0000 | spatial_strength=0.0985 | spatial_freq_entropy=2.7725 | spatial_freq_weight_mean=0.6940 | rank=32
DEBUG factorized comparison [stage4] | query_norm_mean=1.1855 | key_norm_mean=1.0698 | context_mean=0.0000 | context_std=0.1120 | context_min=-0.2530 | context_max=0.2560 | total_candidate_weight=84.0000 | spatial_strength=0.0986 | spatial_freq_entropy=2.7725 | spatial_freq_weight_mean=0.6952 | rank=32
patch-priority map [stage1] | mean=0.062500 | std=0.263342 | min=0.000000 | max=2.607843 | prototype_application_position=post_refine_unary_mask | prototype_bottleneck_strength=1.000000 | prototype_to_base_norm_ratio=1.170568
patch-priority map [stage2] | mean=0.062500 | std=0.254389 | min=0.000000 | max=2.801803 | prototype_application_position=post_refine_unary_mask | prototype_bottleneck_strength=1.000000 | prototype_to_base_norm_ratio=1.033777
patch-priority map [stage3] | mean=0.062500 | std=0.850598 | min=0.000000 | max=39.840004 | prototype_application_position=post_refine | prototype_bottleneck_strength=1.000000 | prototype_to_base_norm_ratio=1.395498
patch-priority map [stage4] | mean=0.062500 | std=0.791167 | min=0.000000 | max=25.992979 | prototype_application_position=post_refine | prototype_bottleneck_strength=1.000000 | prototype_to_base_norm_ratio=2.227725
DEBUG visual concept usage [stage1] top 10:
  concept 271: 4959 patches (46.12%)
  concept 483: 2572 patches (23.92%)
  concept 219: 876 patches (8.15%)
  concept 201: 649 patches (6.04%)
  concept 88: 528 patches (4.91%)
  concept 434: 264 patches (2.46%)
  concept 419: 133 patches (1.24%)
  concept 444: 116 patches (1.08%)
  concept 362: 101 patches (0.94%)
  concept 457: 74 patches (0.69%)
  normalized usage entropy: 0.9755
DEBUG visual concept usage [stage2] top 10:
  concept 408: 1256 patches (46.73%)
  concept 363: 487 patches (18.12%)
  concept 382: 434 patches (16.15%)
  concept 66: 367 patches (13.65%)
  concept 148: 92 patches (3.42%)
  concept 443: 21 patches (0.78%)
  concept 505: 14 patches (0.52%)
  concept 112: 12 patches (0.45%)
  concept 298: 3 patches (0.11%)
  concept 395: 1 patches (0.04%)
  normalized usage entropy: 0.9779
DEBUG visual concept usage [stage3] top 10:
  concept 327: 205 patches (30.51%)
  concept 506: 122 patches (18.15%)
  concept 25: 101 patches (15.03%)
  concept 398: 93 patches (13.84%)
  concept 385: 70 patches (10.42%)
  concept 430: 59 patches (8.78%)
  concept 292: 14 patches (2.08%)
  concept 309: 3 patches (0.45%)
  concept 496: 3 patches (0.45%)
  concept 324: 1 patches (0.15%)
  normalized usage entropy: 0.9727
DEBUG visual concept usage [stage4] top 10:
  concept 147: 16 patches (9.52%)
  concept 154: 15 patches (8.93%)
  concept 362: 8 patches (4.76%)
  concept 351: 7 patches (4.17%)
  concept 292: 6 patches (3.57%)
