nohup: ignoring input
/home/z/zaimazarnaz/miniconda3/envs/explainable_vidsal/lib/python3.10/site-packages/timm/models/layers/__init__.py:49: FutureWarning: Importing from timm.models.layers is deprecated, please import via timm.layers
  warnings.warn(f"Importing from {__name__} is deprecated, please import via timm.layers", FutureWarning)
/home/z/zaimazarnaz/miniconda3/envs/explainable_vidsal/lib/python3.10/site-packages/torch/functional.py:505: UserWarning: torch.meshgrid: in an upcoming release, it will be required to pass the indexing argument. (Triggered internally at /pytorch/aten/src/ATen/native/TensorShape.cpp:4382.)
  return _VF.meshgrid(tensors, **kwargs)  # type: ignore[attr-defined]
Using single device: cuda:1 (gpu=1)
Training phase: finetune | epochs=200 | lr=5.0e-05 | weight_decay=1.0e-04
Checkpoint: /home/z/zaimazarnaz/research1/ExplainableSaliency/src/training_outputs/saved_weights/best_dhf1k.pth
Run checkpoints will be saved to: training_outputs/ckpts/20260915_204758
Concept branches | visual_concept_on=True | temporal_concepts_on=False | priority_map_loss_weight=0.1 | visual_concept_logit_scale=1.0
Train: 823 windows (/data/quantization/zaima/videosal_datasets/hollywood2/videos/training) | Val: 4045 windows (/data/quantization/zaima/videosal_datasets/hollywood2/videos/testing) | window_len=32
load model from: /data/quantization/zaima/videoswin/swin_small_patch244_window877_kinetics400_1k.pth
Loaded model weights from checkpoint: /home/z/zaimazarnaz/research1/ExplainableSaliency/src/training_outputs/saved_weights/best_dhf1k.pth
Backbone fine-tuning enabled | effective_batch_size=4 | micro_batch_size=2 | grad_accum_steps=2 | gradient_checkpointing=True | visual_equiv=off
Optimizer | lr=5.0e-05 | weight_decay=1.0e-04 | scheduler T_max=200 eta_min=1.0e-07

Epoch 1/200
/home/z/zaimazarnaz/miniconda3/envs/explainable_vidsal/lib/python3.10/site-packages/torch/_dynamo/eval_frame.py:1298: UserWarning: torch.utils.checkpoint: the use_reentrant parameter should be passed explicitly. Starting in PyTorch 2.9, calling checkpoint without use_reentrant will raise an exception. use_reentrant=False is recommended, but if you need to preserve the current default behavior, you can pass use_reentrant=True. Refer to docs for more details on the differences between the two variants.
  return fn(*args, **kwargs)
pred_saliency: shape=(2, 1, 224, 384) min=-3.9219 max=29.2500 mean=-3.2881 std=2.7310
sal_batch: shape=(2, 1, 288, 656) min=0.0000 max=1.0000 mean=0.0248 std=0.1009
DEBUG features_shape: {'stage1': (2, 96, 16, 56, 96), 'stage2': (2, 192, 16, 28, 48), 'stage3': (2, 384, 16, 14, 24), 'stage4': (2, 768, 16, 7, 12)}
DEBUG gate: no gate_debug available. This usually means return_concept_losses=False or lambda_gate=0.
DEBUG decoder visual FiLM [stage1] | film_gamma=unavailable (pass return_decoder_diagnostics=True)
DEBUG decoder visual FiLM [stage2] | film_gamma=unavailable (pass return_decoder_diagnostics=True)
DEBUG decoder visual FiLM [stage3] | film_gamma mean/std/min/max=0.0625/1.0212/0.0000/38.4689 | patch_priority_alpha=0.1006
DEBUG decoder visual FiLM [stage4] | film_gamma mean/std/min/max=0.0625/0.9567/0.0000/25.8501 | patch_priority_alpha=0.0998
DEBUG factorized comparison [stage3] | query_norm_mean=0.7112 | key_norm_mean=0.5201 | context_mean=0.0000 | context_std=0.0504 | context_min=-0.1187 | context_max=0.1455 | total_candidate_weight=336.0000 | spatial_strength=0.0993 | spatial_freq_entropy=2.7726 | spatial_freq_weight_mean=0.6941 | rank=32
DEBUG factorized comparison [stage4] | query_norm_mean=0.5547 | key_norm_mean=0.5041 | context_mean=-0.0000 | context_std=0.0318 | context_min=-0.0666 | context_max=0.0900 | total_candidate_weight=84.0000 | spatial_strength=0.0995 | spatial_freq_entropy=2.7724 | spatial_freq_weight_mean=0.6978 | rank=32
patch-priority map [stage3] | mean=0.062500 | std=1.021228 | min=0.000000 | max=38.468872 | alpha=0.100578
patch-priority map [stage4] | mean=0.062500 | std=0.956744 | min=0.000000 | max=25.850094 | alpha=0.099785
DEBUG visual concept usage [stage1] top 10:
  concept 343: 121 patches (1.13%)
  concept 308: 118 patches (1.10%)
  concept 65: 117 patches (1.09%)
  concept 105: 110 patches (1.02%)
  concept 37: 104 patches (0.97%)
  concept 410: 96 patches (0.89%)
  concept 4: 88 patches (0.82%)
  concept 357: 88 patches (0.82%)
  concept 117: 82 patches (0.76%)
  concept 9: 81 patches (0.75%)
  normalized usage entropy: 0.8590
DEBUG visual concept usage [stage2] top 10:
  concept 259: 1133 patches (42.15%)
  concept 394: 553 patches (20.57%)
  concept 414: 307 patches (11.42%)
  concept 276: 229 patches (8.52%)
  concept 363: 227 patches (8.44%)
  concept 327: 165 patches (6.14%)
  concept 289: 74 patches (2.75%)
  normalized usage entropy: 0.7945
DEBUG visual concept usage [stage3] top 10:
  concept 462: 183 patches (27.23%)
  concept 78: 110 patches (16.37%)
  concept 204: 88 patches (13.10%)
  concept 383: 62 patches (9.23%)
  concept 65: 52 patches (7.74%)
  concept 102: 33 patches (4.91%)
  concept 258: 25 patches (3.72%)
  concept 122: 23 patches (3.42%)
  concept 505: 21 patches (3.12%)
  concept 5: 18 patches (2.68%)
  normalized usage entropy: 0.7721
DEBUG visual concept usage [stage4] top 10:
  concept 133: 24 patches (14.29%)
  concept 351: 16 patches (9.52%)
  concept 37: 15 patches (8.93%)
  concept 105: 14 patches (8.33%)
  concept 55: 13 patches (7.74%)
  concept 39: 8 patches (4.76%)
  concept 53: 7 patches (4.17%)
  concept 130: 7 patches (4.17%)
  concept 117: 6 patches (3.57%)
  concept 148: 6 patches (3.57%)
  normalized usage entropy: 0.7333
DEBUG pred min/max/mean/std: -3.921875 29.25 -3.28125 2.734375
DEBUG target min/max/mean/std: 0.0 1.0 0.02484496682882309 0.10092771798372269
DEBUG fixation pixels per sample: [4.0, 5.0]
DEBUG fix_batch min/max/mean/std: 0.0 1.0 2.381859849265311e-05 0.0048803784884512424
DEBUG losses: {'loss_total': -0.33218899369239807, 'loss_fid': 24.186233520507812, 'loss_patch_fid': 3.4991843700408936, 'loss_dense_fid': 3.906383752822876, 'loss_dense_bce': -0.0, 'loss_dense_kl': 16.78066635131836, 'loss_topk': -0.0, 'loss_delta': -0.0, 'loss_cc': 0.15296441316604614, 'loss_nss': -4.7896623611450195, 'loss_sim': 0.3483251929283142, 'loss_concept_dense': 0.0, 'loss_concept_kl': 0.0, 'loss_align': 0.0, 'loss_sparse': 0.0, 'loss_div': 0.0, 'loss_gate': 0.0, 'loss_visual_entropy': 0.5596160888671875, 'loss_visual_equiv': 0.0, 'loss_visual_usage': 0.2102855145931244, 'loss_temporal_attention_entropy': 0.0, 'loss_total_concept': 0.04202169179916382, 'loss_decoder_side_aux': -0.16182377934455872, 'loss_priority_map': 0.5495579242706299, 'loss_priority_map_weighted': 0.05495579168200493, 'priority_map_loss': 0.5495579242706299, 'weighted_priority_map_loss': 0.05495579168200493, 'loss_priority_map_stage3': 0.6009727716445923, 'loss_priority_map_stage4': 0.49814310669898987, 'loss_side_stage4': -0.3054924011230469, 'loss_side_stage3': -0.3316628336906433, 'loss_side_stage2': -0.32710713148117065, 'loss_side_stage1': -0.32158395648002625}
Epoch 1/200
  Mean train loss: 0.138158
  Validation:    skipped (runs every 5 epochs)
  Current LR:      5.00e-05
  Saved checkpoint: training_outputs/ckpts/20260915_204758/epoch_001.pth

Epoch 2/200
pred_saliency: shape=(2, 1, 224, 384) min=-3.9219 max=32.5000 mean=-3.0691 std=2.7476
sal_batch: shape=(2, 1, 352, 656) min=0.0000 max=1.0000 mean=0.0182 std=0.0874
DEBUG features_shape: {'stage1': (2, 96, 16, 56, 96), 'stage2': (2, 192, 16, 28, 48), 'stage3': (2, 384, 16, 14, 24), 'stage4': (2, 768, 16, 7, 12)}
DEBUG gate: no gate_debug available. This usually means return_concept_losses=False or lambda_gate=0.
DEBUG decoder visual FiLM [stage1] | film_gamma=unavailable (pass return_decoder_diagnostics=True)
DEBUG decoder visual FiLM [stage2] | film_gamma=unavailable (pass return_decoder_diagnostics=True)
DEBUG decoder visual FiLM [stage3] | film_gamma mean/std/min/max=0.0625/0.7755/0.0000/32.3919 | patch_priority_alpha=0.1006
DEBUG decoder visual FiLM [stage4] | film_gamma mean/std/min/max=0.0625/0.7352/0.0000/20.4276 | patch_priority_alpha=0.0997
DEBUG factorized comparison [stage3] | query_norm_mean=0.5739 | key_norm_mean=0.4834 | context_mean=0.0000 | context_std=0.0408 | context_min=-0.0985 | context_max=0.1052 | total_candidate_weight=336.0000 | spatial_strength=0.0994 | spatial_freq_entropy=2.7725 | spatial_freq_weight_mean=0.6943 | rank=32
DEBUG factorized comparison [stage4] | query_norm_mean=0.5296 | key_norm_mean=0.4601 | context_mean=0.0000 | context_std=0.0324 | context_min=-0.0614 | context_max=0.0783 | total_candidate_weight=84.0000 | spatial_strength=0.0996 | spatial_freq_entropy=2.7724 | spatial_freq_weight_mean=0.6979 | rank=32
patch-priority map [stage3] | mean=0.062500 | std=0.775483 | min=0.000000 | max=32.391895 | alpha=0.100603
patch-priority map [stage4] | mean=0.062500 | std=0.735216 | min=0.000000 | max=20.427559 | alpha=0.099730
DEBUG visual concept usage [stage1] top 10:
  concept 105: 123 patches (1.14%)
  concept 343: 116 patches (1.08%)
  concept 37: 96 patches (0.89%)
  concept 117: 96 patches (0.89%)
  concept 84: 93 patches (0.86%)
  concept 264: 93 patches (0.86%)
  concept 308: 88 patches (0.82%)
  concept 234: 83 patches (0.77%)
  concept 95: 82 patches (0.76%)
  concept 58: 81 patches (0.75%)
  normalized usage entropy: 0.8600
DEBUG visual concept usage [stage2] top 10:
  concept 259: 716 patches (26.64%)
  concept 289: 553 patches (20.57%)
  concept 327: 378 patches (14.06%)
  concept 394: 312 patches (11.61%)
  concept 276: 293 patches (10.90%)
  concept 363: 216 patches (8.04%)
  concept 414: 214 patches (7.96%)
  concept 230: 3 patches (0.11%)
  concept 71: 1 patches (0.04%)
  concept 234: 1 patches (0.04%)
  normalized usage entropy: 0.8275
DEBUG visual concept usage [stage3] top 10:
  concept 383: 148 patches (22.02%)
  concept 78: 142 patches (21.13%)
  concept 462: 118 patches (17.56%)
  concept 204: 47 patches (6.99%)
  concept 65: 41 patches (6.10%)
  concept 102: 41 patches (6.10%)
  concept 258: 27 patches (4.02%)
  concept 5: 17 patches (2.53%)
  concept 70: 15 patches (2.23%)
  concept 184: 14 patches (2.08%)
  normalized usage entropy: 0.7767
DEBUG visual concept usage [stage4] top 10:
  concept 105: 33 patches (19.64%)
  concept 133: 14 patches (8.33%)
  concept 37: 13 patches (7.74%)
  concept 187: 11 patches (6.55%)
  concept 39: 9 patches (5.36%)
  concept 130: 9 patches (5.36%)
  concept 53: 8 patches (4.76%)
  concept 184: 8 patches (4.76%)
  concept 55: 6 patches (3.57%)
  concept 168: 5 patches (2.98%)
  normalized usage entropy: 0.7284
DEBUG pred min/max/mean/std: -3.921875 32.5 -3.0625 2.75
DEBUG target min/max/mean/std: 0.0 1.0 0.018161363899707794 0.08737839013338089
DEBUG fixation pixels per sample: [5.0, 5.0]
DEBUG fix_batch min/max/mean/std: 0.0 1.0 2.1653269868693314e-05 0.004653261974453926
DEBUG losses: {'loss_total': 0.8527528047561646, 'loss_fid': 24.216487884521484, 'loss_patch_fid': 3.5568721294403076, 'loss_dense_fid': 3.776130437850952, 'loss_dense_bce': -0.0, 'loss_dense_kl': 16.883485794067383, 'loss_topk': -0.0, 'loss_delta': -0.0, 'loss_cc': 0.60547935962677, 'loss_nss': -2.2614798545837402, 'loss_sim': 0.6608154773712158, 'loss_concept_dense': 0.0, 'loss_concept_kl': 0.0, 'loss_align': 0.0, 'loss_sparse': 0.0, 'loss_div': 0.0, 'loss_gate': 0.0, 'loss_visual_entropy': 0.5545036196708679, 'loss_visual_equiv': 0.0, 'loss_visual_usage': 0.20182153582572937, 'loss_temporal_attention_entropy': 0.0, 'loss_total_concept': 0.04078860208392143, 'loss_decoder_side_aux': 0.20066285133361816, 'loss_priority_map': 1.4293376207351685, 'loss_priority_map_weighted': 0.14293377101421356, 'priority_map_loss': 1.4293376207351685, 'weighted_priority_map_loss': 0.14293377101421356, 'loss_priority_map_stage3': 1.4548969268798828, 'loss_priority_map_stage4': 1.403778314590454, 'loss_side_stage4': 0.48727843165397644, 'loss_side_stage3': 0.4296286702156067, 'loss_side_stage2': 0.3870466947555542, 'loss_side_stage1': 0.3763953149318695}
Epoch 2/200
  Mean train loss: 0.093121
  Validation:    skipped (runs every 5 epochs)
  Current LR:      5.00e-05
  Saved checkpoint: training_outputs/ckpts/20260915_204758/epoch_002.pth

Epoch 3/200
pred_saliency: shape=(2, 1, 224, 384) min=-3.9219 max=38.7500 mean=-3.3581 std=2.8843
sal_batch: shape=(2, 1, 576, 720) min=0.0000 max=1.0000 mean=0.0146 std=0.0828
DEBUG features_shape: {'stage1': (2, 96, 16, 56, 96), 'stage2': (2, 192, 16, 28, 48), 'stage3': (2, 384, 16, 14, 24), 'stage4': (2, 768, 16, 7, 12)}
DEBUG gate: no gate_debug available. This usually means return_concept_losses=False or lambda_gate=0.
DEBUG decoder visual FiLM [stage1] | film_gamma=unavailable (pass return_decoder_diagnostics=True)
DEBUG decoder visual FiLM [stage2] | film_gamma=unavailable (pass return_decoder_diagnostics=True)
DEBUG decoder visual FiLM [stage3] | film_gamma mean/std/min/max=0.0625/0.9055/0.0000/40.8294 | patch_priority_alpha=0.1006
DEBUG decoder visual FiLM [stage4] | film_gamma mean/std/min/max=0.0625/0.9931/0.0000/30.4144 | patch_priority_alpha=0.0997
DEBUG factorized comparison [stage3] | query_norm_mean=0.5395 | key_norm_mean=0.4528 | context_mean=0.0000 | context_std=0.0372 | context_min=-0.0877 | context_max=0.1097 | total_candidate_weight=336.0000 | spatial_strength=0.0995 | spatial_freq_entropy=2.7725 | spatial_freq_weight_mean=0.6943 | rank=32
DEBUG factorized comparison [stage4] | query_norm_mean=0.5174 | key_norm_mean=0.4585 | context_mean=0.0000 | context_std=0.0299 | context_min=-0.0587 | context_max=0.0915 | total_candidate_weight=84.0000 | spatial_strength=0.0996 | spatial_freq_entropy=2.7724 | spatial_freq_weight_mean=0.6980 | rank=32
patch-priority map [stage3] | mean=0.062500 | std=0.905542 | min=0.000000 | max=40.829441 | alpha=0.100554
patch-priority map [stage4] | mean=0.062500 | std=0.993066 | min=0.000000 | max=30.414412 | alpha=0.099658
DEBUG visual concept usage [stage1] top 10:
  concept 68: 261 patches (2.43%)
  concept 183: 198 patches (1.84%)
  concept 34: 166 patches (1.54%)
  concept 64: 151 patches (1.40%)
  concept 217: 137 patches (1.27%)
  concept 120: 134 patches (1.25%)
  concept 48: 131 patches (1.22%)
  concept 469: 126 patches (1.17%)
  concept 127: 123 patches (1.14%)
  concept 137: 114 patches (1.06%)
  normalized usage entropy: 0.8475
DEBUG visual concept usage [stage2] top 10:
  concept 259: 1002 patches (37.28%)
  concept 289: 502 patches (18.68%)
  concept 327: 355 patches (13.21%)
  concept 276: 232 patches (8.63%)
  concept 394: 229 patches (8.52%)
  concept 414: 203 patches (7.55%)
  concept 363: 165 patches (6.14%)
  normalized usage entropy: 0.8215
DEBUG visual concept usage [stage3] top 10:
  concept 462: 171 patches (25.45%)
  concept 204: 95 patches (14.14%)
  concept 383: 71 patches (10.57%)
  concept 65: 58 patches (8.63%)
  concept 78: 47 patches (6.99%)
  concept 5: 45 patches (6.70%)
  concept 102: 36 patches (5.36%)
  concept 505: 25 patches (3.72%)
  concept 122: 24 patches (3.57%)
  concept 70: 20 patches (2.98%)
  normalized usage entropy: 0.7716
DEBUG visual concept usage [stage4] top 10:
  concept 133: 20 patches (11.90%)
  concept 105: 18 patches (10.71%)
  concept 55: 15 patches (8.93%)
  concept 351: 13 patches (7.74%)
  concept 386: 9 patches (5.36%)
  concept 299: 8 patches (4.76%)
  concept 184: 7 patches (4.17%)
  concept 39: 6 patches (3.57%)
  concept 52: 6 patches (3.57%)
  concept 130: 5 patches (2.98%)
  normalized usage entropy: 0.7277
DEBUG pred min/max/mean/std: -3.921875 38.75 -3.359375 2.890625
DEBUG target min/max/mean/std: 0.0 1.0 0.014568776823580265 0.08283251523971558
DEBUG fixation pixels per sample: [4.0, 4.0]
DEBUG fix_batch min/max/mean/std: 0.0 1.0 9.645062164054252e-06 0.0031056369189172983
DEBUG losses: {'loss_total': -0.6958204507827759, 'loss_fid': 29.324970245361328, 'loss_patch_fid': 3.5296871662139893, 'loss_dense_fid': 3.965787649154663, 'loss_dense_bce': -0.0, 'loss_dense_kl': 21.829496383666992, 'loss_topk': -0.0, 'loss_delta': -0.0, 'loss_cc': 0.2852901220321655, 'loss_nss': -9.027233123779297, 'loss_sim': 0.46318691968917847, 'loss_concept_dense': 0.0, 'loss_concept_kl': 0.0, 'loss_align': 0.0, 'loss_sparse': 0.0, 'loss_div': 0.0, 'loss_gate': 0.0, 'loss_visual_entropy': 0.5555449724197388, 'loss_visual_equiv': 0.0, 'loss_visual_usage': 0.2079310417175293, 'loss_temporal_attention_entropy': 0.0, 'loss_total_concept': 0.04018997400999069, 'loss_decoder_side_aux': -0.32547256350517273, 'loss_priority_map': 1.370058298110962, 'loss_priority_map_weighted': 0.13700583577156067, 'priority_map_loss': 1.370058298110962, 'weighted_priority_map_loss': 0.13700583577156067, 'loss_priority_map_stage3': 1.1768591403961182, 'loss_priority_map_stage4': 1.5632573366165161, 'loss_side_stage4': -0.8086340427398682, 'loss_side_stage3': -0.6453238725662231, 'loss_side_stage2': -0.6270514130592346, 'loss_side_stage1': -0.6322537064552307}
Epoch 3/200
  Mean train loss: 0.040923
  Validation:    skipped (runs every 5 epochs)
  Current LR:      5.00e-05
  Saved checkpoint: training_outputs/ckpts/20260915_204758/epoch_003.pth

Epoch 4/200
pred_saliency: shape=(2, 1, 224, 384) min=-3.9219 max=37.7500 mean=-3.2191 std=2.6717
sal_batch: shape=(2, 1, 576, 720) min=0.0000 max=1.0000 mean=0.0119 std=0.0755
DEBUG features_shape: {'stage1': (2, 96, 16, 56, 96), 'stage2': (2, 192, 16, 28, 48), 'stage3': (2, 384, 16, 14, 24), 'stage4': (2, 768, 16, 7, 12)}
DEBUG gate: no gate_debug available. This usually means return_concept_losses=False or lambda_gate=0.
DEBUG decoder visual FiLM [stage1] | film_gamma=unavailable (pass return_decoder_diagnostics=True)
DEBUG decoder visual FiLM [stage2] | film_gamma=unavailable (pass return_decoder_diagnostics=True)
DEBUG decoder visual FiLM [stage3] | film_gamma mean/std/min/max=0.0625/0.7116/0.0000/27.2604 | patch_priority_alpha=0.1005
DEBUG decoder visual FiLM [stage4] | film_gamma mean/std/min/max=0.0625/0.8267/0.0000/27.2599 | patch_priority_alpha=0.0997
DEBUG factorized comparison [stage3] | query_norm_mean=0.5225 | key_norm_mean=0.4532 | context_mean=0.0000 | context_std=0.0369 | context_min=-0.0881 | context_max=0.0907 | total_candidate_weight=336.0000 | spatial_strength=0.0995 | spatial_freq_entropy=2.7725 | spatial_freq_weight_mean=0.6944 | rank=32
DEBUG factorized comparison [stage4] | query_norm_mean=0.5300 | key_norm_mean=0.4022 | context_mean=-0.0000 | context_std=0.0301 | context_min=-0.0569 | context_max=0.0877 | total_candidate_weight=84.0000 | spatial_strength=0.0996 | spatial_freq_entropy=2.7724 | spatial_freq_weight_mean=0.6981 | rank=32
patch-priority map [stage3] | mean=0.062500 | std=0.711618 | min=0.000000 | max=27.260447 | alpha=0.100513
patch-priority map [stage4] | mean=0.062500 | std=0.826711 | min=0.000000 | max=27.259941 | alpha=0.099672
DEBUG visual concept usage [stage1] top 10:
  concept 153: 168 patches (1.56%)
  concept 81: 149 patches (1.39%)
  concept 327: 128 patches (1.19%)
  concept 152: 127 patches (1.18%)
  concept 274: 125 patches (1.16%)
  concept 231: 120 patches (1.12%)
  concept 348: 114 patches (1.06%)
  concept 9: 112 patches (1.04%)
  concept 155: 107 patches (1.00%)
  concept 339: 107 patches (1.00%)
  normalized usage entropy: 0.8539
DEBUG visual concept usage [stage2] top 10:
  concept 259: 1075 patches (39.99%)
  concept 289: 523 patches (19.46%)
  concept 327: 280 patches (10.42%)
  concept 394: 264 patches (9.82%)
  concept 276: 193 patches (7.18%)
  concept 414: 189 patches (7.03%)
  concept 363: 162 patches (6.03%)
  concept 114: 1 patches (0.04%)
  concept 232: 1 patches (0.04%)
  normalized usage entropy: 0.8208
DEBUG visual concept usage [stage3] top 10:
  concept 462: 145 patches (21.58%)
  concept 383: 141 patches (20.98%)
  concept 204: 67 patches (9.97%)
  concept 122: 34 patches (5.06%)
  concept 65: 33 patches (4.91%)
  concept 78: 28 patches (4.17%)
  concept 102: 28 patches (4.17%)
  concept 0: 23 patches (3.42%)
  concept 5: 23 patches (3.42%)
  concept 35: 23 patches (3.42%)
  normalized usage entropy: 0.7810
DEBUG visual concept usage [stage4] top 10:
  concept 105: 33 patches (19.64%)
  concept 299: 22 patches (13.10%)
  concept 351: 14 patches (8.33%)
  concept 133: 13 patches (7.74%)
  concept 55: 11 patches (6.55%)
  concept 130: 8 patches (4.76%)
  concept 52: 7 patches (4.17%)
  concept 37: 5 patches (2.98%)
  concept 177: 4 patches (2.38%)
  concept 378: 4 patches (2.38%)
  normalized usage entropy: 0.7371
DEBUG pred min/max/mean/std: -3.921875 37.75 -3.21875 2.671875
DEBUG target min/max/mean/std: 0.0 1.0 0.011883345432579517 0.0754888653755188
DEBUG fixation pixels per sample: [2.0, 5.0]
DEBUG fix_batch min/max/mean/std: 0.0 1.0 8.439429620921146e-06 0.002905059140175581
DEBUG losses: {'loss_total': 0.08688699454069138, 'loss_fid': 29.294002532958984, 'loss_patch_fid': 3.524430751800537, 'loss_dense_fid': 3.7454020977020264, 'loss_dense_bce': -0.0, 'loss_dense_kl': 22.024169921875, 'loss_topk': -0.0, 'loss_delta': -0.0, 'loss_cc': 0.43738222122192383, 'loss_nss': -5.395312309265137, 'loss_sim': 0.5886697173118591, 'loss_concept_dense': 0.0, 'loss_concept_kl': 0.0, 'loss_align': 0.0, 'loss_sparse': 0.0, 'loss_div': 0.0, 'loss_gate': 0.0, 'loss_visual_entropy': 0.5585646033287048, 'loss_visual_equiv': 0.0, 'loss_visual_usage': 0.20182175934314728, 'loss_temporal_attention_entropy': 0.0, 'loss_total_concept': 0.040272630751132965, 'loss_decoder_side_aux': -0.04489970952272415, 'loss_priority_map': 1.118211030960083, 'loss_priority_map_weighted': 0.11182110756635666, 'priority_map_loss': 1.118211030960083, 'weighted_priority_map_loss': 0.11182110756635666, 'loss_priority_map_stage3': 1.2239909172058105, 'loss_priority_map_stage4': 1.012431263923645, 'loss_side_stage4': -0.02466854453086853, 'loss_side_stage3': -0.12329280376434326, 'loss_side_stage2': -0.07259571552276611, 'loss_side_stage1': -0.1022382378578186}
Epoch 4/200
  Mean train loss: 0.023645
  Validation:    skipped (runs every 5 epochs)
  Current LR:      5.00e-05
  Saved checkpoint: training_outputs/ckpts/20260915_204758/epoch_004.pth

Epoch 5/200
pred_saliency: shape=(2, 1, 224, 384) min=-3.9219 max=29.6250 mean=-2.9654 std=2.8133
sal_batch: shape=(2, 1, 288, 656) min=0.0000 max=1.0000 mean=0.0214 std=0.0960
DEBUG features_shape: {'stage1': (2, 96, 16, 56, 96), 'stage2': (2, 192, 16, 28, 48), 'stage3': (2, 384, 16, 14, 24), 'stage4': (2, 768, 16, 7, 12)}
DEBUG gate: no gate_debug available. This usually means return_concept_losses=False or lambda_gate=0.
DEBUG decoder visual FiLM [stage1] | film_gamma=unavailable (pass return_decoder_diagnostics=True)
DEBUG decoder visual FiLM [stage2] | film_gamma=unavailable (pass return_decoder_diagnostics=True)
DEBUG decoder visual FiLM [stage3] | film_gamma mean/std/min/max=0.0625/0.6656/0.0000/22.5079 | patch_priority_alpha=0.1005
DEBUG decoder visual FiLM [stage4] | film_gamma mean/std/min/max=0.0625/0.7570/0.0000/26.5804 | patch_priority_alpha=0.0997
DEBUG factorized comparison [stage3] | query_norm_mean=0.5225 | key_norm_mean=0.4334 | context_mean=0.0000 | context_std=0.0339 | context_min=-0.0825 | context_max=0.0963 | total_candidate_weight=336.0000 | spatial_strength=0.0995 | spatial_freq_entropy=2.7725 | spatial_freq_weight_mean=0.6944 | rank=32
DEBUG factorized comparison [stage4] | query_norm_mean=0.5053 | key_norm_mean=0.4096 | context_mean=-0.0000 | context_std=0.0281 | context_min=-0.0595 | context_max=0.0715 | total_candidate_weight=84.0000 | spatial_strength=0.0996 | spatial_freq_entropy=2.7724 | spatial_freq_weight_mean=0.6981 | rank=32
patch-priority map [stage3] | mean=0.062500 | std=0.665622 | min=0.000000 | max=22.507879 | alpha=0.100505
patch-priority map [stage4] | mean=0.062500 | std=0.756998 | min=0.000000 | max=26.580362 | alpha=0.099653
DEBUG visual concept usage [stage1] top 10:
  concept 162: 161 patches (1.50%)
  concept 50: 152 patches (1.41%)
  concept 140: 138 patches (1.28%)
  concept 114: 129 patches (1.20%)
  concept 213: 126 patches (1.17%)
  concept 27: 123 patches (1.14%)
  concept 147: 119 patches (1.11%)
  concept 404: 119 patches (1.11%)
  concept 44: 118 patches (1.10%)
  concept 57: 116 patches (1.08%)
  normalized usage entropy: 0.8438
DEBUG visual concept usage [stage2] top 10:
  concept 259: 800 patches (29.76%)
  concept 394: 469 patches (17.45%)
  concept 363: 377 patches (14.03%)
  concept 414: 347 patches (12.91%)
  concept 276: 333 patches (12.39%)
  concept 327: 270 patches (10.04%)
  concept 289: 92 patches (3.42%)
  normalized usage entropy: 0.8089
DEBUG visual concept usage [stage3] top 10:
  concept 462: 200 patches (29.76%)
  concept 383: 110 patches (16.37%)
  concept 204: 71 patches (10.57%)
  concept 78: 60 patches (8.93%)
  concept 35: 52 patches (7.74%)
  concept 65: 49 patches (7.29%)
  concept 102: 28 patches (4.17%)
  concept 5: 16 patches (2.38%)
  concept 135: 14 patches (2.08%)
  concept 113: 10 patches (1.49%)
  normalized usage entropy: 0.7784
DEBUG visual concept usage [stage4] top 10:
  concept 133: 34 patches (20.24%)
  concept 105: 29 patches (17.26%)
  concept 351: 10 patches (5.95%)
  concept 37: 8 patches (4.76%)
  concept 53: 8 patches (4.76%)
  concept 55: 8 patches (4.76%)
  concept 39: 6 patches (3.57%)
  concept 187: 6 patches (3.57%)
  concept 35: 5 patches (2.98%)
  concept 171: 5 patches (2.98%)
  normalized usage entropy: 0.7406
DEBUG pred min/max/mean/std: -3.921875 29.625 -2.96875 2.8125
DEBUG target min/max/mean/std: 0.0 1.0 0.021372992545366287 0.0960172787308693
DEBUG fixation pixels per sample: [4.0, 5.0]
DEBUG fix_batch min/max/mean/std: 0.0 1.0 2.381859849265311e-05 0.004880378022789955
DEBUG losses: {'loss_total': 0.45820847153663635, 'loss_fid': 22.151098251342773, 'loss_patch_fid': 3.424610137939453, 'loss_dense_fid': 3.765568494796753, 'loss_dense_bce': -0.0, 'loss_dense_kl': 14.960919380187988, 'loss_topk': -0.0, 'loss_delta': -0.0, 'loss_cc': 0.5007184743881226, 'loss_nss': -3.7122013568878174, 'loss_sim': 0.5636960864067078, 'loss_concept_dense': 0.0, 'loss_concept_kl': 0.0, 'loss_align': 0.0, 'loss_sparse': 0.0, 'loss_div': 0.0, 'loss_gate': 0.0, 'loss_visual_entropy': 0.5626510381698608, 'loss_visual_equiv': 0.0, 'loss_visual_usage': 0.20707587897777557, 'loss_temporal_attention_entropy': 0.0, 'loss_total_concept': 0.041941557079553604, 'loss_decoder_side_aux': 0.05956155061721802, 'loss_priority_map': 1.47316575050354, 'loss_priority_map_weighted': 0.147316575050354, 'priority_map_loss': 1.47316575050354, 'weighted_priority_map_loss': 0.147316575050354, 'loss_priority_map_stage3': 1.4640040397644043, 'loss_priority_map_stage4': 1.4823275804519653, 'loss_side_stage4': 0.056102633476257324, 'loss_side_stage3': 0.11080840229988098, 'loss_side_stage2': 0.1302613914012909, 'loss_side_stage1': 0.1306818425655365}
/home/z/zaimazarnaz/miniconda3/envs/explainable_vidsal/lib/python3.10/site-packages/torch/utils/checkpoint.py:238: UserWarning: None of the inputs have requires_grad=True. Gradients will be None
  check_backward_validity(args)
DEBUG decoder visual FiLM [stage1] | film_gamma=unavailable (pass return_decoder_diagnostics=True)
DEBUG decoder visual FiLM [stage2] | film_gamma=unavailable (pass return_decoder_diagnostics=True)
DEBUG decoder visual FiLM [stage3] | film_gamma mean/std/min/max=0.0625/0.8152/0.0000/40.6582 | patch_priority_alpha=0.1005
DEBUG decoder visual FiLM [stage4] | film_gamma mean/std/min/max=0.0625/0.8408/0.0000/34.4008 | patch_priority_alpha=0.0996
DEBUG factorized comparison [stage3] | query_norm_mean=0.4667 | key_norm_mean=0.4283 | context_mean=0.0000 | context_std=0.0322 | context_min=-0.0769 | context_max=0.0896 | total_candidate_weight=336.0000 | spatial_strength=0.0995 | spatial_freq_entropy=2.7725 | spatial_freq_weight_mean=0.6945 | rank=32
DEBUG factorized comparison [stage4] | query_norm_mean=0.5235 | key_norm_mean=0.3706 | context_mean=-0.0000 | context_std=0.0259 | context_min=-0.0550 | context_max=0.0742 | total_candidate_weight=84.0000 | spatial_strength=0.0997 | spatial_freq_entropy=2.7724 | spatial_freq_weight_mean=0.6982 | rank=32
patch-priority map [stage3] | mean=0.062500 | std=0.815210 | min=0.000000 | max=40.658226 | alpha=0.100497
patch-priority map [stage4] | mean=0.062500 | std=0.840846 | min=0.000000 | max=34.400768 | alpha=0.099640
Epoch 5/200
  Mean train loss: 0.044532
  Mean val loss:   0.175210
  Current LR:      4.99e-05
Val metrics   | CC: 0.6548 | SIM: 0.5029
  Saved checkpoint: training_outputs/ckpts/20260915_204758/epoch_005.pth
  New best val loss: 0.175210 (saved training_outputs/ckpts/20260915_204758/best_checkpoint.pth)

Epoch 6/200
pred_saliency: shape=(2, 1, 224, 384) min=-3.9219 max=26.7500 mean=-2.9721 std=2.5994
sal_batch: shape=(2, 1, 352, 528) min=0.0000 max=1.0000 mean=0.0411 std=0.1376
DEBUG features_shape: {'stage1': (2, 96, 16, 56, 96), 'stage2': (2, 192, 16, 28, 48), 'stage3': (2, 384, 16, 14, 24), 'stage4': (2, 768, 16, 7, 12)}
DEBUG gate: no gate_debug available. This usually means return_concept_losses=False or lambda_gate=0.
DEBUG decoder visual FiLM [stage1] | film_gamma=unavailable (pass return_decoder_diagnostics=True)
DEBUG decoder visual FiLM [stage2] | film_gamma=unavailable (pass return_decoder_diagnostics=True)
DEBUG decoder visual FiLM [stage3] | film_gamma mean/std/min/max=0.0625/0.7047/0.0000/22.7376 | patch_priority_alpha=0.1005
DEBUG decoder visual FiLM [stage4] | film_gamma mean/std/min/max=0.0625/0.7010/0.0000/19.9217 | patch_priority_alpha=0.0996
DEBUG factorized comparison [stage3] | query_norm_mean=0.4640 | key_norm_mean=0.4227 | context_mean=0.0000 | context_std=0.0316 | context_min=-0.0761 | context_max=0.0854 | total_candidate_weight=336.0000 | spatial_strength=0.0995 | spatial_freq_entropy=2.7725 | spatial_freq_weight_mean=0.6945 | rank=32
DEBUG factorized comparison [stage4] | query_norm_mean=0.5260 | key_norm_mean=0.3661 | context_mean=-0.0000 | context_std=0.0275 | context_min=-0.0576 | context_max=0.0681 | total_candidate_weight=84.0000 | spatial_strength=0.0997 | spatial_freq_entropy=2.7724 | spatial_freq_weight_mean=0.6982 | rank=32
patch-priority map [stage3] | mean=0.062500 | std=0.704681 | min=0.000000 | max=22.737608 | alpha=0.100497
patch-priority map [stage4] | mean=0.062500 | std=0.701017 | min=0.000000 | max=19.921680 | alpha=0.099640
DEBUG visual concept usage [stage1] top 10:
  concept 37: 146 patches (1.36%)
  concept 84: 143 patches (1.33%)
  concept 58: 129 patches (1.20%)
  concept 30: 123 patches (1.14%)
  concept 435: 104 patches (0.97%)
  concept 215: 102 patches (0.95%)
  concept 199: 101 patches (0.94%)
  concept 464: 98 patches (0.91%)
  concept 345: 96 patches (0.89%)
  concept 118: 94 patches (0.87%)
  normalized usage entropy: 0.8547
DEBUG visual concept usage [stage2] top 10:
  concept 259: 707 patches (26.30%)
  concept 289: 643 patches (23.92%)
  concept 327: 476 patches (17.71%)
  concept 276: 279 patches (10.38%)
  concept 394: 225 patches (8.37%)
  concept 363: 192 patches (7.14%)
  concept 414: 165 patches (6.14%)
  concept 181: 1 patches (0.04%)
  normalized usage entropy: 0.8261
DEBUG visual concept usage [stage3] top 10:
  concept 462: 123 patches (18.30%)
  concept 383: 108 patches (16.07%)
  concept 35: 95 patches (14.14%)
  concept 204: 63 patches (9.38%)
  concept 65: 46 patches (6.85%)
  concept 78: 43 patches (6.40%)
  concept 505: 35 patches (5.21%)
  concept 102: 34 patches (5.06%)
  concept 135: 20 patches (2.98%)
  concept 70: 16 patches (2.38%)
  normalized usage entropy: 0.7802
DEBUG visual concept usage [stage4] top 10:
  concept 105: 28 patches (16.67%)
  concept 133: 15 patches (8.93%)
  concept 130: 11 patches (6.55%)
  concept 199: 11 patches (6.55%)
  concept 55: 9 patches (5.36%)
  concept 208: 8 patches (4.76%)
  concept 351: 8 patches (4.76%)
  concept 37: 7 patches (4.17%)
  concept 148: 7 patches (4.17%)
  concept 266: 6 patches (3.57%)
  normalized usage entropy: 0.7399
DEBUG pred min/max/mean/std: -3.921875 26.75 -2.96875 2.59375
DEBUG target min/max/mean/std: 0.0 1.0 0.0410594642162323 0.13760985434055328
DEBUG fixation pixels per sample: [5.0, 5.0]
DEBUG fix_batch min/max/mean/std: 0.0 1.0 2.690254768822342e-05 0.005186703987419605
DEBUG losses: {'loss_total': 0.7009016871452332, 'loss_fid': 23.677772521972656, 'loss_patch_fid': 3.470282554626465, 'loss_dense_fid': 3.679018259048462, 'loss_dense_bce': -0.0, 'loss_dense_kl': 16.528472900390625, 'loss_topk': -0.0, 'loss_delta': -0.0, 'loss_cc': 0.4971070885658264, 'loss_nss': -1.9039251804351807, 'loss_sim': 0.5491889715194702, 'loss_concept_dense': 0.0, 'loss_concept_kl': 0.0, 'loss_align': 0.0, 'loss_sparse': 0.0, 'loss_div': 0.0, 'loss_gate': 0.0, 'loss_visual_entropy': 0.5541517734527588, 'loss_visual_equiv': 0.0, 'loss_visual_usage': 0.1997823417186737, 'loss_temporal_attention_entropy': 0.0, 'loss_total_concept': 0.04451386258006096, 'loss_decoder_side_aux': 0.15277747809886932, 'loss_priority_map': 1.1922788619995117, 'loss_priority_map_weighted': 0.11922788619995117, 'priority_map_loss': 1.1922788619995117, 'weighted_priority_map_loss': 0.11922788619995117, 'loss_priority_map_stage3': 1.2170932292938232, 'loss_priority_map_stage4': 1.1674646139144897, 'loss_side_stage4': 0.31916001439094543, 'loss_side_stage3': 0.31747376918792725, 'loss_side_stage2': 0.29400908946990967, 'loss_side_stage1': 0.3048536777496338}
Epoch 6/200
  Mean train loss: 0.010235
  Validation:    skipped (runs every 5 epochs)
  Current LR:      4.99e-05
  Saved checkpoint: training_outputs/ckpts/20260915_204758/epoch_006.pth

Epoch 7/200
pred_saliency: shape=(2, 1, 224, 384) min=-3.9219 max=41.5000 mean=-3.3543 std=2.8983
sal_batch: shape=(2, 1, 416, 704) min=0.0000 max=1.0000 mean=0.0183 std=0.0838
DEBUG features_shape: {'stage1': (2, 96, 16, 56, 96), 'stage2': (2, 192, 16, 28, 48), 'stage3': (2, 384, 16, 14, 24), 'stage4': (2, 768, 16, 7, 12)}
DEBUG gate: no gate_debug available. This usually means return_concept_losses=False or lambda_gate=0.
DEBUG decoder visual FiLM [stage1] | film_gamma=unavailable (pass return_decoder_diagnostics=True)
DEBUG decoder visual FiLM [stage2] | film_gamma=unavailable (pass return_decoder_diagnostics=True)
DEBUG decoder visual FiLM [stage3] | film_gamma mean/std/min/max=0.0625/1.0903/0.0000/40.1558 | patch_priority_alpha=0.1005
DEBUG decoder visual FiLM [stage4] | film_gamma mean/std/min/max=0.0625/1.0947/0.0000/41.9994 | patch_priority_alpha=0.0997
DEBUG factorized comparison [stage3] | query_norm_mean=0.4576 | key_norm_mean=0.4149 | context_mean=0.0000 | context_std=0.0305 | context_min=-0.0653 | context_max=0.1030 | total_candidate_weight=336.0000 | spatial_strength=0.0995 | spatial_freq_entropy=2.7725 | spatial_freq_weight_mean=0.6946 | rank=32
DEBUG factorized comparison [stage4] | query_norm_mean=0.4544 | key_norm_mean=0.3460 | context_mean=0.0000 | context_std=0.0231 | context_min=-0.0482 | context_max=0.0644 | total_candidate_weight=84.0000 | spatial_strength=0.0997 | spatial_freq_entropy=2.7724 | spatial_freq_weight_mean=0.6983 | rank=32
patch-priority map [stage3] | mean=0.062500 | std=1.090311 | min=0.000000 | max=40.155762 | alpha=0.100471
patch-priority map [stage4] | mean=0.062500 | std=1.094727 | min=0.000000 | max=41.999443 | alpha=0.099685
DEBUG visual concept usage [stage1] top 10:
  concept 137: 124 patches (1.15%)
  concept 171: 103 patches (0.96%)
  concept 48: 98 patches (0.91%)
  concept 141: 93 patches (0.86%)
  concept 191: 93 patches (0.86%)
  concept 152: 89 patches (0.83%)
  concept 28: 84 patches (0.78%)
  concept 27: 81 patches (0.75%)
  concept 81: 80 patches (0.74%)
  concept 87: 79 patches (0.73%)
  normalized usage entropy: 0.8595
DEBUG visual concept usage [stage2] top 10:
  concept 259: 671 patches (24.96%)
  concept 289: 494 patches (18.38%)
  concept 394: 468 patches (17.41%)
  concept 327: 341 patches (12.69%)
  concept 276: 269 patches (10.01%)
  concept 414: 227 patches (8.44%)
  concept 363: 211 patches (7.85%)
  concept 84: 4 patches (0.15%)
  concept 124: 2 patches (0.07%)
  concept 240: 1 patches (0.04%)
  normalized usage entropy: 0.8284
DEBUG visual concept usage [stage3] top 10:
  concept 35: 116 patches (17.26%)
  concept 462: 104 patches (15.48%)
  concept 383: 95 patches (14.14%)
  concept 204: 78 patches (11.61%)
  concept 78: 62 patches (9.23%)
  concept 65: 51 patches (7.59%)
  concept 135: 32 patches (4.76%)
  concept 102: 23 patches (3.42%)
  concept 0: 15 patches (2.23%)
  concept 5: 14 patches (2.08%)
  normalized usage entropy: 0.7703
DEBUG visual concept usage [stage4] top 10:
  concept 105: 23 patches (13.69%)
  concept 39: 14 patches (8.33%)
  concept 351: 13 patches (7.74%)
  concept 133: 10 patches (5.95%)
  concept 245: 10 patches (5.95%)
  concept 117: 9 patches (5.36%)
  concept 37: 8 patches (4.76%)
  concept 55: 8 patches (4.76%)
  concept 130: 8 patches (4.76%)
  concept 148: 8 patches (4.76%)
  normalized usage entropy: 0.7317
DEBUG pred min/max/mean/std: -3.921875 41.5 -3.359375 2.890625
DEBUG target min/max/mean/std: 0.0 1.0 0.018284978345036507 0.08378966152667999
DEBUG fixation pixels per sample: [5.0, 5.0]
DEBUG fix_batch min/max/mean/std: 0.0 1.0 1.7072770788217895e-05 0.004131888970732689
DEBUG losses: {'loss_total': -0.6881536245346069, 'loss_fid': 33.34092712402344, 'loss_patch_fid': 3.458542585372925, 'loss_dense_fid': 3.919628858566284, 'loss_dense_bce': -0.0, 'loss_dense_kl': 25.962757110595703, 'loss_topk': -0.0, 'loss_delta': -0.0, 'loss_cc': 0.17777186632156372, 'loss_nss': -7.669364929199219, 'loss_sim': 0.4061152935028076, 'loss_concept_dense': 0.0, 'loss_concept_kl': 0.0, 'loss_align': 0.0, 'loss_sparse': 0.0, 'loss_div': 0.0, 'loss_gate': 0.0, 'loss_visual_entropy': 0.5477787852287292, 'loss_visual_equiv': 0.0, 'loss_visual_usage': 0.2024935483932495, 'loss_temporal_attention_entropy': 0.0, 'loss_total_concept': 0.04025847837328911, 'loss_decoder_side_aux': -0.3007292151451111, 'loss_priority_map': 0.9788199663162231, 'loss_priority_map_weighted': 0.0978819951415062, 'priority_map_loss': 0.9788199663162231, 'weighted_priority_map_loss': 0.0978819951415062, 'loss_priority_map_stage3': 1.0341097116470337, 'loss_priority_map_stage4': 0.9235301613807678, 'loss_side_stage4': -0.5876707434654236, 'loss_side_stage3': -0.5994389057159424, 'loss_side_stage2': -0.60751873254776, 'loss_side_stage1': -0.6013699173927307}
Epoch 7/200
  Mean train loss: -0.034565
  Validation:    skipped (runs every 5 epochs)
  Current LR:      4.98e-05
  Saved checkpoint: training_outputs/ckpts/20260915_204758/epoch_007.pth

Epoch 8/200
pred_saliency: shape=(2, 1, 224, 384) min=-3.9219 max=34.5000 mean=-3.1792 std=2.7751
sal_batch: shape=(2, 1, 304, 640) min=0.0000 max=1.0000 mean=0.0228 std=0.0962
DEBUG features_shape: {'stage1': (2, 96, 16, 56, 96), 'stage2': (2, 192, 16, 28, 48), 'stage3': (2, 384, 16, 14, 24), 'stage4': (2, 768, 16, 7, 12)}
DEBUG gate: no gate_debug available. This usually means return_concept_losses=False or lambda_gate=0.
DEBUG decoder visual FiLM [stage1] | film_gamma=unavailable (pass return_decoder_diagnostics=True)
DEBUG decoder visual FiLM [stage2] | film_gamma=unavailable (pass return_decoder_diagnostics=True)
DEBUG decoder visual FiLM [stage3] | film_gamma mean/std/min/max=0.0625/0.8158/0.0000/31.9288 | patch_priority_alpha=0.1005
DEBUG decoder visual FiLM [stage4] | film_gamma mean/std/min/max=0.0625/0.8825/0.0000/25.3703 | patch_priority_alpha=0.0996
DEBUG factorized comparison [stage3] | query_norm_mean=0.4826 | key_norm_mean=0.4346 | context_mean=0.0000 | context_std=0.0345 | context_min=-0.0761 | context_max=0.1045 | total_candidate_weight=336.0000 | spatial_strength=0.0995 | spatial_freq_entropy=2.7725 | spatial_freq_weight_mean=0.6946 | rank=32
DEBUG factorized comparison [stage4] | query_norm_mean=0.4825 | key_norm_mean=0.3507 | context_mean=0.0000 | context_std=0.0264 | context_min=-0.0542 | context_max=0.0666 | total_candidate_weight=84.0000 | spatial_strength=0.0997 | spatial_freq_entropy=2.7724 | spatial_freq_weight_mean=0.6984 | rank=32
patch-priority map [stage3] | mean=0.062500 | std=0.815757 | min=0.000000 | max=31.928814 | alpha=0.100491
patch-priority map [stage4] | mean=0.062500 | std=0.882524 | min=0.000000 | max=25.370272 | alpha=0.099608
DEBUG visual concept usage [stage1] top 10:
  concept 62: 103 patches (0.96%)
  concept 72: 97 patches (0.90%)
  concept 95: 93 patches (0.86%)
  concept 149: 93 patches (0.86%)
  concept 64: 91 patches (0.85%)
  concept 203: 89 patches (0.83%)
  concept 282: 89 patches (0.83%)
  concept 32: 83 patches (0.77%)
  concept 68: 83 patches (0.77%)
  concept 75: 80 patches (0.74%)
  normalized usage entropy: 0.8594
DEBUG visual concept usage [stage2] top 10:
  concept 289: 1331 patches (49.52%)
  concept 327: 437 patches (16.26%)
  concept 259: 299 patches (11.12%)
  concept 276: 194 patches (7.22%)
  concept 363: 156 patches (5.80%)
  concept 394: 133 patches (4.95%)
  concept 414: 98 patches (3.65%)
  concept 181: 29 patches (1.08%)
  concept 46: 5 patches (0.19%)
  concept 84: 3 patches (0.11%)
  normalized usage entropy: 0.7952
DEBUG visual concept usage [stage3] top 10:
  concept 462: 147 patches (21.88%)
  concept 35: 118 patches (17.56%)
  concept 383: 105 patches (15.62%)
  concept 204: 61 patches (9.08%)
  concept 505: 37 patches (5.51%)
  concept 65: 36 patches (5.36%)
  concept 135: 24 patches (3.57%)
  concept 78: 22 patches (3.27%)
  concept 102: 22 patches (3.27%)
  concept 5: 13 patches (1.93%)
  normalized usage entropy: 0.7832
DEBUG visual concept usage [stage4] top 10:
  concept 133: 20 patches (11.90%)
  concept 351: 19 patches (11.31%)
  concept 105: 17 patches (10.12%)
  concept 39: 12 patches (7.14%)
  concept 55: 12 patches (7.14%)
  concept 130: 12 patches (7.14%)
  concept 37: 7 patches (4.17%)
  concept 53: 6 patches (3.57%)
  concept 148: 5 patches (2.98%)
  concept 187: 5 patches (2.98%)
  normalized usage entropy: 0.7387
DEBUG pred min/max/mean/std: -3.921875 34.5 -3.171875 2.78125
DEBUG target min/max/mean/std: 0.0 1.0 0.02275257743895054 0.09623870998620987
DEBUG fixation pixels per sample: [4.0, 5.0]
DEBUG fix_batch min/max/mean/std: 0.0 1.0 2.3129112378228456e-05 0.004809223581105471
DEBUG losses: {'loss_total': 0.29146695137023926, 'loss_fid': 27.463287353515625, 'loss_patch_fid': 3.502685546875, 'loss_dense_fid': 3.87192440032959, 'loss_dense_bce': -0.0, 'loss_dense_kl': 20.08867645263672, 'loss_topk': -0.0, 'loss_delta': -0.0, 'loss_cc': 0.4579890966415405, 'loss_nss': -4.349020481109619, 'loss_sim': 0.517062246799469, 'loss_concept_dense': 0.0, 'loss_concept_kl': 0.0, 'loss_align': 0.0, 'loss_sparse': 0.0, 'loss_div': 0.0, 'loss_gate': 0.0, 'loss_visual_entropy': 0.5530782341957092, 'loss_visual_equiv': 0.0, 'loss_visual_usage': 0.20588041841983795, 'loss_temporal_attention_entropy': 0.0, 'loss_total_concept': 0.0417761467397213, 'loss_decoder_side_aux': 0.012414896860718727, 'loss_priority_map': 1.3912922143936157, 'loss_priority_map_weighted': 0.13912922143936157, 'priority_map_loss': 1.3912922143936157, 'weighted_priority_map_loss': 0.13912922143936157, 'loss_priority_map_stage3': 1.1934561729431152, 'loss_priority_map_stage4': 1.5891282558441162, 'loss_side_stage4': 0.1061670184135437, 'loss_side_stage3': 0.04595896601676941, 'loss_side_stage2': 0.00730288028717041, 'loss_side_stage1': 0.007076084613800049}
Epoch 8/200
  Mean train loss: -0.068888
  Validation:    skipped (runs every 5 epochs)
  Current LR:      4.98e-05
  Saved checkpoint: training_outputs/ckpts/20260915_204758/epoch_008.pth

Epoch 9/200
pred_saliency: shape=(2, 1, 224, 384) min=-3.9219 max=44.7500 mean=-3.3781 std=2.8034
sal_batch: shape=(2, 1, 288, 528) min=0.0000 max=1.0000 mean=0.0269 std=0.1042
DEBUG features_shape: {'stage1': (2, 96, 16, 56, 96), 'stage2': (2, 192, 16, 28, 48), 'stage3': (2, 384, 16, 14, 24), 'stage4': (2, 768, 16, 7, 12)}
DEBUG gate: no gate_debug available. This usually means return_concept_losses=False or lambda_gate=0.
DEBUG decoder visual FiLM [stage1] | film_gamma=unavailable (pass return_decoder_diagnostics=True)
DEBUG decoder visual FiLM [stage2] | film_gamma=unavailable (pass return_decoder_diagnostics=True)
DEBUG decoder visual FiLM [stage3] | film_gamma mean/std/min/max=0.0625/1.0159/0.0000/50.9763 | patch_priority_alpha=0.1005
DEBUG decoder visual FiLM [stage4] | film_gamma mean/std/min/max=0.0625/1.1029/0.0000/43.6607 | patch_priority_alpha=0.0996
DEBUG factorized comparison [stage3] | query_norm_mean=0.4501 | key_norm_mean=0.4127 | context_mean=0.0000 | context_std=0.0305 | context_min=-0.0679 | context_max=0.0940 | total_candidate_weight=336.0000 | spatial_strength=0.0995 | spatial_freq_entropy=2.7725 | spatial_freq_weight_mean=0.6946 | rank=32
DEBUG factorized comparison [stage4] | query_norm_mean=0.4343 | key_norm_mean=0.3245 | context_mean=0.0000 | context_std=0.0212 | context_min=-0.0461 | context_max=0.0576 | total_candidate_weight=84.0000 | spatial_strength=0.0998 | spatial_freq_entropy=2.7724 | spatial_freq_weight_mean=0.6984 | rank=32
patch-priority map [stage3] | mean=0.062500 | std=1.015904 | min=0.000000 | max=50.976307 | alpha=0.100474
patch-priority map [stage4] | mean=0.062500 | std=1.102860 | min=0.000000 | max=43.660728 | alpha=0.099577
DEBUG visual concept usage [stage1] top 10:
  concept 154: 153 patches (1.42%)
  concept 232: 122 patches (1.13%)
  concept 78: 120 patches (1.12%)
  concept 152: 116 patches (1.08%)
  concept 80: 112 patches (1.04%)
  concept 9: 110 patches (1.02%)
  concept 169: 110 patches (1.02%)
  concept 28: 104 patches (0.97%)
  concept 45: 101 patches (0.94%)
  concept 22: 99 patches (0.92%)
  normalized usage entropy: 0.8539
DEBUG visual concept usage [stage2] top 10:
  concept 259: 1080 patches (40.18%)
  concept 394: 519 patches (19.31%)
  concept 414: 256 patches (9.52%)
  concept 276: 226 patches (8.41%)
  concept 327: 205 patches (7.63%)
  concept 363: 200 patches (7.44%)
  concept 289: 169 patches (6.29%)
  concept 84: 27 patches (1.00%)
  concept 124: 6 patches (0.22%)
  normalized usage entropy: 0.8055
DEBUG visual concept usage [stage3] top 10:
  concept 35: 133 patches (19.79%)
  concept 462: 99 patches (14.73%)
  concept 65: 64 patches (9.52%)
  concept 78: 63 patches (9.38%)
  concept 204: 61 patches (9.08%)
  concept 383: 61 patches (9.08%)
  concept 5: 26 patches (3.87%)
  concept 102: 25 patches (3.72%)
  concept 135: 23 patches (3.42%)
  concept 70: 20 patches (2.98%)
  normalized usage entropy: 0.7567
DEBUG visual concept usage [stage4] top 10:
  concept 105: 13 patches (7.74%)
  concept 351: 13 patches (7.74%)
  concept 133: 12 patches (7.14%)
  concept 346: 12 patches (7.14%)
  concept 39: 11 patches (6.55%)
  concept 130: 8 patches (4.76%)
  concept 148: 8 patches (4.76%)
  concept 37: 7 patches (4.17%)
  concept 117: 7 patches (4.17%)
  concept 208: 7 patches (4.17%)
  normalized usage entropy: 0.7223
DEBUG pred min/max/mean/std: -3.921875 44.75 -3.375 2.796875
DEBUG target min/max/mean/std: 0.0 1.0 0.026937099173665047 0.10424258559942245
DEBUG fixation pixels per sample: [4.0, 4.0]
DEBUG fix_batch min/max/mean/std: 0.0 1.0 2.630471317388583e-05 0.005128752905875444
DEBUG losses: {'loss_total': -0.10642159730195999, 'loss_fid': 32.68572998046875, 'loss_patch_fid': 3.4067859649658203, 'loss_dense_fid': 3.9599838256835938, 'loss_dense_bce': -0.0, 'loss_dense_kl': 25.318958282470703, 'loss_topk': -0.0, 'loss_delta': -0.0, 'loss_cc': 0.34026038646698, 'loss_nss': -5.406993865966797, 'loss_sim': 0.4163992404937744, 'loss_concept_dense': 0.0, 'loss_concept_kl': 0.0, 'loss_align': 0.0, 'loss_sparse': 0.0, 'loss_div': 0.0, 'loss_gate': 0.0, 'loss_visual_entropy': 0.5417416095733643, 'loss_visual_equiv': 0.0, 'loss_visual_usage': 0.21540601551532745, 'loss_temporal_attention_entropy': 0.0, 'loss_total_concept': 0.04143732786178589, 'loss_decoder_side_aux': -0.10552243888378143, 'loss_priority_map': 0.922133207321167, 'loss_priority_map_weighted': 0.09221332520246506, 'priority_map_loss': 0.922133207321167, 'weighted_priority_map_loss': 0.09221332520246506, 'loss_priority_map_stage3': 0.9555686116218567, 'loss_priority_map_stage4': 0.8886977434158325, 'loss_side_stage4': -0.19627219438552856, 'loss_side_stage3': -0.22597670555114746, 'loss_side_stage2': -0.21915793418884277, 'loss_side_stage1': -0.2011873722076416}
Epoch 9/200
  Mean train loss: -0.044892
  Validation:    skipped (runs every 5 epochs)
  Current LR:      4.98e-05
  Saved checkpoint: training_outputs/ckpts/20260915_204758/epoch_009.pth

Epoch 10/200
pred_saliency: shape=(2, 1, 224, 384) min=-3.9219 max=39.7500 mean=-3.3461 std=2.9056
sal_batch: shape=(2, 1, 352, 640) min=0.0000 max=1.0000 mean=0.0206 std=0.0905
DEBUG features_shape: {'stage1': (2, 96, 16, 56, 96), 'stage2': (2, 192, 16, 28, 48), 'stage3': (2, 384, 16, 14, 24), 'stage4': (2, 768, 16, 7, 12)}
DEBUG gate: no gate_debug available. This usually means return_concept_losses=False or lambda_gate=0.
DEBUG decoder visual FiLM [stage1] | film_gamma=unavailable (pass return_decoder_diagnostics=True)
DEBUG decoder visual FiLM [stage2] | film_gamma=unavailable (pass return_decoder_diagnostics=True)
DEBUG decoder visual FiLM [stage3] | film_gamma mean/std/min/max=0.0625/1.0933/0.0000/41.5426 | patch_priority_alpha=0.1005
DEBUG decoder visual FiLM [stage4] | film_gamma mean/std/min/max=0.0625/0.9873/0.0000/30.3510 | patch_priority_alpha=0.0996
DEBUG factorized comparison [stage3] | query_norm_mean=0.4573 | key_norm_mean=0.4087 | context_mean=0.0000 | context_std=0.0296 | context_min=-0.0679 | context_max=0.0970 | total_candidate_weight=336.0000 | spatial_strength=0.0995 | spatial_freq_entropy=2.7725 | spatial_freq_weight_mean=0.6946 | rank=32
DEBUG factorized comparison [stage4] | query_norm_mean=0.4126 | key_norm_mean=0.3400 | context_mean=-0.0000 | context_std=0.0193 | context_min=-0.0429 | context_max=0.0520 | total_candidate_weight=84.0000 | spatial_strength=0.0998 | spatial_freq_entropy=2.7724 | spatial_freq_weight_mean=0.6985 | rank=32
patch-priority map [stage3] | mean=0.062500 | std=1.093319 | min=0.000000 | max=41.542583 | alpha=0.100512
patch-priority map [stage4] | mean=0.062500 | std=0.987255 | min=0.000000 | max=30.351004 | alpha=0.099574
DEBUG visual concept usage [stage1] top 10:
  concept 343: 122 patches (1.13%)
  concept 65: 110 patches (1.02%)
  concept 374: 105 patches (0.98%)
  concept 410: 100 patches (0.93%)
  concept 308: 97 patches (0.90%)
  concept 135: 95 patches (0.88%)
  concept 345: 94 patches (0.87%)
  concept 218: 89 patches (0.83%)
  concept 147: 88 patches (0.82%)
  concept 324: 88 patches (0.82%)
  normalized usage entropy: 0.8580
DEBUG visual concept usage [stage2] top 10:
  concept 259: 802 patches (29.84%)
  concept 289: 461 patches (17.15%)
  concept 327: 411 patches (15.29%)
  concept 394: 350 patches (13.02%)
  concept 276: 281 patches (10.45%)
  concept 363: 157 patches (5.84%)
  concept 414: 145 patches (5.39%)
  concept 84: 75 patches (2.79%)
  concept 46: 4 patches (0.15%)
  concept 181: 1 patches (0.04%)
  normalized usage entropy: 0.8261
DEBUG visual concept usage [stage3] top 10:
  concept 462: 139 patches (20.68%)
  concept 204: 102 patches (15.18%)
  concept 35: 84 patches (12.50%)
  concept 65: 42 patches (6.25%)
  concept 383: 41 patches (6.10%)
  concept 78: 27 patches (4.02%)
  concept 102: 23 patches (3.42%)
  concept 5: 18 patches (2.68%)
  concept 57: 18 patches (2.68%)
  concept 135: 17 patches (2.53%)
  normalized usage entropy: 0.7691
DEBUG visual concept usage [stage4] top 10:
  concept 133: 18 patches (10.71%)
  concept 351: 15 patches (8.93%)
  concept 299: 12 patches (7.14%)
  concept 392: 12 patches (7.14%)
  concept 105: 10 patches (5.95%)
  concept 55: 9 patches (5.36%)
  concept 208: 8 patches (4.76%)
  concept 390: 7 patches (4.17%)
  concept 39: 6 patches (3.57%)
  concept 52: 6 patches (3.57%)
  normalized usage entropy: 0.7320
DEBUG pred min/max/mean/std: -3.921875 39.75 -3.34375 2.90625
DEBUG target min/max/mean/std: 0.0 1.0 0.020578956231474876 0.09050184488296509
DEBUG fixation pixels per sample: [5.0, 5.0]
DEBUG fix_batch min/max/mean/std: 0.0 1.0 2.219460111518856e-05 0.00471106730401516
DEBUG losses: {'loss_total': -0.4519442319869995, 'loss_fid': 32.58891296386719, 'loss_patch_fid': 3.4244625568389893, 'loss_dense_fid': 3.943596363067627, 'loss_dense_bce': -0.0, 'loss_dense_kl': 25.220853805541992, 'loss_topk': -0.0, 'loss_delta': -0.0, 'loss_cc': 0.1659749150276184, 'loss_nss': -5.898194313049316, 'loss_sim': 0.3690568804740906, 'loss_concept_dense': 0.0, 'loss_concept_kl': 0.0, 'loss_align': 0.0, 'loss_sparse': 0.0, 'loss_div': 0.0, 'loss_gate': 0.0, 'loss_visual_entropy': 0.5500974655151367, 'loss_visual_equiv': 0.0, 'loss_visual_usage': 0.2036985456943512, 'loss_temporal_attention_entropy': 0.0, 'loss_total_concept': 0.04057270288467407, 'loss_decoder_side_aux': -0.2102581262588501, 'loss_priority_map': 0.8155972361564636, 'loss_priority_map_weighted': 0.08155972510576248, 'priority_map_loss': 0.8155972361564636, 'weighted_priority_map_loss': 0.08155972510576248, 'loss_priority_map_stage3': 0.8565176725387573, 'loss_priority_map_stage4': 0.7746767997741699, 'loss_side_stage4': -0.4026060104370117, 'loss_side_stage3': -0.4044903516769409, 'loss_side_stage2': -0.43201255798339844, 'loss_side_stage1': -0.4243844151496887}
DEBUG decoder visual FiLM [stage1] | film_gamma=unavailable (pass return_decoder_diagnostics=True)
DEBUG decoder visual FiLM [stage2] | film_gamma=unavailable (pass return_decoder_diagnostics=True)
DEBUG decoder visual FiLM [stage3] | film_gamma mean/std/min/max=0.0625/0.8981/0.0000/49.9601 | patch_priority_alpha=0.1005
DEBUG decoder visual FiLM [stage4] | film_gamma mean/std/min/max=0.0625/0.9009/0.0000/33.4446 | patch_priority_alpha=0.0996
DEBUG factorized comparison [stage3] | query_norm_mean=0.4416 | key_norm_mean=0.4212 | context_mean=0.0000 | context_std=0.0312 | context_min=-0.0735 | context_max=0.0903 | total_candidate_weight=336.0000 | spatial_strength=0.0996 | spatial_freq_entropy=2.7725 | spatial_freq_weight_mean=0.6947 | rank=32
DEBUG factorized comparison [stage4] | query_norm_mean=0.4371 | key_norm_mean=0.3182 | context_mean=-0.0000 | context_std=0.0209 | context_min=-0.0480 | context_max=0.0606 | total_candidate_weight=84.0000 | spatial_strength=0.0998 | spatial_freq_entropy=2.7724 | spatial_freq_weight_mean=0.6986 | rank=32
patch-priority map [stage3] | mean=0.062500 | std=0.898119 | min=0.000000 | max=49.960125 | alpha=0.100476
patch-priority map [stage4] | mean=0.062500 | std=0.900916 | min=0.000000 | max=33.444611 | alpha=0.099604
Epoch 10/200
  Mean train loss: -0.035014
  Mean val loss:   0.188252
  Current LR:      4.97e-05
Val metrics   | CC: 0.6280 | SIM: 0.5105
  Saved checkpoint: training_outputs/ckpts/20260915_204758/epoch_010.pth

Epoch 11/200
pred_saliency: shape=(2, 1, 224, 384) min=-3.9219 max=26.3750 mean=-3.2394 std=2.7320
sal_batch: shape=(2, 1, 304, 656) min=0.0000 max=1.0000 mean=0.0278 std=0.1079
DEBUG features_shape: {'stage1': (2, 96, 16, 56, 96), 'stage2': (2, 192, 16, 28, 48), 'stage3': (2, 384, 16, 14, 24), 'stage4': (2, 768, 16, 7, 12)}
DEBUG gate: no gate_debug available. This usually means return_concept_losses=False or lambda_gate=0.
DEBUG decoder visual FiLM [stage1] | film_gamma=unavailable (pass return_decoder_diagnostics=True)
DEBUG decoder visual FiLM [stage2] | film_gamma=unavailable (pass return_decoder_diagnostics=True)
DEBUG decoder visual FiLM [stage3] | film_gamma mean/std/min/max=0.0625/0.6771/0.0000/19.2380 | patch_priority_alpha=0.1005
DEBUG decoder visual FiLM [stage4] | film_gamma mean/std/min/max=0.0625/0.7419/0.0000/16.0779 | patch_priority_alpha=0.0996
DEBUG factorized comparison [stage3] | query_norm_mean=0.4515 | key_norm_mean=0.4343 | context_mean=0.0000 | context_std=0.0327 | context_min=-0.0750 | context_max=0.0843 | total_candidate_weight=336.0000 | spatial_strength=0.0996 | spatial_freq_entropy=2.7725 | spatial_freq_weight_mean=0.6947 | rank=32
DEBUG factorized comparison [stage4] | query_norm_mean=0.4527 | key_norm_mean=0.3096 | context_mean=-0.0000 | context_std=0.0226 | context_min=-0.0474 | context_max=0.0584 | total_candidate_weight=84.0000 | spatial_strength=0.0998 | spatial_freq_entropy=2.7724 | spatial_freq_weight_mean=0.6986 | rank=32
patch-priority map [stage3] | mean=0.062500 | std=0.677081 | min=0.000000 | max=19.238003 | alpha=0.100476
patch-priority map [stage4] | mean=0.062500 | std=0.741903 | min=0.000000 | max=16.077892 | alpha=0.099604
DEBUG visual concept usage [stage1] top 10:
  concept 155: 86 patches (0.80%)
  concept 416: 78 patches (0.73%)
  concept 374: 76 patches (0.71%)
  concept 265: 72 patches (0.67%)
  concept 4: 71 patches (0.66%)
  concept 102: 71 patches (0.66%)
  concept 347: 71 patches (0.66%)
  concept 38: 70 patches (0.65%)
  concept 138: 70 patches (0.65%)
  concept 148: 70 patches (0.65%)
  normalized usage entropy: 0.8615
DEBUG visual concept usage [stage2] top 10:
  concept 289: 1099 patches (40.89%)
  concept 327: 330 patches (12.28%)
  concept 259: 319 patches (11.87%)
  concept 394: 267 patches (9.93%)
  concept 276: 214 patches (7.96%)
  concept 414: 175 patches (6.51%)
  concept 363: 136 patches (5.06%)
  concept 84: 100 patches (3.72%)
  concept 46: 35 patches (1.30%)
  concept 181: 10 patches (0.37%)
  normalized usage entropy: 0.8140
DEBUG visual concept usage [stage3] top 10:
  concept 383: 127 patches (18.90%)
  concept 462: 127 patches (18.90%)
  concept 35: 117 patches (17.41%)
  concept 204: 74 patches (11.01%)
  concept 505: 41 patches (6.10%)
  concept 65: 26 patches (3.87%)
  concept 135: 20 patches (2.98%)
  concept 78: 17 patches (2.53%)
  concept 0: 11 patches (1.64%)
  concept 70: 9 patches (1.34%)
  normalized usage entropy: 0.7861
DEBUG visual concept usage [stage4] top 10:
  concept 105: 25 patches (14.88%)
  concept 133: 23 patches (13.69%)
  concept 346: 12 patches (7.14%)
  concept 55: 11 patches (6.55%)
  concept 130: 10 patches (5.95%)
  concept 351: 10 patches (5.95%)
  concept 245: 7 patches (4.17%)
  concept 171: 5 patches (2.98%)
  concept 184: 5 patches (2.98%)
  concept 37: 4 patches (2.38%)
  normalized usage entropy: 0.7449
DEBUG pred min/max/mean/std: -3.921875 26.375 -3.234375 2.734375
DEBUG target min/max/mean/std: 0.0 1.0 0.02779867872595787 0.10792876780033112
DEBUG fixation pixels per sample: [5.0, 5.0]
DEBUG fix_batch min/max/mean/std: 0.0 1.0 2.507220779079944e-05 0.0050071594305336475
DEBUG losses: {'loss_total': -0.5162488222122192, 'loss_fid': 21.398052215576172, 'loss_patch_fid': 3.5389928817749023, 'loss_dense_fid': 3.877735137939453, 'loss_dense_bce': -0.0, 'loss_dense_kl': 13.981324195861816, 'loss_topk': -0.0, 'loss_delta': -0.0, 'loss_cc': 0.0722646713256836, 'loss_nss': -5.060420036315918, 'loss_sim': 0.21667629480361938, 'loss_concept_dense': 0.0, 'loss_concept_kl': 0.0, 'loss_align': 0.0, 'loss_sparse': 0.0, 'loss_div': 0.0, 'loss_gate': 0.0, 'loss_visual_entropy': 0.5512830018997192, 'loss_visual_equiv': 0.0, 'loss_visual_usage': 0.19838476181030273, 'loss_temporal_attention_entropy': 0.0, 'loss_total_concept': 0.04186785966157913, 'loss_decoder_side_aux': -0.2117294818162918, 'loss_priority_map': 0.4312756657600403, 'loss_priority_map_weighted': 0.04312756657600403, 'priority_map_loss': 0.4312756657600403, 'weighted_priority_map_loss': 0.04312756657600403, 'loss_priority_map_stage3': 0.4984716773033142, 'loss_priority_map_stage4': 0.36407965421676636, 'loss_side_stage4': -0.3589136302471161, 'loss_side_stage3': -0.4182818830013275, 'loss_side_stage2': -0.43753665685653687, 'loss_side_stage1': -0.4316255450248718}
Epoch 11/200
  Mean train loss: -0.059603
  Validation:    skipped (runs every 5 epochs)
  Current LR:      4.96e-05
  Saved checkpoint: training_outputs/ckpts/20260915_204758/epoch_011.pth

Epoch 12/200
pred_saliency: shape=(2, 1, 224, 384) min=-3.9219 max=41.5000 mean=-3.1155 std=2.7872
sal_batch: shape=(2, 1, 576, 720) min=0.0000 max=1.0000 mean=0.0160 std=0.0840
DEBUG features_shape: {'stage1': (2, 96, 16, 56, 96), 'stage2': (2, 192, 16, 28, 48), 'stage3': (2, 384, 16, 14, 24), 'stage4': (2, 768, 16, 7, 12)}
DEBUG gate: no gate_debug available. This usually means return_concept_losses=False or lambda_gate=0.
DEBUG decoder visual FiLM [stage1] | film_gamma=unavailable (pass return_decoder_diagnostics=True)
DEBUG decoder visual FiLM [stage2] | film_gamma=unavailable (pass return_decoder_diagnostics=True)
DEBUG decoder visual FiLM [stage3] | film_gamma mean/std/min/max=0.0625/1.0151/0.0000/56.6252 | patch_priority_alpha=0.1005
DEBUG decoder visual FiLM [stage4] | film_gamma mean/std/min/max=0.0625/0.9236/0.0000/31.9569 | patch_priority_alpha=0.0996
DEBUG factorized comparison [stage3] | query_norm_mean=0.4206 | key_norm_mean=0.3866 | context_mean=0.0000 | context_std=0.0268 | context_min=-0.0623 | context_max=0.0799 | total_candidate_weight=336.0000 | spatial_strength=0.0996 | spatial_freq_entropy=2.7725 | spatial_freq_weight_mean=0.6947 | rank=32
DEBUG factorized comparison [stage4] | query_norm_mean=0.3846 | key_norm_mean=0.3387 | context_mean=-0.0000 | context_std=0.0195 | context_min=-0.0420 | context_max=0.0497 | total_candidate_weight=84.0000 | spatial_strength=0.0998 | spatial_freq_entropy=2.7724 | spatial_freq_weight_mean=0.6986 | rank=32
patch-priority map [stage3] | mean=0.062500 | std=1.015112 | min=0.000000 | max=56.625164 | alpha=0.100468
patch-priority map [stage4] | mean=0.062500 | std=0.923563 | min=0.000000 | max=31.956856 | alpha=0.099633
DEBUG visual concept usage [stage1] top 10:
  concept 363: 144 patches (1.34%)
  concept 75: 142 patches (1.32%)
  concept 34: 135 patches (1.26%)
  concept 68: 124 patches (1.15%)
  concept 183: 124 patches (1.15%)
  concept 203: 124 patches (1.15%)
  concept 231: 104 patches (0.97%)
  concept 79: 99 patches (0.92%)
  concept 241: 98 patches (0.91%)
  concept 469: 96 patches (0.89%)
  normalized usage entropy: 0.8502
DEBUG visual concept usage [stage2] top 10:
  concept 259: 953 patches (35.45%)
  concept 289: 424 patches (15.77%)
  concept 327: 384 patches (14.29%)
  concept 276: 289 patches (10.75%)
  concept 394: 224 patches (8.33%)
  concept 363: 164 patches (6.10%)
  concept 414: 132 patches (4.91%)
  concept 84: 113 patches (4.20%)
  concept 46: 4 patches (0.15%)
  concept 181: 1 patches (0.04%)
  normalized usage entropy: 0.8241
DEBUG visual concept usage [stage3] top 10:
  concept 462: 78 patches (11.61%)
  concept 204: 77 patches (11.46%)
  concept 383: 67 patches (9.97%)
  concept 78: 53 patches (7.89%)
  concept 35: 51 patches (7.59%)
  concept 0: 38 patches (5.65%)
  concept 65: 37 patches (5.51%)
  concept 335: 28 patches (4.17%)
  concept 102: 27 patches (4.02%)
  concept 122: 24 patches (3.57%)
  normalized usage entropy: 0.7626
DEBUG visual concept usage [stage4] top 10:
  concept 105: 21 patches (12.50%)
  concept 35: 13 patches (7.74%)
  concept 117: 13 patches (7.74%)
  concept 55: 10 patches (5.95%)
  concept 37: 9 patches (5.36%)
  concept 378: 8 patches (4.76%)
  concept 451: 8 patches (4.76%)
  concept 351: 7 patches (4.17%)
  concept 390: 7 patches (4.17%)
  concept 39: 6 patches (3.57%)
  normalized usage entropy: 0.7266
DEBUG pred min/max/mean/std: -3.921875 41.5 -3.109375 2.78125
DEBUG target min/max/mean/std: 0.0 1.0 0.016044197604060173 0.08401090651750565
DEBUG fixation pixels per sample: [5.0, 3.0]
DEBUG fix_batch min/max/mean/std: 0.0 1.0 9.645062164054252e-06 0.0031056366860866547
DEBUG losses: {'loss_total': -0.25812235474586487, 'loss_fid': 26.818998336791992, 'loss_patch_fid': 3.4721782207489014, 'loss_dense_fid': 3.7679741382598877, 'loss_dense_bce': -0.0, 'loss_dense_kl': 19.578845977783203, 'loss_topk': -0.0, 'loss_delta': -0.0, 'loss_cc': 0.26037418842315674, 'loss_nss': -5.615847110748291, 'loss_sim': 0.45452988147735596, 'loss_concept_dense': 0.0, 'loss_concept_kl': 0.0, 'loss_align': 0.0, 'loss_sparse': 0.0, 'loss_div': 0.0, 'loss_gate': 0.0, 'loss_visual_entropy': 0.546279788017273, 'loss_visual_equiv': 0.0, 'loss_visual_usage': 0.20914384722709656, 'loss_temporal_attention_entropy': 0.0, 'loss_total_concept': 0.039396896958351135, 'loss_decoder_side_aux': -0.14284580945968628, 'loss_priority_map': 0.7743833065032959, 'loss_priority_map_weighted': 0.07743833214044571, 'priority_map_loss': 0.7743833065032959, 'weighted_priority_map_loss': 0.07743833214044571, 'loss_priority_map_stage3': 0.7854424715042114, 'loss_priority_map_stage4': 0.7633241415023804, 'loss_side_stage4': -0.19765639305114746, 'loss_side_stage3': -0.2926481366157532, 'loss_side_stage2': -0.28524959087371826, 'loss_side_stage1': -0.3045536279678345}
Epoch 12/200
  Mean train loss: -0.059871
  Validation:    skipped (runs every 5 epochs)
  Current LR:      4.96e-05
  Saved checkpoint: training_outputs/ckpts/20260915_204758/epoch_012.pth

Epoch 13/200
pred_saliency: shape=(2, 1, 224, 384) min=-3.9219 max=37.2500 mean=-3.2881 std=2.9175
sal_batch: shape=(2, 1, 352, 656) min=0.0000 max=1.0000 mean=0.0176 std=0.0879
DEBUG features_shape: {'stage1': (2, 96, 16, 56, 96), 'stage2': (2, 192, 16, 28, 48), 'stage3': (2, 384, 16, 14, 24), 'stage4': (2, 768, 16, 7, 12)}
DEBUG gate: no gate_debug available. This usually means return_concept_losses=False or lambda_gate=0.
DEBUG decoder visual FiLM [stage1] | film_gamma=unavailable (pass return_decoder_diagnostics=True)
DEBUG decoder visual FiLM [stage2] | film_gamma=unavailable (pass return_decoder_diagnostics=True)
DEBUG decoder visual FiLM [stage3] | film_gamma mean/std/min/max=0.0625/0.8623/0.0000/34.1786 | patch_priority_alpha=0.1005
DEBUG decoder visual FiLM [stage4] | film_gamma mean/std/min/max=0.0625/0.9750/0.0000/27.0776 | patch_priority_alpha=0.0996
DEBUG factorized comparison [stage3] | query_norm_mean=0.4479 | key_norm_mean=0.4239 | context_mean=0.0000 | context_std=0.0318 | context_min=-0.0709 | context_max=0.0907 | total_candidate_weight=336.0000 | spatial_strength=0.0996 | spatial_freq_entropy=2.7725 | spatial_freq_weight_mean=0.6947 | rank=32
DEBUG factorized comparison [stage4] | query_norm_mean=0.4423 | key_norm_mean=0.3194 | context_mean=-0.0000 | context_std=0.0234 | context_min=-0.0469 | context_max=0.0651 | total_candidate_weight=84.0000 | spatial_strength=0.0998 | spatial_freq_entropy=2.7724 | spatial_freq_weight_mean=0.6986 | rank=32
patch-priority map [stage3] | mean=0.062500 | std=0.862284 | min=0.000000 | max=34.178619 | alpha=0.100498
patch-priority map [stage4] | mean=0.062500 | std=0.975031 | min=0.000000 | max=27.077633 | alpha=0.099596
DEBUG visual concept usage [stage1] top 10:
  concept 44: 97 patches (0.90%)
  concept 95: 88 patches (0.82%)
  concept 207: 88 patches (0.82%)
  concept 27: 86 patches (0.80%)
  concept 92: 83 patches (0.77%)
  concept 33: 82 patches (0.76%)
  concept 29: 81 patches (0.75%)
  concept 48: 81 patches (0.75%)
  concept 112: 81 patches (0.75%)
  concept 167: 79 patches (0.73%)
  normalized usage entropy: 0.8573
DEBUG visual concept usage [stage2] top 10:
  concept 289: 911 patches (33.89%)
  concept 259: 772 patches (28.72%)
  concept 394: 297 patches (11.05%)
  concept 327: 191 patches (7.11%)
  concept 276: 146 patches (5.43%)
  concept 414: 107 patches (3.98%)
  concept 363: 90 patches (3.35%)
  concept 84: 78 patches (2.90%)
  concept 46: 76 patches (2.83%)
  concept 5: 4 patches (0.15%)
  normalized usage entropy: 0.8211
DEBUG visual concept usage [stage3] top 10:
  concept 462: 151 patches (22.47%)
  concept 383: 111 patches (16.52%)
  concept 35: 85 patches (12.65%)
  concept 204: 71 patches (10.57%)
  concept 505: 37 patches (5.51%)
  concept 78: 22 patches (3.27%)
  concept 0: 20 patches (2.98%)
  concept 135: 20 patches (2.98%)
  concept 65: 16 patches (2.38%)
  concept 122: 14 patches (2.08%)
  normalized usage entropy: 0.7876
DEBUG visual concept usage [stage4] top 10:
  concept 133: 21 patches (12.50%)
  concept 105: 20 patches (11.90%)
  concept 55: 13 patches (7.74%)
  concept 130: 12 patches (7.14%)
  concept 351: 10 patches (5.95%)
  concept 39: 8 patches (4.76%)
  concept 346: 7 patches (4.17%)
  concept 451: 7 patches (4.17%)
  concept 148: 6 patches (3.57%)
  concept 392: 6 patches (3.57%)
  normalized usage entropy: 0.7472
DEBUG pred min/max/mean/std: -3.921875 37.25 -3.28125 2.921875
DEBUG target min/max/mean/std: 0.0 1.0 0.017649691551923752 0.08786287903785706
DEBUG fixation pixels per sample: [3.0, 5.0]
DEBUG fix_batch min/max/mean/std: 0.0 1.0 1.7322616258752532e-05 0.004162013065069914
DEBUG losses: {'loss_total': -0.4843887686729431, 'loss_fid': 26.955862045288086, 'loss_patch_fid': 3.6240134239196777, 'loss_dense_fid': 3.950421094894409, 'loss_dense_bce': -0.0, 'loss_dense_kl': 19.381427764892578, 'loss_topk': -0.0, 'loss_delta': -0.0, 'loss_cc': 0.17239534854888916, 'loss_nss': -6.016716003417969, 'loss_sim': 0.35095107555389404, 'loss_concept_dense': 0.0, 'loss_concept_kl': 0.0, 'loss_align': 0.0, 'loss_sparse': 0.0, 'loss_div': 0.0, 'loss_gate': 0.0, 'loss_visual_entropy': 0.5528254508972168, 'loss_visual_equiv': 0.0, 'loss_visual_usage': 0.19670584797859192, 'loss_temporal_attention_entropy': 0.0, 'loss_total_concept': 0.04049298167228699, 'loss_decoder_side_aux': -0.21043461561203003, 'loss_priority_map': 0.5729930996894836, 'loss_priority_map_weighted': 0.05729931220412254, 'priority_map_loss': 0.5729930996894836, 'weighted_priority_map_loss': 0.05729931220412254, 'loss_priority_map_stage3': 0.6180537939071655, 'loss_priority_map_stage4': 0.5279324054718018, 'loss_side_stage4': -0.292525053024292, 'loss_side_stage3': -0.46883976459503174, 'loss_side_stage2': -0.42369264364242554, 'loss_side_stage1': -0.42685240507125854}
Epoch 13/200
  Mean train loss: -0.124681
  Validation:    skipped (runs every 5 epochs)
  Current LR:      4.95e-05
  Saved checkpoint: training_outputs/ckpts/20260915_204758/epoch_013.pth

Epoch 14/200
pred_saliency: shape=(2, 1, 224, 384) min=-3.9375 max=31.1250 mean=-3.0840 std=2.7629
sal_batch: shape=(2, 1, 256, 608) min=0.0000 max=1.0000 mean=0.0322 std=0.1210
DEBUG features_shape: {'stage1': (2, 96, 16, 56, 96), 'stage2': (2, 192, 16, 28, 48), 'stage3': (2, 384, 16, 14, 24), 'stage4': (2, 768, 16, 7, 12)}
DEBUG gate: no gate_debug available. This usually means return_concept_losses=False or lambda_gate=0.
DEBUG decoder visual FiLM [stage1] | film_gamma=unavailable (pass return_decoder_diagnostics=True)
DEBUG decoder visual FiLM [stage2] | film_gamma=unavailable (pass return_decoder_diagnostics=True)
DEBUG decoder visual FiLM [stage3] | film_gamma mean/std/min/max=0.0625/0.7126/0.0000/20.8161 | patch_priority_alpha=0.1005
DEBUG decoder visual FiLM [stage4] | film_gamma mean/std/min/max=0.0625/0.6671/0.0000/18.0945 | patch_priority_alpha=0.0996
DEBUG factorized comparison [stage3] | query_norm_mean=0.3938 | key_norm_mean=0.3991 | context_mean=-0.0000 | context_std=0.0264 | context_min=-0.0608 | context_max=0.0675 | total_candidate_weight=336.0000 | spatial_strength=0.0996 | spatial_freq_entropy=2.7725 | spatial_freq_weight_mean=0.6947 | rank=32
DEBUG factorized comparison [stage4] | query_norm_mean=0.3857 | key_norm_mean=0.3046 | context_mean=-0.0000 | context_std=0.0194 | context_min=-0.0367 | context_max=0.0469 | total_candidate_weight=84.0000 | spatial_strength=0.0998 | spatial_freq_entropy=2.7724 | spatial_freq_weight_mean=0.6987 | rank=32
patch-priority map [stage3] | mean=0.062500 | std=0.712644 | min=0.000000 | max=20.816074 | alpha=0.100515
patch-priority map [stage4] | mean=0.062500 | std=0.667080 | min=0.000000 | max=18.094530 | alpha=0.099597
DEBUG visual concept usage [stage1] top 10:
  concept 9: 110 patches (1.02%)
  concept 155: 107 patches (1.00%)
  concept 75: 97 patches (0.90%)
  concept 212: 97 patches (0.90%)
  concept 48: 96 patches (0.89%)
  concept 127: 90 patches (0.84%)
  concept 29: 89 patches (0.83%)
  concept 87: 89 patches (0.83%)
  concept 191: 87 patches (0.81%)
  concept 91: 86 patches (0.80%)
  normalized usage entropy: 0.8550
DEBUG visual concept usage [stage2] top 10:
  concept 289: 525 patches (19.53%)
  concept 259: 494 patches (18.38%)
  concept 327: 417 patches (15.51%)
  concept 394: 376 patches (13.99%)
  concept 276: 304 patches (11.31%)
  concept 363: 224 patches (8.33%)
  concept 414: 185 patches (6.88%)
  concept 84: 153 patches (5.69%)
  concept 46: 8 patches (0.30%)
  concept 169: 1 patches (0.04%)
  normalized usage entropy: 0.8272
DEBUG visual concept usage [stage3] top 10:
  concept 383: 113 patches (16.82%)
  concept 35: 103 patches (15.33%)
  concept 204: 80 patches (11.90%)
  concept 462: 78 patches (11.61%)
  concept 65: 60 patches (8.93%)
  concept 78: 40 patches (5.95%)
  concept 135: 30 patches (4.46%)
  concept 90: 26 patches (3.87%)
  concept 102: 21 patches (3.12%)
  concept 505: 19 patches (2.83%)
  normalized usage entropy: 0.7721
DEBUG visual concept usage [stage4] top 10:
  concept 105: 25 patches (14.88%)
  concept 133: 15 patches (8.93%)
  concept 39: 13 patches (7.74%)
  concept 245: 10 patches (5.95%)
  concept 55: 9 patches (5.36%)
  concept 37: 7 patches (4.17%)
  concept 130: 6 patches (3.57%)
  concept 53: 5 patches (2.98%)
  concept 64: 5 patches (2.98%)
  concept 117: 5 patches (2.98%)
  normalized usage entropy: 0.7479
DEBUG pred min/max/mean/std: -3.9375 31.125 -3.078125 2.765625
DEBUG target min/max/mean/std: 0.0 1.0 0.0322011262178421 0.12101487815380096
DEBUG fixation pixels per sample: [5.0, 5.0]
DEBUG fix_batch min/max/mean/std: 0.0 1.0 3.2123767596203834e-05 0.00566770089790225
DEBUG losses: {'loss_total': -0.3609502911567688, 'loss_fid': 20.639911651611328, 'loss_patch_fid': 3.5214080810546875, 'loss_dense_fid': 3.8184938430786133, 'loss_dense_bce': -0.0, 'loss_dense_kl': 13.300010681152344, 'loss_topk': -0.0, 'loss_delta': -0.0, 'loss_cc': 0.14809715747833252, 'loss_nss': -4.873638153076172, 'loss_sim': 0.3070499897003174, 'loss_concept_dense': 0.0, 'loss_concept_kl': 0.0, 'loss_align': 0.0, 'loss_sparse': 0.0, 'loss_div': 0.0, 'loss_gate': 0.0, 'loss_visual_entropy': 0.5466450452804565, 'loss_visual_equiv': 0.0, 'loss_visual_usage': 0.19944460690021515, 'loss_temporal_attention_entropy': 0.0, 'loss_total_concept': 0.04177510738372803, 'loss_decoder_side_aux': -0.16604071855545044, 'loss_priority_map': 0.4919929802417755, 'loss_priority_map_weighted': 0.04919929802417755, 'priority_map_loss': 0.4919929802417755, 'weighted_priority_map_loss': 0.04919929802417755, 'loss_priority_map_stage3': 0.5161793828010559, 'loss_priority_map_stage4': 0.4678065776824951, 'loss_side_stage4': -0.3022471070289612, 'loss_side_stage3': -0.33877915143966675, 'loss_side_stage2': -0.3314112424850464, 'loss_side_stage1': -0.33669376373291016}
Epoch 14/200
  Mean train loss: -0.103125
  Validation:    skipped (runs every 5 epochs)
  Current LR:      4.94e-05
  Saved checkpoint: training_outputs/ckpts/20260915_204758/epoch_014.pth

Epoch 15/200
pred_saliency: shape=(2, 1, 224, 384) min=-3.9375 max=55.7500 mean=-3.4144 std=2.9106
sal_batch: shape=(2, 1, 480, 720) min=0.0000 max=1.0000 mean=0.0190 std=0.0938
DEBUG features_shape: {'stage1': (2, 96, 16, 56, 96), 'stage2': (2, 192, 16, 28, 48), 'stage3': (2, 384, 16, 14, 24), 'stage4': (2, 768, 16, 7, 12)}
DEBUG gate: no gate_debug available. This usually means return_concept_losses=False or lambda_gate=0.
DEBUG decoder visual FiLM [stage1] | film_gamma=unavailable (pass return_decoder_diagnostics=True)
DEBUG decoder visual FiLM [stage2] | film_gamma=unavailable (pass return_decoder_diagnostics=True)
DEBUG decoder visual FiLM [stage3] | film_gamma mean/std/min/max=0.0625/0.9124/0.0000/36.0984 | patch_priority_alpha=0.1005
DEBUG decoder visual FiLM [stage4] | film_gamma mean/std/min/max=0.0625/1.0289/0.0000/34.9942 | patch_priority_alpha=0.0996
DEBUG factorized comparison [stage3] | query_norm_mean=0.3766 | key_norm_mean=0.3740 | context_mean=-0.0000 | context_std=0.0239 | context_min=-0.0537 | context_max=0.0780 | total_candidate_weight=336.0000 | spatial_strength=0.0996 | spatial_freq_entropy=2.7725 | spatial_freq_weight_mean=0.6948 | rank=32
DEBUG factorized comparison [stage4] | query_norm_mean=0.3591 | key_norm_mean=0.2857 | context_mean=-0.0000 | context_std=0.0170 | context_min=-0.0343 | context_max=0.0602 | total_candidate_weight=84.0000 | spatial_strength=0.0999 | spatial_freq_entropy=2.7724 | spatial_freq_weight_mean=0.6987 | rank=32
patch-priority map [stage3] | mean=0.062500 | std=0.912357 | min=0.000000 | max=36.098431 | alpha=0.100539
patch-priority map [stage4] | mean=0.062500 | std=1.028937 | min=0.000000 | max=34.994205 | alpha=0.099598
DEBUG visual concept usage [stage1] top 10:
  concept 56: 104 patches (0.97%)
  concept 337: 100 patches (0.93%)
  concept 333: 97 patches (0.90%)
  concept 462: 90 patches (0.84%)
  concept 177: 88 patches (0.82%)
  concept 6: 86 patches (0.80%)
  concept 87: 84 patches (0.78%)
  concept 185: 82 patches (0.76%)
  concept 141: 79 patches (0.73%)
  concept 387: 79 patches (0.73%)
  normalized usage entropy: 0.8603
DEBUG visual concept usage [stage2] top 10:
  concept 259: 1024 patches (38.10%)
  concept 289: 666 patches (24.78%)
  concept 327: 347 patches (12.91%)
  concept 394: 192 patches (7.14%)
  concept 276: 155 patches (5.77%)
  concept 363: 103 patches (3.83%)
  concept 84: 85 patches (3.16%)
  concept 414: 84 patches (3.12%)
  concept 5: 18 patches (0.67%)
  concept 46: 13 patches (0.48%)
  normalized usage entropy: 0.8170
DEBUG visual concept usage [stage3] top 10:
  concept 383: 86 patches (12.80%)
  concept 462: 71 patches (10.57%)
  concept 204: 70 patches (10.42%)
  concept 35: 60 patches (8.93%)
  concept 65: 41 patches (6.10%)
  concept 259: 36 patches (5.36%)
  concept 505: 33 patches (4.91%)
  concept 0: 31 patches (4.61%)
  concept 78: 30 patches (4.46%)
  concept 132: 17 patches (2.53%)
  normalized usage entropy: 0.7789
DEBUG visual concept usage [stage4] top 10:
  concept 105: 20 patches (11.90%)
  concept 299: 17 patches (10.12%)
  concept 235: 11 patches (6.55%)
  concept 133: 10 patches (5.95%)
  concept 154: 10 patches (5.95%)
  concept 52: 8 patches (4.76%)
  concept 130: 8 patches (4.76%)
  concept 187: 6 patches (3.57%)
  concept 55: 5 patches (2.98%)
  concept 64: 5 patches (2.98%)
  normalized usage entropy: 0.7298
DEBUG pred min/max/mean/std: -3.9375 55.75 -3.421875 2.90625
DEBUG target min/max/mean/std: 0.0 1.0 0.019042326137423515 0.09376471489667892
DEBUG fixation pixels per sample: [3.0, 4.0]
DEBUG fix_batch min/max/mean/std: 0.0 1.0 1.0127314453711733e-05 0.0031823304016143084
DEBUG losses: {'loss_total': -0.31149256229400635, 'loss_fid': 45.157955169677734, 'loss_patch_fid': 3.5550966262817383, 'loss_dense_fid': 3.9357686042785645, 'loss_dense_bce': -0.0, 'loss_dense_kl': 37.667091369628906, 'loss_topk': -0.0, 'loss_delta': -0.0, 'loss_cc': 0.3097348213195801, 'loss_nss': -6.830683708190918, 'loss_sim': 0.4713156819343567, 'loss_concept_dense': 0.0, 'loss_concept_kl': 0.0, 'loss_align': 0.0, 'loss_sparse': 0.0, 'loss_div': 0.0, 'loss_gate': 0.0, 'loss_visual_entropy': 0.5407680869102478, 'loss_visual_equiv': 0.0, 'loss_visual_usage': 0.20351272821426392, 'loss_temporal_attention_entropy': 0.0, 'loss_total_concept': 0.04014913737773895, 'loss_decoder_side_aux': -0.18465733528137207, 'loss_priority_map': 1.361625075340271, 'loss_priority_map_weighted': 0.13616250455379486, 'priority_map_loss': 1.361625075340271, 'weighted_priority_map_loss': 0.13616250455379486, 'loss_priority_map_stage3': 1.4597957134246826, 'loss_priority_map_stage4': 1.2634544372558594, 'loss_side_stage4': -0.3153504729270935, 'loss_side_stage3': -0.3788912296295166, 'loss_side_stage2': -0.3683627247810364, 'loss_side_stage1': -0.378731369972229}
DEBUG decoder visual FiLM [stage1] | film_gamma=unavailable (pass return_decoder_diagnostics=True)
DEBUG decoder visual FiLM [stage2] | film_gamma=unavailable (pass return_decoder_diagnostics=True)
DEBUG decoder visual FiLM [stage3] | film_gamma mean/std/min/max=0.0625/0.8547/0.0000/47.2943 | patch_priority_alpha=0.1005
DEBUG decoder visual FiLM [stage4] | film_gamma mean/std/min/max=0.0625/0.8953/0.0000/34.3409 | patch_priority_alpha=0.0996
DEBUG factorized comparison [stage3] | query_norm_mean=0.3480 | key_norm_mean=0.3700 | context_mean=0.0000 | context_std=0.0219 | context_min=-0.0507 | context_max=0.0649 | total_candidate_weight=336.0000 | spatial_strength=0.0997 | spatial_freq_entropy=2.7725 | spatial_freq_weight_mean=0.6949 | rank=32
DEBUG factorized comparison [stage4] | query_norm_mean=0.3815 | key_norm_mean=0.2614 | context_mean=-0.0000 | context_std=0.0160 | context_min=-0.0343 | context_max=0.0482 | total_candidate_weight=84.0000 | spatial_strength=0.0999 | spatial_freq_entropy=2.7724 | spatial_freq_weight_mean=0.6988 | rank=32
patch-priority map [stage3] | mean=0.062500 | std=0.854667 | min=0.000000 | max=47.294327 | alpha=0.100499
patch-priority map [stage4] | mean=0.062500 | std=0.895323 | min=0.000000 | max=34.340889 | alpha=0.099609
Epoch 15/200
  Mean train loss: -0.042486
  Mean val loss:   0.169538
  Current LR:      4.93e-05
Val metrics   | CC: 0.6454 | SIM: 0.5196
  Saved checkpoint: training_outputs/ckpts/20260915_204758/epoch_015.pth
  New best val loss: 0.169538 (saved training_outputs/ckpts/20260915_204758/best_checkpoint.pth)

Epoch 16/200
pred_saliency: shape=(2, 1, 224, 384) min=-3.9375 max=46.7500 mean=-3.1801 std=2.8310
sal_batch: shape=(2, 1, 384, 512) min=0.0000 max=1.0000 mean=0.0374 std=0.1302
DEBUG features_shape: {'stage1': (2, 96, 16, 56, 96), 'stage2': (2, 192, 16, 28, 48), 'stage3': (2, 384, 16, 14, 24), 'stage4': (2, 768, 16, 7, 12)}
DEBUG gate: no gate_debug available. This usually means return_concept_losses=False or lambda_gate=0.
DEBUG decoder visual FiLM [stage1] | film_gamma=unavailable (pass return_decoder_diagnostics=True)
DEBUG decoder visual FiLM [stage2] | film_gamma=unavailable (pass return_decoder_diagnostics=True)
DEBUG decoder visual FiLM [stage3] | film_gamma mean/std/min/max=0.0625/0.8325/0.0000/39.7574 | patch_priority_alpha=0.1005
DEBUG decoder visual FiLM [stage4] | film_gamma mean/std/min/max=0.0625/0.8828/0.0000/34.1099 | patch_priority_alpha=0.0996
DEBUG factorized comparison [stage3] | query_norm_mean=0.3394 | key_norm_mean=0.3371 | context_mean=0.0000 | context_std=0.0186 | context_min=-0.0496 | context_max=0.0571 | total_candidate_weight=336.0000 | spatial_strength=0.0997 | spatial_freq_entropy=2.7725 | spatial_freq_weight_mean=0.6949 | rank=32
DEBUG factorized comparison [stage4] | query_norm_mean=0.3699 | key_norm_mean=0.2687 | context_mean=-0.0000 | context_std=0.0157 | context_min=-0.0316 | context_max=0.0474 | total_candidate_weight=84.0000 | spatial_strength=0.0999 | spatial_freq_entropy=2.7724 | spatial_freq_weight_mean=0.6988 | rank=32
patch-priority map [stage3] | mean=0.062500 | std=0.832480 | min=0.000000 | max=39.757446 | alpha=0.100499
patch-priority map [stage4] | mean=0.062500 | std=0.882844 | min=0.000000 | max=34.109894 | alpha=0.099609
DEBUG visual concept usage [stage1] top 10:
  concept 112: 104 patches (0.97%)
  concept 143: 99 patches (0.92%)
  concept 37: 94 patches (0.87%)
  concept 169: 94 patches (0.87%)
  concept 464: 87 patches (0.81%)
  concept 84: 85 patches (0.79%)
  concept 117: 83 patches (0.77%)
  concept 58: 80 patches (0.74%)
  concept 78: 79 patches (0.73%)
  concept 148: 79 patches (0.73%)
  normalized usage entropy: 0.8611
DEBUG visual concept usage [stage2] top 10:
  concept 289: 746 patches (27.75%)
  concept 327: 435 patches (16.18%)
  concept 394: 338 patches (12.57%)
  concept 259: 296 patches (11.01%)
  concept 276: 265 patches (9.86%)
  concept 363: 214 patches (7.96%)
  concept 414: 204 patches (7.59%)
  concept 84: 171 patches (6.36%)
  concept 46: 19 patches (0.71%)
  normalized usage entropy: 0.8189
DEBUG visual concept usage [stage3] top 10:
  concept 462: 119 patches (17.71%)
  concept 204: 106 patches (15.77%)
  concept 383: 88 patches (13.10%)
  concept 90: 68 patches (10.12%)
  concept 35: 59 patches (8.78%)
  concept 505: 33 patches (4.91%)
  concept 78: 28 patches (4.17%)
  concept 65: 24 patches (3.57%)
  concept 135: 23 patches (3.42%)
  concept 102: 21 patches (3.12%)
  normalized usage entropy: 0.7818
DEBUG visual concept usage [stage4] top 10:
  concept 133: 20 patches (11.90%)
  concept 351: 15 patches (8.93%)
  concept 105: 14 patches (8.33%)
  concept 130: 12 patches (7.14%)
  concept 55: 10 patches (5.95%)
  concept 392: 10 patches (5.95%)
  concept 35: 9 patches (5.36%)
  concept 37: 9 patches (5.36%)
  concept 39: 7 patches (4.17%)
  concept 346: 6 patches (3.57%)
  normalized usage entropy: 0.7426
DEBUG pred min/max/mean/std: -3.9375 46.75 -3.1875 2.828125
DEBUG target min/max/mean/std: 0.0 1.0 0.03737067058682442 0.13017065823078156
DEBUG fixation pixels per sample: [5.0, 4.0]
DEBUG fix_batch min/max/mean/std: 0.0 1.0 2.288818359375e-05 0.004784110933542252
DEBUG losses: {'loss_total': 0.09720496088266373, 'loss_fid': 32.74163055419922, 'loss_patch_fid': 3.610771656036377, 'loss_dense_fid': 3.8594295978546143, 'loss_dense_bce': -0.0, 'loss_dense_kl': 25.27142906188965, 'loss_topk': -0.0, 'loss_delta': -0.0, 'loss_cc': 0.39580225944519043, 'loss_nss': -4.874016284942627, 'loss_sim': 0.49859172105789185, 'loss_concept_dense': 0.0, 'loss_concept_kl': 0.0, 'loss_align': 0.0, 'loss_sparse': 0.0, 'loss_div': 0.0, 'loss_gate': 0.0, 'loss_visual_entropy': 0.5508184432983398, 'loss_visual_equiv': 0.0, 'loss_visual_usage': 0.19892653822898865, 'loss_temporal_attention_entropy': 0.0, 'loss_total_concept': 0.0440920889377594, 'loss_decoder_side_aux': -0.03961335867643356, 'loss_priority_map': 1.1181968450546265, 'loss_priority_map_weighted': 0.11181968450546265, 'priority_map_loss': 1.1181968450546265, 'weighted_priority_map_loss': 0.11181968450546265, 'loss_priority_map_stage3': 1.0840764045715332, 'loss_priority_map_stage4': 1.1523172855377197, 'loss_side_stage4': 0.011619091033935547, 'loss_side_stage3': -0.07106715440750122, 'loss_side_stage2': -0.0882311463356018, 'loss_side_stage1': -0.09926462173461914}
Epoch 16/200
  Mean train loss: -0.101415
  Validation:    skipped (runs every 5 epochs)
  Current LR:      4.92e-05
  Saved checkpoint: training_outputs/ckpts/20260915_204758/epoch_016.pth

Epoch 17/200
pred_saliency: shape=(2, 1, 224, 384) min=-3.9375 max=32.5000 mean=-3.0342 std=2.6526
sal_batch: shape=(2, 1, 384, 640) min=0.0000 max=1.0000 mean=0.0213 std=0.0927
DEBUG features_shape: {'stage1': (2, 96, 16, 56, 96), 'stage2': (2, 192, 16, 28, 48), 'stage3': (2, 384, 16, 14, 24), 'stage4': (2, 768, 16, 7, 12)}
DEBUG gate: no gate_debug available. This usually means return_concept_losses=False or lambda_gate=0.
DEBUG decoder visual FiLM [stage1] | film_gamma=unavailable (pass return_decoder_diagnostics=True)
DEBUG decoder visual FiLM [stage2] | film_gamma=unavailable (pass return_decoder_diagnostics=True)
DEBUG decoder visual FiLM [stage3] | film_gamma mean/std/min/max=0.0625/0.6880/0.0000/27.4895 | patch_priority_alpha=0.1005
DEBUG decoder visual FiLM [stage4] | film_gamma mean/std/min/max=0.0625/0.7195/0.0000/19.0567 | patch_priority_alpha=0.0996
DEBUG factorized comparison [stage3] | query_norm_mean=0.3548 | key_norm_mean=0.3770 | context_mean=-0.0000 | context_std=0.0223 | context_min=-0.0545 | context_max=0.0590 | total_candidate_weight=336.0000 | spatial_strength=0.0997 | spatial_freq_entropy=2.7725 | spatial_freq_weight_mean=0.6948 | rank=32
DEBUG factorized comparison [stage4] | query_norm_mean=0.4052 | key_norm_mean=0.2621 | context_mean=-0.0000 | context_std=0.0181 | context_min=-0.0371 | context_max=0.0474 | total_candidate_weight=84.0000 | spatial_strength=0.0999 | spatial_freq_entropy=2.7724 | spatial_freq_weight_mean=0.6988 | rank=32
patch-priority map [stage3] | mean=0.062500 | std=0.688001 | min=0.000000 | max=27.489529 | alpha=0.100534
patch-priority map [stage4] | mean=0.062500 | std=0.719487 | min=0.000000 | max=19.056690 | alpha=0.099559
DEBUG visual concept usage [stage1] top 10:
  concept 199: 109 patches (1.01%)
  concept 84: 107 patches (1.00%)
  concept 118: 106 patches (0.99%)
  concept 37: 100 patches (0.93%)
  concept 58: 97 patches (0.90%)
  concept 28: 92 patches (0.86%)
  concept 83: 88 patches (0.82%)
  concept 30: 86 patches (0.80%)
  concept 105: 85 patches (0.79%)
  concept 215: 84 patches (0.78%)
  normalized usage entropy: 0.8579
DEBUG visual concept usage [stage2] top 10:
  concept 259: 751 patches (27.94%)
  concept 289: 745 patches (27.72%)
  concept 327: 289 patches (10.75%)
  concept 394: 287 patches (10.68%)
  concept 276: 156 patches (5.80%)
  concept 414: 134 patches (4.99%)
  concept 363: 108 patches (4.02%)
  concept 84: 107 patches (3.98%)
  concept 46: 105 patches (3.91%)
  concept 463: 4 patches (0.15%)
  normalized usage entropy: 0.8265
DEBUG visual concept usage [stage3] top 10:
  concept 462: 179 patches (26.64%)
  concept 383: 119 patches (17.71%)
  concept 204: 56 patches (8.33%)
  concept 35: 47 patches (6.99%)
  concept 65: 36 patches (5.36%)
  concept 78: 31 patches (4.61%)
  concept 505: 23 patches (3.42%)
  concept 90: 22 patches (3.27%)
  concept 0: 20 patches (2.98%)
  concept 102: 19 patches (2.83%)
  normalized usage entropy: 0.7838
DEBUG visual concept usage [stage4] top 10:
  concept 105: 27 patches (16.07%)
  concept 133: 24 patches (14.29%)
  concept 351: 12 patches (7.14%)
  concept 203: 7 patches (4.17%)
  concept 266: 6 patches (3.57%)
  concept 346: 6 patches (3.57%)
  concept 130: 5 patches (2.98%)
  concept 35: 4 patches (2.38%)
  concept 171: 4 patches (2.38%)
  concept 341: 4 patches (2.38%)
  normalized usage entropy: 0.7613
DEBUG pred min/max/mean/std: -3.9375 32.5 -3.03125 2.65625
DEBUG target min/max/mean/std: 0.0 1.0 0.021283376961946487 0.09270491451025009
DEBUG fixation pixels per sample: [5.0, 4.0]
DEBUG fix_batch min/max/mean/std: 0.0 1.0 1.831054760259576e-05 0.004279047716408968
DEBUG losses: {'loss_total': -0.2544592022895813, 'loss_fid': 22.29627227783203, 'loss_patch_fid': 3.6034648418426514, 'loss_dense_fid': 3.659965991973877, 'loss_dense_bce': -0.0, 'loss_dense_kl': 15.032842636108398, 'loss_topk': -0.0, 'loss_delta': -0.0, 'loss_cc': 0.2393498420715332, 'loss_nss': -5.283203125, 'loss_sim': 0.406780481338501, 'loss_concept_dense': 0.0, 'loss_concept_kl': 0.0, 'loss_align': 0.0, 'loss_sparse': 0.0, 'loss_div': 0.0, 'loss_gate': 0.0, 'loss_visual_entropy': 0.5566056370735168, 'loss_visual_equiv': 0.0, 'loss_visual_usage': 0.19263620674610138, 'loss_temporal_attention_entropy': 0.0, 'loss_total_concept': 0.04121343046426773, 'loss_decoder_side_aux': -0.15027301013469696, 'loss_priority_map': 0.8084616661071777, 'loss_priority_map_weighted': 0.08084616810083389, 'priority_map_loss': 0.8084616661071777, 'weighted_priority_map_loss': 0.08084616810083389, 'loss_priority_map_stage3': 0.8627825975418091, 'loss_priority_map_stage4': 0.7541407346725464, 'loss_side_stage4': -0.366720974445343, 'loss_side_stage3': -0.31081557273864746, 'loss_side_stage2': -0.2938080430030823, 'loss_side_stage1': -0.2839210033416748}
Epoch 17/200
  Mean train loss: -0.135600
  Validation:    skipped (runs every 5 epochs)
  Current LR:      4.91e-05
  Saved checkpoint: training_outputs/ckpts/20260915_204758/epoch_017.pth

Epoch 18/200
pred_saliency: shape=(2, 1, 224, 384) min=-3.9375 max=38.0000 mean=-3.2593 std=2.8404
sal_batch: shape=(2, 1, 352, 640) min=0.0000 max=1.0000 mean=0.0212 std=0.0933
DEBUG features_shape: {'stage1': (2, 96, 16, 56, 96), 'stage2': (2, 192, 16, 28, 48), 'stage3': (2, 384, 16, 14, 24), 'stage4': (2, 768, 16, 7, 12)}
DEBUG gate: no gate_debug available. This usually means return_concept_losses=False or lambda_gate=0.
DEBUG decoder visual FiLM [stage1] | film_gamma=unavailable (pass return_decoder_diagnostics=True)
DEBUG decoder visual FiLM [stage2] | film_gamma=unavailable (pass return_decoder_diagnostics=True)
DEBUG decoder visual FiLM [stage3] | film_gamma mean/std/min/max=0.0625/0.7693/0.0000/30.7925 | patch_priority_alpha=0.1005
DEBUG decoder visual FiLM [stage4] | film_gamma mean/std/min/max=0.0625/0.7418/0.0000/22.7626 | patch_priority_alpha=0.0995
DEBUG factorized comparison [stage3] | query_norm_mean=0.3698 | key_norm_mean=0.3737 | context_mean=0.0000 | context_std=0.0225 | context_min=-0.0560 | context_max=0.0612 | total_candidate_weight=336.0000 | spatial_strength=0.0996 | spatial_freq_entropy=2.7725 | spatial_freq_weight_mean=0.6949 | rank=32
DEBUG factorized comparison [stage4] | query_norm_mean=0.4102 | key_norm_mean=0.2410 | context_mean=-0.0000 | context_std=0.0171 | context_min=-0.0358 | context_max=0.0456 | total_candidate_weight=84.0000 | spatial_strength=0.0999 | spatial_freq_entropy=2.7724 | spatial_freq_weight_mean=0.6988 | rank=32
patch-priority map [stage3] | mean=0.062500 | std=0.769315 | min=0.000000 | max=30.792521 | alpha=0.100526
patch-priority map [stage4] | mean=0.062500 | std=0.741755 | min=0.000000 | max=22.762632 | alpha=0.099498
DEBUG visual concept usage [stage1] top 10:
  concept 44: 124 patches (1.15%)
  concept 209: 123 patches (1.14%)
  concept 433: 116 patches (1.08%)
  concept 308: 107 patches (1.00%)
  concept 88: 105 patches (0.98%)
  concept 144: 105 patches (0.98%)
  concept 279: 104 patches (0.97%)
  concept 83: 97 patches (0.90%)
  concept 206: 96 patches (0.89%)
  concept 105: 95 patches (0.88%)
  normalized usage entropy: 0.8556
DEBUG visual concept usage [stage2] top 10:
  concept 259: 834 patches (31.03%)
  concept 289: 609 patches (22.66%)
  concept 327: 310 patches (11.53%)
  concept 394: 226 patches (8.41%)
  concept 276: 183 patches (6.81%)
  concept 414: 161 patches (5.99%)
  concept 84: 138 patches (5.13%)
  concept 363: 113 patches (4.20%)
  concept 46: 110 patches (4.09%)
  concept 188: 2 patches (0.07%)
  normalized usage entropy: 0.8283
DEBUG visual concept usage [stage3] top 10:
  concept 383: 171 patches (25.45%)
  concept 462: 146 patches (21.73%)
  concept 204: 85 patches (12.65%)
  concept 505: 33 patches (4.91%)
  concept 35: 30 patches (4.46%)
  concept 0: 22 patches (3.27%)
  concept 90: 20 patches (2.98%)
  concept 65: 14 patches (2.08%)
  concept 51: 13 patches (1.93%)
  concept 5: 12 patches (1.79%)
  normalized usage entropy: 0.7838
DEBUG visual concept usage [stage4] top 10:
  concept 105: 35 patches (20.83%)
  concept 133: 29 patches (17.26%)
  concept 130: 10 patches (5.95%)
  concept 351: 10 patches (5.95%)
  concept 55: 8 patches (4.76%)
  concept 235: 7 patches (4.17%)
  concept 154: 6 patches (3.57%)
  concept 208: 6 patches (3.57%)
  concept 378: 5 patches (2.98%)
  concept 37: 4 patches (2.38%)
  normalized usage entropy: 0.7606
DEBUG pred min/max/mean/std: -3.9375 38.0 -3.265625 2.84375
DEBUG target min/max/mean/std: 0.0 1.0 0.021234359592199326 0.09327120333909988
DEBUG fixation pixels per sample: [5.0, 5.0]
DEBUG fix_batch min/max/mean/std: 0.0 1.0 2.219460111518856e-05 0.004711067769676447
DEBUG losses: {'loss_total': 0.20415276288986206, 'loss_fid': 33.913021087646484, 'loss_patch_fid': 3.456514596939087, 'loss_dense_fid': 3.8622372150421143, 'loss_dense_bce': -0.0, 'loss_dense_kl': 26.594268798828125, 'loss_topk': -0.0, 'loss_delta': -0.0, 'loss_cc': 0.40664374828338623, 'loss_nss': -4.494983673095703, 'loss_sim': 0.5237982273101807, 'loss_concept_dense': 0.0, 'loss_concept_kl': 0.0, 'loss_align': 0.0, 'loss_sparse': 0.0, 'loss_div': 0.0, 'loss_gate': 0.0, 'loss_visual_entropy': 0.5627704858779907, 'loss_visual_equiv': 0.0, 'loss_visual_usage': 0.19292853772640228, 'loss_temporal_attention_entropy': 0.0, 'loss_total_concept': 0.04203645884990692, 'loss_decoder_side_aux': -0.02349691092967987, 'loss_priority_map': 1.5398132801055908, 'loss_priority_map_weighted': 0.15398132801055908, 'priority_map_loss': 1.5398132801055908, 'weighted_priority_map_loss': 0.15398132801055908, 'loss_priority_map_stage3': 1.6397027969360352, 'loss_priority_map_stage4': 1.439923882484436, 'loss_side_stage4': -0.052108198404312134, 'loss_side_stage3': -0.044435590505599976, 'loss_side_stage2': -0.050999075174331665, 'loss_side_stage1': -0.04399040341377258}
Epoch 18/200
  Mean train loss: -0.139892
  Validation:    skipped (runs every 5 epochs)
  Current LR:      4.90e-05
  Saved checkpoint: training_outputs/ckpts/20260915_204758/epoch_018.pth

Epoch 19/200
pred_saliency: shape=(2, 1, 224, 384) min=-3.9375 max=48.0000 mean=-3.2053 std=2.6011
sal_batch: shape=(2, 1, 352, 640) min=0.0000 max=1.0000 mean=0.0223 std=0.0978
DEBUG features_shape: {'stage1': (2, 96, 16, 56, 96), 'stage2': (2, 192, 16, 28, 48), 'stage3': (2, 384, 16, 14, 24), 'stage4': (2, 768, 16, 7, 12)}
DEBUG gate: no gate_debug available. This usually means return_concept_losses=False or lambda_gate=0.
DEBUG decoder visual FiLM [stage1] | film_gamma=unavailable (pass return_decoder_diagnostics=True)
DEBUG decoder visual FiLM [stage2] | film_gamma=unavailable (pass return_decoder_diagnostics=True)
DEBUG decoder visual FiLM [stage3] | film_gamma mean/std/min/max=0.0625/0.8997/0.0000/51.4122 | patch_priority_alpha=0.1005
DEBUG decoder visual FiLM [stage4] | film_gamma mean/std/min/max=0.0625/0.9396/0.0000/37.9573 | patch_priority_alpha=0.0995
DEBUG factorized comparison [stage3] | query_norm_mean=0.3437 | key_norm_mean=0.3480 | context_mean=-0.0000 | context_std=0.0202 | context_min=-0.0500 | context_max=0.0672 | total_candidate_weight=336.0000 | spatial_strength=0.0997 | spatial_freq_entropy=2.7725 | spatial_freq_weight_mean=0.6949 | rank=32
DEBUG factorized comparison [stage4] | query_norm_mean=0.3448 | key_norm_mean=0.2545 | context_mean=0.0000 | context_std=0.0151 | context_min=-0.0311 | context_max=0.0386 | total_candidate_weight=84.0000 | spatial_strength=0.0999 | spatial_freq_entropy=2.7724 | spatial_freq_weight_mean=0.6989 | rank=32
patch-priority map [stage3] | mean=0.062500 | std=0.899703 | min=0.000000 | max=51.412159 | alpha=0.100497
patch-priority map [stage4] | mean=0.062500 | std=0.939634 | min=0.000000 | max=37.957314 | alpha=0.099530
DEBUG visual concept usage [stage1] top 10:
  concept 37: 87 patches (0.81%)
  concept 79: 84 patches (0.78%)
  concept 203: 81 patches (0.75%)
  concept 62: 79 patches (0.73%)
  concept 87: 79 patches (0.73%)
  concept 117: 79 patches (0.73%)
  concept 78: 77 patches (0.72%)
  concept 344: 77 patches (0.72%)
  concept 367: 76 patches (0.71%)
  concept 403: 76 patches (0.71%)
  normalized usage entropy: 0.8608
DEBUG visual concept usage [stage2] top 10:
  concept 259: 763 patches (28.39%)
  concept 289: 592 patches (22.02%)
  concept 327: 324 patches (12.05%)
  concept 394: 288 patches (10.71%)
  concept 276: 226 patches (8.41%)
  concept 363: 149 patches (5.54%)
  concept 414: 139 patches (5.17%)
  concept 84: 128 patches (4.76%)
  concept 46: 79 patches (2.94%)
  normalized usage entropy: 0.8291
DEBUG visual concept usage [stage3] top 10:
  concept 462: 111 patches (16.52%)
  concept 383: 100 patches (14.88%)
  concept 204: 81 patches (12.05%)
  concept 35: 77 patches (11.46%)
  concept 90: 55 patches (8.18%)
  concept 65: 40 patches (5.95%)
  concept 78: 35 patches (5.21%)
  concept 135: 19 patches (2.83%)
  concept 57: 15 patches (2.23%)
  concept 114: 13 patches (1.93%)
  normalized usage entropy: 0.7772
DEBUG visual concept usage [stage4] top 10:
  concept 105: 21 patches (12.50%)
  concept 133: 18 patches (10.71%)
  concept 208: 17 patches (10.12%)
  concept 39: 7 patches (4.17%)
  concept 351: 7 patches (4.17%)
  concept 390: 6 patches (3.57%)
  concept 37: 5 patches (2.98%)
  concept 55: 5 patches (2.98%)
  concept 64: 5 patches (2.98%)
  concept 346: 5 patches (2.98%)
  normalized usage entropy: 0.7474
DEBUG pred min/max/mean/std: -3.9375 48.0 -3.203125 2.59375
DEBUG target min/max/mean/std: 0.0 1.0 0.022255251184105873 0.09777774661779404
DEBUG fixation pixels per sample: [5.0, 5.0]
DEBUG fix_batch min/max/mean/std: 0.0 1.0 2.219460111518856e-05 0.004711067769676447
DEBUG losses: {'loss_total': 0.2633209228515625, 'loss_fid': 30.178129196166992, 'loss_patch_fid': 3.503920793533325, 'loss_dense_fid': 3.771089792251587, 'loss_dense_bce': -0.0, 'loss_dense_kl': 22.903118133544922, 'loss_topk': -0.0, 'loss_delta': -0.0, 'loss_cc': 0.42919808626174927, 'loss_nss': -4.0042266845703125, 'loss_sim': 0.5383318662643433, 'loss_concept_dense': 0.0, 'loss_concept_kl': 0.0, 'loss_align': 0.0, 'loss_sparse': 0.0, 'loss_div': 0.0, 'loss_gate': 0.0, 'loss_visual_entropy': 0.5468244552612305, 'loss_visual_equiv': 0.0, 'loss_visual_usage': 0.19635894894599915, 'loss_temporal_attention_entropy': 0.0, 'loss_total_concept': 0.04056161642074585, 'loss_decoder_side_aux': 0.01884554885327816, 'loss_priority_map': 0.9893512725830078, 'loss_priority_map_weighted': 0.09893512725830078, 'priority_map_loss': 0.9893512725830078, 'weighted_priority_map_loss': 0.09893512725830078, 'loss_priority_map_stage3': 1.0001235008239746, 'loss_priority_map_stage4': 0.978579044342041, 'loss_side_stage4': 0.0691906213760376, 'loss_side_stage3': 0.05977824330329895, 'loss_side_stage2': 0.019748598337173462, 'loss_side_stage1': 0.03222951292991638}
Epoch 19/200
  Mean train loss: -0.119102
  Validation:    skipped (runs every 5 epochs)
  Current LR:      4.89e-05
  Saved checkpoint: training_outputs/ckpts/20260915_204758/epoch_019.pth

Epoch 20/200
pred_saliency: shape=(2, 1, 224, 384) min=-3.9375 max=41.7500 mean=-3.2417 std=2.8011
sal_batch: shape=(2, 1, 384, 608) min=0.0000 max=1.0000 mean=0.0224 std=0.0979
DEBUG features_shape: {'stage1': (2, 96, 16, 56, 96), 'stage2': (2, 192, 16, 28, 48), 'stage3': (2, 384, 16, 14, 24), 'stage4': (2, 768, 16, 7, 12)}
DEBUG gate: no gate_debug available. This usually means return_concept_losses=False or lambda_gate=0.
DEBUG decoder visual FiLM [stage1] | film_gamma=unavailable (pass return_decoder_diagnostics=True)
DEBUG decoder visual FiLM [stage2] | film_gamma=unavailable (pass return_decoder_diagnostics=True)
DEBUG decoder visual FiLM [stage3] | film_gamma mean/std/min/max=0.0625/0.7365/0.0000/29.9312 | patch_priority_alpha=0.1004
DEBUG decoder visual FiLM [stage4] | film_gamma mean/std/min/max=0.0625/0.7000/0.0000/25.0112 | patch_priority_alpha=0.0995
DEBUG factorized comparison [stage3] | query_norm_mean=0.3664 | key_norm_mean=0.3913 | context_mean=0.0000 | context_std=0.0243 | context_min=-0.0582 | context_max=0.0634 | total_candidate_weight=336.0000 | spatial_strength=0.0996 | spatial_freq_entropy=2.7725 | spatial_freq_weight_mean=0.6949 | rank=32
DEBUG factorized comparison [stage4] | query_norm_mean=0.3668 | key_norm_mean=0.2471 | context_mean=0.0000 | context_std=0.0168 | context_min=-0.0346 | context_max=0.0371 | total_candidate_weight=84.0000 | spatial_strength=0.0999 | spatial_freq_entropy=2.7723 | spatial_freq_weight_mean=0.6989 | rank=32
patch-priority map [stage3] | mean=0.062500 | std=0.736520 | min=0.000000 | max=29.931189 | alpha=0.100440
patch-priority map [stage4] | mean=0.062500 | std=0.699972 | min=0.000000 | max=25.011230 | alpha=0.099514
DEBUG visual concept usage [stage1] top 10:
  concept 199: 121 patches (1.13%)
  concept 152: 97 patches (0.90%)
  concept 78: 95 patches (0.88%)
  concept 28: 94 patches (0.87%)
  concept 56: 92 patches (0.86%)
  concept 344: 86 patches (0.80%)
  concept 169: 85 patches (0.79%)
  concept 265: 84 patches (0.78%)
  concept 413: 84 patches (0.78%)
  concept 6: 83 patches (0.77%)
  normalized usage entropy: 0.8583
DEBUG visual concept usage [stage2] top 10:
  concept 259: 942 patches (35.04%)
  concept 394: 412 patches (15.33%)
  concept 289: 327 patches (12.17%)
  concept 327: 228 patches (8.48%)
  concept 414: 223 patches (8.30%)
  concept 276: 191 patches (7.11%)
  concept 84: 152 patches (5.65%)
  concept 363: 133 patches (4.95%)
  concept 46: 73 patches (2.72%)
  concept 5: 5 patches (0.19%)
  normalized usage entropy: 0.8215
DEBUG visual concept usage [stage3] top 10:
  concept 383: 123 patches (18.30%)
  concept 462: 100 patches (14.88%)
  concept 204: 73 patches (10.86%)
  concept 505: 35 patches (5.21%)
  concept 35: 34 patches (5.06%)
  concept 78: 28 patches (4.17%)
  concept 65: 27 patches (4.02%)
  concept 0: 23 patches (3.42%)
  concept 335: 21 patches (3.12%)
  concept 102: 18 patches (2.68%)
  normalized usage entropy: 0.7839
DEBUG visual concept usage [stage4] top 10:
  concept 105: 34 patches (20.24%)
  concept 133: 13 patches (7.74%)
  concept 55: 10 patches (5.95%)
  concept 154: 10 patches (5.95%)
  concept 351: 9 patches (5.36%)
  concept 39: 6 patches (3.57%)
  concept 451: 6 patches (3.57%)
  concept 130: 5 patches (2.98%)
  concept 177: 5 patches (2.98%)
  concept 235: 5 patches (2.98%)
  normalized usage entropy: 0.7571
DEBUG pred min/max/mean/std: -3.9375 41.75 -3.234375 2.796875
DEBUG target min/max/mean/std: 0.0 1.0 0.02237602323293686 0.09794953465461731
DEBUG fixation pixels per sample: [5.0, 4.0]
DEBUG fix_batch min/max/mean/std: 0.0 1.0 1.9274259102530777e-05 0.004390208050608635
DEBUG losses: {'loss_total': -0.09137174487113953, 'loss_fid': 32.52353286743164, 'loss_patch_fid': 3.559814214706421, 'loss_dense_fid': 3.828214406967163, 'loss_dense_bce': -0.0, 'loss_dense_kl': 25.13550567626953, 'loss_topk': -0.0, 'loss_delta': -0.0, 'loss_cc': 0.29580336809158325, 'loss_nss': -4.789262771606445, 'loss_sim': 0.47257137298583984, 'loss_concept_dense': 0.0, 'loss_concept_kl': 0.0, 'loss_align': 0.0, 'loss_sparse': 0.0, 'loss_div': 0.0, 'loss_gate': 0.0, 'loss_visual_entropy': 0.5513250827789307, 'loss_visual_equiv': 0.0, 'loss_visual_usage': 0.1947924941778183, 'loss_temporal_attention_entropy': 0.0, 'loss_total_concept': 0.040809378027915955, 'loss_decoder_side_aux': -0.09875188767910004, 'loss_priority_map': 0.8020065426826477, 'loss_priority_map_weighted': 0.08020065724849701, 'priority_map_loss': 0.8020065426826477, 'weighted_priority_map_loss': 0.08020065724849701, 'loss_priority_map_stage3': 0.8063987493515015, 'loss_priority_map_stage4': 0.797614336013794, 'loss_side_stage4': -0.26979607343673706, 'loss_side_stage3': -0.23149091005325317, 'loss_side_stage2': -0.17392608523368835, 'loss_side_stage1': -0.18012037873268127}
DEBUG decoder visual FiLM [stage1] | film_gamma=unavailable (pass return_decoder_diagnostics=True)
DEBUG decoder visual FiLM [stage2] | film_gamma=unavailable (pass return_decoder_diagnostics=True)
DEBUG decoder visual FiLM [stage3] | film_gamma mean/std/min/max=0.0625/0.9267/0.0000/48.4251 | patch_priority_alpha=0.1005
DEBUG decoder visual FiLM [stage4] | film_gamma mean/std/min/max=0.0625/0.9690/0.0000/38.8967 | patch_priority_alpha=0.0995
DEBUG factorized comparison [stage3] | query_norm_mean=0.3942 | key_norm_mean=0.3888 | context_mean=0.0000 | context_std=0.0263 | context_min=-0.0616 | context_max=0.0765 | total_candidate_weight=336.0000 | spatial_strength=0.0996 | spatial_freq_entropy=2.7725 | spatial_freq_weight_mean=0.6949 | rank=32
DEBUG factorized comparison [stage4] | query_norm_mean=0.3520 | key_norm_mean=0.2378 | context_mean=-0.0000 | context_std=0.0141 | context_min=-0.0335 | context_max=0.0429 | total_candidate_weight=84.0000 | spatial_strength=0.0999 | spatial_freq_entropy=2.7723 | spatial_freq_weight_mean=0.6989 | rank=32
patch-priority map [stage3] | mean=0.062500 | std=0.926676 | min=0.000000 | max=48.425137 | alpha=0.100481
patch-priority map [stage4] | mean=0.062500 | std=0.968951 | min=0.000000 | max=38.896725 | alpha=0.099547
Epoch 20/200
  Mean train loss: -0.112751
  Mean val loss:   0.180929
  Current LR:      4.88e-05
Val metrics   | CC: 0.6228 | SIM: 0.5113
  Saved checkpoint: training_outputs/ckpts/20260915_204758/epoch_020.pth

Epoch 21/200
pred_saliency: shape=(2, 1, 224, 384) min=-3.9375 max=49.0000 mean=-3.3138 std=2.8459
sal_batch: shape=(2, 1, 416, 628) min=0.0000 max=1.0000 mean=0.0199 std=0.0982
DEBUG features_shape: {'stage1': (2, 96, 16, 56, 96), 'stage2': (2, 192, 16, 28, 48), 'stage3': (2, 384, 16, 14, 24), 'stage4': (2, 768, 16, 7, 12)}
DEBUG gate: no gate_debug available. This usually means return_concept_losses=False or lambda_gate=0.
DEBUG decoder visual FiLM [stage1] | film_gamma=unavailable (pass return_decoder_diagnostics=True)
DEBUG decoder visual FiLM [stage2] | film_gamma=unavailable (pass return_decoder_diagnostics=True)
DEBUG decoder visual FiLM [stage3] | film_gamma mean/std/min/max=0.0625/0.8852/0.0000/40.1366 | patch_priority_alpha=0.1005
DEBUG decoder visual FiLM [stage4] | film_gamma mean/std/min/max=0.0625/0.9411/0.0000/35.6528 | patch_priority_alpha=0.0995
DEBUG factorized comparison [stage3] | query_norm_mean=0.3871 | key_norm_mean=0.3751 | context_mean=0.0000 | context_std=0.0247 | context_min=-0.0563 | context_max=0.0735 | total_candidate_weight=336.0000 | spatial_strength=0.0996 | spatial_freq_entropy=2.7725 | spatial_freq_weight_mean=0.6949 | rank=32
DEBUG factorized comparison [stage4] | query_norm_mean=0.3378 | key_norm_mean=0.2435 | context_mean=0.0000 | context_std=0.0139 | context_min=-0.0316 | context_max=0.0425 | total_candidate_weight=84.0000 | spatial_strength=0.0999 | spatial_freq_entropy=2.7723 | spatial_freq_weight_mean=0.6989 | rank=32
patch-priority map [stage3] | mean=0.062500 | std=0.885241 | min=0.000000 | max=40.136597 | alpha=0.100481
patch-priority map [stage4] | mean=0.062500 | std=0.941140 | min=0.000000 | max=35.652752 | alpha=0.099547
DEBUG visual concept usage [stage1] top 10:
  concept 68: 107 patches (1.00%)
  concept 30: 105 patches (0.98%)
  concept 64: 105 patches (0.98%)
  concept 84: 104 patches (0.97%)
  concept 58: 102 patches (0.95%)
  concept 237: 101 patches (0.94%)
  concept 37: 100 patches (0.93%)
  concept 120: 98 patches (0.91%)
  concept 127: 96 patches (0.89%)
  concept 48: 94 patches (0.87%)
  normalized usage entropy: 0.8552
DEBUG visual concept usage [stage2] top 10:
  concept 259: 642 patches (23.88%)
  concept 289: 399 patches (14.84%)
  concept 327: 399 patches (14.84%)
  concept 394: 324 patches (12.05%)
  concept 276: 277 patches (10.31%)
  concept 414: 223 patches (8.30%)
  concept 363: 196 patches (7.29%)
  concept 84: 182 patches (6.77%)
  concept 46: 46 patches (1.71%)
  normalized usage entropy: 0.8269
DEBUG visual concept usage [stage3] top 10:
  concept 204: 115 patches (17.11%)
  concept 462: 78 patches (11.61%)
  concept 383: 75 patches (11.16%)
  concept 90: 59 patches (8.78%)
  concept 35: 31 patches (4.61%)
  concept 57: 30 patches (4.46%)
  concept 135: 27 patches (4.02%)
  concept 0: 24 patches (3.57%)
  concept 65: 21 patches (3.12%)
  concept 78: 20 patches (2.98%)
  normalized usage entropy: 0.7795
DEBUG visual concept usage [stage4] top 10:
  concept 105: 17 patches (10.12%)
  concept 133: 16 patches (9.52%)
  concept 55: 10 patches (5.95%)
  concept 351: 9 patches (5.36%)
  concept 378: 8 patches (4.76%)
  concept 154: 7 patches (4.17%)
  concept 203: 6 patches (3.57%)
  concept 346: 5 patches (2.98%)
  concept 452: 5 patches (2.98%)
  concept 465: 5 patches (2.98%)
  normalized usage entropy: 0.7518
DEBUG pred min/max/mean/std: -3.9375 49.0 -3.3125 2.84375
DEBUG target min/max/mean/std: 0.0 1.0 0.019915791228413582 0.09819940477609634
DEBUG fixation pixels per sample: [3.0, 3.0]
DEBUG fix_batch min/max/mean/std: 0.0 1.0 1.148334104073001e-05 0.003388691693544388
DEBUG losses: {'loss_total': -0.2145751416683197, 'loss_fid': 32.98169708251953, 'loss_patch_fid': 3.497537851333618, 'loss_dense_fid': 3.902622938156128, 'loss_dense_bce': -0.0, 'loss_dense_kl': 25.58153533935547, 'loss_topk': -0.0, 'loss_delta': -0.0, 'loss_cc': 0.33809614181518555, 'loss_nss': -6.165472984313965, 'loss_sim': 0.46869587898254395, 'loss_concept_dense': 0.0, 'loss_concept_kl': 0.0, 'loss_align': 0.0, 'loss_sparse': 0.0, 'loss_div': 0.0, 'loss_gate': 0.0, 'loss_visual_entropy': 0.54537034034729, 'loss_visual_equiv': 0.0, 'loss_visual_usage': 0.19664128124713898, 'loss_temporal_attention_entropy': 0.0, 'loss_total_concept': 0.040208786725997925, 'loss_decoder_side_aux': -0.13623490929603577, 'loss_priority_map': 0.9064155220985413, 'loss_priority_map_weighted': 0.090641550719738, 'priority_map_loss': 0.9064155220985413, 'weighted_priority_map_loss': 0.090641550719738, 'loss_priority_map_stage3': 0.9095419645309448, 'loss_priority_map_stage4': 0.9032890796661377, 'loss_side_stage4': -0.318525493144989, 'loss_side_stage3': -0.2768014073371887, 'loss_side_stage2': -0.24960589408874512, 'loss_side_stage1': -0.27593809366226196}
Epoch 21/200
  Mean train loss: -0.141371
  Validation:    skipped (runs every 5 epochs)
  Current LR:      4.87e-05
  Saved checkpoint: training_outputs/ckpts/20260915_204758/epoch_021.pth

Epoch 22/200
pred_saliency: shape=(2, 1, 224, 384) min=-3.9375 max=39.5000 mean=-3.2612 std=2.8530
sal_batch: shape=(2, 1, 272, 640) min=0.0000 max=1.0000 mean=0.0310 std=0.1132
DEBUG features_shape: {'stage1': (2, 96, 16, 56, 96), 'stage2': (2, 192, 16, 28, 48), 'stage3': (2, 384, 16, 14, 24), 'stage4': (2, 768, 16, 7, 12)}
DEBUG gate: no gate_debug available. This usually means return_concept_losses=False or lambda_gate=0.
DEBUG decoder visual FiLM [stage1] | film_gamma=unavailable (pass return_decoder_diagnostics=True)
DEBUG decoder visual FiLM [stage2] | film_gamma=unavailable (pass return_decoder_diagnostics=True)
DEBUG decoder visual FiLM [stage3] | film_gamma mean/std/min/max=0.0625/0.8742/0.0000/31.9035 | patch_priority_alpha=0.1005
DEBUG decoder visual FiLM [stage4] | film_gamma mean/std/min/max=0.0625/0.9580/0.0000/29.4392 | patch_priority_alpha=0.0995
DEBUG factorized comparison [stage3] | query_norm_mean=0.3230 | key_norm_mean=0.3368 | context_mean=0.0000 | context_std=0.0189 | context_min=-0.0422 | context_max=0.0545 | total_candidate_weight=336.0000 | spatial_strength=0.0997 | spatial_freq_entropy=2.7725 | spatial_freq_weight_mean=0.6949 | rank=32
DEBUG factorized comparison [stage4] | query_norm_mean=0.2989 | key_norm_mean=0.2289 | context_mean=0.0000 | context_std=0.0122 | context_min=-0.0248 | context_max=0.0403 | total_candidate_weight=84.0000 | spatial_strength=0.1000 | spatial_freq_entropy=2.7723 | spatial_freq_weight_mean=0.6990 | rank=32
patch-priority map [stage3] | mean=0.062500 | std=0.874156 | min=0.000000 | max=31.903475 | alpha=0.100463
patch-priority map [stage4] | mean=0.062500 | std=0.957960 | min=0.000000 | max=29.439217 | alpha=0.099489
DEBUG visual concept usage [stage1] top 10:
  concept 45: 154 patches (1.43%)
  concept 22: 124 patches (1.15%)
  concept 154: 122 patches (1.13%)
  concept 6: 121 patches (1.13%)
  concept 80: 114 patches (1.06%)
  concept 176: 108 patches (1.00%)
  concept 232: 107 patches (1.00%)
  concept 74: 96 patches (0.89%)
  concept 28: 95 patches (0.88%)
  concept 78: 94 patches (0.87%)
  normalized usage entropy: 0.8539
DEBUG visual concept usage [stage2] top 10:
  concept 327: 519 patches (19.31%)
  concept 289: 517 patches (19.23%)
  concept 276: 381 patches (14.17%)
  concept 394: 377 patches (14.03%)
  concept 414: 247 patches (9.19%)
  concept 84: 236 patches (8.78%)
  concept 363: 232 patches (8.63%)
  concept 259: 109 patches (4.06%)
  concept 46: 59 patches (2.19%)
  concept 484: 4 patches (0.15%)
  normalized usage entropy: 0.8021
DEBUG visual concept usage [stage3] top 10:
  concept 204: 128 patches (19.05%)
  concept 90: 98 patches (14.58%)
  concept 462: 72 patches (10.71%)
  concept 35: 64 patches (9.52%)
  concept 383: 44 patches (6.55%)
  concept 135: 30 patches (4.46%)
  concept 505: 27 patches (4.02%)
  concept 57: 21 patches (3.12%)
  concept 78: 20 patches (2.98%)
  concept 65: 19 patches (2.83%)
  normalized usage entropy: 0.7708
DEBUG visual concept usage [stage4] top 10:
  concept 133: 19 patches (11.31%)
  concept 55: 16 patches (9.52%)
  concept 39: 15 patches (8.93%)
  concept 245: 11 patches (6.55%)
  concept 346: 11 patches (6.55%)
  concept 105: 10 patches (5.95%)
  concept 351: 10 patches (5.95%)
  concept 392: 10 patches (5.95%)
  concept 148: 8 patches (4.76%)
  concept 130: 6 patches (3.57%)
  normalized usage entropy: 0.7290
DEBUG pred min/max/mean/std: -3.9375 39.5 -3.265625 2.859375
DEBUG target min/max/mean/std: 0.0 1.0 0.03097636066377163 0.11323606222867966
DEBUG fixation pixels per sample: [5.0, 4.0]
DEBUG fix_batch min/max/mean/std: 0.0 1.0 2.585018410172779e-05 0.0050842491909861565
DEBUG losses: {'loss_total': -0.22070525586605072, 'loss_fid': 30.034255981445312, 'loss_patch_fid': 3.581618547439575, 'loss_dense_fid': 3.9140396118164062, 'loss_dense_bce': -0.0, 'loss_dense_kl': 22.538597106933594, 'loss_topk': -0.0, 'loss_delta': -0.0, 'loss_cc': 0.1864337921142578, 'loss_nss': -4.58964729309082, 'loss_sim': 0.3856085538864136, 'loss_concept_dense': 0.0, 'loss_concept_kl': 0.0, 'loss_align': 0.0, 'loss_sparse': 0.0, 'loss_div': 0.0, 'loss_gate': 0.0, 'loss_visual_entropy': 0.5424648523330688, 'loss_visual_equiv': 0.0, 'loss_visual_usage': 0.21106858551502228, 'loss_temporal_attention_entropy': 0.0, 'loss_total_concept': 0.04151257872581482, 'loss_decoder_side_aux': -0.13720467686653137, 'loss_priority_map': 0.8513776659965515, 'loss_priority_map_weighted': 0.08513776957988739, 'priority_map_loss': 0.8513776659965515, 'weighted_priority_map_loss': 0.08513776957988739, 'loss_priority_map_stage3': 0.8593442440032959, 'loss_priority_map_stage4': 0.8434110879898071, 'loss_side_stage4': -0.28654441237449646, 'loss_side_stage3': -0.28037887811660767, 'loss_side_stage2': -0.268438458442688, 'loss_side_stage1': -0.27286896109580994}
Epoch 22/200
  Mean train loss: -0.114477
  Validation:    skipped (runs every 5 epochs)
  Current LR:      4.85e-05
  Saved checkpoint: training_outputs/ckpts/20260915_204758/epoch_022.pth

Epoch 23/200
pred_saliency: shape=(2, 1, 224, 384) min=-3.9375 max=45.5000 mean=-3.1884 std=2.8393
sal_batch: shape=(2, 1, 384, 656) min=0.0000 max=1.0000 mean=0.0177 std=0.0914
DEBUG features_shape: {'stage1': (2, 96, 16, 56, 96), 'stage2': (2, 192, 16, 28, 48), 'stage3': (2, 384, 16, 14, 24), 'stage4': (2, 768, 16, 7, 12)}
DEBUG gate: no gate_debug available. This usually means return_concept_losses=False or lambda_gate=0.
DEBUG decoder visual FiLM [stage1] | film_gamma=unavailable (pass return_decoder_diagnostics=True)
DEBUG decoder visual FiLM [stage2] | film_gamma=unavailable (pass return_decoder_diagnostics=True)
DEBUG decoder visual FiLM [stage3] | film_gamma mean/std/min/max=0.0625/0.9181/0.0000/62.3530 | patch_priority_alpha=0.1005
DEBUG decoder visual FiLM [stage4] | film_gamma mean/std/min/max=0.0625/0.7553/0.0000/19.5600 | patch_priority_alpha=0.0995
DEBUG factorized comparison [stage3] | query_norm_mean=0.3278 | key_norm_mean=0.3605 | context_mean=0.0000 | context_std=0.0201 | context_min=-0.0507 | context_max=0.0496 | total_candidate_weight=336.0000 | spatial_strength=0.0997 | spatial_freq_entropy=2.7725 | spatial_freq_weight_mean=0.6950 | rank=32
DEBUG factorized comparison [stage4] | query_norm_mean=0.3633 | key_norm_mean=0.2313 | context_mean=-0.0000 | context_std=0.0148 | context_min=-0.0329 | context_max=0.0354 | total_candidate_weight=84.0000 | spatial_strength=0.1000 | spatial_freq_entropy=2.7723 | spatial_freq_weight_mean=0.6990 | rank=32
patch-priority map [stage3] | mean=0.062500 | std=0.918069 | min=0.000000 | max=62.353046 | alpha=0.100475
patch-priority map [stage4] | mean=0.062500 | std=0.755313 | min=0.000000 | max=19.560041 | alpha=0.099502
DEBUG visual concept usage [stage1] top 10:
  concept 37: 130 patches (1.21%)
  concept 84: 127 patches (1.18%)
  concept 397: 93 patches (0.86%)
  concept 58: 91 patches (0.85%)
  concept 117: 91 patches (0.85%)
  concept 83: 90 patches (0.84%)
  concept 30: 89 patches (0.83%)
  concept 240: 86 patches (0.80%)
  concept 144: 84 patches (0.78%)
  concept 189: 84 patches (0.78%)
  normalized usage entropy: 0.8595
DEBUG visual concept usage [stage2] top 10:
  concept 289: 608 patches (22.62%)
  concept 259: 482 patches (17.93%)
  concept 327: 476 patches (17.71%)
  concept 276: 295 patches (10.97%)
  concept 394: 215 patches (8.00%)
  concept 46: 172 patches (6.40%)
  concept 363: 147 patches (5.47%)
  concept 414: 125 patches (4.65%)
  concept 84: 121 patches (4.50%)
  concept 484: 39 patches (1.45%)
  normalized usage entropy: 0.8244
DEBUG visual concept usage [stage3] top 10:
  concept 462: 157 patches (23.36%)
  concept 383: 105 patches (15.62%)
  concept 204: 104 patches (15.48%)
  concept 35: 42 patches (6.25%)
  concept 505: 41 patches (6.10%)
  concept 90: 35 patches (5.21%)
  concept 0: 16 patches (2.38%)
  concept 51: 14 patches (2.08%)
  concept 70: 14 patches (2.08%)
  concept 297: 13 patches (1.93%)
  normalized usage entropy: 0.7837
DEBUG visual concept usage [stage4] top 10:
  concept 133: 42 patches (25.00%)
  concept 105: 17 patches (10.12%)
  concept 351: 14 patches (8.33%)
  concept 55: 13 patches (7.74%)
  concept 130: 9 patches (5.36%)
  concept 208: 9 patches (5.36%)
  concept 27: 6 patches (3.57%)
  concept 38: 3 patches (1.79%)
  concept 177: 3 patches (1.79%)
  concept 262: 3 patches (1.79%)
  normalized usage entropy: 0.7588
DEBUG pred min/max/mean/std: -3.9375 45.5 -3.1875 2.84375
DEBUG target min/max/mean/std: 0.0 1.0 0.017696509137749672 0.09137469530105591
DEBUG fixation pixels per sample: [5.0, 5.0]
DEBUG fix_batch min/max/mean/std: 0.0 1.0 1.984883056138642e-05 0.0044551631435751915
DEBUG losses: {'loss_total': 0.577842652797699, 'loss_fid': 31.394865036010742, 'loss_patch_fid': 3.755629062652588, 'loss_dense_fid': 3.852637529373169, 'loss_dense_bce': -0.0, 'loss_dense_kl': 23.786598205566406, 'loss_topk': -0.0, 'loss_delta': -0.0, 'loss_cc': 0.507767915725708, 'loss_nss': -3.105236530303955, 'loss_sim': 0.6215728521347046, 'loss_concept_dense': 0.0, 'loss_concept_kl': 0.0, 'loss_align': 0.0, 'loss_sparse': 0.0, 'loss_div': 0.0, 'loss_gate': 0.0, 'loss_visual_entropy': 0.5613523125648499, 'loss_visual_equiv': 0.0, 'loss_visual_usage': 0.1934279054403305, 'loss_temporal_attention_entropy': 0.0, 'loss_total_concept': 0.04128330573439598, 'loss_decoder_side_aux': 0.11025145649909973, 'loss_priority_map': 1.4475681781768799, 'loss_priority_map_weighted': 0.14475682377815247, 'priority_map_loss': 1.4475681781768799, 'weighted_priority_map_loss': 0.14475682377815247, 'loss_priority_map_stage3': 1.5607640743255615, 'loss_priority_map_stage4': 1.3343724012374878, 'loss_side_stage4': 0.27074000239372253, 'loss_side_stage3': 0.2585407793521881, 'loss_side_stage2': 0.2022375464439392, 'loss_side_stage1': 0.20262369513511658}
Epoch 23/200
  Mean train loss: -0.139425
  Validation:    skipped (runs every 5 epochs)
  Current LR:      4.84e-05
  Saved checkpoint: training_outputs/ckpts/20260915_204758/epoch_023.pth

Epoch 24/200
pred_saliency: shape=(2, 1, 224, 384) min=-3.9375 max=29.3750 mean=-3.1119 std=2.7348
sal_batch: shape=(2, 1, 384, 640) min=0.0000 max=1.0000 mean=0.0188 std=0.0988
DEBUG features_shape: {'stage1': (2, 96, 16, 56, 96), 'stage2': (2, 192, 16, 28, 48), 'stage3': (2, 384, 16, 14, 24), 'stage4': (2, 768, 16, 7, 12)}
DEBUG gate: no gate_debug available. This usually means return_concept_losses=False or lambda_gate=0.
DEBUG decoder visual FiLM [stage1] | film_gamma=unavailable (pass return_decoder_diagnostics=True)
DEBUG decoder visual FiLM [stage2] | film_gamma=unavailable (pass return_decoder_diagnostics=True)
DEBUG decoder visual FiLM [stage3] | film_gamma mean/std/min/max=0.0625/0.6923/0.0000/25.2128 | patch_priority_alpha=0.1005
DEBUG decoder visual FiLM [stage4] | film_gamma mean/std/min/max=0.0625/0.7103/0.0000/17.1223 | patch_priority_alpha=0.0995
DEBUG factorized comparison [stage3] | query_norm_mean=0.2915 | key_norm_mean=0.3428 | context_mean=0.0000 | context_std=0.0170 | context_min=-0.0401 | context_max=0.0457 | total_candidate_weight=336.0000 | spatial_strength=0.0997 | spatial_freq_entropy=2.7725 | spatial_freq_weight_mean=0.6951 | rank=32
DEBUG factorized comparison [stage4] | query_norm_mean=0.2989 | key_norm_mean=0.2051 | context_mean=-0.0000 | context_std=0.0112 | context_min=-0.0229 | context_max=0.0296 | total_candidate_weight=84.0000 | spatial_strength=0.1000 | spatial_freq_entropy=2.7723 | spatial_freq_weight_mean=0.6990 | rank=32
patch-priority map [stage3] | mean=0.062500 | std=0.692280 | min=0.000000 | max=25.212820 | alpha=0.100454
patch-priority map [stage4] | mean=0.062500 | std=0.710286 | min=0.000000 | max=17.122261 | alpha=0.099469
DEBUG visual concept usage [stage1] top 10:
  concept 147: 112 patches (1.04%)
  concept 183: 112 patches (1.04%)
  concept 203: 110 patches (1.02%)
  concept 68: 99 patches (0.92%)
  concept 114: 94 patches (0.87%)
  concept 140: 94 patches (0.87%)
  concept 44: 90 patches (0.84%)
  concept 116: 90 patches (0.84%)
  concept 64: 89 patches (0.83%)
  concept 173: 89 patches (0.83%)
  normalized usage entropy: 0.8570
DEBUG visual concept usage [stage2] top 10:
  concept 289: 754 patches (28.05%)
  concept 259: 520 patches (19.35%)
  concept 46: 455 patches (16.93%)
  concept 327: 280 patches (10.42%)
  concept 394: 159 patches (5.92%)
  concept 276: 143 patches (5.32%)
  concept 414: 123 patches (4.58%)
  concept 84: 96 patches (3.57%)
  concept 363: 96 patches (3.57%)
  concept 484: 34 patches (1.26%)
  normalized usage entropy: 0.8169
DEBUG visual concept usage [stage3] top 10:
  concept 462: 84 patches (12.50%)
  concept 204: 76 patches (11.31%)
  concept 383: 76 patches (11.31%)
  concept 90: 50 patches (7.44%)
  concept 65: 47 patches (6.99%)
  concept 35: 46 patches (6.85%)
  concept 57: 43 patches (6.40%)
  concept 505: 33 patches (4.91%)
  concept 78: 29 patches (4.32%)
  concept 0: 15 patches (2.23%)
  normalized usage entropy: 0.7795
DEBUG visual concept usage [stage4] top 10:
  concept 105: 19 patches (11.31%)
  concept 133: 14 patches (8.33%)
  concept 154: 9 patches (5.36%)
  concept 39: 7 patches (4.17%)
  concept 52: 7 patches (4.17%)
  concept 346: 7 patches (4.17%)
  concept 27: 6 patches (3.57%)
  concept 130: 6 patches (3.57%)
  concept 299: 6 patches (3.57%)
  concept 53: 5 patches (2.98%)
  normalized usage entropy: 0.7535
DEBUG pred min/max/mean/std: -3.9375 29.375 -3.109375 2.734375
DEBUG target min/max/mean/std: 0.0 1.0 0.018817028030753136 0.09875128418207169
DEBUG fixation pixels per sample: [1.0, 5.0]
DEBUG fix_batch min/max/mean/std: 0.0 1.0 1.2207032341393642e-05 0.0034938384778797626
DEBUG losses: {'loss_total': 1.3430492877960205, 'loss_fid': 26.634069442749023, 'loss_patch_fid': 3.6444907188415527, 'loss_dense_fid': 3.8507847785949707, 'loss_dense_bce': -0.0, 'loss_dense_kl': 19.1387939453125, 'loss_topk': -0.0, 'loss_delta': -0.0, 'loss_cc': 0.7911144495010376, 'loss_nss': -1.3788719177246094, 'loss_sim': 0.792797327041626, 'loss_concept_dense': 0.0, 'loss_concept_kl': 0.0, 'loss_align': 0.0, 'loss_sparse': 0.0, 'loss_div': 0.0, 'loss_gate': 0.0, 'loss_visual_entropy': 0.5443969368934631, 'loss_visual_equiv': 0.0, 'loss_visual_usage': 0.19827663898468018, 'loss_temporal_attention_entropy': 0.0, 'loss_total_concept': 0.04078918695449829, 'loss_decoder_side_aux': 0.33530279994010925, 'loss_priority_map': 2.1190075874328613, 'loss_priority_map_weighted': 0.2119007557630539, 'priority_map_loss': 2.1190075874328613, 'weighted_priority_map_loss': 0.2119007557630539, 'loss_priority_map_stage3': 2.0229010581970215, 'loss_priority_map_stage4': 2.215114116668701, 'loss_side_stage4': 0.7788893580436707, 'loss_side_stage3': 0.7264724373817444, 'loss_side_stage2': 0.6352497935295105, 'loss_side_stage1': 0.6421180963516235}
Epoch 24/200
  Mean train loss: -0.154197
  Validation:    skipped (runs every 5 epochs)
  Current LR:      4.82e-05
  Saved checkpoint: training_outputs/ckpts/20260915_204758/epoch_024.pth

Epoch 25/200
pred_saliency: shape=(2, 1, 224, 384) min=-3.9375 max=30.7500 mean=-3.2892 std=2.7905
sal_batch: shape=(2, 1, 384, 656) min=0.0000 max=1.0000 mean=0.0140 std=0.0832
DEBUG features_shape: {'stage1': (2, 96, 16, 56, 96), 'stage2': (2, 192, 16, 28, 48), 'stage3': (2, 384, 16, 14, 24), 'stage4': (2, 768, 16, 7, 12)}
DEBUG gate: no gate_debug available. This usually means return_concept_losses=False or lambda_gate=0.
DEBUG decoder visual FiLM [stage1] | film_gamma=unavailable (pass return_decoder_diagnostics=True)
DEBUG decoder visual FiLM [stage2] | film_gamma=unavailable (pass return_decoder_diagnostics=True)
DEBUG decoder visual FiLM [stage3] | film_gamma mean/std/min/max=0.0625/0.8689/0.0000/32.6258 | patch_priority_alpha=0.1004
DEBUG decoder visual FiLM [stage4] | film_gamma mean/std/min/max=0.0625/0.8733/0.0000/22.8406 | patch_priority_alpha=0.0994
DEBUG factorized comparison [stage3] | query_norm_mean=0.2964 | key_norm_mean=0.3339 | context_mean=0.0000 | context_std=0.0171 | context_min=-0.0382 | context_max=0.0493 | total_candidate_weight=336.0000 | spatial_strength=0.0997 | spatial_freq_entropy=2.7725 | spatial_freq_weight_mean=0.6950 | rank=32
DEBUG factorized comparison [stage4] | query_norm_mean=0.3052 | key_norm_mean=0.2234 | context_mean=-0.0000 | context_std=0.0132 | context_min=-0.0265 | context_max=0.0373 | total_candidate_weight=84.0000 | spatial_strength=0.1000 | spatial_freq_entropy=2.7723 | spatial_freq_weight_mean=0.6991 | rank=32
patch-priority map [stage3] | mean=0.062500 | std=0.868856 | min=0.000000 | max=32.625820 | alpha=0.100408
patch-priority map [stage4] | mean=0.062500 | std=0.873271 | min=0.000000 | max=22.840597 | alpha=0.099430
DEBUG visual concept usage [stage1] top 10:
  concept 37: 198 patches (1.84%)
  concept 118: 197 patches (1.83%)
  concept 144: 197 patches (1.83%)
  concept 30: 194 patches (1.80%)
  concept 105: 179 patches (1.66%)
  concept 83: 167 patches (1.55%)
  concept 433: 138 patches (1.28%)
  concept 117: 137 patches (1.27%)
  concept 308: 137 patches (1.27%)
  concept 58: 135 patches (1.26%)
  normalized usage entropy: 0.8343
DEBUG visual concept usage [stage2] top 10:
  concept 259: 918 patches (34.15%)
  concept 5: 618 patches (22.99%)
  concept 394: 415 patches (15.44%)
  concept 289: 165 patches (6.14%)
  concept 276: 129 patches (4.80%)
  concept 327: 122 patches (4.54%)
  concept 414: 109 patches (4.06%)
  concept 84: 66 patches (2.46%)
  concept 363: 61 patches (2.27%)
  concept 46: 47 patches (1.75%)
  normalized usage entropy: 0.7828
DEBUG visual concept usage [stage3] top 10:
  concept 462: 88 patches (13.10%)
  concept 204: 70 patches (10.42%)
  concept 383: 65 patches (9.67%)
  concept 35: 54 patches (8.04%)
  concept 57: 47 patches (6.99%)
  concept 65: 44 patches (6.55%)
  concept 505: 35 patches (5.21%)
  concept 90: 31 patches (4.61%)
  concept 78: 26 patches (3.87%)
  concept 458: 24 patches (3.57%)
  normalized usage entropy: 0.7774
DEBUG visual concept usage [stage4] top 10:
  concept 105: 21 patches (12.50%)
  concept 133: 12 patches (7.14%)
  concept 130: 10 patches (5.95%)
  concept 502: 7 patches (4.17%)
  concept 37: 6 patches (3.57%)
  concept 187: 6 patches (3.57%)
  concept 235: 6 patches (3.57%)
  concept 378: 6 patches (3.57%)
  concept 435: 6 patches (3.57%)
  concept 39: 5 patches (2.98%)
  normalized usage entropy: 0.7382
DEBUG pred min/max/mean/std: -3.9375 30.75 -3.296875 2.796875
DEBUG target min/max/mean/std: 0.0 1.0 0.014023346826434135 0.08316202461719513
DEBUG fixation pixels per sample: [3.0, 5.0]
DEBUG fix_batch min/max/mean/std: 0.0 1.0 1.5879064449109137e-05 0.0039848266169428825
DEBUG losses: {'loss_total': -0.4161555767059326, 'loss_fid': 19.95050621032715, 'loss_patch_fid': 3.529371738433838, 'loss_dense_fid': 3.9423632621765137, 'loss_dense_bce': -0.0, 'loss_dense_kl': 12.478771209716797, 'loss_topk': -0.0, 'loss_delta': -0.0, 'loss_cc': 0.19516444206237793, 'loss_nss': -5.796268463134766, 'loss_sim': 0.39998728036880493, 'loss_concept_dense': 0.0, 'loss_concept_kl': 0.0, 'loss_align': 0.0, 'loss_sparse': 0.0, 'loss_div': 0.0, 'loss_gate': 0.0, 'loss_visual_entropy': 0.538062572479248, 'loss_visual_equiv': 0.0, 'loss_visual_usage': 0.21683195233345032, 'loss_temporal_attention_entropy': 0.0, 'loss_total_concept': 0.038778044283390045, 'loss_decoder_side_aux': -0.19881293177604675, 'loss_priority_map': 0.6396950483322144, 'loss_priority_map_weighted': 0.06396950781345367, 'priority_map_loss': 0.6396950483322144, 'weighted_priority_map_loss': 0.06396950781345367, 'loss_priority_map_stage3': 0.7346967458724976, 'loss_priority_map_stage4': 0.5446933507919312, 'loss_side_stage4': -0.35869884490966797, 'loss_side_stage3': -0.4074218273162842, 'loss_side_stage2': -0.42461538314819336, 'loss_side_stage1': -0.3822174668312073}
DEBUG decoder visual FiLM [stage1] | film_gamma=unavailable (pass return_decoder_diagnostics=True)
DEBUG decoder visual FiLM [stage2] | film_gamma=unavailable (pass return_decoder_diagnostics=True)
DEBUG decoder visual FiLM [stage3] | film_gamma mean/std/min/max=0.0625/0.8953/0.0000/47.8249 | patch_priority_alpha=0.1004
DEBUG decoder visual FiLM [stage4] | film_gamma mean/std/min/max=0.0625/0.9269/0.0000/38.7872 | patch_priority_alpha=0.0994
DEBUG factorized comparison [stage3] | query_norm_mean=0.2984 | key_norm_mean=0.3425 | context_mean=0.0000 | context_std=0.0176 | context_min=-0.0420 | context_max=0.0507 | total_candidate_weight=336.0000 | spatial_strength=0.0997 | spatial_freq_entropy=2.7725 | spatial_freq_weight_mean=0.6951 | rank=32
DEBUG factorized comparison [stage4] | query_norm_mean=0.3099 | key_norm_mean=0.1996 | context_mean=-0.0000 | context_std=0.0114 | context_min=-0.0248 | context_max=0.0326 | total_candidate_weight=84.0000 | spatial_strength=0.1001 | spatial_freq_entropy=2.7723 | spatial_freq_weight_mean=0.6991 | rank=32
patch-priority map [stage3] | mean=0.062500 | std=0.895276 | min=0.000000 | max=47.824932 | alpha=0.100448
patch-priority map [stage4] | mean=0.062500 | std=0.926902 | min=0.000000 | max=38.787235 | alpha=0.099427
Epoch 25/200
  Mean train loss: -0.176710
  Mean val loss:   0.165273
  Current LR:      4.81e-05
Val metrics   | CC: 0.6483 | SIM: 0.5117
  Saved checkpoint: training_outputs/ckpts/20260915_204758/epoch_025.pth
  New best val loss: 0.165273 (saved training_outputs/ckpts/20260915_204758/best_checkpoint.pth)

Epoch 26/200
pred_saliency: shape=(2, 1, 224, 384) min=-3.9375 max=40.7500 mean=-3.2588 std=2.8497
sal_batch: shape=(2, 1, 288, 640) min=0.0000 max=1.0000 mean=0.0285 std=0.1058
DEBUG features_shape: {'stage1': (2, 96, 16, 56, 96), 'stage2': (2, 192, 16, 28, 48), 'stage3': (2, 384, 16, 14, 24), 'stage4': (2, 768, 16, 7, 12)}
DEBUG gate: no gate_debug available. This usually means return_concept_losses=False or lambda_gate=0.
DEBUG decoder visual FiLM [stage1] | film_gamma=unavailable (pass return_decoder_diagnostics=True)
DEBUG decoder visual FiLM [stage2] | film_gamma=unavailable (pass return_decoder_diagnostics=True)
DEBUG decoder visual FiLM [stage3] | film_gamma mean/std/min/max=0.0625/0.8879/0.0000/33.5639 | patch_priority_alpha=0.1004
DEBUG decoder visual FiLM [stage4] | film_gamma mean/std/min/max=0.0625/0.8792/0.0000/27.8997 | patch_priority_alpha=0.0994
DEBUG factorized comparison [stage3] | query_norm_mean=0.3005 | key_norm_mean=0.3407 | context_mean=0.0000 | context_std=0.0176 | context_min=-0.0422 | context_max=0.0504 | total_candidate_weight=336.0000 | spatial_strength=0.0997 | spatial_freq_entropy=2.7725 | spatial_freq_weight_mean=0.6951 | rank=32
DEBUG factorized comparison [stage4] | query_norm_mean=0.3292 | key_norm_mean=0.1971 | context_mean=-0.0000 | context_std=0.0120 | context_min=-0.0294 | context_max=0.0307 | total_candidate_weight=84.0000 | spatial_strength=0.1001 | spatial_freq_entropy=2.7723 | spatial_freq_weight_mean=0.6991 | rank=32
patch-priority map [stage3] | mean=0.062500 | std=0.887868 | min=0.000000 | max=33.563904 | alpha=0.100448
patch-priority map [stage4] | mean=0.062500 | std=0.879157 | min=0.000000 | max=27.899704 | alpha=0.099427
DEBUG visual concept usage [stage1] top 10:
  concept 173: 101 patches (0.94%)
  concept 135: 97 patches (0.90%)
  concept 147: 96 patches (0.89%)
  concept 116: 94 patches (0.87%)
  concept 191: 91 patches (0.85%)
  concept 140: 87 patches (0.81%)
  concept 165: 86 patches (0.80%)
  concept 114: 82 patches (0.76%)
  concept 44: 79 patches (0.73%)
  concept 65: 78 patches (0.73%)
  normalized usage entropy: 0.8598
DEBUG visual concept usage [stage2] top 10:
  concept 289: 476 patches (17.71%)
  concept 259: 428 patches (15.92%)
  concept 327: 334 patches (12.43%)
  concept 46: 315 patches (11.72%)
  concept 394: 248 patches (9.23%)
  concept 276: 230 patches (8.56%)
  concept 414: 153 patches (5.69%)
  concept 363: 142 patches (5.28%)
  concept 84: 130 patches (4.84%)
  concept 5: 127 patches (4.72%)
  normalized usage entropy: 0.8288
DEBUG visual concept usage [stage3] top 10:
  concept 462: 156 patches (23.21%)
  concept 204: 107 patches (15.92%)
  concept 383: 69 patches (10.27%)
  concept 90: 55 patches (8.18%)
  concept 57: 39 patches (5.80%)
  concept 505: 33 patches (4.91%)
  concept 78: 28 patches (4.17%)
  concept 35: 27 patches (4.02%)
  concept 0: 25 patches (3.72%)
  concept 65: 17 patches (2.53%)
  normalized usage entropy: 0.7833
DEBUG visual concept usage [stage4] top 10:
  concept 133: 25 patches (14.88%)
  concept 351: 20 patches (11.90%)
  concept 105: 18 patches (10.71%)
  concept 27: 8 patches (4.76%)
  concept 55: 8 patches (4.76%)
  concept 130: 8 patches (4.76%)
  concept 245: 8 patches (4.76%)
  concept 451: 5 patches (2.98%)
  concept 148: 4 patches (2.38%)
  concept 203: 4 patches (2.38%)
  normalized usage entropy: 0.7583
DEBUG pred min/max/mean/std: -3.9375 40.75 -3.265625 2.84375
DEBUG target min/max/mean/std: 0.0 1.0 0.028476424515247345 0.1057576909661293
DEBUG fixation pixels per sample: [4.0, 5.0]
DEBUG fix_batch min/max/mean/std: 0.0 1.0 2.441406286379788e-05 0.004941004794090986
DEBUG losses: {'loss_total': -0.4093925952911377, 'loss_fid': 32.10300064086914, 'loss_patch_fid': 3.467935562133789, 'loss_dense_fid': 3.8874311447143555, 'loss_dense_bce': -0.0, 'loss_dense_kl': 24.74763298034668, 'loss_topk': -0.0, 'loss_delta': -0.0, 'loss_cc': 0.14464151859283447, 'loss_nss': -5.509308338165283, 'loss_sim': 0.3467101454734802, 'loss_concept_dense': 0.0, 'loss_concept_kl': 0.0, 'loss_align': 0.0, 'loss_sparse': 0.0, 'loss_div': 0.0, 'loss_gate': 0.0, 'loss_visual_entropy': 0.5538617372512817, 'loss_visual_equiv': 0.0, 'loss_visual_usage': 0.1924467831850052, 'loss_temporal_attention_entropy': 0.0, 'loss_total_concept': 0.04213615506887436, 'loss_decoder_side_aux': -0.2006184458732605, 'loss_priority_map': 0.9869402647018433, 'loss_priority_map_weighted': 0.09869402647018433, 'priority_map_loss': 0.9869402647018433, 'weighted_priority_map_loss': 0.09869402647018433, 'loss_priority_map_stage3': 0.9356090426445007, 'loss_priority_map_stage4': 1.038271427154541, 'loss_side_stage4': -0.39342349767684937, 'loss_side_stage3': -0.392536461353302, 'loss_side_stage2': -0.40106201171875, 'loss_side_stage1': -0.40767163038253784}
Epoch 26/200
  Mean train loss: -0.170537
  Validation:    skipped (runs every 5 epochs)
  Current LR:      4.79e-05
  Saved checkpoint: training_outputs/ckpts/20260915_204758/epoch_026.pth

Epoch 27/200
pred_saliency: shape=(2, 1, 224, 384) min=-3.9375 max=32.5000 mean=-3.1137 std=2.8425
sal_batch: shape=(2, 1, 352, 608) min=0.0000 max=1.0000 mean=0.0235 std=0.1017
DEBUG features_shape: {'stage1': (2, 96, 16, 56, 96), 'stage2': (2, 192, 16, 28, 48), 'stage3': (2, 384, 16, 14, 24), 'stage4': (2, 768, 16, 7, 12)}
DEBUG gate: no gate_debug available. This usually means return_concept_losses=False or lambda_gate=0.
DEBUG decoder visual FiLM [stage1] | film_gamma=unavailable (pass return_decoder_diagnostics=True)
DEBUG decoder visual FiLM [stage2] | film_gamma=unavailable (pass return_decoder_diagnostics=True)
DEBUG decoder visual FiLM [stage3] | film_gamma mean/std/min/max=0.0625/0.7446/0.0000/22.2221 | patch_priority_alpha=0.1004
DEBUG decoder visual FiLM [stage4] | film_gamma mean/std/min/max=0.0625/0.7335/0.0000/17.6832 | patch_priority_alpha=0.0994
DEBUG factorized comparison [stage3] | query_norm_mean=0.3050 | key_norm_mean=0.3548 | context_mean=0.0000 | context_std=0.0187 | context_min=-0.0416 | context_max=0.0466 | total_candidate_weight=336.0000 | spatial_strength=0.0997 | spatial_freq_entropy=2.7725 | spatial_freq_weight_mean=0.6951 | rank=32
DEBUG factorized comparison [stage4] | query_norm_mean=0.3056 | key_norm_mean=0.2000 | context_mean=-0.0000 | context_std=0.0121 | context_min=-0.0225 | context_max=0.0328 | total_candidate_weight=84.0000 | spatial_strength=0.1001 | spatial_freq_entropy=2.7723 | spatial_freq_weight_mean=0.6991 | rank=32
patch-priority map [stage3] | mean=0.062500 | std=0.744578 | min=0.000000 | max=22.222149 | alpha=0.100447
patch-priority map [stage4] | mean=0.062500 | std=0.733513 | min=0.000000 | max=17.683191 | alpha=0.099400
DEBUG visual concept usage [stage1] top 10:
  concept 344: 143 patches (1.33%)
  concept 87: 124 patches (1.15%)
  concept 413: 117 patches (1.09%)
  concept 56: 111 patches (1.03%)
  concept 367: 99 patches (0.92%)
  concept 265: 98 patches (0.91%)
  concept 426: 96 patches (0.89%)
  concept 267: 94 patches (0.87%)
  concept 449: 94 patches (0.87%)
  concept 337: 91 patches (0.85%)
  normalized usage entropy: 0.8542
DEBUG visual concept usage [stage2] top 10:
  concept 5: 537 patches (19.98%)
  concept 394: 370 patches (13.76%)
  concept 289: 292 patches (10.86%)
  concept 327: 278 patches (10.34%)
  concept 259: 261 patches (9.71%)
  concept 414: 235 patches (8.74%)
  concept 276: 222 patches (8.26%)
  concept 84: 157 patches (5.84%)
  concept 363: 131 patches (4.87%)
  concept 46: 120 patches (4.46%)
  normalized usage entropy: 0.8243
DEBUG visual concept usage [stage3] top 10:
  concept 383: 107 patches (15.92%)
  concept 462: 86 patches (12.80%)
  concept 204: 61 patches (9.08%)
  concept 35: 56 patches (8.33%)
  concept 90: 54 patches (8.04%)
  concept 65: 40 patches (5.95%)
  concept 505: 36 patches (5.36%)
  concept 78: 35 patches (5.21%)
  concept 135: 22 patches (3.27%)
  concept 57: 13 patches (1.93%)
  normalized usage entropy: 0.7791
DEBUG visual concept usage [stage4] top 10:
  concept 105: 27 patches (16.07%)
  concept 133: 14 patches (8.33%)
  concept 39: 12 patches (7.14%)
  concept 130: 11 patches (6.55%)
  concept 52: 8 patches (4.76%)
  concept 235: 8 patches (4.76%)
  concept 245: 8 patches (4.76%)
  concept 465: 6 patches (3.57%)
  concept 351: 5 patches (2.98%)
  concept 35: 4 patches (2.38%)
  normalized usage entropy: 0.7553
DEBUG pred min/max/mean/std: -3.9375 32.5 -3.109375 2.84375
DEBUG target min/max/mean/std: 0.0 1.0 0.02349225990474224 0.10174377262592316
DEBUG fixation pixels per sample: [5.0, 5.0]
DEBUG fix_batch min/max/mean/std: 0.0 1.0 2.3362737920251675e-05 0.00483345054090023
DEBUG losses: {'loss_total': 0.37232667207717896, 'loss_fid': 26.19228744506836, 'loss_patch_fid': 3.6015429496765137, 'loss_dense_fid': 3.8332836627960205, 'loss_dense_bce': -0.0, 'loss_dense_kl': 18.757461547851562, 'loss_topk': -0.0, 'loss_delta': -0.0, 'loss_cc': 0.4476436376571655, 'loss_nss': -3.341507911682129, 'loss_sim': 0.5440280437469482, 'loss_concept_dense': 0.0, 'loss_concept_kl': 0.0, 'loss_align': 0.0, 'loss_sparse': 0.0, 'loss_div': 0.0, 'loss_gate': 0.0, 'loss_visual_entropy': 0.5399630665779114, 'loss_visual_equiv': 0.0, 'loss_visual_usage': 0.19676446914672852, 'loss_temporal_attention_entropy': 0.0, 'loss_total_concept': 0.040250662714242935, 'loss_decoder_side_aux': 0.05099724233150482, 'loss_priority_map': 0.9080684185028076, 'loss_priority_map_weighted': 0.09080684185028076, 'priority_map_loss': 0.9080684185028076, 'weighted_priority_map_loss': 0.09080684185028076, 'loss_priority_map_stage3': 0.9887808561325073, 'loss_priority_map_stage4': 0.8273559212684631, 'loss_side_stage4': 0.04549357295036316, 'loss_side_stage3': 0.08115306496620178, 'loss_side_stage2': 0.11223983764648438, 'loss_side_stage1': 0.11885640025138855}
Epoch 27/200
  Mean train loss: -0.152696
  Validation:    skipped (runs every 5 epochs)
  Current LR:      4.78e-05
  Saved checkpoint: training_outputs/ckpts/20260915_204758/epoch_027.pth

Epoch 28/200
pred_saliency: shape=(2, 1, 224, 384) min=-3.9375 max=36.2500 mean=-3.2715 std=2.9066
sal_batch: shape=(2, 1, 288, 640) min=0.0000 max=1.0000 mean=0.0309 std=0.1218
DEBUG features_shape: {'stage1': (2, 96, 16, 56, 96), 'stage2': (2, 192, 16, 28, 48), 'stage3': (2, 384, 16, 14, 24), 'stage4': (2, 768, 16, 7, 12)}
DEBUG gate: no gate_debug available. This usually means return_concept_losses=False or lambda_gate=0.
DEBUG decoder visual FiLM [stage1] | film_gamma=unavailable (pass return_decoder_diagnostics=True)
DEBUG decoder visual FiLM [stage2] | film_gamma=unavailable (pass return_decoder_diagnostics=True)
DEBUG decoder visual FiLM [stage3] | film_gamma mean/std/min/max=0.0625/0.8201/0.0000/38.2660 | patch_priority_alpha=0.1005
DEBUG decoder visual FiLM [stage4] | film_gamma mean/std/min/max=0.0625/0.8716/0.0000/27.7373 | patch_priority_alpha=0.0994
DEBUG factorized comparison [stage3] | query_norm_mean=0.2969 | key_norm_mean=0.3381 | context_mean=-0.0000 | context_std=0.0174 | context_min=-0.0416 | context_max=0.0461 | total_candidate_weight=336.0000 | spatial_strength=0.0997 | spatial_freq_entropy=2.7725 | spatial_freq_weight_mean=0.6951 | rank=32
DEBUG factorized comparison [stage4] | query_norm_mean=0.2832 | key_norm_mean=0.2008 | context_mean=0.0000 | context_std=0.0104 | context_min=-0.0201 | context_max=0.0318 | total_candidate_weight=84.0000 | spatial_strength=0.1001 | spatial_freq_entropy=2.7723 | spatial_freq_weight_mean=0.6991 | rank=32
patch-priority map [stage3] | mean=0.062500 | std=0.820105 | min=0.000000 | max=38.265972 | alpha=0.100457
patch-priority map [stage4] | mean=0.062500 | std=0.871592 | min=0.000000 | max=27.737331 | alpha=0.099385
DEBUG visual concept usage [stage1] top 10:
  concept 87: 110 patches (1.02%)
  concept 169: 95 patches (0.88%)
  concept 191: 86 patches (0.80%)
  concept 171: 85 patches (0.79%)
  concept 325: 82 patches (0.76%)
  concept 28: 81 patches (0.75%)
  concept 78: 77 patches (0.72%)
  concept 6: 76 patches (0.71%)
  concept 152: 76 patches (0.71%)
  concept 209: 76 patches (0.71%)
  normalized usage entropy: 0.8617
DEBUG visual concept usage [stage2] top 10:
  concept 394: 422 patches (15.70%)
  concept 5: 378 patches (14.06%)
  concept 289: 353 patches (13.13%)
  concept 46: 283 patches (10.53%)
  concept 327: 266 patches (9.90%)
  concept 414: 242 patches (9.00%)
  concept 276: 214 patches (7.96%)
  concept 259: 165 patches (6.14%)
  concept 84: 146 patches (5.43%)
  concept 363: 111 patches (4.13%)
  normalized usage entropy: 0.8295
DEBUG visual concept usage [stage3] top 10:
  concept 462: 92 patches (13.69%)
  concept 383: 90 patches (13.39%)
  concept 204: 63 patches (9.38%)
  concept 90: 48 patches (7.14%)
  concept 35: 40 patches (5.95%)
  concept 297: 36 patches (5.36%)
  concept 65: 27 patches (4.02%)
  concept 505: 25 patches (3.72%)
  concept 78: 23 patches (3.42%)
  concept 57: 21 patches (3.12%)
  normalized usage entropy: 0.7847
DEBUG visual concept usage [stage4] top 10:
  concept 105: 20 patches (11.90%)
  concept 133: 17 patches (10.12%)
  concept 148: 8 patches (4.76%)
  concept 346: 8 patches (4.76%)
  concept 130: 7 patches (4.17%)
  concept 312: 7 patches (4.17%)
  concept 435: 7 patches (4.17%)
  concept 64: 4 patches (2.38%)
  concept 208: 4 patches (2.38%)
  concept 341: 4 patches (2.38%)
  normalized usage entropy: 0.7597
DEBUG pred min/max/mean/std: -3.9375 36.25 -3.265625 2.90625
DEBUG target min/max/mean/std: 0.0 1.0 0.030931789427995682 0.12181897461414337
DEBUG fixation pixels per sample: [3.0, 5.0]
DEBUG fix_batch min/max/mean/std: 0.0 1.0 2.1701389414374717e-05 0.004658430814743042
DEBUG losses: {'loss_total': 0.2523181438446045, 'loss_fid': 33.18003845214844, 'loss_patch_fid': 3.4967451095581055, 'loss_dense_fid': 3.923975706100464, 'loss_dense_bce': -0.0, 'loss_dense_kl': 25.75931739807129, 'loss_topk': -0.0, 'loss_delta': -0.0, 'loss_cc': 0.4719359874725342, 'loss_nss': -4.3641462326049805, 'loss_sim': 0.500812828540802, 'loss_concept_dense': 0.0, 'loss_concept_kl': 0.0, 'loss_align': 0.0, 'loss_sparse': 0.0, 'loss_div': 0.0, 'loss_gate': 0.0, 'loss_visual_entropy': 0.5392051339149475, 'loss_visual_equiv': 0.0, 'loss_visual_usage': 0.19109775125980377, 'loss_temporal_attention_entropy': 0.0, 'loss_total_concept': 0.04165089875459671, 'loss_decoder_side_aux': 0.018359055742621422, 'loss_priority_map': 0.8489975333213806, 'loss_priority_map_weighted': 0.08489975333213806, 'priority_map_loss': 0.8489975333213806, 'weighted_priority_map_loss': 0.08489975333213806, 'loss_priority_map_stage3': 0.8820880651473999, 'loss_priority_map_stage4': 0.8159070014953613, 'loss_side_stage4': 0.08990746736526489, 'loss_side_stage3': 0.03498378396034241, 'loss_side_stage2': 0.030084818601608276, 'loss_side_stage1': 0.029262900352478027}
Epoch 28/200
  Mean train loss: -0.178921
  Validation:    skipped (runs every 5 epochs)
  Current LR:      4.76e-05
  Saved checkpoint: training_outputs/ckpts/20260915_204758/epoch_028.pth

Epoch 29/200
pred_saliency: shape=(2, 1, 224, 384) min=-3.9375 max=31.7500 mean=-2.9936 std=2.9235
sal_batch: shape=(2, 1, 352, 640) min=0.0000 max=1.0000 mean=0.0230 std=0.1086
DEBUG features_shape: {'stage1': (2, 96, 16, 56, 96), 'stage2': (2, 192, 16, 28, 48), 'stage3': (2, 384, 16, 14, 24), 'stage4': (2, 768, 16, 7, 12)}
DEBUG gate: no gate_debug available. This usually means return_concept_losses=False or lambda_gate=0.
DEBUG decoder visual FiLM [stage1] | film_gamma=unavailable (pass return_decoder_diagnostics=True)
DEBUG decoder visual FiLM [stage2] | film_gamma=unavailable (pass return_decoder_diagnostics=True)
DEBUG decoder visual FiLM [stage3] | film_gamma mean/std/min/max=0.0625/0.6426/0.0000/20.2520 | patch_priority_alpha=0.1005
DEBUG decoder visual FiLM [stage4] | film_gamma mean/std/min/max=0.0625/0.6642/0.0000/18.7775 | patch_priority_alpha=0.0993
DEBUG factorized comparison [stage3] | query_norm_mean=0.3012 | key_norm_mean=0.3559 | context_mean=0.0000 | context_std=0.0179 | context_min=-0.0438 | context_max=0.0446 | total_candidate_weight=336.0000 | spatial_strength=0.0998 | spatial_freq_entropy=2.7725 | spatial_freq_weight_mean=0.6951 | rank=32
DEBUG factorized comparison [stage4] | query_norm_mean=0.3427 | key_norm_mean=0.2002 | context_mean=-0.0000 | context_std=0.0136 | context_min=-0.0262 | context_max=0.0328 | total_candidate_weight=84.0000 | spatial_strength=0.1001 | spatial_freq_entropy=2.7723 | spatial_freq_weight_mean=0.6991 | rank=32
patch-priority map [stage3] | mean=0.062500 | std=0.642635 | min=0.000000 | max=20.252028 | alpha=0.100453
patch-priority map [stage4] | mean=0.062500 | std=0.664216 | min=0.000000 | max=18.777460 | alpha=0.099337
DEBUG visual concept usage [stage1] top 10:
  concept 95: 97 patches (0.90%)
  concept 78: 88 patches (0.82%)
  concept 343: 87 patches (0.81%)
  concept 37: 80 patches (0.74%)
  concept 44: 80 patches (0.74%)
  concept 9: 79 patches (0.73%)
  concept 174: 79 patches (0.73%)
  concept 30: 77 patches (0.72%)
  concept 105: 77 patches (0.72%)
  concept 155: 76 patches (0.71%)
  normalized usage entropy: 0.8614
DEBUG visual concept usage [stage2] top 10:
  concept 5: 429 patches (15.96%)
  concept 289: 383 patches (14.25%)
  concept 327: 309 patches (11.50%)
  concept 276: 251 patches (9.34%)
  concept 394: 237 patches (8.82%)
  concept 46: 230 patches (8.56%)
  concept 259: 208 patches (7.74%)
  concept 414: 200 patches (7.44%)
  concept 363: 176 patches (6.55%)
  concept 84: 155 patches (5.77%)
  normalized usage entropy: 0.8282
DEBUG visual concept usage [stage3] top 10:
  concept 383: 135 patches (20.09%)
  concept 462: 93 patches (13.84%)
  concept 204: 73 patches (10.86%)
  concept 90: 66 patches (9.82%)
  concept 505: 49 patches (7.29%)
  concept 57: 26 patches (3.87%)
  concept 78: 23 patches (3.42%)
  concept 35: 19 patches (2.83%)
  concept 135: 19 patches (2.83%)
  concept 0: 15 patches (2.23%)
  normalized usage entropy: 0.7911
DEBUG visual concept usage [stage4] top 10:
  concept 105: 33 patches (19.64%)
  concept 133: 18 patches (10.71%)
  concept 130: 11 patches (6.55%)
  concept 52: 6 patches (3.57%)
  concept 6: 5 patches (2.98%)
  concept 266: 5 patches (2.98%)
  concept 351: 5 patches (2.98%)
  concept 245: 4 patches (2.38%)
  concept 346: 4 patches (2.38%)
  concept 37: 3 patches (1.79%)
  normalized usage entropy: 0.7728
DEBUG pred min/max/mean/std: -3.9375 31.75 -3.0 2.921875
DEBUG target min/max/mean/std: 0.0 1.0 0.023028241470456123 0.10859165340662003
DEBUG fixation pixels per sample: [4.0, 5.0]
DEBUG fix_batch min/max/mean/std: 0.0 1.0 1.9975141185568646e-05 0.004469315987080336
DEBUG losses: {'loss_total': -0.7319103479385376, 'loss_fid': 19.999324798583984, 'loss_patch_fid': 3.502530097961426, 'loss_dense_fid': 3.7572152614593506, 'loss_dense_bce': -0.0, 'loss_dense_kl': 12.739580154418945, 'loss_topk': -0.0, 'loss_delta': -0.0, 'loss_cc': 0.09247201681137085, 'loss_nss': -6.947967529296875, 'loss_sim': 0.3500518798828125, 'loss_concept_dense': 0.0, 'loss_concept_kl': 0.0, 'loss_align': 0.0, 'loss_sparse': 0.0, 'loss_div': 0.0, 'loss_gate': 0.0, 'loss_visual_entropy': 0.549534797668457, 'loss_visual_equiv': 0.0, 'loss_visual_usage': 0.18660804629325867, 'loss_temporal_attention_entropy': 0.0, 'loss_total_concept': 0.04071732610464096, 'loss_decoder_side_aux': -0.2945719063282013, 'loss_priority_map': 0.6785527467727661, 'loss_priority_map_weighted': 0.06785527616739273, 'priority_map_loss': 0.6785527467727661, 'weighted_priority_map_loss': 0.06785527616739273, 'loss_priority_map_stage3': 0.7379032373428345, 'loss_priority_map_stage4': 0.6192023158073425, 'loss_side_stage4': -0.49829256534576416, 'loss_side_stage3': -0.5980355739593506, 'loss_side_stage2': -0.6009417176246643, 'loss_side_stage1': -0.5985623598098755}
Epoch 29/200
  Mean train loss: -0.195432
  Validation:    skipped (runs every 5 epochs)
  Current LR:      4.75e-05
  Saved checkpoint: training_outputs/ckpts/20260915_204758/epoch_029.pth

Epoch 30/200
pred_saliency: shape=(2, 1, 224, 384) min=-3.9375 max=50.0000 mean=-3.3052 std=2.9727
sal_batch: shape=(2, 1, 384, 640) min=0.0000 max=1.0000 mean=0.0197 std=0.0915
DEBUG features_shape: {'stage1': (2, 96, 16, 56, 96), 'stage2': (2, 192, 16, 28, 48), 'stage3': (2, 384, 16, 14, 24), 'stage4': (2, 768, 16, 7, 12)}
DEBUG gate: no gate_debug available. This usually means return_concept_losses=False or lambda_gate=0.
DEBUG decoder visual FiLM [stage1] | film_gamma=unavailable (pass return_decoder_diagnostics=True)
DEBUG decoder visual FiLM [stage2] | film_gamma=unavailable (pass return_decoder_diagnostics=True)
DEBUG decoder visual FiLM [stage3] | film_gamma mean/std/min/max=0.0625/0.8776/0.0000/32.1916 | patch_priority_alpha=0.1005
DEBUG decoder visual FiLM [stage4] | film_gamma mean/std/min/max=0.0625/1.0000/0.0000/38.7746 | patch_priority_alpha=0.0993
DEBUG factorized comparison [stage3] | query_norm_mean=0.3182 | key_norm_mean=0.3517 | context_mean=0.0000 | context_std=0.0198 | context_min=-0.0446 | context_max=0.0567 | total_candidate_weight=336.0000 | spatial_strength=0.0997 | spatial_freq_entropy=2.7725 | spatial_freq_weight_mean=0.6951 | rank=32
DEBUG factorized comparison [stage4] | query_norm_mean=0.2825 | key_norm_mean=0.1854 | context_mean=-0.0000 | context_std=0.0103 | context_min=-0.0201 | context_max=0.0282 | total_candidate_weight=84.0000 | spatial_strength=0.1001 | spatial_freq_entropy=2.7723 | spatial_freq_weight_mean=0.6991 | rank=32
patch-priority map [stage3] | mean=0.062500 | std=0.877574 | min=0.000000 | max=32.191624 | alpha=0.100463
patch-priority map [stage4] | mean=0.062500 | std=0.999979 | min=0.000000 | max=38.774605 | alpha=0.099311
DEBUG visual concept usage [stage1] top 10:
  concept 397: 175 patches (1.63%)
  concept 33: 165 patches (1.53%)
  concept 493: 119 patches (1.11%)
  concept 207: 118 patches (1.10%)
  concept 92: 116 patches (1.08%)
  concept 38: 112 patches (1.04%)
  concept 149: 102 patches (0.95%)
  concept 167: 101 patches (0.94%)
  concept 112: 100 patches (0.93%)
  concept 29: 98 patches (0.91%)
  normalized usage entropy: 0.8516
DEBUG visual concept usage [stage2] top 10:
  concept 5: 783 patches (29.13%)
  concept 289: 465 patches (17.30%)
  concept 46: 417 patches (15.51%)
  concept 327: 267 patches (9.93%)
  concept 276: 206 patches (7.66%)
  concept 394: 124 patches (4.61%)
  concept 259: 110 patches (4.09%)
  concept 363: 95 patches (3.53%)
  concept 414: 78 patches (2.90%)
  concept 84: 73 patches (2.72%)
  normalized usage entropy: 0.8199
DEBUG visual concept usage [stage3] top 10:
  concept 383: 100 patches (14.88%)
  concept 462: 80 patches (11.90%)
  concept 90: 76 patches (11.31%)
  concept 204: 69 patches (10.27%)
  concept 91: 28 patches (4.17%)
  concept 57: 25 patches (3.72%)
  concept 65: 24 patches (3.57%)
  concept 135: 24 patches (3.57%)
  concept 505: 23 patches (3.42%)
  concept 100: 21 patches (3.12%)
  normalized usage entropy: 0.7859
DEBUG visual concept usage [stage4] top 10:
  concept 105: 18 patches (10.71%)
  concept 133: 15 patches (8.93%)
  concept 245: 9 patches (5.36%)
  concept 351: 9 patches (5.36%)
  concept 312: 7 patches (4.17%)
  concept 130: 6 patches (3.57%)
  concept 208: 6 patches (3.57%)
  concept 177: 5 patches (2.98%)
  concept 441: 5 patches (2.98%)
  concept 502: 5 patches (2.98%)
  normalized usage entropy: 0.7566
DEBUG pred min/max/mean/std: -3.9375 50.0 -3.3125 2.96875
DEBUG target min/max/mean/std: 0.0 1.0 0.019748903810977936 0.09151493012905121
DEBUG fixation pixels per sample: [4.0, 4.0]
DEBUG fix_batch min/max/mean/std: 0.0 1.0 1.627604251552839e-05 0.004034328740090132
DEBUG losses: {'loss_total': -0.24952828884124756, 'loss_fid': 41.73754119873047, 'loss_patch_fid': 3.5336477756500244, 'loss_dense_fid': 3.9189374446868896, 'loss_dense_bce': -0.0, 'loss_dense_kl': 34.28495407104492, 'loss_topk': -0.0, 'loss_delta': -0.0, 'loss_cc': 0.26256513595581055, 'loss_nss': -5.472963333129883, 'loss_sim': 0.3838306665420532, 'loss_concept_dense': 0.0, 'loss_concept_kl': 0.0, 'loss_align': 0.0, 'loss_sparse': 0.0, 'loss_div': 0.0, 'loss_gate': 0.0, 'loss_visual_entropy': 0.5390002727508545, 'loss_visual_equiv': 0.0, 'loss_visual_usage': 0.19651098549365997, 'loss_temporal_attention_entropy': 0.0, 'loss_total_concept': 0.0395321361720562, 'loss_decoder_side_aux': -0.13463884592056274, 'loss_priority_map': 0.6958049535751343, 'loss_priority_map_weighted': 0.06958049535751343, 'priority_map_loss': 0.6958049535751343, 'weighted_priority_map_loss': 0.06958049535751343, 'loss_priority_map_stage3': 0.7697004079818726, 'loss_priority_map_stage4': 0.6219094395637512, 'loss_side_stage4': -0.16397050023078918, 'loss_side_stage3': -0.26166850328445435, 'loss_side_stage2': -0.29198163747787476, 'loss_side_stage1': -0.2823810577392578}
DEBUG decoder visual FiLM [stage1] | film_gamma=unavailable (pass return_decoder_diagnostics=True)
DEBUG decoder visual FiLM [stage2] | film_gamma=unavailable (pass return_decoder_diagnostics=True)
DEBUG decoder visual FiLM [stage3] | film_gamma mean/std/min/max=0.0625/0.9045/0.0000/41.0005 | patch_priority_alpha=0.1004
DEBUG decoder visual FiLM [stage4] | film_gamma mean/std/min/max=0.0625/0.9322/0.0000/35.8943 | patch_priority_alpha=0.0993
DEBUG factorized comparison [stage3] | query_norm_mean=0.2787 | key_norm_mean=0.3298 | context_mean=0.0000 | context_std=0.0155 | context_min=-0.0381 | context_max=0.0453 | total_candidate_weight=336.0000 | spatial_strength=0.0998 | spatial_freq_entropy=2.7725 | spatial_freq_weight_mean=0.6952 | rank=32
DEBUG factorized comparison [stage4] | query_norm_mean=0.2924 | key_norm_mean=0.1723 | context_mean=-0.0000 | context_std=0.0093 | context_min=-0.0216 | context_max=0.0275 | total_candidate_weight=84.0000 | spatial_strength=0.1001 | spatial_freq_entropy=2.7723 | spatial_freq_weight_mean=0.6992 | rank=32
patch-priority map [stage3] | mean=0.062500 | std=0.904482 | min=0.000000 | max=41.000481 | alpha=0.100428
patch-priority map [stage4] | mean=0.062500 | std=0.932239 | min=0.000000 | max=35.894310 | alpha=0.099283
Epoch 30/200
  Mean train loss: -0.192942
  Mean val loss:   0.154077
  Current LR:      4.73e-05
Val metrics   | CC: 0.6521 | SIM: 0.5224
  Saved checkpoint: training_outputs/ckpts/20260915_204758/epoch_030.pth
  New best val loss: 0.154077 (saved training_outputs/ckpts/20260915_204758/best_checkpoint.pth)

Epoch 31/200
pred_saliency: shape=(2, 1, 224, 384) min=-3.9375 max=56.7500 mean=-3.4053 std=3.1270
sal_batch: shape=(2, 1, 332, 656) min=0.0000 max=1.0000 mean=0.0192 std=0.0961
DEBUG features_shape: {'stage1': (2, 96, 16, 56, 96), 'stage2': (2, 192, 16, 28, 48), 'stage3': (2, 384, 16, 14, 24), 'stage4': (2, 768, 16, 7, 12)}
DEBUG gate: no gate_debug available. This usually means return_concept_losses=False or lambda_gate=0.
DEBUG decoder visual FiLM [stage1] | film_gamma=unavailable (pass return_decoder_diagnostics=True)
DEBUG decoder visual FiLM [stage2] | film_gamma=unavailable (pass return_decoder_diagnostics=True)
DEBUG decoder visual FiLM [stage3] | film_gamma mean/std/min/max=0.0625/1.0358/0.0000/46.0986 | patch_priority_alpha=0.1004
DEBUG decoder visual FiLM [stage4] | film_gamma mean/std/min/max=0.0625/1.1264/0.0000/45.7241 | patch_priority_alpha=0.0993
DEBUG factorized comparison [stage3] | query_norm_mean=0.2737 | key_norm_mean=0.3078 | context_mean=0.0000 | context_std=0.0143 | context_min=-0.0349 | context_max=0.0465 | total_candidate_weight=336.0000 | spatial_strength=0.0998 | spatial_freq_entropy=2.7725 | spatial_freq_weight_mean=0.6952 | rank=32
DEBUG factorized comparison [stage4] | query_norm_mean=0.2913 | key_norm_mean=0.1652 | context_mean=-0.0000 | context_std=0.0087 | context_min=-0.0215 | context_max=0.0279 | total_candidate_weight=84.0000 | spatial_strength=0.1001 | spatial_freq_entropy=2.7723 | spatial_freq_weight_mean=0.6992 | rank=32
patch-priority map [stage3] | mean=0.062500 | std=1.035820 | min=0.000000 | max=46.098637 | alpha=0.100428
patch-priority map [stage4] | mean=0.062500 | std=1.126425 | min=0.000000 | max=45.724079 | alpha=0.099283
DEBUG visual concept usage [stage1] top 10:
  concept 282: 99 patches (0.92%)
  concept 32: 92 patches (0.86%)
  concept 87: 91 patches (0.85%)
  concept 191: 87 patches (0.81%)
  concept 44: 86 patches (0.80%)
  concept 39: 85 patches (0.79%)
  concept 337: 85 patches (0.79%)
  concept 48: 83 patches (0.77%)
  concept 265: 82 patches (0.76%)
  concept 325: 82 patches (0.76%)
  normalized usage entropy: 0.8593
DEBUG visual concept usage [stage2] top 10:
  concept 289: 358 patches (13.32%)
  concept 327: 355 patches (13.21%)
  concept 394: 352 patches (13.10%)
  concept 414: 278 patches (10.34%)
  concept 276: 274 patches (10.19%)
  concept 46: 210 patches (7.81%)
  concept 259: 199 patches (7.40%)
  concept 363: 196 patches (7.29%)
  concept 84: 152 patches (5.65%)
  concept 5: 141 patches (5.25%)
  normalized usage entropy: 0.8159
DEBUG visual concept usage [stage3] top 10:
  concept 204: 151 patches (22.47%)
  concept 462: 138 patches (20.54%)
  concept 383: 55 patches (8.18%)
  concept 91: 43 patches (6.40%)
  concept 90: 36 patches (5.36%)
  concept 35: 33 patches (4.91%)
  concept 57: 24 patches (3.57%)
  concept 78: 24 patches (3.57%)
  concept 0: 22 patches (3.27%)
  concept 135: 20 patches (2.98%)
  normalized usage entropy: 0.7762
DEBUG visual concept usage [stage4] top 10:
  concept 133: 25 patches (14.88%)
  concept 351: 18 patches (10.71%)
  concept 105: 12 patches (7.14%)
  concept 195: 8 patches (4.76%)
  concept 346: 8 patches (4.76%)
  concept 130: 6 patches (3.57%)
  concept 55: 5 patches (2.98%)
  concept 266: 5 patches (2.98%)
  concept 378: 5 patches (2.98%)
  concept 245: 4 patches (2.38%)
  normalized usage entropy: 0.7540
DEBUG pred min/max/mean/std: -3.9375 56.75 -3.40625 3.125
DEBUG target min/max/mean/std: 0.0 1.0 0.019165849313139915 0.09605395048856735
DEBUG fixation pixels per sample: [5.0, 5.0]
DEBUG fix_batch min/max/mean/std: 0.0 1.0 2.295768354088068e-05 0.004791368264704943
DEBUG losses: {'loss_total': -0.6158434748649597, 'loss_fid': 44.3863639831543, 'loss_patch_fid': 3.4842472076416016, 'loss_dense_fid': 3.9976487159729004, 'loss_dense_bce': -0.0, 'loss_dense_kl': 36.90446853637695, 'loss_topk': -0.0, 'loss_delta': -0.0, 'loss_cc': 0.15447759628295898, 'loss_nss': -6.553323745727539, 'loss_sim': 0.29032278060913086, 'loss_concept_dense': 0.0, 'loss_concept_kl': 0.0, 'loss_align': 0.0, 'loss_sparse': 0.0, 'loss_div': 0.0, 'loss_gate': 0.0, 'loss_visual_entropy': 0.549773633480072, 'loss_visual_equiv': 0.0, 'loss_visual_usage': 0.19865663349628448, 'loss_temporal_attention_entropy': 0.0, 'loss_total_concept': 0.039869941771030426, 'loss_decoder_side_aux': -0.2481028437614441, 'loss_priority_map': 0.415973424911499, 'loss_priority_map_weighted': 0.04159734398126602, 'priority_map_loss': 0.415973424911499, 'weighted_priority_map_loss': 0.04159734398126602, 'loss_priority_map_stage3': 0.39841651916503906, 'loss_priority_map_stage4': 0.433530330657959, 'loss_side_stage4': -0.4368763566017151, 'loss_side_stage3': -0.5171608328819275, 'loss_side_stage2': -0.5065050721168518, 'loss_side_stage1': -0.4928359389305115}
Epoch 31/200
  Mean train loss: -0.245944
  Validation:    skipped (runs every 5 epochs)
  Current LR:      4.71e-05
  Saved checkpoint: training_outputs/ckpts/20260915_204758/epoch_031.pth

Epoch 32/200
pred_saliency: shape=(2, 1, 224, 384) min=-3.9531 max=68.5000 mean=-3.3724 std=3.1914
sal_batch: shape=(2, 1, 416, 640) min=0.0000 max=1.0000 mean=0.0262 std=0.1032
DEBUG features_shape: {'stage1': (2, 96, 16, 56, 96), 'stage2': (2, 192, 16, 28, 48), 'stage3': (2, 384, 16, 14, 24), 'stage4': (2, 768, 16, 7, 12)}
DEBUG gate: no gate_debug available. This usually means return_concept_losses=False or lambda_gate=0.
DEBUG decoder visual FiLM [stage1] | film_gamma=unavailable (pass return_decoder_diagnostics=True)
DEBUG decoder visual FiLM [stage2] | film_gamma=unavailable (pass return_decoder_diagnostics=True)
DEBUG decoder visual FiLM [stage3] | film_gamma mean/std/min/max=0.0625/0.9027/0.0000/35.2429 | patch_priority_alpha=0.1004
DEBUG decoder visual FiLM [stage4] | film_gamma mean/std/min/max=0.0625/0.9260/0.0000/30.6723 | patch_priority_alpha=0.0993
DEBUG factorized comparison [stage3] | query_norm_mean=0.2935 | key_norm_mean=0.3501 | context_mean=0.0000 | context_std=0.0171 | context_min=-0.0396 | context_max=0.0481 | total_candidate_weight=336.0000 | spatial_strength=0.0998 | spatial_freq_entropy=2.7725 | spatial_freq_weight_mean=0.6952 | rank=32
DEBUG factorized comparison [stage4] | query_norm_mean=0.3344 | key_norm_mean=0.1832 | context_mean=-0.0000 | context_std=0.0121 | context_min=-0.0258 | context_max=0.0282 | total_candidate_weight=84.0000 | spatial_strength=0.1001 | spatial_freq_entropy=2.7723 | spatial_freq_weight_mean=0.6992 | rank=32
patch-priority map [stage3] | mean=0.062500 | std=0.902710 | min=0.000000 | max=35.242874 | alpha=0.100426
patch-priority map [stage4] | mean=0.062500 | std=0.925964 | min=0.000000 | max=30.672281 | alpha=0.099292
DEBUG visual concept usage [stage1] top 10:
  concept 127: 104 patches (0.97%)
  concept 63: 96 patches (0.89%)
  concept 387: 94 patches (0.87%)
  concept 65: 87 patches (0.81%)
  concept 48: 83 patches (0.77%)
  concept 95: 83 patches (0.77%)
  concept 209: 83 patches (0.77%)
  concept 56: 82 patches (0.76%)
  concept 81: 78 patches (0.73%)
  concept 135: 77 patches (0.72%)
  normalized usage entropy: 0.8600
DEBUG visual concept usage [stage2] top 10:
  concept 5: 565 patches (21.02%)
  concept 289: 342 patches (12.72%)
  concept 46: 295 patches (10.97%)
  concept 327: 253 patches (9.41%)
  concept 276: 232 patches (8.63%)
  concept 414: 202 patches (7.51%)
  concept 394: 179 patches (6.66%)
  concept 363: 178 patches (6.62%)
  concept 259: 136 patches (5.06%)
  concept 84: 108 patches (4.02%)
  normalized usage entropy: 0.8289
DEBUG visual concept usage [stage3] top 10:
  concept 462: 150 patches (22.32%)
  concept 383: 114 patches (16.96%)
  concept 204: 82 patches (12.20%)
  concept 57: 39 patches (5.80%)
  concept 35: 22 patches (3.27%)
  concept 505: 22 patches (3.27%)
  concept 65: 21 patches (3.12%)
  concept 78: 20 patches (2.98%)
  concept 481: 16 patches (2.38%)
  concept 0: 13 patches (1.93%)
  normalized usage entropy: 0.7847
DEBUG visual concept usage [stage4] top 10:
  concept 133: 41 patches (24.40%)
  concept 105: 27 patches (16.07%)
  concept 235: 10 patches (5.95%)
  concept 130: 6 patches (3.57%)
  concept 55: 5 patches (2.98%)
  concept 266: 5 patches (2.98%)
  concept 378: 5 patches (2.98%)
  concept 179: 4 patches (2.38%)
  concept 64: 3 patches (1.79%)
  concept 351: 3 patches (1.79%)
  normalized usage entropy: 0.7608
DEBUG pred min/max/mean/std: -3.953125 68.5 -3.375 3.1875
DEBUG target min/max/mean/std: 0.0 1.0 0.026176610961556435 0.10320503264665604
DEBUG fixation pixels per sample: [4.0, 5.0]
DEBUG fix_batch min/max/mean/std: 0.0 1.0 1.6902044080779888e-05 0.00411117821931839
DEBUG losses: {'loss_total': -0.05429627746343613, 'loss_fid': 57.564640045166016, 'loss_patch_fid': 3.537775754928589, 'loss_dense_fid': 3.9413015842437744, 'loss_dense_bce': -0.0, 'loss_dense_kl': 50.08556365966797, 'loss_topk': -0.0, 'loss_delta': -0.0, 'loss_cc': 0.3088957667350769, 'loss_nss': -4.774198055267334, 'loss_sim': 0.4453062415122986, 'loss_concept_dense': 0.0, 'loss_concept_kl': 0.0, 'loss_align': 0.0, 'loss_sparse': 0.0, 'loss_div': 0.0, 'loss_gate': 0.0, 'loss_visual_entropy': 0.5523936748504639, 'loss_visual_equiv': 0.0, 'loss_visual_usage': 0.19139184057712555, 'loss_temporal_attention_entropy': 0.0, 'loss_total_concept': 0.041631393134593964, 'loss_decoder_side_aux': -0.09227345883846283, 'loss_priority_map': 0.9843806028366089, 'loss_priority_map_weighted': 0.09843806177377701, 'priority_map_loss': 0.9843806028366089, 'weighted_priority_map_loss': 0.09843806177377701, 'loss_priority_map_stage3': 1.0220932960510254, 'loss_priority_map_stage4': 0.9466678500175476, 'loss_side_stage4': -0.1964718997478485, 'loss_side_stage3': -0.2017340064048767, 'loss_side_stage2': -0.18730849027633667, 'loss_side_stage1': -0.17090094089508057}
Epoch 32/200
  Mean train loss: -0.190412
  Validation:    skipped (runs every 5 epochs)
  Current LR:      4.69e-05
  Saved checkpoint: training_outputs/ckpts/20260915_204758/epoch_032.pth

Epoch 33/200
pred_saliency: shape=(2, 1, 224, 384) min=-3.9531 max=37.5000 mean=-3.0570 std=3.1138
sal_batch: shape=(2, 1, 576, 720) min=0.0000 max=1.0000 mean=0.0193 std=0.0927
DEBUG features_shape: {'stage1': (2, 96, 16, 56, 96), 'stage2': (2, 192, 16, 28, 48), 'stage3': (2, 384, 16, 14, 24), 'stage4': (2, 768, 16, 7, 12)}
DEBUG gate: no gate_debug available. This usually means return_concept_losses=False or lambda_gate=0.
DEBUG decoder visual FiLM [stage1] | film_gamma=unavailable (pass return_decoder_diagnostics=True)
DEBUG decoder visual FiLM [stage2] | film_gamma=unavailable (pass return_decoder_diagnostics=True)
DEBUG decoder visual FiLM [stage3] | film_gamma mean/std/min/max=0.0625/0.8136/0.0000/27.7635 | patch_priority_alpha=0.1004
DEBUG decoder visual FiLM [stage4] | film_gamma mean/std/min/max=0.0625/0.8184/0.0000/24.7020 | patch_priority_alpha=0.0993
DEBUG factorized comparison [stage3] | query_norm_mean=0.2228 | key_norm_mean=0.3031 | context_mean=0.0000 | context_std=0.0103 | context_min=-0.0224 | context_max=0.0287 | total_candidate_weight=336.0000 | spatial_strength=0.0998 | spatial_freq_entropy=2.7725 | spatial_freq_weight_mean=0.6952 | rank=32
DEBUG factorized comparison [stage4] | query_norm_mean=0.2366 | key_norm_mean=0.1578 | context_mean=0.0000 | context_std=0.0070 | context_min=-0.0144 | context_max=0.0205 | total_candidate_weight=84.0000 | spatial_strength=0.1002 | spatial_freq_entropy=2.7723 | spatial_freq_weight_mean=0.6993 | rank=32
patch-priority map [stage3] | mean=0.062500 | std=0.813630 | min=0.000000 | max=27.763515 | alpha=0.100442
patch-priority map [stage4] | mean=0.062500 | std=0.818372 | min=0.000000 | max=24.702047 | alpha=0.099281
DEBUG visual concept usage [stage1] top 10:
  concept 65: 105 patches (0.98%)
  concept 37: 99 patches (0.92%)
  concept 87: 99 patches (0.92%)
  concept 144: 95 patches (0.88%)
  concept 147: 95 patches (0.88%)
  concept 267: 90 patches (0.84%)
  concept 30: 88 patches (0.82%)
  concept 32: 86 patches (0.80%)
  concept 105: 85 patches (0.79%)
  concept 83: 81 patches (0.75%)
  normalized usage entropy: 0.8593
DEBUG visual concept usage [stage2] top 10:
  concept 5: 1125 patches (41.85%)
  concept 46: 310 patches (11.53%)
  concept 259: 300 patches (11.16%)
  concept 289: 282 patches (10.49%)
  concept 327: 172 patches (6.40%)
  concept 394: 120 patches (4.46%)
  concept 276: 97 patches (3.61%)
  concept 414: 62 patches (2.31%)
  concept 363: 53 patches (1.97%)
  concept 84: 43 patches (1.60%)
  normalized usage entropy: 0.8015
DEBUG visual concept usage [stage3] top 10:
  concept 462: 75 patches (11.16%)
  concept 204: 66 patches (9.82%)
  concept 383: 61 patches (9.08%)
  concept 90: 58 patches (8.63%)
  concept 35: 42 patches (6.25%)
  concept 505: 34 patches (5.06%)
  concept 57: 30 patches (4.46%)
  concept 354: 29 patches (4.32%)
  concept 297: 23 patches (3.42%)
  concept 78: 20 patches (2.98%)
  normalized usage entropy: 0.7761
DEBUG visual concept usage [stage4] top 10:
  concept 105: 16 patches (9.52%)
  concept 133: 14 patches (8.33%)
  concept 208: 8 patches (4.76%)
  concept 435: 8 patches (4.76%)
  concept 130: 7 patches (4.17%)
  concept 177: 6 patches (3.57%)
  concept 312: 6 patches (3.57%)
  concept 376: 6 patches (3.57%)
  concept 500: 6 patches (3.57%)
  concept 299: 5 patches (2.98%)
  normalized usage entropy: 0.7454
DEBUG pred min/max/mean/std: -3.953125 37.5 -3.0625 3.109375
DEBUG target min/max/mean/std: 0.0 1.0 0.019254105165600777 0.09271209686994553
DEBUG fixation pixels per sample: [5.0, 5.0]
DEBUG fix_batch min/max/mean/std: 0.0 1.0 1.2056327250320464e-05 0.003472203155979514
DEBUG losses: {'loss_total': 0.20508861541748047, 'loss_fid': 25.513458251953125, 'loss_patch_fid': 3.450355291366577, 'loss_dense_fid': 3.9092023372650146, 'loss_dense_bce': -0.0, 'loss_dense_kl': 18.153900146484375, 'loss_topk': -0.0, 'loss_delta': -0.0, 'loss_cc': 0.3526517152786255, 'loss_nss': -3.7151875495910645, 'loss_sim': 0.5321351289749146, 'loss_concept_dense': 0.0, 'loss_concept_kl': 0.0, 'loss_align': 0.0, 'loss_sparse': 0.0, 'loss_div': 0.0, 'loss_gate': 0.0, 'loss_visual_entropy': 0.5322680473327637, 'loss_visual_equiv': 0.0, 'loss_visual_usage': 0.20442107319831848, 'loss_temporal_attention_entropy': 0.0, 'loss_total_concept': 0.0393696203827858, 'loss_decoder_side_aux': -0.00966581143438816, 'loss_priority_map': 1.1793488264083862, 'loss_priority_map_weighted': 0.11793488264083862, 'priority_map_loss': 1.1793488264083862, 'weighted_priority_map_loss': 0.11793488264083862, 'loss_priority_map_stage3': 1.368086814880371, 'loss_priority_map_stage4': 0.9906108379364014, 'loss_side_stage4': 0.001526951789855957, 'loss_side_stage3': -0.011304467916488647, 'loss_side_stage2': -0.02658182382583618, 'loss_side_stage1': -0.023122191429138184}
Epoch 33/200
  Mean train loss: -0.178061
  Validation:    skipped (runs every 5 epochs)
  Current LR:      4.67e-05
  Saved checkpoint: training_outputs/ckpts/20260915_204758/epoch_033.pth

Epoch 34/200
pred_saliency: shape=(2, 1, 224, 384) min=-3.9531 max=43.5000 mean=-3.1766 std=3.1001
sal_batch: shape=(2, 1, 304, 608) min=0.0000 max=1.0000 mean=0.0243 std=0.0970
DEBUG features_shape: {'stage1': (2, 96, 16, 56, 96), 'stage2': (2, 192, 16, 28, 48), 'stage3': (2, 384, 16, 14, 24), 'stage4': (2, 768, 16, 7, 12)}
DEBUG gate: no gate_debug available. This usually means return_concept_losses=False or lambda_gate=0.
DEBUG decoder visual FiLM [stage1] | film_gamma=unavailable (pass return_decoder_diagnostics=True)
DEBUG decoder visual FiLM [stage2] | film_gamma=unavailable (pass return_decoder_diagnostics=True)
DEBUG decoder visual FiLM [stage3] | film_gamma mean/std/min/max=0.0625/0.9980/0.0000/39.8301 | patch_priority_alpha=0.1004
DEBUG decoder visual FiLM [stage4] | film_gamma mean/std/min/max=0.0625/0.8700/0.0000/24.4487 | patch_priority_alpha=0.0993
DEBUG factorized comparison [stage3] | query_norm_mean=0.2323 | key_norm_mean=0.2935 | context_mean=-0.0000 | context_std=0.0107 | context_min=-0.0263 | context_max=0.0293 | total_candidate_weight=336.0000 | spatial_strength=0.0998 | spatial_freq_entropy=2.7725 | spatial_freq_weight_mean=0.6952 | rank=32
DEBUG factorized comparison [stage4] | query_norm_mean=0.2688 | key_norm_mean=0.1359 | context_mean=-0.0000 | context_std=0.0066 | context_min=-0.0149 | context_max=0.0181 | total_candidate_weight=84.0000 | spatial_strength=0.1002 | spatial_freq_entropy=2.7723 | spatial_freq_weight_mean=0.6993 | rank=32
patch-priority map [stage3] | mean=0.062500 | std=0.998017 | min=0.000000 | max=39.830055 | alpha=0.100441
patch-priority map [stage4] | mean=0.062500 | std=0.870011 | min=0.000000 | max=24.448744 | alpha=0.099301
DEBUG visual concept usage [stage1] top 10:
  concept 404: 84 patches (0.78%)
  concept 83: 82 patches (0.76%)
  concept 171: 80 patches (0.74%)
  concept 199: 80 patches (0.74%)
  concept 217: 80 patches (0.74%)
  concept 32: 79 patches (0.73%)
  concept 78: 78 patches (0.73%)
  concept 206: 77 patches (0.72%)
  concept 256: 77 patches (0.72%)
  concept 120: 76 patches (0.71%)
  normalized usage entropy: 0.8612
DEBUG visual concept usage [stage2] top 10:
  concept 46: 573 patches (21.32%)
  concept 289: 475 patches (17.67%)
  concept 327: 288 patches (10.71%)
  concept 5: 245 patches (9.11%)
  concept 276: 197 patches (7.33%)
  concept 394: 188 patches (6.99%)
  concept 259: 187 patches (6.96%)
  concept 414: 127 patches (4.72%)
  concept 363: 109 patches (4.06%)
  concept 84: 86 patches (3.20%)
  normalized usage entropy: 0.8219
DEBUG visual concept usage [stage3] top 10:
  concept 462: 92 patches (13.69%)
  concept 204: 79 patches (11.76%)
  concept 383: 72 patches (10.71%)
  concept 90: 57 patches (8.48%)
  concept 91: 53 patches (7.89%)
  concept 135: 41 patches (6.10%)
  concept 57: 37 patches (5.51%)
  concept 35: 30 patches (4.46%)
  concept 0: 28 patches (4.17%)
  concept 112: 26 patches (3.87%)
  normalized usage entropy: 0.7829
DEBUG visual concept usage [stage4] top 10:
  concept 133: 22 patches (13.10%)
  concept 105: 16 patches (9.52%)
  concept 346: 12 patches (7.14%)
  concept 351: 9 patches (5.36%)
  concept 266: 7 patches (4.17%)
  concept 55: 6 patches (3.57%)
  concept 130: 6 patches (3.57%)
  concept 427: 6 patches (3.57%)
  concept 268: 5 patches (2.98%)
  concept 208: 4 patches (2.38%)
  normalized usage entropy: 0.7599
DEBUG pred min/max/mean/std: -3.953125 43.5 -3.171875 3.09375
DEBUG target min/max/mean/std: 0.0 1.0 0.02431594766676426 0.09699548780918121
DEBUG fixation pixels per sample: [3.0, 4.0]
DEBUG fix_batch min/max/mean/std: 0.0 1.0 1.8936114429379813e-05 0.0043515292927622795
DEBUG losses: {'loss_total': -0.33883383870124817, 'loss_fid': 29.899185180664062, 'loss_patch_fid': 3.4444448947906494, 'loss_dense_fid': 3.9438767433166504, 'loss_dense_bce': -0.0, 'loss_dense_kl': 22.5108642578125, 'loss_topk': -0.0, 'loss_delta': -0.0, 'loss_cc': 0.2790113091468811, 'loss_nss': -6.2376203536987305, 'loss_sim': 0.3689683675765991, 'loss_concept_dense': 0.0, 'loss_concept_kl': 0.0, 'loss_align': 0.0, 'loss_sparse': 0.0, 'loss_div': 0.0, 'loss_gate': 0.0, 'loss_visual_entropy': 0.5411443710327148, 'loss_visual_equiv': 0.0, 'loss_visual_usage': 0.19351671636104584, 'loss_temporal_attention_entropy': 0.0, 'loss_total_concept': 0.040564894676208496, 'loss_decoder_side_aux': -0.16595283150672913, 'loss_priority_map': 0.7235064506530762, 'loss_priority_map_weighted': 0.0723506435751915, 'priority_map_loss': 0.7235064506530762, 'weighted_priority_map_loss': 0.0723506435751915, 'loss_priority_map_stage3': 0.785938560962677, 'loss_priority_map_stage4': 0.6610743403434753, 'loss_side_stage4': -0.24898338317871094, 'loss_side_stage3': -0.3299374580383301, 'loss_side_stage2': -0.336850643157959, 'loss_side_stage1': -0.349911630153656}
Epoch 34/200
  Mean train loss: -0.216598
  Validation:    skipped (runs every 5 epochs)
  Current LR:      4.65e-05
  Saved checkpoint: training_outputs/ckpts/20260915_204758/epoch_034.pth

Epoch 35/200
pred_saliency: shape=(2, 1, 224, 384) min=-3.9531 max=32.2500 mean=-3.1549 std=2.9701
sal_batch: shape=(2, 1, 352, 640) min=0.0000 max=1.0000 mean=0.0209 std=0.0965
DEBUG features_shape: {'stage1': (2, 96, 16, 56, 96), 'stage2': (2, 192, 16, 28, 48), 'stage3': (2, 384, 16, 14, 24), 'stage4': (2, 768, 16, 7, 12)}
DEBUG gate: no gate_debug available. This usually means return_concept_losses=False or lambda_gate=0.
DEBUG decoder visual FiLM [stage1] | film_gamma=unavailable (pass return_decoder_diagnostics=True)
DEBUG decoder visual FiLM [stage2] | film_gamma=unavailable (pass return_decoder_diagnostics=True)
DEBUG decoder visual FiLM [stage3] | film_gamma mean/std/min/max=0.0625/0.7705/0.0000/26.4960 | patch_priority_alpha=0.1004
DEBUG decoder visual FiLM [stage4] | film_gamma mean/std/min/max=0.0625/0.8562/0.0000/24.5969 | patch_priority_alpha=0.0993
DEBUG factorized comparison [stage3] | query_norm_mean=0.2550 | key_norm_mean=0.3113 | context_mean=0.0000 | context_std=0.0129 | context_min=-0.0317 | context_max=0.0369 | total_candidate_weight=336.0000 | spatial_strength=0.0998 | spatial_freq_entropy=2.7725 | spatial_freq_weight_mean=0.6952 | rank=32
DEBUG factorized comparison [stage4] | query_norm_mean=0.2922 | key_norm_mean=0.1660 | context_mean=-0.0000 | context_std=0.0096 | context_min=-0.0218 | context_max=0.0252 | total_candidate_weight=84.0000 | spatial_strength=0.1002 | spatial_freq_entropy=2.7723 | spatial_freq_weight_mean=0.6993 | rank=32
patch-priority map [stage3] | mean=0.062500 | std=0.770468 | min=0.000000 | max=26.495975 | alpha=0.100447
patch-priority map [stage4] | mean=0.062500 | std=0.856219 | min=0.000000 | max=24.596880 | alpha=0.099301
DEBUG visual concept usage [stage1] top 10:
  concept 118: 108 patches (1.00%)
  concept 171: 105 patches (0.98%)
  concept 199: 98 patches (0.91%)
  concept 83: 92 patches (0.86%)
  concept 141: 89 patches (0.83%)
  concept 152: 89 patches (0.83%)
  concept 88: 87 patches (0.81%)
  concept 28: 86 patches (0.80%)
  concept 315: 85 patches (0.79%)
  concept 37: 81 patches (0.75%)
  normalized usage entropy: 0.8579
DEBUG visual concept usage [stage2] top 10:
  concept 394: 371 patches (13.80%)
  concept 289: 351 patches (13.06%)
  concept 5: 296 patches (11.01%)
  concept 327: 253 patches (9.41%)
  concept 46: 244 patches (9.08%)
  concept 414: 227 patches (8.44%)
  concept 276: 217 patches (8.07%)
  concept 84: 172 patches (6.40%)
  concept 259: 167 patches (6.21%)
  concept 363: 161 patches (5.99%)
  normalized usage entropy: 0.8233
DEBUG visual concept usage [stage3] top 10:
  concept 462: 146 patches (21.73%)
  concept 383: 104 patches (15.48%)
  concept 204: 102 patches (15.18%)
  concept 505: 46 patches (6.85%)
  concept 35: 35 patches (5.21%)
  concept 57: 29 patches (4.32%)
  concept 90: 23 patches (3.42%)
  concept 91: 22 patches (3.27%)
  concept 297: 20 patches (2.98%)
  concept 135: 18 patches (2.68%)
  normalized usage entropy: 0.7865
DEBUG visual concept usage [stage4] top 10:
  concept 105: 26 patches (15.48%)
  concept 133: 23 patches (13.69%)
  concept 351: 17 patches (10.12%)
  concept 130: 12 patches (7.14%)
  concept 55: 8 patches (4.76%)
  concept 262: 6 patches (3.57%)
  concept 235: 5 patches (2.98%)
  concept 266: 5 patches (2.98%)
  concept 52: 4 patches (2.38%)
  concept 64: 4 patches (2.38%)
  normalized usage entropy: 0.7694
DEBUG pred min/max/mean/std: -3.953125 32.25 -3.15625 2.96875
DEBUG target min/max/mean/std: 0.0 1.0 0.02091977745294571 0.09646181017160416
DEBUG fixation pixels per sample: [4.0, 5.0]
DEBUG fix_batch min/max/mean/std: 0.0 1.0 1.9975141185568646e-05 0.004469315987080336
DEBUG losses: {'loss_total': -0.6896507740020752, 'loss_fid': 21.984390258789062, 'loss_patch_fid': 3.3471720218658447, 'loss_dense_fid': 3.900632619857788, 'loss_dense_bce': -0.0, 'loss_dense_kl': 14.736586570739746, 'loss_topk': -0.0, 'loss_delta': -0.0, 'loss_cc': 0.1007767915725708, 'loss_nss': -6.545936584472656, 'loss_sim': 0.28448212146759033, 'loss_concept_dense': 0.0, 'loss_concept_kl': 0.0, 'loss_align': 0.0, 'loss_sparse': 0.0, 'loss_div': 0.0, 'loss_gate': 0.0, 'loss_visual_entropy': 0.5508170127868652, 'loss_visual_equiv': 0.0, 'loss_visual_usage': 0.1907203197479248, 'loss_temporal_attention_entropy': 0.0, 'loss_total_concept': 0.04052526876330376, 'loss_decoder_side_aux': -0.2674996256828308, 'loss_priority_map': 0.4086606502532959, 'loss_priority_map_weighted': 0.04086606577038765, 'priority_map_loss': 0.4086606502532959, 'weighted_priority_map_loss': 0.04086606577038765, 'loss_priority_map_stage3': 0.4738956093788147, 'loss_priority_map_stage4': 0.3434256911277771, 'loss_side_stage4': -0.4786040186882019, 'loss_side_stage3': -0.5406123995780945, 'loss_side_stage2': -0.5284140110015869, 'loss_side_stage1': -0.5512304306030273}
DEBUG decoder visual FiLM [stage1] | film_gamma=unavailable (pass return_decoder_diagnostics=True)
DEBUG decoder visual FiLM [stage2] | film_gamma=unavailable (pass return_decoder_diagnostics=True)
DEBUG decoder visual FiLM [stage3] | film_gamma mean/std/min/max=0.0625/0.9240/0.0000/46.7453 | patch_priority_alpha=0.1004
DEBUG decoder visual FiLM [stage4] | film_gamma mean/std/min/max=0.0625/0.9913/0.0000/38.9910 | patch_priority_alpha=0.0992
DEBUG factorized comparison [stage3] | query_norm_mean=0.2275 | key_norm_mean=0.3108 | context_mean=-0.0000 | context_std=0.0111 | context_min=-0.0267 | context_max=0.0334 | total_candidate_weight=336.0000 | spatial_strength=0.0998 | spatial_freq_entropy=2.7725 | spatial_freq_weight_mean=0.6953 | rank=32
DEBUG factorized comparison [stage4] | query_norm_mean=0.2777 | key_norm_mean=0.1683 | context_mean=0.0000 | context_std=0.0089 | context_min=-0.0209 | context_max=0.0280 | total_candidate_weight=84.0000 | spatial_strength=0.1002 | spatial_freq_entropy=2.7723 | spatial_freq_weight_mean=0.6993 | rank=32
patch-priority map [stage3] | mean=0.062500 | std=0.923970 | min=0.000000 | max=46.745285 | alpha=0.100422
patch-priority map [stage4] | mean=0.062500 | std=0.991301 | min=0.000000 | max=38.991020 | alpha=0.099229
Epoch 35/200
  Mean train loss: -0.182052
  Mean val loss:   0.157315
  Current LR:      4.63e-05
Val metrics   | CC: 0.6454 | SIM: 0.5194
  Saved checkpoint: training_outputs/ckpts/20260915_204758/epoch_035.pth

Epoch 36/200
pred_saliency: shape=(2, 1, 224, 384) min=-3.9531 max=47.0000 mean=-3.2905 std=3.0418
sal_batch: shape=(2, 1, 352, 640) min=0.0000 max=1.0000 mean=0.0183 std=0.0898
DEBUG features_shape: {'stage1': (2, 96, 16, 56, 96), 'stage2': (2, 192, 16, 28, 48), 'stage3': (2, 384, 16, 14, 24), 'stage4': (2, 768, 16, 7, 12)}
DEBUG gate: no gate_debug available. This usually means return_concept_losses=False or lambda_gate=0.
DEBUG decoder visual FiLM [stage1] | film_gamma=unavailable (pass return_decoder_diagnostics=True)
DEBUG decoder visual FiLM [stage2] | film_gamma=unavailable (pass return_decoder_diagnostics=True)
DEBUG decoder visual FiLM [stage3] | film_gamma mean/std/min/max=0.0625/0.8438/0.0000/29.6946 | patch_priority_alpha=0.1004
DEBUG decoder visual FiLM [stage4] | film_gamma mean/std/min/max=0.0625/0.9901/0.0000/37.6638 | patch_priority_alpha=0.0992
DEBUG factorized comparison [stage3] | query_norm_mean=0.2271 | key_norm_mean=0.2940 | context_mean=-0.0000 | context_std=0.0107 | context_min=-0.0254 | context_max=0.0312 | total_candidate_weight=336.0000 | spatial_strength=0.0998 | spatial_freq_entropy=2.7725 | spatial_freq_weight_mean=0.6953 | rank=32
DEBUG factorized comparison [stage4] | query_norm_mean=0.2845 | key_norm_mean=0.1676 | context_mean=0.0000 | context_std=0.0093 | context_min=-0.0203 | context_max=0.0265 | total_candidate_weight=84.0000 | spatial_strength=0.1002 | spatial_freq_entropy=2.7723 | spatial_freq_weight_mean=0.6993 | rank=32
patch-priority map [stage3] | mean=0.062500 | std=0.843796 | min=0.000000 | max=29.694574 | alpha=0.100422
patch-priority map [stage4] | mean=0.062500 | std=0.990108 | min=0.000000 | max=37.663792 | alpha=0.099229
DEBUG visual concept usage [stage1] top 10:
  concept 171: 130 patches (1.21%)
  concept 169: 113 patches (1.05%)
  concept 28: 108 patches (1.00%)
  concept 80: 104 patches (0.97%)
  concept 152: 102 patches (0.95%)
  concept 199: 99 patches (0.92%)
  concept 81: 98 patches (0.91%)
  concept 154: 98 patches (0.91%)
  concept 256: 94 patches (0.87%)
  concept 45: 93 patches (0.86%)
  normalized usage entropy: 0.8566
DEBUG visual concept usage [stage2] top 10:
  concept 394: 445 patches (16.56%)
  concept 5: 407 patches (15.14%)
  concept 259: 304 patches (11.31%)
  concept 414: 280 patches (10.42%)
  concept 327: 178 patches (6.62%)
  concept 46: 172 patches (6.40%)
  concept 276: 172 patches (6.40%)
  concept 289: 168 patches (6.25%)
  concept 84: 141 patches (5.25%)
  concept 363: 136 patches (5.06%)
  normalized usage entropy: 0.8154
DEBUG visual concept usage [stage3] top 10:
  concept 462: 108 patches (16.07%)
  concept 204: 104 patches (15.48%)
  concept 383: 82 patches (12.20%)
  concept 90: 70 patches (10.42%)
  concept 35: 27 patches (4.02%)
  concept 505: 27 patches (4.02%)
  concept 91: 26 patches (3.87%)
  concept 135: 24 patches (3.57%)
  concept 57: 23 patches (3.42%)
  concept 65: 16 patches (2.38%)
  normalized usage entropy: 0.7866
DEBUG visual concept usage [stage4] top 10:
  concept 105: 18 patches (10.71%)
  concept 133: 17 patches (10.12%)
  concept 351: 12 patches (7.14%)
  concept 130: 9 patches (5.36%)
  concept 27: 8 patches (4.76%)
  concept 208: 8 patches (4.76%)
  concept 465: 7 patches (4.17%)
  concept 273: 5 patches (2.98%)
  concept 427: 5 patches (2.98%)
  concept 33: 4 patches (2.38%)
  normalized usage entropy: 0.7679
DEBUG pred min/max/mean/std: -3.953125 47.0 -3.296875 3.046875
DEBUG target min/max/mean/std: 0.0 1.0 0.018274791538715363 0.08981239050626755
DEBUG fixation pixels per sample: [5.0, 3.0]
DEBUG fix_batch min/max/mean/std: 0.0 1.0 1.775568125594873e-05 0.004213716369122267
DEBUG losses: {'loss_total': -0.8374060392379761, 'loss_fid': 31.31563949584961, 'loss_patch_fid': 3.3637733459472656, 'loss_dense_fid': 3.96213436126709, 'loss_dense_bce': -0.0, 'loss_dense_kl': 23.989730834960938, 'loss_topk': -0.0, 'loss_delta': -0.0, 'loss_cc': 0.12920773029327393, 'loss_nss': -8.325281143188477, 'loss_sim': 0.34046125411987305, 'loss_concept_dense': 0.0, 'loss_concept_kl': 0.0, 'loss_align': 0.0, 'loss_sparse': 0.0, 'loss_div': 0.0, 'loss_gate': 0.0, 'loss_visual_entropy': 0.541485071182251, 'loss_visual_equiv': 0.0, 'loss_visual_usage': 0.19337546825408936, 'loss_temporal_attention_entropy': 0.0, 'loss_total_concept': 0.039882250130176544, 'loss_decoder_side_aux': -0.35123410820961, 'loss_priority_map': 1.211751103401184, 'loss_priority_map_weighted': 0.12117511034011841, 'priority_map_loss': 1.211751103401184, 'weighted_priority_map_loss': 0.12117511034011841, 'loss_priority_map_stage3': 1.2315170764923096, 'loss_priority_map_stage4': 1.1919851303100586, 'loss_side_stage4': -0.681318461894989, 'loss_side_stage3': -0.7042300701141357, 'loss_side_stage2': -0.698462188243866, 'loss_side_stage1': -0.7098792195320129}
Epoch 36/200
  Mean train loss: -0.197666
  Validation:    skipped (runs every 5 epochs)
  Current LR:      4.61e-05
  Saved checkpoint: training_outputs/ckpts/20260915_204758/epoch_036.pth

Epoch 37/200
pred_saliency: shape=(2, 1, 224, 384) min=-3.9531 max=54.7500 mean=-3.2900 std=3.0978
sal_batch: shape=(2, 1, 360, 656) min=0.0000 max=1.0000 mean=0.0227 std=0.0936
DEBUG features_shape: {'stage1': (2, 96, 16, 56, 96), 'stage2': (2, 192, 16, 28, 48), 'stage3': (2, 384, 16, 14, 24), 'stage4': (2, 768, 16, 7, 12)}
DEBUG gate: no gate_debug available. This usually means return_concept_losses=False or lambda_gate=0.
DEBUG decoder visual FiLM [stage1] | film_gamma=unavailable (pass return_decoder_diagnostics=True)
DEBUG decoder visual FiLM [stage2] | film_gamma=unavailable (pass return_decoder_diagnostics=True)
DEBUG decoder visual FiLM [stage3] | film_gamma mean/std/min/max=0.0625/0.9088/0.0000/31.5636 | patch_priority_alpha=0.1004
DEBUG decoder visual FiLM [stage4] | film_gamma mean/std/min/max=0.0625/0.9281/0.0000/26.5465 | patch_priority_alpha=0.0993
DEBUG factorized comparison [stage3] | query_norm_mean=0.2153 | key_norm_mean=0.2914 | context_mean=0.0000 | context_std=0.0095 | context_min=-0.0222 | context_max=0.0284 | total_candidate_weight=336.0000 | spatial_strength=0.0999 | spatial_freq_entropy=2.7725 | spatial_freq_weight_mean=0.6953 | rank=32
DEBUG factorized comparison [stage4] | query_norm_mean=0.2566 | key_norm_mean=0.1459 | context_mean=0.0000 | context_std=0.0071 | context_min=-0.0162 | context_max=0.0210 | total_candidate_weight=84.0000 | spatial_strength=0.1002 | spatial_freq_entropy=2.7723 | spatial_freq_weight_mean=0.6993 | rank=32
patch-priority map [stage3] | mean=0.062500 | std=0.908760 | min=0.000000 | max=31.563555 | alpha=0.100431
patch-priority map [stage4] | mean=0.062500 | std=0.928139 | min=0.000000 | max=26.546526 | alpha=0.099306
DEBUG visual concept usage [stage1] top 10:
  concept 87: 129 patches (1.20%)
  concept 267: 97 patches (0.90%)
  concept 265: 89 patches (0.83%)
  concept 337: 86 patches (0.80%)
  concept 282: 85 patches (0.79%)
  concept 413: 82 patches (0.76%)
  concept 95: 80 patches (0.74%)
  concept 344: 80 patches (0.74%)
  concept 78: 79 patches (0.73%)
  concept 419: 79 patches (0.73%)
  normalized usage entropy: 0.8605
DEBUG visual concept usage [stage2] top 10:
  concept 46: 437 patches (16.26%)
  concept 289: 366 patches (13.62%)
  concept 327: 292 patches (10.86%)
  concept 276: 242 patches (9.00%)
  concept 394: 238 patches (8.85%)
  concept 5: 170 patches (6.32%)
  concept 363: 162 patches (6.03%)
  concept 414: 146 patches (5.43%)
  concept 259: 138 patches (5.13%)
  concept 84: 127 patches (4.72%)
  normalized usage entropy: 0.8244
DEBUG visual concept usage [stage3] top 10:
  concept 204: 144 patches (21.43%)
  concept 462: 78 patches (11.61%)
  concept 383: 61 patches (9.08%)
  concept 90: 57 patches (8.48%)
  concept 57: 45 patches (6.70%)
  concept 35: 35 patches (5.21%)
  concept 505: 35 patches (5.21%)
  concept 135: 32 patches (4.76%)
  concept 91: 25 patches (3.72%)
  concept 78: 16 patches (2.38%)
  normalized usage entropy: 0.7842
DEBUG visual concept usage [stage4] top 10:
  concept 105: 17 patches (10.12%)
  concept 351: 11 patches (6.55%)
  concept 130: 10 patches (5.95%)
  concept 133: 9 patches (5.36%)
  concept 208: 8 patches (4.76%)
  concept 199: 7 patches (4.17%)
  concept 501: 7 patches (4.17%)
  concept 27: 6 patches (3.57%)
  concept 465: 5 patches (2.98%)
  concept 55: 4 patches (2.38%)
  normalized usage entropy: 0.7681
DEBUG pred min/max/mean/std: -3.953125 54.75 -3.296875 3.09375
DEBUG target min/max/mean/std: 0.0 1.0 0.022672314196825027 0.093563973903656
DEBUG fixation pixels per sample: [5.0, 5.0]
DEBUG fix_batch min/max/mean/std: 0.0 1.0 2.117208714480512e-05 0.004601269960403442
DEBUG losses: {'loss_total': -0.4117772579193115, 'loss_fid': 42.15533447265625, 'loss_patch_fid': 3.404362678527832, 'loss_dense_fid': 3.9218122959136963, 'loss_dense_bce': -0.0, 'loss_dense_kl': 34.829158782958984, 'loss_topk': -0.0, 'loss_delta': -0.0, 'loss_cc': 0.23562276363372803, 'loss_nss': -6.4754719734191895, 'loss_sim': 0.4155195951461792, 'loss_concept_dense': 0.0, 'loss_concept_kl': 0.0, 'loss_align': 0.0, 'loss_sparse': 0.0, 'loss_div': 0.0, 'loss_gate': 0.0, 'loss_visual_entropy': 0.5432878732681274, 'loss_visual_equiv': 0.0, 'loss_visual_usage': 0.19068358838558197, 'loss_temporal_attention_entropy': 0.0, 'loss_total_concept': 0.040493741631507874, 'loss_decoder_side_aux': -0.20895332098007202, 'loss_priority_map': 1.052700161933899, 'loss_priority_map_weighted': 0.10527002066373825, 'priority_map_loss': 1.052700161933899, 'weighted_priority_map_loss': 0.10527002066373825, 'loss_priority_map_stage3': 1.0784697532653809, 'loss_priority_map_stage4': 1.026930570602417, 'loss_side_stage4': -0.46662068367004395, 'loss_side_stage3': -0.43280237913131714, 'loss_side_stage2': -0.39734798669815063, 'loss_side_stage1': -0.41369926929473877}
Epoch 37/200
  Mean train loss: -0.190611
  Validation:    skipped (runs every 5 epochs)
  Current LR:      4.59e-05
  Saved checkpoint: training_outputs/ckpts/20260915_204758/epoch_037.pth

Epoch 38/200
pred_saliency: shape=(2, 1, 224, 384) min=-3.9531 max=44.2500 mean=-3.1395 std=2.9194
sal_batch: shape=(2, 1, 332, 628) min=0.0000 max=1.0000 mean=0.0399 std=0.1356
DEBUG features_shape: {'stage1': (2, 96, 16, 56, 96), 'stage2': (2, 192, 16, 28, 48), 'stage3': (2, 384, 16, 14, 24), 'stage4': (2, 768, 16, 7, 12)}
DEBUG gate: no gate_debug available. This usually means return_concept_losses=False or lambda_gate=0.
DEBUG decoder visual FiLM [stage1] | film_gamma=unavailable (pass return_decoder_diagnostics=True)
DEBUG decoder visual FiLM [stage2] | film_gamma=unavailable (pass return_decoder_diagnostics=True)
DEBUG decoder visual FiLM [stage3] | film_gamma mean/std/min/max=0.0625/0.9434/0.0000/50.8549 | patch_priority_alpha=0.1004
DEBUG decoder visual FiLM [stage4] | film_gamma mean/std/min/max=0.0625/0.6629/0.0000/18.1558 | patch_priority_alpha=0.0992
DEBUG factorized comparison [stage3] | query_norm_mean=0.1987 | key_norm_mean=0.2712 | context_mean=0.0000 | context_std=0.0076 | context_min=-0.0184 | context_max=0.0191 | total_candidate_weight=336.0000 | spatial_strength=0.0999 | spatial_freq_entropy=2.7725 | spatial_freq_weight_mean=0.6953 | rank=32
DEBUG factorized comparison [stage4] | query_norm_mean=0.2817 | key_norm_mean=0.1418 | context_mean=-0.0000 | context_std=0.0076 | context_min=-0.0177 | context_max=0.0181 | total_candidate_weight=84.0000 | spatial_strength=0.1002 | spatial_freq_entropy=2.7723 | spatial_freq_weight_mean=0.6993 | rank=32
patch-priority map [stage3] | mean=0.062500 | std=0.943351 | min=0.000000 | max=50.854942 | alpha=0.100438
patch-priority map [stage4] | mean=0.062500 | std=0.662927 | min=0.000000 | max=18.155767 | alpha=0.099223
DEBUG visual concept usage [stage1] top 10:
  concept 127: 89 patches (0.83%)
  concept 6: 83 patches (0.77%)
  concept 453: 83 patches (0.77%)
  concept 222: 82 patches (0.76%)
  concept 28: 81 patches (0.75%)
  concept 56: 81 patches (0.75%)
  concept 74: 81 patches (0.75%)
  concept 374: 79 patches (0.73%)
  concept 45: 78 patches (0.73%)
  concept 44: 76 patches (0.71%)
  normalized usage entropy: 0.8614
DEBUG visual concept usage [stage2] top 10:
  concept 46: 539 patches (20.05%)
  concept 289: 387 patches (14.40%)
  concept 327: 271 patches (10.08%)
  concept 394: 234 patches (8.71%)
  concept 259: 224 patches (8.33%)
  concept 276: 193 patches (7.18%)
  concept 414: 168 patches (6.25%)
  concept 5: 152 patches (5.65%)
  concept 363: 114 patches (4.24%)
  concept 84: 110 patches (4.09%)
  normalized usage entropy: 0.8221
DEBUG visual concept usage [stage3] top 10:
  concept 462: 104 patches (15.48%)
  concept 204: 93 patches (13.84%)
  concept 383: 91 patches (13.54%)
  concept 90: 50 patches (7.44%)
  concept 57: 44 patches (6.55%)
  concept 0: 38 patches (5.65%)
  concept 35: 24 patches (3.57%)
  concept 91: 23 patches (3.42%)
  concept 65: 19 patches (2.83%)
  concept 135: 19 patches (2.83%)
  normalized usage entropy: 0.7882
DEBUG visual concept usage [stage4] top 10:
  concept 105: 32 patches (19.05%)
  concept 133: 16 patches (9.52%)
  concept 351: 9 patches (5.36%)
  concept 273: 8 patches (4.76%)
  concept 465: 8 patches (4.76%)
  concept 130: 7 patches (4.17%)
  concept 208: 6 patches (3.57%)
  concept 274: 5 patches (2.98%)
  concept 488: 5 patches (2.98%)
  concept 266: 4 patches (2.38%)
  normalized usage entropy: 0.7794
DEBUG pred min/max/mean/std: -3.953125 44.25 -3.140625 2.921875
DEBUG target min/max/mean/std: 0.0 1.0 0.03994962200522423 0.13562795519828796
DEBUG fixation pixels per sample: [5.0, 5.0]
DEBUG fix_batch min/max/mean/std: 0.0 1.0 2.3981274352991022e-05 0.004897015169262886
DEBUG losses: {'loss_total': 0.8517146706581116, 'loss_fid': 32.429771423339844, 'loss_patch_fid': 3.3641252517700195, 'loss_dense_fid': 3.895461320877075, 'loss_dense_bce': -0.0, 'loss_dense_kl': 25.170185089111328, 'loss_topk': -0.0, 'loss_delta': -0.0, 'loss_cc': 0.5554625391960144, 'loss_nss': -1.458131194114685, 'loss_sim': 0.5748611688613892, 'loss_concept_dense': 0.0, 'loss_concept_kl': 0.0, 'loss_align': 0.0, 'loss_sparse': 0.0, 'loss_div': 0.0, 'loss_gate': 0.0, 'loss_visual_entropy': 0.5499905347824097, 'loss_visual_equiv': 0.0, 'loss_visual_usage': 0.18724969029426575, 'loss_temporal_attention_entropy': 0.0, 'loss_total_concept': 0.04369771480560303, 'loss_decoder_side_aux': 0.21256530284881592, 'loss_priority_map': 1.0684115886688232, 'loss_priority_map_weighted': 0.10684116184711456, 'priority_map_loss': 1.0684115886688232, 'weighted_priority_map_loss': 0.10684116184711456, 'loss_priority_map_stage3': 1.1389999389648438, 'loss_priority_map_stage4': 0.9978232383728027, 'loss_side_stage4': 0.4399685561656952, 'loss_side_stage3': 0.45838236808776855, 'loss_side_stage2': 0.4246048927307129, 'loss_side_stage1': 0.405189573764801}
Epoch 38/200
  Mean train loss: -0.184786
  Validation:    skipped (runs every 5 epochs)
  Current LR:      4.57e-05
  Saved checkpoint: training_outputs/ckpts/20260915_204758/epoch_038.pth

Epoch 39/200
pred_saliency: shape=(2, 1, 224, 384) min=-3.9531 max=55.7500 mean=-3.4057 std=3.1405
sal_batch: shape=(2, 1, 384, 720) min=0.0000 max=1.0000 mean=0.0137 std=0.0786
DEBUG features_shape: {'stage1': (2, 96, 16, 56, 96), 'stage2': (2, 192, 16, 28, 48), 'stage3': (2, 384, 16, 14, 24), 'stage4': (2, 768, 16, 7, 12)}
DEBUG gate: no gate_debug available. This usually means return_concept_losses=False or lambda_gate=0.
DEBUG decoder visual FiLM [stage1] | film_gamma=unavailable (pass return_decoder_diagnostics=True)
DEBUG decoder visual FiLM [stage2] | film_gamma=unavailable (pass return_decoder_diagnostics=True)
DEBUG decoder visual FiLM [stage3] | film_gamma mean/std/min/max=0.0625/1.2232/0.0000/63.2603 | patch_priority_alpha=0.1004
DEBUG decoder visual FiLM [stage4] | film_gamma mean/std/min/max=0.0625/1.2219/0.0000/40.6934 | patch_priority_alpha=0.0992
DEBUG factorized comparison [stage3] | query_norm_mean=0.1879 | key_norm_mean=0.2419 | context_mean=-0.0000 | context_std=0.0071 | context_min=-0.0179 | context_max=0.0233 | total_candidate_weight=336.0000 | spatial_strength=0.0999 | spatial_freq_entropy=2.7725 | spatial_freq_weight_mean=0.6953 | rank=32
DEBUG factorized comparison [stage4] | query_norm_mean=0.2206 | key_norm_mean=0.1553 | context_mean=-0.0000 | context_std=0.0069 | context_min=-0.0163 | context_max=0.0209 | total_candidate_weight=84.0000 | spatial_strength=0.1002 | spatial_freq_entropy=2.7723 | spatial_freq_weight_mean=0.6993 | rank=32
patch-priority map [stage3] | mean=0.062500 | std=1.223174 | min=0.000000 | max=63.260342 | alpha=0.100421
patch-priority map [stage4] | mean=0.062500 | std=1.221926 | min=0.000000 | max=40.693443 | alpha=0.099214
DEBUG visual concept usage [stage1] top 10:
  concept 32: 158 patches (1.47%)
  concept 267: 147 patches (1.37%)
  concept 161: 125 patches (1.16%)
  concept 87: 118 patches (1.10%)
  concept 259: 115 patches (1.07%)
  concept 344: 109 patches (1.01%)
  concept 467: 108 patches (1.00%)
  concept 46: 104 patches (0.97%)
  concept 191: 101 patches (0.94%)
  concept 282: 100 patches (0.93%)
  normalized usage entropy: 0.8532
DEBUG visual concept usage [stage2] top 10:
  concept 5: 641 patches (23.85%)
  concept 259: 535 patches (19.90%)
  concept 394: 354 patches (13.17%)
  concept 414: 197 patches (7.33%)
  concept 289: 144 patches (5.36%)
  concept 327: 136 patches (5.06%)
  concept 276: 130 patches (4.84%)
  concept 46: 121 patches (4.50%)
  concept 363: 102 patches (3.79%)
  concept 8: 99 patches (3.68%)
  normalized usage entropy: 0.8034
DEBUG visual concept usage [stage3] top 10:
  concept 204: 109 patches (16.22%)
  concept 35: 58 patches (8.63%)
  concept 462: 55 patches (8.18%)
  concept 78: 39 patches (5.80%)
  concept 383: 34 patches (5.06%)
  concept 57: 28 patches (4.17%)
  concept 65: 27 patches (4.02%)
  concept 90: 24 patches (3.57%)
  concept 0: 22 patches (3.27%)
  concept 505: 16 patches (2.38%)
  normalized usage entropy: 0.7691
DEBUG visual concept usage [stage4] top 10:
  concept 105: 16 patches (9.52%)
  concept 177: 7 patches (4.17%)
  concept 64: 6 patches (3.57%)
  concept 133: 6 patches (3.57%)
  concept 235: 6 patches (3.57%)
  concept 39: 5 patches (2.98%)
  concept 53: 5 patches (2.98%)
  concept 55: 5 patches (2.98%)
  concept 130: 5 patches (2.98%)
  concept 148: 5 patches (2.98%)
  normalized usage entropy: 0.7488
DEBUG pred min/max/mean/std: -3.953125 55.75 -3.40625 3.140625
DEBUG target min/max/mean/std: 0.0 1.0 0.013669351115822792 0.07861500233411789
DEBUG fixation pixels per sample: [4.0, 5.0]
DEBUG fix_batch min/max/mean/std: 0.0 1.0 1.6276040696538985e-05 0.0040343282744288445
DEBUG losses: {'loss_total': -1.2832175493240356, 'loss_fid': 39.665367126464844, 'loss_patch_fid': 3.3273918628692627, 'loss_dense_fid': 4.016456127166748, 'loss_dense_bce': -0.0, 'loss_dense_kl': 32.32151794433594, 'loss_topk': -0.0, 'loss_delta': -0.0, 'loss_cc': 0.07994496822357178, 'loss_nss': -10.201447486877441, 'loss_sim': 0.2502286434173584, 'loss_concept_dense': 0.0, 'loss_concept_kl': 0.0, 'loss_align': 0.0, 'loss_sparse': 0.0, 'loss_div': 0.0, 'loss_gate': 0.0, 'loss_visual_entropy': 0.533684492111206, 'loss_visual_equiv': 0.0, 'loss_visual_usage': 0.20637410879135132, 'loss_temporal_attention_entropy': 0.0, 'loss_total_concept': 0.03801826387643814, 'loss_decoder_side_aux': -0.46212315559387207, 'loss_priority_map': 0.32758623361587524, 'loss_priority_map_weighted': 0.032758623361587524, 'priority_map_loss': 0.32758623361587524, 'weighted_priority_map_loss': 0.032758623361587524, 'loss_priority_map_stage3': 0.36845698952674866, 'loss_priority_map_stage4': 0.28671544790267944, 'loss_side_stage4': -0.8338243961334229, 'loss_side_stage3': -0.9129317998886108, 'loss_side_stage2': -0.9341198205947876, 'loss_side_stage1': -0.9451038241386414}
Epoch 39/200
  Mean train loss: -0.222988
  Validation:    skipped (runs every 5 epochs)
  Current LR:      4.55e-05
  Saved checkpoint: training_outputs/ckpts/20260915_204758/epoch_039.pth

Epoch 40/200
pred_saliency: shape=(2, 1, 224, 384) min=-3.9531 max=68.0000 mean=-3.3585 std=3.2531
sal_batch: shape=(2, 1, 416, 608) min=0.0000 max=1.0000 mean=0.0173 std=0.0873
DEBUG features_shape: {'stage1': (2, 96, 16, 56, 96), 'stage2': (2, 192, 16, 28, 48), 'stage3': (2, 384, 16, 14, 24), 'stage4': (2, 768, 16, 7, 12)}
DEBUG gate: no gate_debug available. This usually means return_concept_losses=False or lambda_gate=0.
DEBUG decoder visual FiLM [stage1] | film_gamma=unavailable (pass return_decoder_diagnostics=True)
DEBUG decoder visual FiLM [stage2] | film_gamma=unavailable (pass return_decoder_diagnostics=True)
DEBUG decoder visual FiLM [stage3] | film_gamma mean/std/min/max=0.0625/0.9841/0.0000/42.5763 | patch_priority_alpha=0.1005
DEBUG decoder visual FiLM [stage4] | film_gamma mean/std/min/max=0.0625/0.9096/0.0000/33.6320 | patch_priority_alpha=0.0992
DEBUG factorized comparison [stage3] | query_norm_mean=0.2163 | key_norm_mean=0.2967 | context_mean=0.0000 | context_std=0.0103 | context_min=-0.0233 | context_max=0.0317 | total_candidate_weight=336.0000 | spatial_strength=0.0999 | spatial_freq_entropy=2.7725 | spatial_freq_weight_mean=0.6953 | rank=32
DEBUG factorized comparison [stage4] | query_norm_mean=0.2541 | key_norm_mean=0.1507 | context_mean=-0.0000 | context_std=0.0077 | context_min=-0.0180 | context_max=0.0184 | total_candidate_weight=84.0000 | spatial_strength=0.1002 | spatial_freq_entropy=2.7723 | spatial_freq_weight_mean=0.6993 | rank=32
patch-priority map [stage3] | mean=0.062500 | std=0.984107 | min=0.000000 | max=42.576302 | alpha=0.100463
patch-priority map [stage4] | mean=0.062500 | std=0.909577 | min=0.000000 | max=33.632042 | alpha=0.099218
DEBUG visual concept usage [stage1] top 10:
  concept 48: 92 patches (0.86%)
  concept 152: 89 patches (0.83%)
  concept 50: 87 patches (0.81%)
  concept 32: 83 patches (0.77%)
  concept 75: 82 patches (0.76%)
  concept 344: 82 patches (0.76%)
  concept 33: 80 patches (0.74%)
  concept 212: 80 patches (0.74%)
  concept 112: 79 patches (0.73%)
  concept 81: 78 patches (0.73%)
  normalized usage entropy: 0.8604
DEBUG visual concept usage [stage2] top 10:
  concept 57: 490 patches (18.23%)
  concept 5: 323 patches (12.02%)
  concept 259: 315 patches (11.72%)
  concept 394: 298 patches (11.09%)
  concept 46: 197 patches (7.33%)
  concept 289: 193 patches (7.18%)
  concept 414: 189 patches (7.03%)
  concept 327: 133 patches (4.95%)
  concept 276: 121 patches (4.50%)
  concept 84: 116 patches (4.32%)
  normalized usage entropy: 0.8174
DEBUG visual concept usage [stage3] top 10:
  concept 204: 90 patches (13.39%)
  concept 383: 80 patches (11.90%)
  concept 462: 79 patches (11.76%)
  concept 57: 49 patches (7.29%)
  concept 35: 35 patches (5.21%)
  concept 90: 26 patches (3.87%)
  concept 505: 24 patches (3.57%)
  concept 297: 22 patches (3.27%)
  concept 354: 17 patches (2.53%)
  concept 33: 16 patches (2.38%)
  normalized usage entropy: 0.7872
DEBUG visual concept usage [stage4] top 10:
  concept 105: 28 patches (16.67%)
  concept 133: 12 patches (7.14%)
  concept 312: 11 patches (6.55%)
  concept 130: 8 patches (4.76%)
  concept 154: 6 patches (3.57%)
  concept 418: 6 patches (3.57%)
  concept 465: 6 patches (3.57%)
  concept 179: 5 patches (2.98%)
  concept 435: 5 patches (2.98%)
  concept 27: 4 patches (2.38%)
  normalized usage entropy: 0.7642
DEBUG pred min/max/mean/std: -3.953125 68.0 -3.359375 3.25
DEBUG target min/max/mean/std: 0.0 1.0 0.017341656610369682 0.08729346096515656
DEBUG fixation pixels per sample: [5.0, 3.0]
DEBUG fix_batch min/max/mean/std: 0.0 1.0 1.581477772560902e-05 0.003976752050220966
DEBUG losses: {'loss_total': -0.7107135057449341, 'loss_fid': 50.40270233154297, 'loss_patch_fid': 3.2085041999816895, 'loss_dense_fid': 3.953277349472046, 'loss_dense_bce': -0.0, 'loss_dense_kl': 43.24092102050781, 'loss_topk': -0.0, 'loss_delta': -0.0, 'loss_cc': 0.1755017638206482, 'loss_nss': -7.590020179748535, 'loss_sim': 0.37686294317245483, 'loss_concept_dense': 0.0, 'loss_concept_kl': 0.0, 'loss_align': 0.0, 'loss_sparse': 0.0, 'loss_div': 0.0, 'loss_gate': 0.0, 'loss_visual_entropy': 0.5379822254180908, 'loss_visual_equiv': 0.0, 'loss_visual_usage': 0.1927090436220169, 'loss_temporal_attention_entropy': 0.0, 'loss_total_concept': 0.039139844477176666, 'loss_decoder_side_aux': -0.2993764281272888, 'loss_priority_map': 0.733762264251709, 'loss_priority_map_weighted': 0.07337623089551926, 'priority_map_loss': 0.733762264251709, 'weighted_priority_map_loss': 0.07337623089551926, 'loss_priority_map_stage3': 0.803133487701416, 'loss_priority_map_stage4': 0.664391040802002, 'loss_side_stage4': -0.6357327699661255, 'loss_side_stage3': -0.6105281710624695, 'loss_side_stage2': -0.5970014929771423, 'loss_side_stage1': -0.5849337577819824}
DEBUG decoder visual FiLM [stage1] | film_gamma=unavailable (pass return_decoder_diagnostics=True)
DEBUG decoder visual FiLM [stage2] | film_gamma=unavailable (pass return_decoder_diagnostics=True)
DEBUG decoder visual FiLM [stage3] | film_gamma mean/std/min/max=0.0625/0.9195/0.0000/50.4154 | patch_priority_alpha=0.1004
DEBUG decoder visual FiLM [stage4] | film_gamma mean/std/min/max=0.0625/0.9679/0.0000/35.5119 | patch_priority_alpha=0.0992
DEBUG factorized comparison [stage3] | query_norm_mean=0.1847 | key_norm_mean=0.2864 | context_mean=0.0000 | context_std=0.0070 | context_min=-0.0161 | context_max=0.0211 | total_candidate_weight=336.0000 | spatial_strength=0.0999 | spatial_freq_entropy=2.7725 | spatial_freq_weight_mean=0.6954 | rank=32
DEBUG factorized comparison [stage4] | query_norm_mean=0.2588 | key_norm_mean=0.1457 | context_mean=0.0000 | context_std=0.0070 | context_min=-0.0167 | context_max=0.0218 | total_candidate_weight=84.0000 | spatial_strength=0.1003 | spatial_freq_entropy=2.7723 | spatial_freq_weight_mean=0.6993 | rank=32
patch-priority map [stage3] | mean=0.062500 | std=0.919519 | min=0.000000 | max=50.415398 | alpha=0.100421
patch-priority map [stage4] | mean=0.062500 | std=0.967917 | min=0.000000 | max=35.511871 | alpha=0.099232
Epoch 40/200
  Mean train loss: -0.265091
  Mean val loss:   0.164476
  Current LR:      4.52e-05
Val metrics   | CC: 0.6448 | SIM: 0.5241
  Saved checkpoint: training_outputs/ckpts/20260915_204758/epoch_040.pth

Epoch 41/200
pred_saliency: shape=(2, 1, 224, 384) min=-3.9531 max=35.2500 mean=-3.1996 std=3.2045
sal_batch: shape=(2, 1, 576, 720) min=0.0000 max=1.0000 mean=0.0124 std=0.0730
DEBUG features_shape: {'stage1': (2, 96, 16, 56, 96), 'stage2': (2, 192, 16, 28, 48), 'stage3': (2, 384, 16, 14, 24), 'stage4': (2, 768, 16, 7, 12)}
DEBUG gate: no gate_debug available. This usually means return_concept_losses=False or lambda_gate=0.
DEBUG decoder visual FiLM [stage1] | film_gamma=unavailable (pass return_decoder_diagnostics=True)
DEBUG decoder visual FiLM [stage2] | film_gamma=unavailable (pass return_decoder_diagnostics=True)
DEBUG decoder visual FiLM [stage3] | film_gamma mean/std/min/max=0.0625/0.8765/0.0000/37.1573 | patch_priority_alpha=0.1004
DEBUG decoder visual FiLM [stage4] | film_gamma mean/std/min/max=0.0625/0.8745/0.0000/23.9237 | patch_priority_alpha=0.0992
DEBUG factorized comparison [stage3] | query_norm_mean=0.1686 | key_norm_mean=0.2656 | context_mean=0.0000 | context_std=0.0059 | context_min=-0.0131 | context_max=0.0188 | total_candidate_weight=336.0000 | spatial_strength=0.0999 | spatial_freq_entropy=2.7725 | spatial_freq_weight_mean=0.6954 | rank=32
DEBUG factorized comparison [stage4] | query_norm_mean=0.2342 | key_norm_mean=0.1484 | context_mean=-0.0000 | context_std=0.0067 | context_min=-0.0145 | context_max=0.0201 | total_candidate_weight=84.0000 | spatial_strength=0.1003 | spatial_freq_entropy=2.7723 | spatial_freq_weight_mean=0.6993 | rank=32
patch-priority map [stage3] | mean=0.062500 | std=0.876523 | min=0.000000 | max=37.157269 | alpha=0.100421
patch-priority map [stage4] | mean=0.062500 | std=0.874452 | min=0.000000 | max=23.923672 | alpha=0.099232
DEBUG visual concept usage [stage1] top 10:
  concept 264: 1126 patches (10.47%)
  concept 84: 1112 patches (10.34%)
  concept 215: 575 patches (5.35%)
  concept 143: 384 patches (3.57%)
  concept 234: 184 patches (1.71%)
  concept 463: 165 patches (1.53%)
  concept 58: 106 patches (0.99%)
  concept 28: 90 patches (0.84%)
  concept 481: 89 patches (0.83%)
  concept 315: 88 patches (0.82%)
  normalized usage entropy: 0.8078
DEBUG visual concept usage [stage2] top 10:
  concept 5: 661 patches (24.59%)
  concept 259: 350 patches (13.02%)
  concept 394: 277 patches (10.31%)
  concept 414: 213 patches (7.92%)
  concept 46: 165 patches (6.14%)
  concept 276: 158 patches (5.88%)
  concept 327: 157 patches (5.84%)
  concept 289: 156 patches (5.80%)
  concept 84: 135 patches (5.02%)
  concept 8: 124 patches (4.61%)
  normalized usage entropy: 0.8143
DEBUG visual concept usage [stage3] top 10:
  concept 204: 84 patches (12.50%)
  concept 462: 62 patches (9.23%)
  concept 57: 47 patches (6.99%)
  concept 383: 39 patches (5.80%)
  concept 78: 38 patches (5.65%)
  concept 0: 27 patches (4.02%)
  concept 35: 22 patches (3.27%)
  concept 259: 22 patches (3.27%)
  concept 90: 21 patches (3.12%)
  concept 506: 21 patches (3.12%)
  normalized usage entropy: 0.7711
DEBUG visual concept usage [stage4] top 10:
  concept 133: 12 patches (7.14%)
  concept 105: 10 patches (5.95%)
  concept 55: 9 patches (5.36%)
  concept 27: 7 patches (4.17%)
  concept 262: 7 patches (4.17%)
  concept 52: 6 patches (3.57%)
  concept 130: 6 patches (3.57%)
  concept 148: 6 patches (3.57%)
  concept 427: 6 patches (3.57%)
  concept 35: 5 patches (2.98%)
  normalized usage entropy: 0.7642
DEBUG pred min/max/mean/std: -3.953125 35.25 -3.203125 3.203125
DEBUG target min/max/mean/std: 0.0 1.0 0.01236695982515812 0.0730261579155922
DEBUG fixation pixels per sample: [5.0, 5.0]
DEBUG fix_batch min/max/mean/std: 0.0 1.0 1.2056327250320464e-05 0.0034722036216408014
DEBUG losses: {'loss_total': -0.5296351909637451, 'loss_fid': 21.746809005737305, 'loss_patch_fid': 3.1907007694244385, 'loss_dense_fid': 4.063487529754639, 'loss_dense_bce': -0.0, 'loss_dense_kl': 14.492620468139648, 'loss_topk': -0.0, 'loss_delta': -0.0, 'loss_cc': 0.23146259784698486, 'loss_nss': -7.1100311279296875, 'loss_sim': 0.42368143796920776, 'loss_concept_dense': 0.0, 'loss_concept_kl': 0.0, 'loss_align': 0.0, 'loss_sparse': 0.0, 'loss_div': 0.0, 'loss_gate': 0.0, 'loss_visual_entropy': 0.536300778388977, 'loss_visual_equiv': 0.0, 'loss_visual_usage': 0.2106485664844513, 'loss_temporal_attention_entropy': 0.0, 'loss_total_concept': 0.03806960955262184, 'loss_decoder_side_aux': -0.22074806690216064, 'loss_priority_map': 0.6646931171417236, 'loss_priority_map_weighted': 0.06646931171417236, 'priority_map_loss': 0.6646931171417236, 'weighted_priority_map_loss': 0.06646931171417236, 'loss_priority_map_stage3': 0.739945650100708, 'loss_priority_map_stage4': 0.5894405841827393, 'loss_side_stage4': -0.42574071884155273, 'loss_side_stage3': -0.3278079628944397, 'loss_side_stage2': -0.4698325991630554, 'loss_side_stage1': -0.48102664947509766}
Epoch 41/200
  Mean train loss: -0.213371
  Validation:    skipped (runs every 5 epochs)
  Current LR:      4.50e-05
  Saved checkpoint: training_outputs/ckpts/20260915_204758/epoch_041.pth

Epoch 42/200
pred_saliency: shape=(2, 1, 224, 384) min=-3.9531 max=49.0000 mean=-3.0415 std=3.1456
sal_batch: shape=(2, 1, 320, 640) min=0.0000 max=1.0000 mean=0.0262 std=0.1124
DEBUG features_shape: {'stage1': (2, 96, 16, 56, 96), 'stage2': (2, 192, 16, 28, 48), 'stage3': (2, 384, 16, 14, 24), 'stage4': (2, 768, 16, 7, 12)}
DEBUG gate: no gate_debug available. This usually means return_concept_losses=False or lambda_gate=0.
DEBUG decoder visual FiLM [stage1] | film_gamma=unavailable (pass return_decoder_diagnostics=True)
DEBUG decoder visual FiLM [stage2] | film_gamma=unavailable (pass return_decoder_diagnostics=True)
DEBUG decoder visual FiLM [stage3] | film_gamma mean/std/min/max=0.0625/0.7591/0.0000/32.3372 | patch_priority_alpha=0.1004
DEBUG decoder visual FiLM [stage4] | film_gamma mean/std/min/max=0.0625/0.7012/0.0000/18.4737 | patch_priority_alpha=0.0992
DEBUG factorized comparison [stage3] | query_norm_mean=0.1664 | key_norm_mean=0.2780 | context_mean=0.0000 | context_std=0.0051 | context_min=-0.0113 | context_max=0.0146 | total_candidate_weight=336.0000 | spatial_strength=0.1000 | spatial_freq_entropy=2.7725 | spatial_freq_weight_mean=0.6954 | rank=32
DEBUG factorized comparison [stage4] | query_norm_mean=0.2470 | key_norm_mean=0.1316 | context_mean=0.0000 | context_std=0.0061 | context_min=-0.0157 | context_max=0.0151 | total_candidate_weight=84.0000 | spatial_strength=0.1003 | spatial_freq_entropy=2.7723 | spatial_freq_weight_mean=0.6993 | rank=32
patch-priority map [stage3] | mean=0.062500 | std=0.759064 | min=0.000000 | max=32.337246 | alpha=0.100392
patch-priority map [stage4] | mean=0.062500 | std=0.701238 | min=0.000000 | max=18.473658 | alpha=0.099226
DEBUG visual concept usage [stage1] top 10:
  concept 374: 115 patches (1.07%)
  concept 87: 85 patches (0.79%)
  concept 65: 83 patches (0.77%)
  concept 453: 82 patches (0.76%)
  concept 282: 79 patches (0.73%)
  concept 135: 78 patches (0.73%)
  concept 165: 78 patches (0.73%)
  concept 240: 78 patches (0.73%)
  concept 50: 77 patches (0.72%)
  concept 105: 76 patches (0.71%)
  normalized usage entropy: 0.8610
DEBUG visual concept usage [stage2] top 10:
  concept 46: 377 patches (14.03%)
  concept 259: 337 patches (12.54%)
  concept 5: 302 patches (11.24%)
  concept 289: 273 patches (10.16%)
  concept 327: 248 patches (9.23%)
  concept 276: 203 patches (7.55%)
  concept 394: 192 patches (7.14%)
  concept 414: 148 patches (5.51%)
  concept 363: 113 patches (4.20%)
  concept 8: 107 patches (3.98%)
  normalized usage entropy: 0.8291
DEBUG visual concept usage [stage3] top 10:
  concept 383: 92 patches (13.69%)
  concept 462: 88 patches (13.10%)
  concept 204: 76 patches (11.31%)
  concept 91: 57 patches (8.48%)
  concept 57: 37 patches (5.51%)
  concept 90: 36 patches (5.36%)
  concept 505: 27 patches (4.02%)
  concept 78: 26 patches (3.87%)
  concept 35: 23 patches (3.42%)
  concept 135: 20 patches (2.98%)
  normalized usage entropy: 0.7892
DEBUG visual concept usage [stage4] top 10:
  concept 105: 24 patches (14.29%)
  concept 133: 19 patches (11.31%)
  concept 346: 8 patches (4.76%)
  concept 427: 8 patches (4.76%)
  concept 6: 7 patches (4.17%)
  concept 130: 7 patches (4.17%)
  concept 148: 5 patches (2.98%)
  concept 195: 5 patches (2.98%)
  concept 273: 5 patches (2.98%)
  concept 351: 5 patches (2.98%)
  normalized usage entropy: 0.7785
DEBUG pred min/max/mean/std: -3.953125 49.0 -3.046875 3.140625
DEBUG target min/max/mean/std: 0.0 1.0 0.026210974901914597 0.11244648694992065
DEBUG fixation pixels per sample: [5.0, 3.0]
DEBUG fix_batch min/max/mean/std: 0.0 1.0 1.9531249563442543e-05 0.004419379401952028
DEBUG losses: {'loss_total': -0.1563485562801361, 'loss_fid': 34.1070442199707, 'loss_patch_fid': 3.261375904083252, 'loss_dense_fid': 3.8601233959198, 'loss_dense_bce': -0.0, 'loss_dense_kl': 26.985546112060547, 'loss_topk': -0.0, 'loss_delta': -0.0, 'loss_cc': 0.318872332572937, 'loss_nss': -5.656220436096191, 'loss_sim': 0.47932976484298706, 'loss_concept_dense': 0.0, 'loss_concept_kl': 0.0, 'loss_align': 0.0, 'loss_sparse': 0.0, 'loss_div': 0.0, 'loss_gate': 0.0, 'loss_visual_entropy': 0.541060209274292, 'loss_visual_equiv': 0.0, 'loss_visual_usage': 0.18553906679153442, 'loss_temporal_attention_entropy': 0.0, 'loss_total_concept': 0.04130867123603821, 'loss_decoder_side_aux': -0.13035863637924194, 'loss_priority_map': 1.1025890111923218, 'loss_priority_map_weighted': 0.11025889962911606, 'priority_map_loss': 1.1025890111923218, 'weighted_priority_map_loss': 0.11025889962911606, 'loss_priority_map_stage3': 1.2233413457870483, 'loss_priority_map_stage4': 0.98183673620224, 'loss_side_stage4': -0.38318127393722534, 'loss_side_stage3': -0.2683543562889099, 'loss_side_stage2': -0.23796898126602173, 'loss_side_stage1': -0.24334394931793213}
Epoch 42/200
  Mean train loss: -0.240064
  Validation:    skipped (runs every 5 epochs)
  Current LR:      4.48e-05
  Saved checkpoint: training_outputs/ckpts/20260915_204758/epoch_042.pth

Epoch 43/200
pred_saliency: shape=(2, 1, 224, 384) min=-3.9531 max=53.0000 mean=-3.2139 std=3.1889
sal_batch: shape=(2, 1, 416, 640) min=0.0000 max=1.0000 mean=0.0130 std=0.0765
DEBUG features_shape: {'stage1': (2, 96, 16, 56, 96), 'stage2': (2, 192, 16, 28, 48), 'stage3': (2, 384, 16, 14, 24), 'stage4': (2, 768, 16, 7, 12)}
DEBUG gate: no gate_debug available. This usually means return_concept_losses=False or lambda_gate=0.
DEBUG decoder visual FiLM [stage1] | film_gamma=unavailable (pass return_decoder_diagnostics=True)
DEBUG decoder visual FiLM [stage2] | film_gamma=unavailable (pass return_decoder_diagnostics=True)
DEBUG decoder visual FiLM [stage3] | film_gamma mean/std/min/max=0.0625/0.8934/0.0000/33.2192 | patch_priority_alpha=0.1004
DEBUG decoder visual FiLM [stage4] | film_gamma mean/std/min/max=0.0625/1.0132/0.0000/32.4178 | patch_priority_alpha=0.0992
DEBUG factorized comparison [stage3] | query_norm_mean=0.1976 | key_norm_mean=0.2871 | context_mean=0.0000 | context_std=0.0088 | context_min=-0.0207 | context_max=0.0267 | total_candidate_weight=336.0000 | spatial_strength=0.0999 | spatial_freq_entropy=2.7725 | spatial_freq_weight_mean=0.6953 | rank=32
DEBUG factorized comparison [stage4] | query_norm_mean=0.2363 | key_norm_mean=0.1280 | context_mean=-0.0000 | context_std=0.0050 | context_min=-0.0104 | context_max=0.0152 | total_candidate_weight=84.0000 | spatial_strength=0.1003 | spatial_freq_entropy=2.7723 | spatial_freq_weight_mean=0.6993 | rank=32
patch-priority map [stage3] | mean=0.062500 | std=0.893351 | min=0.000000 | max=33.219177 | alpha=0.100449
patch-priority map [stage4] | mean=0.062500 | std=1.013194 | min=0.000000 | max=32.417789 | alpha=0.099210
DEBUG visual concept usage [stage1] top 10:
  concept 212: 104 patches (0.97%)
  concept 155: 88 patches (0.82%)
  concept 68: 84 patches (0.78%)
  concept 81: 83 patches (0.77%)
  concept 127: 83 patches (0.77%)
  concept 176: 81 patches (0.75%)
  concept 78: 80 patches (0.74%)
  concept 169: 80 patches (0.74%)
  concept 137: 77 patches (0.72%)
  concept 154: 76 patches (0.71%)
  normalized usage entropy: 0.8604
DEBUG visual concept usage [stage2] top 10:
  concept 5: 407 patches (15.14%)
  concept 394: 300 patches (11.16%)
  concept 259: 280 patches (10.42%)
  concept 46: 222 patches (8.26%)
  concept 414: 219 patches (8.15%)
  concept 289: 218 patches (8.11%)
  concept 57: 213 patches (7.92%)
  concept 276: 148 patches (5.51%)
  concept 327: 145 patches (5.39%)
  concept 84: 134 patches (4.99%)
  normalized usage entropy: 0.8219
DEBUG visual concept usage [stage3] top 10:
  concept 204: 83 patches (12.35%)
  concept 462: 74 patches (11.01%)
  concept 91: 71 patches (10.57%)
  concept 383: 63 patches (9.38%)
  concept 35: 49 patches (7.29%)
  concept 90: 31 patches (4.61%)
  concept 505: 30 patches (4.46%)
  concept 44: 26 patches (3.87%)
  concept 57: 26 patches (3.87%)
  concept 78: 26 patches (3.87%)
  normalized usage entropy: 0.7806
DEBUG visual concept usage [stage4] top 10:
  concept 105: 19 patches (11.31%)
  concept 133: 18 patches (10.71%)
  concept 351: 10 patches (5.95%)
  concept 346: 9 patches (5.36%)
  concept 130: 7 patches (4.17%)
  concept 273: 6 patches (3.57%)
  concept 502: 6 patches (3.57%)
  concept 55: 5 patches (2.98%)
  concept 148: 4 patches (2.38%)
  concept 245: 4 patches (2.38%)
  normalized usage entropy: 0.7712
DEBUG pred min/max/mean/std: -3.953125 53.0 -3.21875 3.1875
DEBUG target min/max/mean/std: 0.0 1.0 0.013030046597123146 0.07652154564857483
DEBUG fixation pixels per sample: [4.0, 3.0]
DEBUG fix_batch min/max/mean/std: 0.0 1.0 1.314603377977619e-05 0.0036257256288081408
DEBUG losses: {'loss_total': -0.6153377294540405, 'loss_fid': 34.59120178222656, 'loss_patch_fid': 3.2036314010620117, 'loss_dense_fid': 3.9745681285858154, 'loss_dense_bce': -0.0, 'loss_dense_kl': 27.41300392150879, 'loss_topk': -0.0, 'loss_delta': -0.0, 'loss_cc': 0.2833287715911865, 'loss_nss': -8.26060676574707, 'loss_sim': 0.5057685971260071, 'loss_concept_dense': 0.0, 'loss_concept_kl': 0.0, 'loss_align': 0.0, 'loss_sparse': 0.0, 'loss_div': 0.0, 'loss_gate': 0.0, 'loss_visual_entropy': 0.5341730117797852, 'loss_visual_equiv': 0.0, 'loss_visual_usage': 0.191474050283432, 'loss_temporal_attention_entropy': 0.0, 'loss_total_concept': 0.03831440210342407, 'loss_decoder_side_aux': -0.276196151971817, 'loss_priority_map': 0.928808331489563, 'loss_priority_map_weighted': 0.09288083761930466, 'priority_map_loss': 0.928808331489563, 'weighted_priority_map_loss': 0.09288083761930466, 'loss_priority_map_stage3': 1.070446252822876, 'loss_priority_map_stage4': 0.7871704697608948, 'loss_side_stage4': -0.6265508532524109, 'loss_side_stage3': -0.5756385326385498, 'loss_side_stage2': -0.5199112892150879, 'loss_side_stage1': -0.546590268611908}
Epoch 43/200
  Mean train loss: -0.260234
  Validation:    skipped (runs every 5 epochs)
  Current LR:      4.45e-05
  Saved checkpoint: training_outputs/ckpts/20260915_204758/epoch_043.pth

Epoch 44/200
pred_saliency: shape=(2, 1, 224, 384) min=-3.9531 max=45.5000 mean=-3.1728 std=3.1527
sal_batch: shape=(2, 1, 304, 656) min=0.0000 max=1.0000 mean=0.0310 std=0.1122
DEBUG features_shape: {'stage1': (2, 96, 16, 56, 96), 'stage2': (2, 192, 16, 28, 48), 'stage3': (2, 384, 16, 14, 24), 'stage4': (2, 768, 16, 7, 12)}
DEBUG gate: no gate_debug available. This usually means return_concept_losses=False or lambda_gate=0.
DEBUG decoder visual FiLM [stage1] | film_gamma=unavailable (pass return_decoder_diagnostics=True)
DEBUG decoder visual FiLM [stage2] | film_gamma=unavailable (pass return_decoder_diagnostics=True)
DEBUG decoder visual FiLM [stage3] | film_gamma mean/std/min/max=0.0625/0.7632/0.0000/30.9802 | patch_priority_alpha=0.1004
DEBUG decoder visual FiLM [stage4] | film_gamma mean/std/min/max=0.0625/0.8465/0.0000/28.2728 | patch_priority_alpha=0.0992
DEBUG factorized comparison [stage3] | query_norm_mean=0.1763 | key_norm_mean=0.2834 | context_mean=-0.0000 | context_std=0.0064 | context_min=-0.0152 | context_max=0.0165 | total_candidate_weight=336.0000 | spatial_strength=0.1000 | spatial_freq_entropy=2.7725 | spatial_freq_weight_mean=0.6953 | rank=32
DEBUG factorized comparison [stage4] | query_norm_mean=0.2345 | key_norm_mean=0.1307 | context_mean=-0.0000 | context_std=0.0050 | context_min=-0.0103 | context_max=0.0142 | total_candidate_weight=84.0000 | spatial_strength=0.1003 | spatial_freq_entropy=2.7723 | spatial_freq_weight_mean=0.6993 | rank=32
patch-priority map [stage3] | mean=0.062500 | std=0.763165 | min=0.000000 | max=30.980242 | alpha=0.100415
patch-priority map [stage4] | mean=0.062500 | std=0.846519 | min=0.000000 | max=28.272787 | alpha=0.099231
DEBUG visual concept usage [stage1] top 10:
  concept 78: 87 patches (0.81%)
  concept 169: 87 patches (0.81%)
  concept 28: 86 patches (0.80%)
  concept 199: 86 patches (0.80%)
  concept 127: 80 patches (0.74%)
  concept 213: 79 patches (0.73%)
  concept 83: 78 patches (0.73%)
  concept 120: 76 patches (0.71%)
  concept 378: 76 patches (0.71%)
  concept 34: 74 patches (0.69%)
  normalized usage entropy: 0.8606
DEBUG visual concept usage [stage2] top 10:
  concept 46: 334 patches (12.43%)
  concept 289: 310 patches (11.53%)
  concept 5: 259 patches (9.64%)
  concept 327: 239 patches (8.89%)
  concept 57: 223 patches (8.30%)
  concept 276: 192 patches (7.14%)
  concept 414: 189 patches (7.03%)
  concept 394: 183 patches (6.81%)
  concept 259: 137 patches (5.10%)
  concept 363: 133 patches (4.95%)
  normalized usage entropy: 0.8293
DEBUG visual concept usage [stage3] top 10:
  concept 204: 94 patches (13.99%)
  concept 462: 93 patches (13.84%)
  concept 91: 84 patches (12.50%)
  concept 383: 60 patches (8.93%)
  concept 57: 38 patches (5.65%)
  concept 505: 36 patches (5.36%)
  concept 90: 35 patches (5.21%)
  concept 35: 22 patches (3.27%)
  concept 0: 20 patches (2.98%)
  concept 135: 18 patches (2.68%)
  normalized usage entropy: 0.7847
DEBUG visual concept usage [stage4] top 10:
  concept 133: 18 patches (10.71%)
  concept 105: 17 patches (10.12%)
  concept 351: 15 patches (8.93%)
  concept 55: 7 patches (4.17%)
  concept 130: 7 patches (4.17%)
  concept 346: 7 patches (4.17%)
  concept 171: 6 patches (3.57%)
  concept 392: 6 patches (3.57%)
  concept 465: 6 patches (3.57%)
  concept 27: 5 patches (2.98%)
  normalized usage entropy: 0.7728
DEBUG pred min/max/mean/std: -3.953125 45.5 -3.171875 3.15625
DEBUG target min/max/mean/std: 0.0 1.0 0.031036827713251114 0.11224646866321564
DEBUG fixation pixels per sample: [5.0, 4.0]
DEBUG fix_batch min/max/mean/std: 0.0 1.0 2.2564987375517376e-05 0.004750214051455259
DEBUG losses: {'loss_total': 0.397438645362854, 'loss_fid': 34.649169921875, 'loss_patch_fid': 3.3181614875793457, 'loss_dense_fid': 3.9623312950134277, 'loss_dense_bce': -0.0, 'loss_dense_kl': 27.368675231933594, 'loss_topk': -0.0, 'loss_delta': -0.0, 'loss_cc': 0.3999706506729126, 'loss_nss': -2.9766383171081543, 'loss_sim': 0.5132656097412109, 'loss_concept_dense': 0.0, 'loss_concept_kl': 0.0, 'loss_align': 0.0, 'loss_sparse': 0.0, 'loss_div': 0.0, 'loss_gate': 0.0, 'loss_visual_entropy': 0.5402154922485352, 'loss_visual_equiv': 0.0, 'loss_visual_usage': 0.18813423812389374, 'loss_temporal_attention_entropy': 0.0, 'loss_total_concept': 0.04178951308131218, 'loss_decoder_side_aux': 0.05537654459476471, 'loss_priority_map': 1.2512474060058594, 'loss_priority_map_weighted': 0.1251247376203537, 'priority_map_loss': 1.2512474060058594, 'weighted_priority_map_loss': 0.1251247376203537, 'loss_priority_map_stage3': 1.2267805337905884, 'loss_priority_map_stage4': 1.2757141590118408, 'loss_side_stage4': 0.15917354822158813, 'loss_side_stage3': 0.10769814252853394, 'loss_side_stage2': 0.1027020812034607, 'loss_side_stage1': 0.10621371865272522}
Epoch 44/200
  Mean train loss: -0.246019
  Validation:    skipped (runs every 5 epochs)
  Current LR:      4.43e-05
  Saved checkpoint: training_outputs/ckpts/20260915_204758/epoch_044.pth

Epoch 45/200
pred_saliency: shape=(2, 1, 224, 384) min=-3.9531 max=54.5000 mean=-3.2702 std=3.3656
sal_batch: shape=(2, 1, 352, 656) min=0.0000 max=1.0000 mean=0.0161 std=0.0883
DEBUG features_shape: {'stage1': (2, 96, 16, 56, 96), 'stage2': (2, 192, 16, 28, 48), 'stage3': (2, 384, 16, 14, 24), 'stage4': (2, 768, 16, 7, 12)}
DEBUG gate: no gate_debug available. This usually means return_concept_losses=False or lambda_gate=0.
DEBUG decoder visual FiLM [stage1] | film_gamma=unavailable (pass return_decoder_diagnostics=True)
DEBUG decoder visual FiLM [stage2] | film_gamma=unavailable (pass return_decoder_diagnostics=True)
DEBUG decoder visual FiLM [stage3] | film_gamma mean/std/min/max=0.0625/1.0203/0.0000/38.6062 | patch_priority_alpha=0.1004
DEBUG decoder visual FiLM [stage4] | film_gamma mean/std/min/max=0.0625/1.0920/0.0000/37.0518 | patch_priority_alpha=0.0992
DEBUG factorized comparison [stage3] | query_norm_mean=0.1907 | key_norm_mean=0.2749 | context_mean=0.0000 | context_std=0.0088 | context_min=-0.0192 | context_max=0.0257 | total_candidate_weight=336.0000 | spatial_strength=0.0999 | spatial_freq_entropy=2.7725 | spatial_freq_weight_mean=0.6953 | rank=32
DEBUG factorized comparison [stage4] | query_norm_mean=0.2066 | key_norm_mean=0.1273 | context_mean=0.0000 | context_std=0.0045 | context_min=-0.0096 | context_max=0.0150 | total_candidate_weight=84.0000 | spatial_strength=0.1003 | spatial_freq_entropy=2.7723 | spatial_freq_weight_mean=0.6994 | rank=32
patch-priority map [stage3] | mean=0.062500 | std=1.020311 | min=0.000000 | max=38.606182 | alpha=0.100392
patch-priority map [stage4] | mean=0.062500 | std=1.091986 | min=0.000000 | max=37.051815 | alpha=0.099207
DEBUG visual concept usage [stage1] top 10:
  concept 118: 105 patches (0.98%)
  concept 30: 98 patches (0.91%)
  concept 28: 93 patches (0.86%)
  concept 265: 92 patches (0.86%)
  concept 56: 89 patches (0.83%)
  concept 37: 87 patches (0.81%)
  concept 83: 84 patches (0.78%)
  concept 171: 81 patches (0.75%)
  concept 88: 79 patches (0.73%)
  concept 228: 78 patches (0.73%)
  normalized usage entropy: 0.8599
DEBUG visual concept usage [stage2] top 10:
  concept 57: 450 patches (16.74%)
  concept 5: 388 patches (14.43%)
  concept 46: 301 patches (11.20%)
  concept 259: 275 patches (10.23%)
  concept 394: 230 patches (8.56%)
  concept 289: 188 patches (6.99%)
  concept 327: 122 patches (4.54%)
  concept 73: 119 patches (4.43%)
  concept 414: 119 patches (4.43%)
  concept 276: 117 patches (4.35%)
  normalized usage entropy: 0.8234
DEBUG visual concept usage [stage3] top 10:
  concept 204: 74 patches (11.01%)
  concept 90: 69 patches (10.27%)
  concept 462: 49 patches (7.29%)
  concept 383: 42 patches (6.25%)
  concept 57: 37 patches (5.51%)
  concept 35: 36 patches (5.36%)
  concept 0: 32 patches (4.76%)
  concept 259: 26 patches (3.87%)
  concept 91: 25 patches (3.72%)
  concept 135: 24 patches (3.57%)
  normalized usage entropy: 0.7772
DEBUG visual concept usage [stage4] top 10:
  concept 133: 13 patches (7.74%)
  concept 105: 11 patches (6.55%)
  concept 130: 6 patches (3.57%)
  concept 351: 6 patches (3.57%)
  concept 392: 6 patches (3.57%)
  concept 427: 6 patches (3.57%)
  concept 55: 5 patches (2.98%)
  concept 179: 5 patches (2.98%)
  concept 495: 5 patches (2.98%)
  concept 115: 4 patches (2.38%)
  normalized usage entropy: 0.7645
DEBUG pred min/max/mean/std: -3.953125 54.5 -3.265625 3.359375
DEBUG target min/max/mean/std: 0.0 1.0 0.016053514555096626 0.08832982182502747
DEBUG fixation pixels per sample: [4.0, 5.0]
DEBUG fix_batch min/max/mean/std: 0.0 1.0 1.9487943063722923e-05 0.004414476919919252
DEBUG losses: {'loss_total': -0.9952701926231384, 'loss_fid': 32.699249267578125, 'loss_patch_fid': 3.2919704914093018, 'loss_dense_fid': 4.043079376220703, 'loss_dense_bce': -0.0, 'loss_dense_kl': 25.364200592041016, 'loss_topk': -0.0, 'loss_delta': -0.0, 'loss_cc': 0.0727614164352417, 'loss_nss': -8.187726020812988, 'loss_sim': 0.23954033851623535, 'loss_concept_dense': 0.0, 'loss_concept_kl': 0.0, 'loss_align': 0.0, 'loss_sparse': 0.0, 'loss_div': 0.0, 'loss_gate': 0.0, 'loss_visual_entropy': 0.5298680067062378, 'loss_visual_equiv': 0.0, 'loss_visual_usage': 0.19372636079788208, 'loss_temporal_attention_entropy': 0.0, 'loss_total_concept': 0.03859039023518562, 'loss_decoder_side_aux': -0.3704753518104553, 'loss_priority_map': 0.36649903655052185, 'loss_priority_map_weighted': 0.036649905145168304, 'priority_map_loss': 0.36649903655052185, 'weighted_priority_map_loss': 0.036649905145168304, 'loss_priority_map_stage3': 0.3872315585613251, 'loss_priority_map_stage4': 0.34576651453971863, 'loss_side_stage4': -0.7342252135276794, 'loss_side_stage3': -0.7434220314025879, 'loss_side_stage2': -0.7396308779716492, 'loss_side_stage1': -0.7423861622810364}
DEBUG decoder visual FiLM [stage1] | film_gamma=unavailable (pass return_decoder_diagnostics=True)
DEBUG decoder visual FiLM [stage2] | film_gamma=unavailable (pass return_decoder_diagnostics=True)
DEBUG decoder visual FiLM [stage3] | film_gamma mean/std/min/max=0.0625/0.8814/0.0000/46.6278 | patch_priority_alpha=0.1004
DEBUG decoder visual FiLM [stage4] | film_gamma mean/std/min/max=0.0625/0.9741/0.0000/38.9958 | patch_priority_alpha=0.0992
DEBUG factorized comparison [stage3] | query_norm_mean=0.1634 | key_norm_mean=0.2734 | context_mean=-0.0000 | context_std=0.0057 | context_min=-0.0138 | context_max=0.0172 | total_candidate_weight=336.0000 | spatial_strength=0.1000 | spatial_freq_entropy=2.7725 | spatial_freq_weight_mean=0.6954 | rank=32
DEBUG factorized comparison [stage4] | query_norm_mean=0.2211 | key_norm_mean=0.1315 | context_mean=-0.0000 | context_std=0.0052 | context_min=-0.0113 | context_max=0.0160 | total_candidate_weight=84.0000 | spatial_strength=0.1003 | spatial_freq_entropy=2.7723 | spatial_freq_weight_mean=0.6994 | rank=32
patch-priority map [stage3] | mean=0.062500 | std=0.881440 | min=0.000000 | max=46.627769 | alpha=0.100356
patch-priority map [stage4] | mean=0.062500 | std=0.974050 | min=0.000000 | max=38.995792 | alpha=0.099200
Epoch 45/200
  Mean train loss: -0.279731
  Mean val loss:   0.166654
  Current LR:      4.40e-05
Val metrics   | CC: 0.6336 | SIM: 0.5176
  Saved checkpoint: training_outputs/ckpts/20260915_204758/epoch_045.pth

Epoch 46/200
pred_saliency: shape=(2, 1, 224, 384) min=-3.9531 max=51.7500 mean=-3.1344 std=3.4374
sal_batch: shape=(2, 1, 384, 656) min=0.0000 max=1.0000 mean=0.0247 std=0.1034
DEBUG features_shape: {'stage1': (2, 96, 16, 56, 96), 'stage2': (2, 192, 16, 28, 48), 'stage3': (2, 384, 16, 14, 24), 'stage4': (2, 768, 16, 7, 12)}
DEBUG gate: no gate_debug available. This usually means return_concept_losses=False or lambda_gate=0.
DEBUG decoder visual FiLM [stage1] | film_gamma=unavailable (pass return_decoder_diagnostics=True)
DEBUG decoder visual FiLM [stage2] | film_gamma=unavailable (pass return_decoder_diagnostics=True)
DEBUG decoder visual FiLM [stage3] | film_gamma mean/std/min/max=0.0625/0.6458/0.0000/20.8518 | patch_priority_alpha=0.1004
DEBUG decoder visual FiLM [stage4] | film_gamma mean/std/min/max=0.0625/0.8218/0.0000/28.2299 | patch_priority_alpha=0.0992
DEBUG factorized comparison [stage3] | query_norm_mean=0.1760 | key_norm_mean=0.2848 | context_mean=-0.0000 | context_std=0.0064 | context_min=-0.0153 | context_max=0.0162 | total_candidate_weight=336.0000 | spatial_strength=0.1000 | spatial_freq_entropy=2.7725 | spatial_freq_weight_mean=0.6954 | rank=32
DEBUG factorized comparison [stage4] | query_norm_mean=0.2536 | key_norm_mean=0.1316 | context_mean=-0.0000 | context_std=0.0061 | context_min=-0.0140 | context_max=0.0177 | total_candidate_weight=84.0000 | spatial_strength=0.1003 | spatial_freq_entropy=2.7723 | spatial_freq_weight_mean=0.6994 | rank=32
patch-priority map [stage3] | mean=0.062500 | std=0.645776 | min=0.000000 | max=20.851807 | alpha=0.100356
patch-priority map [stage4] | mean=0.062500 | std=0.821828 | min=0.000000 | max=28.229893 | alpha=0.099200
DEBUG visual concept usage [stage1] top 10:
  concept 29: 98 patches (0.91%)
  concept 68: 96 patches (0.89%)
  concept 367: 89 patches (0.83%)
  concept 64: 87 patches (0.81%)
  concept 203: 86 patches (0.80%)
  concept 484: 86 patches (0.80%)
  concept 183: 85 patches (0.79%)
  concept 95: 84 patches (0.78%)
  concept 72: 83 patches (0.77%)
  concept 149: 82 patches (0.76%)
  normalized usage entropy: 0.8590
DEBUG visual concept usage [stage2] top 10:
  concept 46: 721 patches (26.82%)
  concept 289: 551 patches (20.50%)
  concept 327: 312 patches (11.61%)
  concept 276: 205 patches (7.63%)
  concept 57: 192 patches (7.14%)
  concept 5: 174 patches (6.47%)
  concept 363: 110 patches (4.09%)
  concept 73: 101 patches (3.76%)
  concept 259: 53 patches (1.97%)
  concept 95: 45 patches (1.67%)
  normalized usage entropy: 0.8040
DEBUG visual concept usage [stage3] top 10:
  concept 462: 139 patches (20.68%)
  concept 204: 124 patches (18.45%)
  concept 383: 109 patches (16.22%)
  concept 57: 43 patches (6.40%)
  concept 91: 36 patches (5.36%)
  concept 505: 26 patches (3.87%)
  concept 90: 18 patches (2.68%)
  concept 135: 16 patches (2.38%)
  concept 0: 13 patches (1.93%)
  concept 35: 13 patches (1.93%)
  normalized usage entropy: 0.7831
DEBUG visual concept usage [stage4] top 10:
  concept 105: 29 patches (17.26%)
  concept 133: 28 patches (16.67%)
  concept 351: 17 patches (10.12%)
  concept 55: 9 patches (5.36%)
  concept 130: 7 patches (4.17%)
  concept 346: 6 patches (3.57%)
  concept 378: 5 patches (2.98%)
  concept 179: 4 patches (2.38%)
  concept 24: 3 patches (1.79%)
  concept 39: 3 patches (1.79%)
  normalized usage entropy: 0.7800
DEBUG pred min/max/mean/std: -3.953125 51.75 -3.140625 3.4375
DEBUG target min/max/mean/std: 0.0 1.0 0.024739187210798264 0.10339582711458206
DEBUG fixation pixels per sample: [5.0, 5.0]
DEBUG fix_batch min/max/mean/std: 0.0 1.0 1.984883056138642e-05 0.0044551631435751915
DEBUG losses: {'loss_total': 0.1987316906452179, 'loss_fid': 41.97160720825195, 'loss_patch_fid': 3.2663016319274902, 'loss_dense_fid': 3.9206113815307617, 'loss_dense_bce': -0.0, 'loss_dense_kl': 34.78469467163086, 'loss_topk': -0.0, 'loss_delta': -0.0, 'loss_cc': 0.36885929107666016, 'loss_nss': -3.874239683151245, 'loss_sim': 0.47017282247543335, 'loss_concept_dense': 0.0, 'loss_concept_kl': 0.0, 'loss_align': 0.0, 'loss_sparse': 0.0, 'loss_div': 0.0, 'loss_gate': 0.0, 'loss_visual_entropy': 0.5579397678375244, 'loss_visual_equiv': 0.0, 'loss_visual_usage': 0.19346986711025238, 'loss_temporal_attention_entropy': 0.0, 'loss_total_concept': 0.04208802431821823, 'loss_decoder_side_aux': -0.000438241520896554, 'loss_priority_map': 1.064926028251648, 'loss_priority_map_weighted': 0.10649260133504868, 'priority_map_loss': 1.064926028251648, 'weighted_priority_map_loss': 0.10649260133504868, 'loss_priority_map_stage3': 1.1081831455230713, 'loss_priority_map_stage4': 1.0216689109802246, 'loss_side_stage4': -0.030233383178710938, 'loss_side_stage3': 0.04913029074668884, 'loss_side_stage2': -0.0001119077205657959, 'loss_side_stage1': -0.01911407709121704}
Epoch 46/200
  Mean train loss: -0.264046
  Validation:    skipped (runs every 5 epochs)
  Current LR:      4.38e-05
  Saved checkpoint: training_outputs/ckpts/20260915_204758/epoch_046.pth

Epoch 47/200
pred_saliency: shape=(2, 1, 224, 384) min=-3.9531 max=61.0000 mean=-3.2565 std=3.5625
sal_batch: shape=(2, 1, 304, 544) min=0.0000 max=1.0000 mean=0.0239 std=0.1033
DEBUG features_shape: {'stage1': (2, 96, 16, 56, 96), 'stage2': (2, 192, 16, 28, 48), 'stage3': (2, 384, 16, 14, 24), 'stage4': (2, 768, 16, 7, 12)}
DEBUG gate: no gate_debug available. This usually means return_concept_losses=False or lambda_gate=0.
DEBUG decoder visual FiLM [stage1] | film_gamma=unavailable (pass return_decoder_diagnostics=True)
DEBUG decoder visual FiLM [stage2] | film_gamma=unavailable (pass return_decoder_diagnostics=True)
DEBUG decoder visual FiLM [stage3] | film_gamma mean/std/min/max=0.0625/0.9200/0.0000/32.0441 | patch_priority_alpha=0.1004
DEBUG decoder visual FiLM [stage4] | film_gamma mean/std/min/max=0.0625/0.9159/0.0000/25.9392 | patch_priority_alpha=0.0992
DEBUG factorized comparison [stage3] | query_norm_mean=0.1920 | key_norm_mean=0.2938 | context_mean=0.0000 | context_std=0.0088 | context_min=-0.0213 | context_max=0.0257 | total_candidate_weight=336.0000 | spatial_strength=0.1000 | spatial_freq_entropy=2.7725 | spatial_freq_weight_mean=0.6954 | rank=32
DEBUG factorized comparison [stage4] | query_norm_mean=0.2265 | key_norm_mean=0.1237 | context_mean=0.0000 | context_std=0.0046 | context_min=-0.0110 | context_max=0.0127 | total_candidate_weight=84.0000 | spatial_strength=0.1003 | spatial_freq_entropy=2.7723 | spatial_freq_weight_mean=0.6994 | rank=32
patch-priority map [stage3] | mean=0.062500 | std=0.920007 | min=0.000000 | max=32.044064 | alpha=0.100379
patch-priority map [stage4] | mean=0.062500 | std=0.915906 | min=0.000000 | max=25.939222 | alpha=0.099160
DEBUG visual concept usage [stage1] top 10:
  concept 81: 97 patches (0.90%)
  concept 203: 90 patches (0.84%)
  concept 34: 88 patches (0.82%)
  concept 153: 81 patches (0.75%)
  concept 231: 81 patches (0.75%)
  concept 39: 78 patches (0.73%)
  concept 63: 77 patches (0.72%)
  concept 95: 77 patches (0.72%)
  concept 33: 74 patches (0.69%)
  concept 427: 74 patches (0.69%)
  normalized usage entropy: 0.8611
DEBUG visual concept usage [stage2] top 10:
  concept 46: 451 patches (16.78%)
  concept 394: 257 patches (9.56%)
  concept 289: 232 patches (8.63%)
  concept 57: 220 patches (8.18%)
  concept 414: 192 patches (7.14%)
  concept 327: 176 patches (6.55%)
  concept 5: 170 patches (6.32%)
  concept 276: 162 patches (6.03%)
  concept 8: 126 patches (4.69%)
  concept 363: 126 patches (4.69%)
  normalized usage entropy: 0.8294
DEBUG visual concept usage [stage3] top 10:
  concept 462: 98 patches (14.58%)
  concept 383: 77 patches (11.46%)
  concept 204: 66 patches (9.82%)
  concept 91: 39 patches (5.80%)
  concept 505: 38 patches (5.65%)
  concept 90: 32 patches (4.76%)
  concept 57: 31 patches (4.61%)
  concept 78: 28 patches (4.17%)
  concept 35: 23 patches (3.42%)
  concept 135: 21 patches (3.12%)
  normalized usage entropy: 0.7888
DEBUG visual concept usage [stage4] top 10:
  concept 133: 22 patches (13.10%)
  concept 105: 21 patches (12.50%)
  concept 130: 12 patches (7.14%)
  concept 427: 9 patches (5.36%)
  concept 351: 7 patches (4.17%)
  concept 266: 5 patches (2.98%)
  concept 24: 4 patches (2.38%)
  concept 52: 4 patches (2.38%)
  concept 53: 4 patches (2.38%)
  concept 148: 4 patches (2.38%)
  normalized usage entropy: 0.7772
DEBUG pred min/max/mean/std: -3.953125 61.0 -3.25 3.5625
DEBUG target min/max/mean/std: 0.0 1.0 0.023914914578199387 0.10325603187084198
DEBUG fixation pixels per sample: [5.0, 5.0]
DEBUG fix_batch min/max/mean/std: 0.0 1.0 3.0234132282203063e-05 0.005498482380062342
DEBUG losses: {'loss_total': -0.6950708627700806, 'loss_fid': 47.41925811767578, 'loss_patch_fid': 3.283351421356201, 'loss_dense_fid': 4.0118937492370605, 'loss_dense_bce': -0.0, 'loss_dense_kl': 40.1240119934082, 'loss_topk': -0.0, 'loss_delta': -0.0, 'loss_cc': 0.19062858819961548, 'loss_nss': -7.460293292999268, 'loss_sim': 0.3198007345199585, 'loss_concept_dense': 0.0, 'loss_concept_kl': 0.0, 'loss_align': 0.0, 'loss_sparse': 0.0, 'loss_div': 0.0, 'loss_gate': 0.0, 'loss_visual_entropy': 0.5356497764587402, 'loss_visual_equiv': 0.0, 'loss_visual_usage': 0.18587873876094818, 'loss_temporal_attention_entropy': 0.0, 'loss_total_concept': 0.03992452844977379, 'loss_decoder_side_aux': -0.27771425247192383, 'loss_priority_map': 0.4487333595752716, 'loss_priority_map_weighted': 0.04487333819270134, 'priority_map_loss': 0.4487333595752716, 'weighted_priority_map_loss': 0.04487333819270134, 'loss_priority_map_stage3': 0.4439895749092102, 'loss_priority_map_stage4': 0.453477144241333, 'loss_side_stage4': -0.5376602411270142, 'loss_side_stage3': -0.557752788066864, 'loss_side_stage2': -0.556475818157196, 'loss_side_stage1': -0.557922899723053}
Epoch 47/200
  Mean train loss: -0.265719
  Validation:    skipped (runs every 5 epochs)
  Current LR:      4.35e-05
  Saved checkpoint: training_outputs/ckpts/20260915_204758/epoch_047.pth

Epoch 48/200
pred_saliency: shape=(2, 1, 224, 384) min=-3.9531 max=46.5000 mean=-3.1493 std=3.4352
sal_batch: shape=(2, 1, 320, 592) min=0.0000 max=1.0000 mean=0.0283 std=0.1074
DEBUG features_shape: {'stage1': (2, 96, 16, 56, 96), 'stage2': (2, 192, 16, 28, 48), 'stage3': (2, 384, 16, 14, 24), 'stage4': (2, 768, 16, 7, 12)}
DEBUG gate: no gate_debug available. This usually means return_concept_losses=False or lambda_gate=0.
DEBUG decoder visual FiLM [stage1] | film_gamma=unavailable (pass return_decoder_diagnostics=True)
DEBUG decoder visual FiLM [stage2] | film_gamma=unavailable (pass return_decoder_diagnostics=True)
DEBUG decoder visual FiLM [stage3] | film_gamma mean/std/min/max=0.0625/0.8305/0.0000/32.5248 | patch_priority_alpha=0.1004
DEBUG decoder visual FiLM [stage4] | film_gamma mean/std/min/max=0.0625/0.9460/0.0000/32.8551 | patch_priority_alpha=0.0992
DEBUG factorized comparison [stage3] | query_norm_mean=0.1670 | key_norm_mean=0.2643 | context_mean=-0.0000 | context_std=0.0062 | context_min=-0.0154 | context_max=0.0188 | total_candidate_weight=336.0000 | spatial_strength=0.1000 | spatial_freq_entropy=2.7725 | spatial_freq_weight_mean=0.6954 | rank=32
DEBUG factorized comparison [stage4] | query_norm_mean=0.2369 | key_norm_mean=0.1336 | context_mean=0.0000 | context_std=0.0057 | context_min=-0.0136 | context_max=0.0137 | total_candidate_weight=84.0000 | spatial_strength=0.1003 | spatial_freq_entropy=2.7723 | spatial_freq_weight_mean=0.6994 | rank=32
patch-priority map [stage3] | mean=0.062500 | std=0.830517 | min=0.000000 | max=32.524776 | alpha=0.100378
patch-priority map [stage4] | mean=0.062500 | std=0.945979 | min=0.000000 | max=32.855141 | alpha=0.099166
DEBUG visual concept usage [stage1] top 10:
  concept 65: 148 patches (1.38%)
  concept 105: 132 patches (1.23%)
  concept 343: 122 patches (1.13%)
  concept 37: 112 patches (1.04%)
  concept 374: 107 patches (1.00%)
  concept 117: 106 patches (0.99%)
  concept 373: 101 patches (0.94%)
  concept 442: 98 patches (0.91%)
  concept 410: 97 patches (0.90%)
  concept 165: 94 patches (0.87%)
  normalized usage entropy: 0.8538
DEBUG visual concept usage [stage2] top 10:
  concept 259: 374 patches (13.91%)
  concept 46: 335 patches (12.46%)
  concept 394: 243 patches (9.04%)
  concept 289: 238 patches (8.85%)
  concept 5: 226 patches (8.41%)
  concept 327: 206 patches (7.66%)
  concept 414: 194 patches (7.22%)
  concept 73: 151 patches (5.62%)
  concept 276: 133 patches (4.95%)
  concept 363: 118 patches (4.39%)
  normalized usage entropy: 0.8197
DEBUG visual concept usage [stage3] top 10:
  concept 462: 100 patches (14.88%)
  concept 383: 86 patches (12.80%)
  concept 204: 78 patches (11.61%)
  concept 91: 71 patches (10.57%)
  concept 57: 45 patches (6.70%)
  concept 35: 30 patches (4.46%)
  concept 90: 30 patches (4.46%)
  concept 505: 27 patches (4.02%)
  concept 112: 23 patches (3.42%)
  concept 0: 17 patches (2.53%)
  normalized usage entropy: 0.7866
DEBUG visual concept usage [stage4] top 10:
  concept 133: 20 patches (11.90%)
  concept 105: 19 patches (11.31%)
  concept 351: 10 patches (5.95%)
  concept 130: 7 patches (4.17%)
  concept 186: 7 patches (4.17%)
  concept 273: 7 patches (4.17%)
  concept 465: 7 patches (4.17%)
  concept 208: 5 patches (2.98%)
  concept 266: 5 patches (2.98%)
  concept 24: 4 patches (2.38%)
  normalized usage entropy: 0.7735
DEBUG pred min/max/mean/std: -3.953125 46.5 -3.15625 3.4375
DEBUG target min/max/mean/std: 0.0 1.0 0.02827301062643528 0.10744854062795639
DEBUG fixation pixels per sample: [5.0, 5.0]
DEBUG fix_batch min/max/mean/std: 0.0 1.0 2.6393581720185466e-05 0.0051374067552387714
DEBUG losses: {'loss_total': -0.566627562046051, 'loss_fid': 37.1427116394043, 'loss_patch_fid': 3.2917251586914062, 'loss_dense_fid': 3.9605557918548584, 'loss_dense_bce': -0.0, 'loss_dense_kl': 29.890430450439453, 'loss_topk': -0.0, 'loss_delta': -0.0, 'loss_cc': 0.1467055082321167, 'loss_nss': -6.500273704528809, 'loss_sim': 0.36195504665374756, 'loss_concept_dense': 0.0, 'loss_concept_kl': 0.0, 'loss_align': 0.0, 'loss_sparse': 0.0, 'loss_div': 0.0, 'loss_gate': 0.0, 'loss_visual_entropy': 0.5423918962478638, 'loss_visual_equiv': 0.0, 'loss_visual_usage': 0.1916014552116394, 'loss_temporal_attention_entropy': 0.0, 'loss_total_concept': 0.04123145341873169, 'loss_decoder_side_aux': -0.2516897916793823, 'loss_priority_map': 0.8908504247665405, 'loss_priority_map_weighted': 0.08908504247665405, 'priority_map_loss': 0.8908504247665405, 'weighted_priority_map_loss': 0.08908504247665405, 'loss_priority_map_stage3': 0.9556750655174255, 'loss_priority_map_stage4': 0.8260257244110107, 'loss_side_stage4': -0.4911538362503052, 'loss_side_stage3': -0.5232861638069153, 'loss_side_stage2': -0.497300922870636, 'loss_side_stage1': -0.5010416507720947}
DEBUG decoder visual FiLM [stage1] | film_gamma=unavailable (pass return_decoder_diagnostics=True)
DEBUG decoder visual FiLM [stage2] | film_gamma=unavailable (pass return_decoder_diagnostics=True)
DEBUG decoder visual FiLM [stage3] | film_gamma mean/std/min/max=0.0625/0.9833/0.0000/46.2114 | patch_priority_alpha=0.1004
DEBUG decoder visual FiLM [stage4] | film_gamma mean/std/min/max=0.0625/0.9665/0.0000/35.8312 | patch_priority_alpha=0.0991
DEBUG factorized comparison [stage3] | query_norm_mean=0.1876 | key_norm_mean=0.2881 | context_mean=0.0000 | context_std=0.0089 | context_min=-0.0211 | context_max=0.0272 | total_candidate_weight=336.0000 | spatial_strength=0.1000 | spatial_freq_entropy=2.7725 | spatial_freq_weight_mean=0.6954 | rank=32
DEBUG factorized comparison [stage4] | query_norm_mean=0.2157 | key_norm_mean=0.1316 | context_mean=0.0000 | context_std=0.0049 | context_min=-0.0110 | context_max=0.0149 | total_candidate_weight=84.0000 | spatial_strength=0.1004 | spatial_freq_entropy=2.7723 | spatial_freq_weight_mean=0.6993 | rank=32
patch-priority map [stage3] | mean=0.062500 | std=0.983274 | min=0.000000 | max=46.211384 | alpha=0.100385
patch-priority map [stage4] | mean=0.062500 | std=0.966519 | min=0.000000 | max=35.831184 | alpha=0.099074
Epoch 48/200
  Mean train loss: -0.243501
  Mean val loss:   0.167785
  Current LR:      4.32e-05
Val metrics   | CC: 0.6356 | SIM: 0.5204
  Saved checkpoint: training_outputs/ckpts/20260915_204758/epoch_048.pth

Epoch 49/200
pred_saliency: shape=(2, 1, 224, 384) min=-3.9531 max=55.7500 mean=-2.6850 std=3.2285
sal_batch: shape=(2, 1, 352, 592) min=0.0000 max=1.0000 mean=0.0577 std=0.1674
DEBUG features_shape: {'stage1': (2, 96, 16, 56, 96), 'stage2': (2, 192, 16, 28, 48), 'stage3': (2, 384, 16, 14, 24), 'stage4': (2, 768, 16, 7, 12)}
DEBUG gate: no gate_debug available. This usually means return_concept_losses=False or lambda_gate=0.
DEBUG decoder visual FiLM [stage1] | film_gamma=unavailable (pass return_decoder_diagnostics=True)
DEBUG decoder visual FiLM [stage2] | film_gamma=unavailable (pass return_decoder_diagnostics=True)
DEBUG decoder visual FiLM [stage3] | film_gamma mean/std/min/max=0.0625/0.6636/0.0000/29.3330 | patch_priority_alpha=0.1004
DEBUG decoder visual FiLM [stage4] | film_gamma mean/std/min/max=0.0625/0.6244/0.0000/19.9412 | patch_priority_alpha=0.0991
DEBUG factorized comparison [stage3] | query_norm_mean=0.1955 | key_norm_mean=0.2999 | context_mean=-0.0000 | context_std=0.0093 | context_min=-0.0222 | context_max=0.0243 | total_candidate_weight=336.0000 | spatial_strength=0.1000 | spatial_freq_entropy=2.7725 | spatial_freq_weight_mean=0.6954 | rank=32
DEBUG factorized comparison [stage4] | query_norm_mean=0.2579 | key_norm_mean=0.1357 | context_mean=-0.0000 | context_std=0.0059 | context_min=-0.0133 | context_max=0.0133 | total_candidate_weight=84.0000 | spatial_strength=0.1004 | spatial_freq_entropy=2.7723 | spatial_freq_weight_mean=0.6993 | rank=32
patch-priority map [stage3] | mean=0.062500 | std=0.663625 | min=0.000000 | max=29.332991 | alpha=0.100385
patch-priority map [stage4] | mean=0.062500 | std=0.624446 | min=0.000000 | max=19.941214 | alpha=0.099074
DEBUG visual concept usage [stage1] top 10:
  concept 105: 99 patches (0.92%)
  concept 117: 93 patches (0.86%)
  concept 212: 89 patches (0.83%)
  concept 65: 85 patches (0.79%)
  concept 143: 83 patches (0.77%)
  concept 374: 83 patches (0.77%)
  concept 357: 80 patches (0.74%)
  concept 37: 78 patches (0.73%)
  concept 30: 77 patches (0.72%)
  concept 169: 77 patches (0.72%)
  normalized usage entropy: 0.8616
DEBUG visual concept usage [stage2] top 10:
  concept 46: 507 patches (18.86%)
  concept 289: 351 patches (13.06%)
  concept 57: 248 patches (9.23%)
  concept 327: 248 patches (9.23%)
  concept 259: 177 patches (6.58%)
  concept 276: 172 patches (6.40%)
  concept 394: 144 patches (5.36%)
  concept 5: 137 patches (5.10%)
  concept 73: 125 patches (4.65%)
  concept 414: 120 patches (4.46%)
  normalized usage entropy: 0.8289
DEBUG visual concept usage [stage3] top 10:
  concept 383: 129 patches (19.20%)
  concept 204: 92 patches (13.69%)
  concept 462: 91 patches (13.54%)
  concept 57: 48 patches (7.14%)
  concept 91: 47 patches (6.99%)
  concept 35: 32 patches (4.76%)
  concept 90: 31 patches (4.61%)
  concept 78: 27 patches (4.02%)
  concept 505: 21 patches (3.12%)
  concept 135: 16 patches (2.38%)
  normalized usage entropy: 0.7909
DEBUG visual concept usage [stage4] top 10:
  concept 105: 41 patches (24.40%)
  concept 133: 17 patches (10.12%)
  concept 351: 9 patches (5.36%)
  concept 55: 7 patches (4.17%)
  concept 392: 6 patches (3.57%)
  concept 6: 5 patches (2.98%)
  concept 130: 5 patches (2.98%)
  concept 52: 4 patches (2.38%)
  concept 346: 4 patches (2.38%)
  concept 24: 3 patches (1.79%)
  normalized usage entropy: 0.7869
DEBUG pred min/max/mean/std: -3.953125 55.75 -2.6875 3.234375
DEBUG target min/max/mean/std: 0.0 1.0 0.057706840336322784 0.16738606989383698
DEBUG fixation pixels per sample: [5.0, 5.0]
DEBUG fix_batch min/max/mean/std: 0.0 1.0 2.3994163711904548e-05 0.00489833066239953
DEBUG losses: {'loss_total': 0.7008779644966125, 'loss_fid': 33.495662689208984, 'loss_patch_fid': 3.429551362991333, 'loss_dense_fid': 3.737863540649414, 'loss_dense_bce': -0.0, 'loss_dense_kl': 26.328248977661133, 'loss_topk': -0.0, 'loss_delta': -0.0, 'loss_cc': 0.4887371063232422, 'loss_nss': -1.5902622938156128, 'loss_sim': 0.49391210079193115, 'loss_concept_dense': 0.0, 'loss_concept_kl': 0.0, 'loss_align': 0.0, 'loss_sparse': 0.0, 'loss_div': 0.0, 'loss_gate': 0.0, 'loss_visual_entropy': 0.5509395599365234, 'loss_visual_equiv': 0.0, 'loss_visual_usage': 0.18291349709033966, 'loss_temporal_attention_entropy': 0.0, 'loss_total_concept': 0.046449966728687286, 'loss_decoder_side_aux': 0.1585708111524582, 'loss_priority_map': 0.9570910930633545, 'loss_priority_map_weighted': 0.09570910781621933, 'priority_map_loss': 0.9570910930633545, 'weighted_priority_map_loss': 0.09570910781621933, 'loss_priority_map_stage3': 1.0495333671569824, 'loss_priority_map_stage4': 0.8646488785743713, 'loss_side_stage4': 0.2941802144050598, 'loss_side_stage3': 0.31886765360832214, 'loss_side_stage2': 0.3231582045555115, 'loss_side_stage1': 0.31750649213790894}
DEBUG decoder visual FiLM [stage1] | film_gamma=unavailable (pass return_decoder_diagnostics=True)
DEBUG decoder visual FiLM [stage2] | film_gamma=unavailable (pass return_decoder_diagnostics=True)
DEBUG decoder visual FiLM [stage3] | film_gamma mean/std/min/max=0.0625/0.9270/0.0000/44.4600 | patch_priority_alpha=0.1004
DEBUG decoder visual FiLM [stage4] | film_gamma mean/std/min/max=0.0625/0.9452/0.0000/34.7146 | patch_priority_alpha=0.0991
DEBUG factorized comparison [stage3] | query_norm_mean=0.1758 | key_norm_mean=0.2847 | context_mean=0.0000 | context_std=0.0072 | context_min=-0.0168 | context_max=0.0215 | total_candidate_weight=336.0000 | spatial_strength=0.1000 | spatial_freq_entropy=2.7725 | spatial_freq_weight_mean=0.6954 | rank=32
DEBUG factorized comparison [stage4] | query_norm_mean=0.2214 | key_norm_mean=0.1287 | context_mean=-0.0000 | context_std=0.0048 | context_min=-0.0110 | context_max=0.0148 | total_candidate_weight=84.0000 | spatial_strength=0.1004 | spatial_freq_entropy=2.7723 | spatial_freq_weight_mean=0.6994 | rank=32
patch-priority map [stage3] | mean=0.062500 | std=0.926998 | min=0.000000 | max=44.460014 | alpha=0.100355
patch-priority map [stage4] | mean=0.062500 | std=0.945153 | min=0.000000 | max=34.714642 | alpha=0.099114
Epoch 49/200
  Mean train loss: -0.249385
  Mean val loss:   0.153753
  Current LR:      4.30e-05
Val metrics   | CC: 0.6498 | SIM: 0.5198
  Saved checkpoint: training_outputs/ckpts/20260915_204758/epoch_049.pth
  New best val loss: 0.153753 (saved training_outputs/ckpts/20260915_204758/best_checkpoint.pth)

Epoch 50/200
pred_saliency: shape=(2, 1, 224, 384) min=-3.9531 max=35.7500 mean=-2.9701 std=3.3586
sal_batch: shape=(2, 1, 304, 576) min=0.0000 max=1.0000 mean=0.0403 std=0.1280
DEBUG features_shape: {'stage1': (2, 96, 16, 56, 96), 'stage2': (2, 192, 16, 28, 48), 'stage3': (2, 384, 16, 14, 24), 'stage4': (2, 768, 16, 7, 12)}
DEBUG gate: no gate_debug available. This usually means return_concept_losses=False or lambda_gate=0.
DEBUG decoder visual FiLM [stage1] | film_gamma=unavailable (pass return_decoder_diagnostics=True)
DEBUG decoder visual FiLM [stage2] | film_gamma=unavailable (pass return_decoder_diagnostics=True)
DEBUG decoder visual FiLM [stage3] | film_gamma mean/std/min/max=0.0625/0.8351/0.0000/42.4675 | patch_priority_alpha=0.1004
DEBUG decoder visual FiLM [stage4] | film_gamma mean/std/min/max=0.0625/0.8447/0.0000/27.6314 | patch_priority_alpha=0.0991
DEBUG factorized comparison [stage3] | query_norm_mean=0.1748 | key_norm_mean=0.2794 | context_mean=-0.0000 | context_std=0.0071 | context_min=-0.0161 | context_max=0.0198 | total_candidate_weight=336.0000 | spatial_strength=0.1000 | spatial_freq_entropy=2.7725 | spatial_freq_weight_mean=0.6954 | rank=32
DEBUG factorized comparison [stage4] | query_norm_mean=0.2402 | key_norm_mean=0.1282 | context_mean=-0.0000 | context_std=0.0052 | context_min=-0.0114 | context_max=0.0146 | total_candidate_weight=84.0000 | spatial_strength=0.1004 | spatial_freq_entropy=2.7723 | spatial_freq_weight_mean=0.6994 | rank=32
patch-priority map [stage3] | mean=0.062500 | std=0.835100 | min=0.000000 | max=42.467506 | alpha=0.100355
patch-priority map [stage4] | mean=0.062500 | std=0.844666 | min=0.000000 | max=27.631405 | alpha=0.099114
DEBUG visual concept usage [stage1] top 10:
  concept 65: 81 patches (0.75%)
  concept 92: 77 patches (0.72%)
  concept 135: 77 patches (0.72%)
  concept 374: 77 patches (0.72%)
  concept 344: 75 patches (0.70%)
  concept 173: 73 patches (0.68%)
  concept 282: 73 patches (0.68%)
  concept 207: 72 patches (0.67%)
  concept 32: 71 patches (0.66%)
  concept 33: 71 patches (0.66%)
  normalized usage entropy: 0.8625
DEBUG visual concept usage [stage2] top 10:
  concept 57: 453 patches (16.85%)
  concept 46: 331 patches (12.31%)
  concept 5: 287 patches (10.68%)
  concept 289: 249 patches (9.26%)
  concept 327: 203 patches (7.55%)
  concept 259: 180 patches (6.70%)
  concept 276: 152 patches (5.65%)
  concept 73: 140 patches (5.21%)
  concept 394: 135 patches (5.02%)
  concept 363: 95 patches (3.53%)
  normalized usage entropy: 0.8293
DEBUG visual concept usage [stage3] top 10:
  concept 383: 115 patches (17.11%)
  concept 462: 92 patches (13.69%)
  concept 204: 74 patches (11.01%)
  concept 91: 45 patches (6.70%)
  concept 57: 42 patches (6.25%)
  concept 90: 32 patches (4.76%)
  concept 35: 24 patches (3.57%)
  concept 78: 23 patches (3.42%)
  concept 505: 23 patches (3.42%)
  concept 0: 16 patches (2.38%)
  normalized usage entropy: 0.7919
DEBUG visual concept usage [stage4] top 10:
  concept 105: 35 patches (20.83%)
  concept 133: 13 patches (7.74%)
  concept 351: 9 patches (5.36%)
  concept 130: 8 patches (4.76%)
  concept 266: 6 patches (3.57%)
  concept 435: 6 patches (3.57%)
  concept 241: 5 patches (2.98%)
  concept 148: 4 patches (2.38%)
  concept 33: 3 patches (1.79%)
  concept 52: 3 patches (1.79%)
  normalized usage entropy: 0.7825
DEBUG pred min/max/mean/std: -3.953125 35.75 -2.96875 3.359375
DEBUG target min/max/mean/std: 0.0 1.0 0.04031984880566597 0.12798097729682922
DEBUG fixation pixels per sample: [5.0, 5.0]
DEBUG fix_batch min/max/mean/std: 0.0 1.0 2.8554459277074784e-05 0.0053435685113072395
DEBUG losses: {'loss_total': 0.4835248291492462, 'loss_fid': 30.829736709594727, 'loss_patch_fid': 3.2749111652374268, 'loss_dense_fid': 3.864617109298706, 'loss_dense_bce': -0.0, 'loss_dense_kl': 23.690208435058594, 'loss_topk': -0.0, 'loss_delta': -0.0, 'loss_cc': 0.40327388048171997, 'loss_nss': -2.363368034362793, 'loss_sim': 0.4812746047973633, 'loss_concept_dense': 0.0, 'loss_concept_kl': 0.0, 'loss_align': 0.0, 'loss_sparse': 0.0, 'loss_div': 0.0, 'loss_gate': 0.0, 'loss_visual_entropy': 0.543089747428894, 'loss_visual_equiv': 0.0, 'loss_visual_usage': 0.18342894315719604, 'loss_temporal_attention_entropy': 0.0, 'loss_total_concept': 0.04322142153978348, 'loss_decoder_side_aux': 0.08498232811689377, 'loss_priority_map': 1.1919820308685303, 'loss_priority_map_weighted': 0.11919820308685303, 'priority_map_loss': 1.1919820308685303, 'weighted_priority_map_loss': 0.11919820308685303, 'loss_priority_map_stage3': 1.244882583618164, 'loss_priority_map_stage4': 1.139081358909607, 'loss_side_stage4': 0.20008035004138947, 'loss_side_stage3': 0.19005551934242249, 'loss_side_stage2': 0.1650690883398056, 'loss_side_stage1': 0.15606199204921722}
DEBUG decoder visual FiLM [stage1] | film_gamma=unavailable (pass return_decoder_diagnostics=True)
DEBUG decoder visual FiLM [stage2] | film_gamma=unavailable (pass return_decoder_diagnostics=True)
DEBUG decoder visual FiLM [stage3] | film_gamma mean/std/min/max=0.0625/0.8805/0.0000/45.2520 | patch_priority_alpha=0.1003
DEBUG decoder visual FiLM [stage4] | film_gamma mean/std/min/max=0.0625/0.9852/0.0000/36.0694 | patch_priority_alpha=0.0991
DEBUG factorized comparison [stage3] | query_norm_mean=0.1396 | key_norm_mean=0.2644 | context_mean=-0.0000 | context_std=0.0036 | context_min=-0.0090 | context_max=0.0107 | total_candidate_weight=336.0000 | spatial_strength=0.1001 | spatial_freq_entropy=2.7725 | spatial_freq_weight_mean=0.6955 | rank=32
DEBUG factorized comparison [stage4] | query_norm_mean=0.1985 | key_norm_mean=0.1344 | context_mean=-0.0000 | context_std=0.0047 | context_min=-0.0112 | context_max=0.0139 | total_candidate_weight=84.0000 | spatial_strength=0.1004 | spatial_freq_entropy=2.7723 | spatial_freq_weight_mean=0.6994 | rank=32
patch-priority map [stage3] | mean=0.062500 | std=0.880528 | min=0.000000 | max=45.252003 | alpha=0.100307
patch-priority map [stage4] | mean=0.062500 | std=0.985163 | min=0.000000 | max=36.069355 | alpha=0.099092
Epoch 50/200
  Mean train loss: -0.280450
  Mean val loss:   0.156720
  Current LR:      4.27e-05
Val metrics   | CC: 0.6437 | SIM: 0.5219
  Saved checkpoint: training_outputs/ckpts/20260915_204758/epoch_050.pth

Epoch 51/200
pred_saliency: shape=(2, 1, 224, 384) min=-3.9531 max=47.5000 mean=-3.1004 std=3.4760
sal_batch: shape=(2, 1, 352, 656) min=0.0000 max=1.0000 mean=0.0274 std=0.1173
DEBUG features_shape: {'stage1': (2, 96, 16, 56, 96), 'stage2': (2, 192, 16, 28, 48), 'stage3': (2, 384, 16, 14, 24), 'stage4': (2, 768, 16, 7, 12)}
DEBUG gate: no gate_debug available. This usually means return_concept_losses=False or lambda_gate=0.
DEBUG decoder visual FiLM [stage1] | film_gamma=unavailable (pass return_decoder_diagnostics=True)
DEBUG decoder visual FiLM [stage2] | film_gamma=unavailable (pass return_decoder_diagnostics=True)
DEBUG decoder visual FiLM [stage3] | film_gamma mean/std/min/max=0.0625/0.7398/0.0000/19.8343 | patch_priority_alpha=0.1003
DEBUG decoder visual FiLM [stage4] | film_gamma mean/std/min/max=0.0625/0.9490/0.0000/30.5693 | patch_priority_alpha=0.0991
Warning: empty final fixation map for 'actioncliptrain00663/0161.png'
Warning: empty final fixation map for 'actioncliptrain00787/0090.png'
Warning: empty final fixation map for 'actioncliptrain00642/0094.png'
Warning: empty final fixation map for 'actioncliptrain00126/0163.png'
Warning: empty final fixation map for 'actioncliptrain00730/0108.png'
Warning: empty final fixation map for 'actioncliptrain00463/0115.png'
Warning: empty final fixation map for 'actioncliptrain00575/0082.png'
Warning: empty final fixation map for 'actioncliptrain00689/0127.png'
Warning: empty final fixation map for 'actioncliptrain00738/0363.png'
Warning: empty final fixation map for 'actioncliptrain00728/0087.png'
Warning: empty final fixation map for 'actioncliptrain00441/0162.png'
Warning: empty final fixation map for 'actioncliptrain00244/0136.png'
Warning: empty final fixation map for 'actioncliptrain00460/0152.png'
Warning: empty final fixation map for 'actioncliptrain00341/0179.png'
Warning: empty final fixation map for 'actioncliptrain00687/0152.png'
Warning: empty final fixation map for 'actioncliptrain00584/0121.png'
Warning: empty final fixation map for 'actioncliptrain00711/0087.png'
Warning: empty final fixation map for 'actioncliptrain00119/0117.png'
Warning: empty final fixation map for 'actioncliptrain00112/0171.png'
Warning: empty final fixation map for 'actioncliptrain00584/0121.png'
Warning: empty final fixation map for 'actioncliptrain00270/0125.png'
Warning: empty final fixation map for 'actioncliptrain00705/0145.png'
Warning: empty final fixation map for 'actioncliptrain00181/0141.png'
Warning: empty final fixation map for 'actioncliptrain00702/0184.png'
Warning: empty final fixation map for 'actioncliptrain00135/0202.png'
Warning: empty final fixation map for 'actioncliptrain00737/0090.png'
Warning: empty final fixation map for 'actioncliptrain00404/0076.png'
Warning: empty final fixation map for 'actioncliptrain00099/0118.png'
Warning: empty final fixation map for 'actioncliptrain00577/0085.png'
Warning: empty final fixation map for 'actioncliptrain00060/0706.png'
Warning: empty final fixation map for 'actioncliptrain00572/0085.png'
Warning: empty final fixation map for 'actioncliptrain00294/0525.png'
Warning: empty final fixation map for 'actioncliptrain00124/0331.png'
Warning: empty final fixation map for 'actioncliptrain00179/0158.png'
Warning: empty final fixation map for 'actioncliptrain00730/0108.png'
Warning: empty final fixation map for 'actioncliptrain00599/0107.png'
Warning: empty final fixation map for 'actioncliptrain00071/0190.png'
Warning: empty final fixation map for 'actioncliptrain00575/0082.png'
Warning: empty final fixation map for 'actioncliptrain00606/0104.png'
Warning: empty final fixation map for 'actioncliptrain00702/0184.png'
Warning: empty final fixation map for 'actioncliptrain00796/0176.png'
Warning: empty final fixation map for 'actioncliptrain00584/0121.png'
Warning: empty final fixation map for 'actioncliptrain00136/0112.png'
Warning: empty final fixation map for 'actioncliptrain00778/0168.png'
Warning: empty final fixation map for 'actioncliptrain00460/0152.png'
Warning: empty final fixation map for 'actioncliptrain00099/0118.png'
Warning: empty final fixation map for 'actioncliptrain00604/0108.png'
Warning: empty final fixation map for 'actioncliptrain00624/0194.png'
Warning: empty final fixation map for 'actioncliptrain00064/0225.png'
Warning: empty final fixation map for 'actioncliptrain00584/0121.png'
Warning: empty final fixation map for 'actioncliptrain00354/0283.png'
Warning: empty final fixation map for 'actioncliptrain00266/0136.png'
Warning: empty final fixation map for 'actioncliptrain00586/0156.png'
Warning: empty final fixation map for 'actioncliptrain00689/0127.png'
Warning: empty final fixation map for 'actioncliptrain00799/0215.png'
Warning: empty final fixation map for 'actioncliptrain00592/0097.png'
Warning: empty final fixation map for 'actioncliptrain00298/0543.png'
Warning: empty final fixation map for 'actioncliptrain00596/0145.png'
Warning: empty final fixation map for 'actioncliptrain00462/0188.png'
Warning: empty final fixation map for 'actioncliptrain00351/0372.png'
Warning: empty final fixation map for 'actioncliptrain00687/0152.png'
Warning: empty final fixation map for 'actioncliptrain00476/0200.png'
Warning: empty final fixation map for 'actioncliptrain00711/0087.png'
Warning: empty final fixation map for 'actioncliptrain00470/0125.png'
Warning: empty final fixation map for 'actioncliptrain00468/0218.png'
Warning: empty final fixation map for 'actioncliptrain00222/0124.png'
Warning: empty final fixation map for 'actioncliptrain00244/0136.png'
Warning: empty final fixation map for 'actioncliptrain00139/0116.png'
Warning: empty final fixation map for 'actioncliptrain00662/0180.png'
Warning: empty final fixation map for 'actioncliptrain00606/0104.png'
Warning: empty final fixation map for 'actioncliptrain00292/0190.png'
Warning: empty final fixation map for 'actioncliptrain00098/0162.png'
Warning: empty final fixation map for 'actioncliptrain00658/0215.png'
Warning: empty final fixation map for 'actioncliptrain00056/0115.png'
Warning: empty final fixation map for 'actioncliptrain00059/0159.png'
Warning: empty final fixation map for 'actioncliptrain00233/0240.png'
Warning: empty final fixation map for 'actioncliptrain00593/0113.png'
Warning: empty final fixation map for 'actioncliptrain00404/0076.png'
Warning: empty final fixation map for 'actioncliptrain00048/0101.png'
Warning: empty final fixation map for 'actioncliptrain00560/0204.png'
Warning: empty final fixation map for 'actioncliptrain00642/0094.png'
Warning: empty final fixation map for 'actioncliptrain00711/0087.png'
Warning: empty final fixation map for 'actioncliptrain00143/0130.png'
Warning: empty final fixation map for 'actioncliptrain00269/0129.png'
Warning: empty final fixation map for 'actioncliptrain00536/0092.png'
Warning: empty final fixation map for 'actioncliptrain00229/0231.png'
Warning: empty final fixation map for 'actioncliptrain00083/0280.png'
Warning: empty final fixation map for 'actioncliptrain00731/0105.png'
Warning: empty final fixation map for 'actioncliptrain00663/0161.png'
Warning: empty final fixation map for 'actioncliptrain00639/0162.png'
Warning: empty final fixation map for 'actioncliptrain00460/0152.png'
Warning: empty final fixation map for 'actioncliptrain00282/0175.png'
Warning: empty final fixation map for 'actioncliptrain00290/0166.png'
Warning: empty final fixation map for 'actioncliptrain00247/0125.png'
Warning: empty final fixation map for 'actioncliptrain00095/0111.png'
Warning: empty final fixation map for 'actioncliptrain00234/0118.png'
Warning: empty final fixation map for 'actioncliptrain00270/0125.png'
Warning: empty final fixation map for 'actioncliptrain00581/0064.png'
Warning: empty final fixation map for 'actioncliptrain00673/0071.png'
Warning: empty final fixation map for 'actioncliptrain00049/0092.png'
Warning: empty final fixation map for 'actioncliptrain00337/0127.png'
Warning: empty final fixation map for 'actioncliptrain00777/0152.png'
Warning: empty final fixation map for 'actioncliptrain00656/0151.png'
Warning: empty final fixation map for 'actioncliptrain00454/0314.png'
Warning: empty final fixation map for 'actioncliptrain00787/0090.png'
Warning: empty final fixation map for 'actioncliptrain00245/0442.png'
Warning: empty final fixation map for 'actioncliptrain00119/0117.png'
Warning: empty final fixation map for 'actioncliptrain00731/0105.png'
Warning: empty final fixation map for 'actioncliptrain00770/0087.png'
Warning: empty final fixation map for 'actioncliptrain00778/0168.png'
Warning: empty final fixation map for 'actioncliptrain00116/0067.png'
Warning: empty final fixation map for 'actioncliptrain00456/0334.png'
Warning: empty final fixation map for 'actioncliptrain00284/0209.png'
Warning: empty final fixation map for 'actioncliptrain00095/0111.png'
Warning: empty final fixation map for 'actioncliptrain00322/0136.png'
Warning: empty final fixation map for 'actioncliptrain00139/0116.png'
Warning: empty final fixation map for 'actioncliptrain00458/0195.png'
Warning: empty final fixation map for 'actioncliptrain00329/0139.png'
Warning: empty final fixation map for 'actioncliptrain00469/0174.png'
Warning: empty final fixation map for 'actioncliptrain00142/0233.png'
Warning: empty final fixation map for 'actioncliptrain00223/0095.png'
Warning: empty final fixation map for 'actioncliptrain00280/0092.png'
Warning: empty final fixation map for 'actioncliptrain00473/0131.png'
Warning: empty final fixation map for 'actioncliptrain00718/0111.png'
Warning: empty final fixation map for 'actioncliptrain00803/0137.png'
Warning: empty final fixation map for 'actioncliptrain00106/0126.png'
Warning: empty final fixation map for 'actioncliptrain00286/0104.png'
Warning: empty final fixation map for 'actioncliptrain00466/0238.png'
Warning: empty final fixation map for 'actioncliptrain00148/0166.png'
Warning: empty final fixation map for 'actioncliptrain00330/0154.png'
Warning: empty final fixation map for 'actioncliptrain00359/0228.png'
Warning: empty final fixation map for 'actioncliptrain00250/0114.png'
Warning: empty final fixation map for 'actioncliptrain00389/0354.png'
Warning: empty final fixation map for 'actioncliptrain00136/0112.png'
Warning: empty final fixation map for 'actioncliptrain00235/0127.png'
Warning: empty final fixation map for 'actioncliptrain00559/0147.png'
Warning: empty final fixation map for 'actioncliptrain00708/0118.png'
Warning: empty final fixation map for 'actioncliptrain00726/0121.png'
Warning: empty final fixation map for 'actioncliptrain00514/0105.png'
Warning: empty final fixation map for 'actioncliptrain00708/0118.png'
Warning: empty final fixation map for 'actioncliptrain00640/0126.png'
Warning: empty final fixation map for 'actioncliptrain00466/0238.png'
Warning: empty final fixation map for 'actioncliptrain00295/0163.png'
Warning: empty final fixation map for 'actioncliptrain00343/0167.png'
Warning: empty final fixation map for 'actioncliptrain00712/0092.png'
Warning: empty final fixation map for 'actioncliptrain00287/0227.png'
Warning: empty final fixation map for 'actioncliptrain00409/0173.png'
Warning: empty final fixation map for 'actioncliptrain00555/0128.png'
Warning: empty final fixation map for 'actioncliptrain00095/0111.png'
Warning: empty final fixation map for 'actioncliptrain00104/0094.png'
Warning: empty final fixation map for 'actioncliptrain00368/0118.png'
Warning: empty final fixation map for 'actioncliptrain00600/0124.png'
Warning: empty final fixation map for 'actioncliptrain00582/0072.png'
Warning: empty final fixation map for 'actioncliptrain00773/0140.png'
Warning: empty final fixation map for 'actioncliptrain00641/0148.png'
Warning: empty final fixation map for 'actioncliptrain00624/0194.png'
Warning: empty final fixation map for 'actioncliptrain00307/0304.png'
Warning: empty final fixation map for 'actioncliptrain00708/0118.png'
Warning: empty final fixation map for 'actioncliptrain00004/0961.png'
Warning: empty final fixation map for 'actioncliptrain00290/0166.png'
Warning: empty final fixation map for 'actioncliptrain00592/0097.png'
Warning: empty final fixation map for 'actioncliptrain00569/0161.png'
Warning: empty final fixation map for 'actioncliptrain00627/0161.png'
Warning: empty final fixation map for 'actioncliptrain00640/0126.png'
Warning: empty final fixation map for 'actioncliptrain00778/0168.png'
Warning: empty final fixation map for 'actioncliptrain00281/0083.png'
Warning: empty final fixation map for 'actioncliptrain00396/0115.png'
Warning: empty final fixation map for 'actioncliptest00052/0096.png'
Warning: empty final fixation map for 'actioncliptest00386/0096.png'
Warning: empty final fixation map for 'actioncliptest00868/0544.png'
Warning: empty final fixation map for 'actioncliptest00052/0096.png'
Warning: empty final fixation map for 'actioncliptest00386/0096.png'
Warning: empty final fixation map for 'actioncliptest00868/0544.png'
Warning: empty final fixation map for 'actioncliptest00052/0096.png'
Warning: empty final fixation map for 'actioncliptest00386/0096.png'
Warning: empty final fixation map for 'actioncliptest00868/0544.png'
Warning: empty final fixation map for 'actioncliptest00052/0096.png'
Warning: empty final fixation map for 'actioncliptest00386/0096.png'
Warning: empty final fixation map for 'actioncliptest00868/0544.png'
Warning: empty final fixation map for 'actioncliptest00052/0096.png'
Warning: empty final fixation map for 'actioncliptest00386/0096.png'
Warning: empty final fixation map for 'actioncliptest00868/0544.png'
Warning: empty final fixation map for 'actioncliptest00052/0096.png'
Warning: empty final fixation map for 'actioncliptest00386/0096.png'
Warning: empty final fixation map for 'actioncliptest00868/0544.png'
Warning: empty final fixation map for 'actioncliptest00052/0096.png'
Warning: empty final fixation map for 'actioncliptest00386/0096.png'
Warning: empty final fixation map for 'actioncliptest00868/0544.png'
Warning: empty final fixation map for 'actioncliptest00052/0096.png'
Warning: empty final fixation map for 'actioncliptest00386/0096.png'
Warning: empty final fixation map for 'actioncliptest00868/0544.png'
Warning: empty final fixation map for 'actioncliptest00052/0096.png'
Warning: empty final fixation map for 'actioncliptest00386/0096.png'
Warning: empty final fixation map for 'actioncliptest00868/0544.png'
Warning: empty final fixation map for 'actioncliptest00052/0096.png'
Warning: empty final fixation map for 'actioncliptest00386/0096.png'
Warning: empty final fixation map for 'actioncliptest00868/0544.png'
Warning: empty final fixation map for 'actioncliptest00052/0096.png'
Warning: empty final fixation map for 'actioncliptest00386/0096.png'
Warning: empty final fixation map for 'actioncliptest00868/0544.png'
Warning: empty final fixation map for 'actioncliptest00052/0096.png'
Warning: empty final fixation map for 'actioncliptest00386/0096.png'
Warning: empty final fixation map for 'actioncliptest00868/0544.png'
Warning: empty final fixation map for 'actioncliptest00015/0288.png'
Warning: empty final fixation map for 'actioncliptest00097/0160.png'
Warning: empty final fixation map for 'actioncliptest00314/0160.png'
Warning: empty final fixation map for 'actioncliptest00548/0224.png'
Warning: empty final fixation map for 'actioncliptest00015/0288.png'
Warning: empty final fixation map for 'actioncliptest00097/0160.png'
Warning: empty final fixation map for 'actioncliptest00314/0160.png'
Warning: empty final fixation map for 'actioncliptest00548/0224.png'
Warning: empty final fixation map for 'actioncliptest00015/0288.png'
Warning: empty final fixation map for 'actioncliptest00097/0160.png'
Warning: empty final fixation map for 'actioncliptest00314/0160.png'
Warning: empty final fixation map for 'actioncliptest00548/0224.png'
Warning: empty final fixation map for 'actioncliptest00015/0288.png'
Warning: empty final fixation map for 'actioncliptest00097/0160.png'
Warning: empty final fixation map for 'actioncliptest00314/0160.png'
Warning: empty final fixation map for 'actioncliptest00548/0224.png'
Warning: empty final fixation map for 'actioncliptest00015/0288.png'
Warning: empty final fixation map for 'actioncliptest00097/0160.png'
Warning: empty final fixation map for 'actioncliptest00314/0160.png'
Warning: empty final fixation map for 'actioncliptest00548/0224.png'
Warning: empty final fixation map for 'actioncliptest00015/0288.png'
Warning: empty final fixation map for 'actioncliptest00097/0160.png'
Warning: empty final fixation map for 'actioncliptest00314/0160.png'
Warning: empty final fixation map for 'actioncliptest00548/0224.png'
Warning: empty final fixation map for 'actioncliptest00015/0288.png'
Warning: empty final fixation map for 'actioncliptest00097/0160.png'
Warning: empty final fixation map for 'actioncliptest00314/0160.png'
Warning: empty final fixation map for 'actioncliptest00548/0224.png'
Warning: empty final fixation map for 'actioncliptest00015/0288.png'
Warning: empty final fixation map for 'actioncliptest00097/0160.png'
Warning: empty final fixation map for 'actioncliptest00314/0160.png'
Warning: empty final fixation map for 'actioncliptest00548/0224.png'
Warning: empty final fixation map for 'actioncliptest00015/0288.png'
Warning: empty final fixation map for 'actioncliptest00097/0160.png'
Warning: empty final fixation map for 'actioncliptest00314/0160.png'
Warning: empty final fixation map for 'actioncliptest00548/0224.png'
Warning: empty final fixation map for 'actioncliptest00015/0288.png'
Warning: empty final fixation map for 'actioncliptest00097/0160.png'
Warning: empty final fixation map for 'actioncliptest00314/0160.png'
Warning: empty final fixation map for 'actioncliptest00548/0224.png'
Warning: empty final fixation map for 'actioncliptest00015/0288.png'
Warning: empty final fixation map for 'actioncliptest00097/0160.png'
Warning: empty final fixation map for 'actioncliptest00314/0160.png'
Warning: empty final fixation map for 'actioncliptest00548/0224.png'
Warning: empty final fixation map for 'actioncliptest00015/0288.png'
Warning: empty final fixation map for 'actioncliptest00097/0160.png'
Warning: empty final fixation map for 'actioncliptest00314/0160.png'
Warning: empty final fixation map for 'actioncliptest00548/0224.png'
Warning: empty final fixation map for 'actioncliptest00104/0288.png'
Warning: empty final fixation map for 'actioncliptest00246/0096.png'
Warning: empty final fixation map for 'actioncliptest00583/0288.png'
Warning: empty final fixation map for 'actioncliptest00853/0160.png'
Warning: empty final fixation map for 'actioncliptest00104/0288.png'
Warning: empty final fixation map for 'actioncliptest00246/0096.png'
Warning: empty final fixation map for 'actioncliptest00583/0288.png'
Warning: empty final fixation map for 'actioncliptest00853/0160.png'
Warning: empty final fixation map for 'actioncliptest00104/0288.png'
Warning: empty final fixation map for 'actioncliptest00246/0096.png'
Warning: empty final fixation map for 'actioncliptest00583/0288.png'
Warning: empty final fixation map for 'actioncliptest00853/0160.png'
Warning: empty final fixation map for 'actioncliptest00104/0288.png'
Warning: empty final fixation map for 'actioncliptest00246/0096.png'
Warning: empty final fixation map for 'actioncliptest00583/0288.png'
Warning: empty final fixation map for 'actioncliptest00853/0160.png'
Warning: empty final fixation map for 'actioncliptest00104/0288.png'
Warning: empty final fixation map for 'actioncliptest00246/0096.png'
Warning: empty final fixation map for 'actioncliptest00583/0288.png'
Warning: empty final fixation map for 'actioncliptest00853/0160.png'
Warning: empty final fixation map for 'actioncliptest00104/0288.png'
Warning: empty final fixation map for 'actioncliptest00246/0096.png'
Warning: empty final fixation map for 'actioncliptest00583/0288.png'
Warning: empty final fixation map for 'actioncliptest00853/0160.png'
Warning: empty final fixation map for 'actioncliptest00104/0288.png'
Warning: empty final fixation map for 'actioncliptest00246/0096.png'
Warning: empty final fixation map for 'actioncliptest00583/0288.png'
Warning: empty final fixation map for 'actioncliptest00853/0160.png'
Warning: empty final fixation map for 'actioncliptest00104/0288.png'
Warning: empty final fixation map for 'actioncliptest00246/0096.png'
Warning: empty final fixation map for 'actioncliptest00583/0288.png'
Warning: empty final fixation map for 'actioncliptest00853/0160.png'
Warning: empty final fixation map for 'actioncliptest00104/0288.png'
Warning: empty final fixation map for 'actioncliptest00246/0096.png'
Warning: empty final fixation map for 'actioncliptest00583/0288.png'
Warning: empty final fixation map for 'actioncliptest00853/0160.png'
Warning: empty final fixation map for 'actioncliptest00104/0288.png'
Warning: empty final fixation map for 'actioncliptest00246/0096.png'
Warning: empty final fixation map for 'actioncliptest00583/0288.png'
Warning: empty final fixation map for 'actioncliptest00853/0160.png'
Warning: empty final fixation map for 'actioncliptest00104/0288.png'
Warning: empty final fixation map for 'actioncliptest00246/0096.png'
Warning: empty final fixation map for 'actioncliptest00583/0288.png'
Warning: empty final fixation map for 'actioncliptest00853/0160.png'
Warning: empty final fixation map for 'actioncliptest00104/0288.png'
Warning: empty final fixation map for 'actioncliptest00246/0096.png'
Warning: empty final fixation map for 'actioncliptest00583/0288.png'
Warning: empty final fixation map for 'actioncliptest00853/0160.png'
