nohup: ignoring input
/home/z/zaimazarnaz/miniconda3/envs/explainable_vidsal/lib/python3.10/site-packages/timm/models/layers/__init__.py:49: FutureWarning: Importing from timm.models.layers is deprecated, please import via timm.layers
  warnings.warn(f"Importing from {__name__} is deprecated, please import via timm.layers", FutureWarning)
/home/z/zaimazarnaz/miniconda3/envs/explainable_vidsal/lib/python3.10/site-packages/torch/functional.py:505: UserWarning: torch.meshgrid: in an upcoming release, it will be required to pass the indexing argument. (Triggered internally at /pytorch/aten/src/ATen/native/TensorShape.cpp:4382.)
  return _VF.meshgrid(tensors, **kwargs)  # type: ignore[attr-defined]
Using single device: cuda:1 (gpu=1)
Training phase: initial | epochs=200 | lr=5.0e-05 | weight_decay=1.0e-04
Run checkpoints will be saved to: training_outputs/ckpts/20260917_231452
Concept branches | visual_concept_on=True | temporal_concepts_on=False | priority_map_loss_weight=0.1 | visual_concept_logit_scale=1.0
Train: 600 windows (/data/quantization/zaima/videosal_datasets/dhf1k/train) | Val: 1834 windows (/data/quantization/zaima/videosal_datasets/dhf1k/val) | window_len=32
load model from: /data/quantization/zaima/videoswin/swin_small_patch244_window877_kinetics400_1k.pth
ConceptGatedMultiScaleSaliencyDecoder: prototype_bottleneck_strength=0.4000 (active at ('stage3', 'stage4'))
Initialized saliency bias to logit(0.0177) = -4.0163 for: final_upsample_head.head, patch_logit_head
Backbone fine-tuning enabled | effective_batch_size=4 | micro_batch_size=2 | grad_accum_steps=2 | gradient_checkpointing=True | visual_equiv=off
Optimizer | lr=5.0e-05 | weight_decay=1.0e-04 | scheduler T_max=200 eta_min=1.0e-06

Epoch 1/200
/home/z/zaimazarnaz/miniconda3/envs/explainable_vidsal/lib/python3.10/site-packages/torch/_dynamo/eval_frame.py:1298: UserWarning: torch.utils.checkpoint: the use_reentrant parameter should be passed explicitly. Starting in PyTorch 2.9, calling checkpoint without use_reentrant will raise an exception. use_reentrant=False is recommended, but if you need to preserve the current default behavior, you can pass use_reentrant=True. Refer to docs for more details on the differences between the two variants.
  return fn(*args, **kwargs)
pred_saliency: shape=(2, 1, 224, 384) min=-5.1250 max=-1.8359 mean=-3.6254 std=0.4102
sal_batch: shape=(2, 1, 360, 640) min=0.0000 max=1.0000 mean=0.0165 std=0.0779
DEBUG features_shape: {'stage1': (2, 96, 16, 56, 96), 'stage2': (2, 192, 16, 28, 48), 'stage3': (2, 384, 16, 14, 24), 'stage4': (2, 768, 16, 7, 12)}
DEBUG gate: no gate_debug available. This usually means return_concept_losses=False or lambda_gate=0.
DEBUG decoder visual FiLM [stage1] | film_gamma=unavailable (pass return_decoder_diagnostics=True)
DEBUG decoder visual FiLM [stage2] | film_gamma=unavailable (pass return_decoder_diagnostics=True)
DEBUG decoder visual FiLM [stage3] | film_gamma mean/std/min/max=0.0625/0.2839/0.0000/4.0076 | prototype_bottleneck_strength=0.4000
DEBUG decoder visual FiLM [stage4] | film_gamma mean/std/min/max=0.0625/0.2736/0.0000/2.8855 | prototype_bottleneck_strength=0.4000
DEBUG factorized comparison [stage3] | query_norm_mean=0.0090 | key_norm_mean=0.0118 | context_mean=0.0000 | context_std=0.0000 | context_min=-0.0000 | context_max=0.0000 | total_candidate_weight=336.0000 | spatial_strength=0.1000 | spatial_freq_entropy=2.7726 | spatial_freq_weight_mean=0.6931 | rank=32
DEBUG factorized comparison [stage4] | query_norm_mean=0.0116 | key_norm_mean=0.0116 | context_mean=-0.0000 | context_std=0.0000 | context_min=-0.0000 | context_max=0.0000 | total_candidate_weight=84.0000 | spatial_strength=0.1000 | spatial_freq_entropy=2.7726 | spatial_freq_weight_mean=0.6931 | rank=32
patch-priority map [stage3] | mean=0.062500 | std=0.283909 | min=0.000000 | max=4.007637 | prototype_bottleneck_strength=0.400000 | prototype_to_film_norm_ratio=1.230271
patch-priority map [stage4] | mean=0.062500 | std=0.273597 | min=0.000000 | max=2.885541 | prototype_bottleneck_strength=0.400000 | prototype_to_film_norm_ratio=0.843623
DEBUG visual concept usage [stage1] top 10:
  concept 271: 2011 patches (18.70%)
  concept 23: 1370 patches (12.74%)
  concept 274: 1351 patches (12.57%)
  concept 225: 639 patches (5.94%)
  concept 488: 632 patches (5.88%)
  concept 107: 508 patches (4.72%)
  concept 349: 462 patches (4.30%)
  concept 195: 389 patches (3.62%)
  concept 229: 317 patches (2.95%)
  concept 86: 274 patches (2.55%)
  normalized usage entropy: 0.9206
DEBUG visual concept usage [stage2] top 10:
  concept 363: 492 patches (18.30%)
  concept 5: 435 patches (16.18%)
  concept 66: 349 patches (12.98%)
  concept 91: 114 patches (4.24%)
  concept 58: 113 patches (4.20%)
  concept 408: 101 patches (3.76%)
  concept 329: 82 patches (3.05%)
  concept 97: 80 patches (2.98%)
  concept 451: 67 patches (2.49%)
  concept 10: 66 patches (2.46%)
  normalized usage entropy: 0.9178
DEBUG visual concept usage [stage3] top 10:
  concept 327: 173 patches (25.74%)
  concept 110: 123 patches (18.30%)
  concept 157: 84 patches (12.50%)
  concept 25: 67 patches (9.97%)
  concept 173: 26 patches (3.87%)
  concept 330: 20 patches (2.98%)
  concept 391: 17 patches (2.53%)
  concept 109: 16 patches (2.38%)
  concept 176: 16 patches (2.38%)
  concept 346: 16 patches (2.38%)
  normalized usage entropy: 0.9217
DEBUG visual concept usage [stage4] top 10:
  concept 154: 11 patches (6.55%)
  concept 334: 10 patches (5.95%)
  concept 152: 9 patches (5.36%)
  concept 435: 9 patches (5.36%)
  concept 460: 7 patches (4.17%)
  concept 40: 6 patches (3.57%)
  concept 202: 6 patches (3.57%)
  concept 395: 6 patches (3.57%)
  concept 406: 6 patches (3.57%)
  concept 419: 6 patches (3.57%)
  normalized usage entropy: 0.9450
DEBUG pred min/max/mean/std: -5.125 -1.8359375 -3.625 0.41015625
DEBUG target min/max/mean/std: 0.0 1.0 0.016522154211997986 0.0779205858707428
DEBUG fixation pixels per sample: [280.0, 192.0]
DEBUG fix_batch min/max/mean/std: 0.0 1.0 0.0010243055876344442 0.03198841214179993
DEBUG losses: {'loss_total': 2.061331272125244, 'loss_fid': 10.547698974609375, 'loss_patch_fid': 4.0659356117248535, 'loss_dense_fid': 3.6419425010681152, 'loss_dense_bce': -0.0, 'loss_dense_kl': 2.8398213386535645, 'loss_topk': -0.0, 'loss_delta': -0.0, 'loss_cc': 0.9708585143089294, 'loss_nss': -0.18486091494560242, 'loss_sim': 0.8915224671363831, 'loss_concept_dense': 0.0, 'loss_concept_kl': 0.0, 'loss_align': 0.0, 'loss_sparse': 0.0, 'loss_div': 0.0, 'loss_gate': 0.0, 'loss_visual_entropy': 0.8749080896377563, 'loss_visual_equiv': 0.0, 'loss_visual_usage': 0.07370178401470184, 'loss_temporal_attention_entropy': 0.0, 'loss_total_concept': 0.1642909049987793, 'loss_decoder_side_aux': 0.529090404510498, 'loss_priority_map': 3.1468045711517334, 'loss_priority_map_weighted': 0.31468045711517334, 'priority_map_loss': 3.1468045711517334, 'weighted_priority_map_loss': 0.31468045711517334, 'loss_priority_map_stage3': 3.184796094894409, 'loss_priority_map_stage4': 3.1088130474090576, 'loss_side_stage4': 1.062825083732605, 'loss_side_stage3': 1.0393941402435303, 'loss_side_stage2': 1.0385169982910156, 'loss_side_stage1': 1.0811609029769897}
/home/z/zaimazarnaz/miniconda3/envs/explainable_vidsal/lib/python3.10/site-packages/torch/utils/checkpoint.py:238: UserWarning: None of the inputs have requires_grad=True. Gradients will be None
  check_backward_validity(args)
DEBUG decoder visual FiLM [stage1] | film_gamma=unavailable (pass return_decoder_diagnostics=True)
DEBUG decoder visual FiLM [stage2] | film_gamma=unavailable (pass return_decoder_diagnostics=True)
DEBUG decoder visual FiLM [stage3] | film_gamma mean/std/min/max=0.0625/0.4939/0.0000/13.2874 | prototype_bottleneck_strength=0.4000
DEBUG decoder visual FiLM [stage4] | film_gamma mean/std/min/max=0.0625/0.3070/0.0000/4.7468 | prototype_bottleneck_strength=0.4000
DEBUG factorized comparison [stage3] | query_norm_mean=1.0692 | key_norm_mean=0.8064 | context_mean=0.0000 | context_std=0.0534 | context_min=-0.1164 | context_max=0.1500 | total_candidate_weight=336.0000 | spatial_strength=0.0991 | spatial_freq_entropy=2.7726 | spatial_freq_weight_mean=0.6919 | rank=32
DEBUG factorized comparison [stage4] | query_norm_mean=0.3733 | key_norm_mean=0.2127 | context_mean=-0.0000 | context_std=0.0060 | context_min=-0.0090 | context_max=0.0183 | total_candidate_weight=84.0000 | spatial_strength=0.0996 | spatial_freq_entropy=2.7726 | spatial_freq_weight_mean=0.6927 | rank=32
patch-priority map [stage3] | mean=0.062500 | std=0.493901 | min=0.000000 | max=13.287442 | prototype_bottleneck_strength=0.400000 | prototype_to_film_norm_ratio=1.455495
patch-priority map [stage4] | mean=0.062500 | std=0.306984 | min=0.000000 | max=4.746752 | prototype_bottleneck_strength=0.400000 | prototype_to_film_norm_ratio=1.616660
Epoch 1/200
  Mean train loss: 1.072562
  Mean val loss:   0.736817
  Current LR:      5.00e-05
Val metrics   | CC: 0.4507 | SIM: 0.3419 | NSS: 2.5049
  Saved checkpoint: training_outputs/ckpts/20260917_231452/epoch_001.pth
  New best val loss: 0.736817 (saved training_outputs/ckpts/20260917_231452/best_checkpoint.pth)

Epoch 2/200
pred_saliency: shape=(2, 1, 224, 384) min=-4.0312 max=16.7500 mean=-3.1992 std=2.0319
sal_batch: shape=(2, 1, 360, 640) min=0.0000 max=1.0000 mean=0.0167 std=0.0818
DEBUG features_shape: {'stage1': (2, 96, 16, 56, 96), 'stage2': (2, 192, 16, 28, 48), 'stage3': (2, 384, 16, 14, 24), 'stage4': (2, 768, 16, 7, 12)}
DEBUG gate: no gate_debug available. This usually means return_concept_losses=False or lambda_gate=0.
DEBUG decoder visual FiLM [stage1] | film_gamma=unavailable (pass return_decoder_diagnostics=True)
DEBUG decoder visual FiLM [stage2] | film_gamma=unavailable (pass return_decoder_diagnostics=True)
DEBUG decoder visual FiLM [stage3] | film_gamma mean/std/min/max=0.0625/0.4686/0.0000/11.3534 | prototype_bottleneck_strength=0.4000
DEBUG decoder visual FiLM [stage4] | film_gamma mean/std/min/max=0.0625/0.3093/0.0000/4.8990 | prototype_bottleneck_strength=0.4000
DEBUG factorized comparison [stage3] | query_norm_mean=1.0693 | key_norm_mean=0.8114 | context_mean=0.0000 | context_std=0.0548 | context_min=-0.1179 | context_max=0.1597 | total_candidate_weight=336.0000 | spatial_strength=0.0991 | spatial_freq_entropy=2.7726 | spatial_freq_weight_mean=0.6919 | rank=32
DEBUG factorized comparison [stage4] | query_norm_mean=0.3720 | key_norm_mean=0.2133 | context_mean=-0.0000 | context_std=0.0060 | context_min=-0.0093 | context_max=0.0183 | total_candidate_weight=84.0000 | spatial_strength=0.0996 | spatial_freq_entropy=2.7726 | spatial_freq_weight_mean=0.6927 | rank=32
patch-priority map [stage3] | mean=0.062500 | std=0.468627 | min=0.000000 | max=11.353421 | prototype_bottleneck_strength=0.400000 | prototype_to_film_norm_ratio=1.421974
patch-priority map [stage4] | mean=0.062500 | std=0.309307 | min=0.000000 | max=4.899005 | prototype_bottleneck_strength=0.400000 | prototype_to_film_norm_ratio=1.829162
DEBUG visual concept usage [stage1] top 10:
  concept 349: 5233 patches (48.67%)
  concept 271: 2892 patches (26.90%)
  concept 274: 1142 patches (10.62%)
  concept 114: 1062 patches (9.88%)
  concept 120: 347 patches (3.23%)
  concept 107: 31 patches (0.29%)
  concept 358: 31 patches (0.29%)
  concept 363: 12 patches (0.11%)
  concept 34: 1 patches (0.01%)
  concept 510: 1 patches (0.01%)
  normalized usage entropy: 0.6011
DEBUG visual concept usage [stage2] top 10:
  concept 66: 1192 patches (44.35%)
  concept 5: 833 patches (30.99%)
  concept 363: 638 patches (23.74%)
  concept 97: 25 patches (0.93%)
  normalized usage entropy: 0.4739
DEBUG visual concept usage [stage3] top 10:
  concept 330: 235 patches (34.97%)
  concept 113: 168 patches (25.00%)
  concept 327: 148 patches (22.02%)
  concept 114: 35 patches (5.21%)
  concept 174: 32 patches (4.76%)
  concept 157: 27 patches (4.02%)
  concept 110: 10 patches (1.49%)
  concept 261: 6 patches (0.89%)
  concept 429: 3 patches (0.45%)
  concept 451: 3 patches (0.45%)
  normalized usage entropy: 0.7877
DEBUG visual concept usage [stage4] top 10:
  concept 435: 91 patches (54.17%)
  concept 27: 17 patches (10.12%)
  concept 506: 17 patches (10.12%)
  concept 235: 7 patches (4.17%)
  concept 334: 7 patches (4.17%)
  concept 152: 5 patches (2.98%)
  concept 406: 5 patches (2.98%)
  concept 154: 4 patches (2.38%)
  concept 437: 3 patches (1.79%)
  concept 312: 2 patches (1.19%)
  normalized usage entropy: 0.7773
DEBUG pred min/max/mean/std: -4.03125 16.75 -3.203125 2.03125
DEBUG target min/max/mean/std: 0.0 1.0 0.01673547364771366 0.08179392665624619
DEBUG fixation pixels per sample: [108.0, 177.0]
DEBUG fix_batch min/max/mean/std: 0.0 1.0 0.0006184895755723119 0.024861784651875496
DEBUG losses: {'loss_total': 1.1783586740493774, 'loss_fid': 16.585721969604492, 'loss_patch_fid': 4.155710697174072, 'loss_dense_fid': 3.660855770111084, 'loss_dense_bce': -0.0, 'loss_dense_kl': 8.769155502319336, 'loss_topk': -0.0, 'loss_delta': -0.0, 'loss_cc': 0.6467994451522827, 'loss_nss': -1.5211703777313232, 'loss_sim': 0.7203603386878967, 'loss_concept_dense': 0.0, 'loss_concept_kl': 0.0, 'loss_align': 0.0, 'loss_sparse': 0.0, 'loss_div': 0.0, 'loss_gate': 0.0, 'loss_visual_entropy': 0.5867329239845276, 'loss_visual_equiv': 0.0, 'loss_visual_usage': 0.33998191356658936, 'loss_temporal_attention_entropy': 0.0, 'loss_total_concept': 0.1180904358625412, 'loss_decoder_side_aux': 0.2441539764404297, 'loss_priority_map': 2.1246390342712402, 'loss_priority_map_weighted': 0.21246390044689178, 'priority_map_loss': 2.1246390342712402, 'weighted_priority_map_loss': 0.21246390044689178, 'loss_priority_map_stage3': 1.888246774673462, 'loss_priority_map_stage4': 2.3610315322875977, 'loss_side_stage4': 0.42687493562698364, 'loss_side_stage3': 0.42552751302719116, 'loss_side_stage2': 0.5334145426750183, 'loss_side_stage1': 0.5012264251708984}
DEBUG decoder visual FiLM [stage1] | film_gamma=unavailable (pass return_decoder_diagnostics=True)
DEBUG decoder visual FiLM [stage2] | film_gamma=unavailable (pass return_decoder_diagnostics=True)
DEBUG decoder visual FiLM [stage3] | film_gamma mean/std/min/max=0.0625/0.6609/0.0000/37.0036 | prototype_bottleneck_strength=0.4000
DEBUG decoder visual FiLM [stage4] | film_gamma mean/std/min/max=0.0625/0.3706/0.0000/5.5329 | prototype_bottleneck_strength=0.4000
DEBUG factorized comparison [stage3] | query_norm_mean=1.5042 | key_norm_mean=1.0501 | context_mean=0.0000 | context_std=0.0919 | context_min=-0.2045 | context_max=0.2866 | total_candidate_weight=336.0000 | spatial_strength=0.0989 | spatial_freq_entropy=2.7726 | spatial_freq_weight_mean=0.6917 | rank=32
DEBUG factorized comparison [stage4] | query_norm_mean=0.5544 | key_norm_mean=0.3184 | context_mean=0.0000 | context_std=0.0143 | context_min=-0.0237 | context_max=0.0407 | total_candidate_weight=84.0000 | spatial_strength=0.0995 | spatial_freq_entropy=2.7726 | spatial_freq_weight_mean=0.6925 | rank=32
patch-priority map [stage3] | mean=0.062500 | std=0.660933 | min=0.000000 | max=37.003567 | prototype_bottleneck_strength=0.400000 | prototype_to_film_norm_ratio=2.273818
patch-priority map [stage4] | mean=0.062500 | std=0.370563 | min=0.000000 | max=5.532947 | prototype_bottleneck_strength=0.400000 | prototype_to_film_norm_ratio=2.379716
Epoch 2/200
  Mean train loss: 0.791110
  Mean val loss:   0.659879
  Current LR:      5.00e-05
Val metrics   | CC: 0.4793 | SIM: 0.3910 | NSS: 2.7020
  Saved checkpoint: training_outputs/ckpts/20260917_231452/epoch_002.pth
  New best val loss: 0.659879 (saved training_outputs/ckpts/20260917_231452/best_checkpoint.pth)

Epoch 3/200
pred_saliency: shape=(2, 1, 224, 384) min=-3.9844 max=15.5625 mean=-3.1475 std=2.4898
sal_batch: shape=(2, 1, 360, 640) min=0.0000 max=1.0000 mean=0.0141 std=0.0794
DEBUG features_shape: {'stage1': (2, 96, 16, 56, 96), 'stage2': (2, 192, 16, 28, 48), 'stage3': (2, 384, 16, 14, 24), 'stage4': (2, 768, 16, 7, 12)}
DEBUG gate: no gate_debug available. This usually means return_concept_losses=False or lambda_gate=0.
DEBUG decoder visual FiLM [stage1] | film_gamma=unavailable (pass return_decoder_diagnostics=True)
DEBUG decoder visual FiLM [stage2] | film_gamma=unavailable (pass return_decoder_diagnostics=True)
DEBUG decoder visual FiLM [stage3] | film_gamma mean/std/min/max=0.0625/0.4567/0.0000/10.7323 | prototype_bottleneck_strength=0.4000
DEBUG decoder visual FiLM [stage4] | film_gamma mean/std/min/max=0.0625/0.3536/0.0000/5.5849 | prototype_bottleneck_strength=0.4000
DEBUG factorized comparison [stage3] | query_norm_mean=1.4968 | key_norm_mean=1.0456 | context_mean=-0.0000 | context_std=0.0898 | context_min=-0.2045 | context_max=0.2284 | total_candidate_weight=336.0000 | spatial_strength=0.0989 | spatial_freq_entropy=2.7726 | spatial_freq_weight_mean=0.6917 | rank=32
DEBUG factorized comparison [stage4] | query_norm_mean=0.5567 | key_norm_mean=0.3174 | context_mean=0.0000 | context_std=0.0143 | context_min=-0.0254 | context_max=0.0410 | total_candidate_weight=84.0000 | spatial_strength=0.0995 | spatial_freq_entropy=2.7726 | spatial_freq_weight_mean=0.6925 | rank=32
patch-priority map [stage3] | mean=0.062500 | std=0.456733 | min=0.000000 | max=10.732259 | prototype_bottleneck_strength=0.400000 | prototype_to_film_norm_ratio=1.724846
patch-priority map [stage4] | mean=0.062500 | std=0.353557 | min=0.000000 | max=5.584882 | prototype_bottleneck_strength=0.400000 | prototype_to_film_norm_ratio=1.812411
DEBUG visual concept usage [stage1] top 10:
  concept 271: 3436 patches (31.96%)
  concept 358: 2145 patches (19.95%)
  concept 274: 1862 patches (17.32%)
  concept 120: 1516 patches (14.10%)
  concept 349: 1331 patches (12.38%)
  concept 114: 369 patches (3.43%)
  concept 404: 93 patches (0.86%)
  normalized usage entropy: 0.5125
DEBUG visual concept usage [stage2] top 10:
  concept 66: 813 patches (30.25%)
  concept 363: 685 patches (25.48%)
  concept 97: 672 patches (25.00%)
  concept 5: 518 patches (19.27%)
  normalized usage entropy: 0.3918
DEBUG visual concept usage [stage3] top 10:
  concept 330: 416 patches (61.90%)
  concept 113: 146 patches (21.73%)
  concept 157: 71 patches (10.57%)
  concept 174: 16 patches (2.38%)
  concept 114: 13 patches (1.93%)
  concept 261: 4 patches (0.60%)
  concept 335: 3 patches (0.45%)
  concept 451: 2 patches (0.30%)
  concept 327: 1 patches (0.15%)
  normalized usage entropy: 0.7154
DEBUG visual concept usage [stage4] top 10:
  concept 435: 69 patches (41.07%)
  concept 152: 14 patches (8.33%)
  concept 262: 13 patches (7.74%)
  concept 104: 7 patches (4.17%)
  concept 27: 5 patches (2.98%)
  concept 87: 4 patches (2.38%)
  concept 221: 4 patches (2.38%)
  concept 294: 4 patches (2.38%)
  concept 201: 3 patches (1.79%)
  concept 235: 3 patches (1.79%)
  normalized usage entropy: 0.8632
DEBUG pred min/max/mean/std: -3.984375 15.5625 -3.140625 2.484375
DEBUG target min/max/mean/std: 0.0 1.0 0.014082074165344238 0.07941858470439911
DEBUG fixation pixels per sample: [182.0, 133.0]
DEBUG fix_batch min/max/mean/std: 0.0 1.0 0.0006835937383584678 0.026136716827750206
DEBUG losses: {'loss_total': 0.3438888192176819, 'loss_fid': 12.284912109375, 'loss_patch_fid': 4.08825159072876, 'loss_dense_fid': 3.8217105865478516, 'loss_dense_bce': -0.0, 'loss_dense_kl': 4.374950408935547, 'loss_topk': -0.0, 'loss_delta': -0.0, 'loss_cc': 0.3748449683189392, 'loss_nss': -4.024364948272705, 'loss_sim': 0.5739195346832275, 'loss_concept_dense': 0.0, 'loss_concept_kl': 0.0, 'loss_align': 0.0, 'loss_sparse': 0.0, 'loss_div': 0.0, 'loss_gate': 0.0, 'loss_visual_entropy': 0.5506857633590698, 'loss_visual_equiv': 0.0, 'loss_visual_usage': 0.37927037477493286, 'loss_temporal_attention_entropy': 0.0, 'loss_total_concept': 0.10204509645700455, 'loss_decoder_side_aux': -0.002555507468059659, 'loss_priority_map': 1.7391831874847412, 'loss_priority_map_weighted': 0.17391832172870636, 'priority_map_loss': 1.7391831874847412, 'weighted_priority_map_loss': 0.17391832172870636, 'loss_priority_map_stage3': 1.8073023557662964, 'loss_priority_map_stage4': 1.6710641384124756, 'loss_side_stage4': 0.01720753312110901, 'loss_side_stage3': -0.011587589979171753, 'loss_side_stage2': 0.006179541349411011, 'loss_side_stage1': -0.015920281410217285}
DEBUG decoder visual FiLM [stage1] | film_gamma=unavailable (pass return_decoder_diagnostics=True)
DEBUG decoder visual FiLM [stage2] | film_gamma=unavailable (pass return_decoder_diagnostics=True)
DEBUG decoder visual FiLM [stage3] | film_gamma mean/std/min/max=0.0625/0.5546/0.0000/15.1961 | prototype_bottleneck_strength=0.4000
DEBUG decoder visual FiLM [stage4] | film_gamma mean/std/min/max=0.0625/0.4456/0.0000/8.0928 | prototype_bottleneck_strength=0.4000
DEBUG factorized comparison [stage3] | query_norm_mean=1.5465 | key_norm_mean=1.0982 | context_mean=0.0000 | context_std=0.1064 | context_min=-0.2299 | context_max=0.2537 | total_candidate_weight=336.0000 | spatial_strength=0.0989 | spatial_freq_entropy=2.7726 | spatial_freq_weight_mean=0.6917 | rank=32
DEBUG factorized comparison [stage4] | query_norm_mean=0.6794 | key_norm_mean=0.3969 | context_mean=-0.0000 | context_std=0.0242 | context_min=-0.0418 | context_max=0.0640 | total_candidate_weight=84.0000 | spatial_strength=0.0994 | spatial_freq_entropy=2.7726 | spatial_freq_weight_mean=0.6925 | rank=32
patch-priority map [stage3] | mean=0.062500 | std=0.554632 | min=0.000000 | max=15.196117 | prototype_bottleneck_strength=0.400000 | prototype_to_film_norm_ratio=2.808869
patch-priority map [stage4] | mean=0.062500 | std=0.445631 | min=0.000000 | max=8.092834 | prototype_bottleneck_strength=0.400000 | prototype_to_film_norm_ratio=3.971128
Epoch 3/200
  Mean train loss: 0.739929
  Mean val loss:   0.608250
  Current LR:      5.00e-05
Val metrics   | CC: 0.4916 | SIM: 0.3874 | NSS: 2.8018
  Saved checkpoint: training_outputs/ckpts/20260917_231452/epoch_003.pth
  New best val loss: 0.608250 (saved training_outputs/ckpts/20260917_231452/best_checkpoint.pth)

Epoch 4/200
pred_saliency: shape=(2, 1, 224, 384) min=-4.0000 max=24.3750 mean=-3.1028 std=2.4215
sal_batch: shape=(2, 1, 360, 640) min=0.0000 max=1.0000 mean=0.0148 std=0.0803
DEBUG features_shape: {'stage1': (2, 96, 16, 56, 96), 'stage2': (2, 192, 16, 28, 48), 'stage3': (2, 384, 16, 14, 24), 'stage4': (2, 768, 16, 7, 12)}
DEBUG gate: no gate_debug available. This usually means return_concept_losses=False or lambda_gate=0.
DEBUG decoder visual FiLM [stage1] | film_gamma=unavailable (pass return_decoder_diagnostics=True)
DEBUG decoder visual FiLM [stage2] | film_gamma=unavailable (pass return_decoder_diagnostics=True)
DEBUG decoder visual FiLM [stage3] | film_gamma mean/std/min/max=0.0625/0.5188/0.0000/12.5475 | prototype_bottleneck_strength=0.4000
DEBUG decoder visual FiLM [stage4] | film_gamma mean/std/min/max=0.0625/0.4069/0.0000/7.5665 | prototype_bottleneck_strength=0.4000
DEBUG factorized comparison [stage3] | query_norm_mean=1.5353 | key_norm_mean=1.0900 | context_mean=0.0001 | context_std=0.1048 | context_min=-0.2164 | context_max=0.2612 | total_candidate_weight=336.0000 | spatial_strength=0.0989 | spatial_freq_entropy=2.7726 | spatial_freq_weight_mean=0.6917 | rank=32
DEBUG factorized comparison [stage4] | query_norm_mean=0.6858 | key_norm_mean=0.3929 | context_mean=-0.0000 | context_std=0.0239 | context_min=-0.0448 | context_max=0.0614 | total_candidate_weight=84.0000 | spatial_strength=0.0994 | spatial_freq_entropy=2.7726 | spatial_freq_weight_mean=0.6925 | rank=32
patch-priority map [stage3] | mean=0.062500 | std=0.518769 | min=0.000000 | max=12.547458 | prototype_bottleneck_strength=0.400000 | prototype_to_film_norm_ratio=2.748791
patch-priority map [stage4] | mean=0.062500 | std=0.406902 | min=0.000000 | max=7.566502 | prototype_bottleneck_strength=0.400000 | prototype_to_film_norm_ratio=2.454919
DEBUG visual concept usage [stage1] top 10:
  concept 271: 2227 patches (20.71%)
  concept 404: 2039 patches (18.96%)
  concept 114: 1540 patches (14.32%)
  concept 274: 1504 patches (13.99%)
  concept 349: 1504 patches (13.99%)
  concept 358: 1396 patches (12.98%)
  concept 120: 542 patches (5.04%)
  normalized usage entropy: 0.4898
DEBUG visual concept usage [stage2] top 10:
  concept 5: 876 patches (32.59%)
  concept 363: 801 patches (29.80%)
  concept 66: 708 patches (26.34%)
  concept 97: 303 patches (11.27%)
  normalized usage entropy: 0.3695
DEBUG visual concept usage [stage3] top 10:
  concept 157: 170 patches (25.30%)
  concept 349: 102 patches (15.18%)
  concept 113: 83 patches (12.35%)
  concept 451: 79 patches (11.76%)
  concept 167: 66 patches (9.82%)
  concept 429: 66 patches (9.82%)
  concept 261: 41 patches (6.10%)
  concept 335: 37 patches (5.51%)
  concept 274: 8 patches (1.19%)
  concept 435: 8 patches (1.19%)
  normalized usage entropy: 0.7119
DEBUG visual concept usage [stage4] top 10:
  concept 435: 55 patches (32.74%)
  concept 262: 29 patches (17.26%)
  concept 27: 13 patches (7.74%)
  concept 294: 12 patches (7.14%)
  concept 152: 8 patches (4.76%)
  concept 30: 6 patches (3.57%)
  concept 127: 5 patches (2.98%)
  concept 409: 4 patches (2.38%)
  concept 70: 3 patches (1.79%)
  concept 87: 3 patches (1.79%)
  normalized usage entropy: 0.8488
DEBUG pred min/max/mean/std: -4.0 24.375 -3.109375 2.421875
DEBUG target min/max/mean/std: 0.0 1.0 0.01482004951685667 0.08034159243106842
DEBUG fixation pixels per sample: [180.0, 125.0]
DEBUG fix_batch min/max/mean/std: 0.0 1.0 0.0006618923507630825 0.025718780234456062
DEBUG losses: {'loss_total': 0.23075103759765625, 'loss_fid': 15.047950744628906, 'loss_patch_fid': 4.007654190063477, 'loss_dense_fid': 3.716411590576172, 'loss_dense_bce': -0.0, 'loss_dense_kl': 7.323884963989258, 'loss_topk': -0.0, 'loss_delta': -0.0, 'loss_cc': 0.3216780424118042, 'loss_nss': -4.024089336395264, 'loss_sim': 0.5685607194900513, 'loss_concept_dense': 0.0, 'loss_concept_kl': 0.0, 'loss_align': 0.0, 'loss_sparse': 0.0, 'loss_div': 0.0, 'loss_gate': 0.0, 'loss_visual_entropy': 0.5288201570510864, 'loss_visual_equiv': 0.0, 'loss_visual_usage': 0.3950209617614746, 'loss_temporal_attention_entropy': 0.0, 'loss_total_concept': 0.08994446694850922, 'loss_decoder_side_aux': -0.03491615876555443, 'loss_priority_map': 1.5745134353637695, 'loss_priority_map_weighted': 0.1574513465166092, 'priority_map_loss': 1.5745134353637695, 'weighted_priority_map_loss': 0.1574513465166092, 'loss_priority_map_stage3': 1.485976219177246, 'loss_priority_map_stage4': 1.6630505323410034, 'loss_side_stage4': 0.05197790265083313, 'loss_side_stage3': -0.0660005509853363, 'loss_side_stage2': -0.10254320502281189, 'loss_side_stage1': -0.07766759395599365}
DEBUG decoder visual FiLM [stage1] | film_gamma=unavailable (pass return_decoder_diagnostics=True)
DEBUG decoder visual FiLM [stage2] | film_gamma=unavailable (pass return_decoder_diagnostics=True)
DEBUG decoder visual FiLM [stage3] | film_gamma mean/std/min/max=0.0625/0.7805/0.0000/24.1770 | prototype_bottleneck_strength=0.4000
DEBUG decoder visual FiLM [stage4] | film_gamma mean/std/min/max=0.0625/0.5779/0.0000/10.4583 | prototype_bottleneck_strength=0.4000
DEBUG factorized comparison [stage3] | query_norm_mean=1.5298 | key_norm_mean=1.0730 | context_mean=0.0001 | context_std=0.1032 | context_min=-0.2164 | context_max=0.2866 | total_candidate_weight=336.0000 | spatial_strength=0.0989 | spatial_freq_entropy=2.7726 | spatial_freq_weight_mean=0.6917 | rank=32
DEBUG factorized comparison [stage4] | query_norm_mean=0.7609 | key_norm_mean=0.4637 | context_mean=0.0000 | context_std=0.0323 | context_min=-0.0576 | context_max=0.0896 | total_candidate_weight=84.0000 | spatial_strength=0.0993 | spatial_freq_entropy=2.7726 | spatial_freq_weight_mean=0.6926 | rank=32
patch-priority map [stage3] | mean=0.062500 | std=0.780512 | min=0.000000 | max=24.176979 | prototype_bottleneck_strength=0.400000 | prototype_to_film_norm_ratio=3.664439
patch-priority map [stage4] | mean=0.062500 | std=0.577946 | min=0.000000 | max=10.458321 | prototype_bottleneck_strength=0.400000 | prototype_to_film_norm_ratio=4.899148
Epoch 4/200
  Mean train loss: 0.635099
  Mean val loss:   0.588306
  Current LR:      5.00e-05
Val metrics   | CC: 0.4903 | SIM: 0.3947 | NSS: 2.8193
  Saved checkpoint: training_outputs/ckpts/20260917_231452/epoch_004.pth
  New best val loss: 0.588306 (saved training_outputs/ckpts/20260917_231452/best_checkpoint.pth)

Epoch 5/200
pred_saliency: shape=(2, 1, 224, 384) min=-3.9844 max=29.2500 mean=-3.2599 std=2.8356
sal_batch: shape=(2, 1, 360, 640) min=0.0000 max=1.0000 mean=0.0198 std=0.0871
DEBUG features_shape: {'stage1': (2, 96, 16, 56, 96), 'stage2': (2, 192, 16, 28, 48), 'stage3': (2, 384, 16, 14, 24), 'stage4': (2, 768, 16, 7, 12)}
DEBUG gate: no gate_debug available. This usually means return_concept_losses=False or lambda_gate=0.
DEBUG decoder visual FiLM [stage1] | film_gamma=unavailable (pass return_decoder_diagnostics=True)
DEBUG decoder visual FiLM [stage2] | film_gamma=unavailable (pass return_decoder_diagnostics=True)
DEBUG decoder visual FiLM [stage3] | film_gamma mean/std/min/max=0.0625/0.7412/0.0000/33.4488 | prototype_bottleneck_strength=0.4000
DEBUG decoder visual FiLM [stage4] | film_gamma mean/std/min/max=0.0625/0.5590/0.0000/12.9777 | prototype_bottleneck_strength=0.4000
DEBUG factorized comparison [stage3] | query_norm_mean=1.5393 | key_norm_mean=1.0721 | context_mean=0.0001 | context_std=0.1019 | context_min=-0.2254 | context_max=0.2940 | total_candidate_weight=336.0000 | spatial_strength=0.0989 | spatial_freq_entropy=2.7726 | spatial_freq_weight_mean=0.6917 | rank=32
DEBUG factorized comparison [stage4] | query_norm_mean=0.7547 | key_norm_mean=0.4636 | context_mean=0.0000 | context_std=0.0306 | context_min=-0.0561 | context_max=0.0900 | total_candidate_weight=84.0000 | spatial_strength=0.0993 | spatial_freq_entropy=2.7726 | spatial_freq_weight_mean=0.6926 | rank=32
patch-priority map [stage3] | mean=0.062500 | std=0.741171 | min=0.000000 | max=33.448761 | prototype_bottleneck_strength=0.400000 | prototype_to_film_norm_ratio=4.634498
patch-priority map [stage4] | mean=0.062500 | std=0.559024 | min=0.000000 | max=12.977733 | prototype_bottleneck_strength=0.400000 | prototype_to_film_norm_ratio=4.620256
DEBUG visual concept usage [stage1] top 10:
  concept 114: 3431 patches (31.91%)
  concept 271: 2252 patches (20.94%)
  concept 349: 1535 patches (14.28%)
  concept 358: 1426 patches (13.26%)
  concept 404: 1059 patches (9.85%)
  concept 274: 909 patches (8.45%)
  concept 120: 127 patches (1.18%)
  concept 469: 11 patches (0.10%)
  concept 217: 1 patches (0.01%)
  concept 448: 1 patches (0.01%)
  normalized usage entropy: 0.5393
DEBUG visual concept usage [stage2] top 10:
  concept 363: 884 patches (32.89%)
  concept 5: 855 patches (31.81%)
  concept 66: 776 patches (28.87%)
  concept 97: 173 patches (6.44%)
  normalized usage entropy: 0.4071
DEBUG visual concept usage [stage3] top 10:
  concept 349: 196 patches (29.17%)
  concept 167: 127 patches (18.90%)
  concept 274: 94 patches (13.99%)
  concept 451: 77 patches (11.46%)
  concept 113: 36 patches (5.36%)
  concept 157: 33 patches (4.91%)
  concept 435: 28 patches (4.17%)
  concept 261: 24 patches (3.57%)
  concept 429: 24 patches (3.57%)
  concept 335: 18 patches (2.68%)
  normalized usage entropy: 0.6911
DEBUG visual concept usage [stage4] top 10:
  concept 262: 31 patches (18.45%)
  concept 273: 31 patches (18.45%)
  concept 127: 29 patches (17.26%)
  concept 294: 19 patches (11.31%)
  concept 435: 15 patches (8.93%)
  concept 119: 5 patches (2.98%)
  concept 201: 5 patches (2.98%)
  concept 27: 3 patches (1.79%)
  concept 152: 3 patches (1.79%)
  concept 235: 3 patches (1.79%)
  normalized usage entropy: 0.8674
DEBUG pred min/max/mean/std: -3.984375 29.25 -3.265625 2.828125
DEBUG target min/max/mean/std: 0.0 1.0 0.019836703315377235 0.08707164973020554
DEBUG fixation pixels per sample: [146.0, 243.0]
DEBUG fix_batch min/max/mean/std: 0.0 1.0 0.0008441840764135122 0.02904260903596878
DEBUG losses: {'loss_total': 0.27475470304489136, 'loss_fid': 22.98292350769043, 'loss_patch_fid': 4.231724262237549, 'loss_dense_fid': 3.955190420150757, 'loss_dense_bce': -0.0, 'loss_dense_kl': 14.796009063720703, 'loss_topk': -0.0, 'loss_delta': -0.0, 'loss_cc': 0.3575490117073059, 'loss_nss': -3.5305161476135254, 'loss_sim': 0.4397627115249634, 'loss_concept_dense': 0.0, 'loss_concept_kl': 0.0, 'loss_align': 0.0, 'loss_sparse': 0.0, 'loss_div': 0.0, 'loss_gate': 0.0, 'loss_visual_entropy': 0.5590234994888306, 'loss_visual_equiv': 0.0, 'loss_visual_usage': 0.3737660348415375, 'loss_temporal_attention_entropy': 0.0, 'loss_total_concept': 0.08510275185108185, 'loss_decoder_side_aux': -0.0005904855206608772, 'loss_priority_map': 1.0159707069396973, 'loss_priority_map_weighted': 0.10159707069396973, 'priority_map_loss': 1.0159707069396973, 'weighted_priority_map_loss': 0.10159707069396973, 'loss_priority_map_stage3': 1.0662035942077637, 'loss_priority_map_stage4': 0.9657377004623413, 'loss_side_stage4': 0.0361609160900116, 'loss_side_stage3': -0.01581147313117981, 'loss_side_stage2': -0.013770073652267456, 'loss_side_stage1': 0.006240636110305786}
DEBUG decoder visual FiLM [stage1] | film_gamma=unavailable (pass return_decoder_diagnostics=True)
DEBUG decoder visual FiLM [stage2] | film_gamma=unavailable (pass return_decoder_diagnostics=True)
DEBUG decoder visual FiLM [stage3] | film_gamma mean/std/min/max=0.0625/0.5474/0.0000/32.7894 | prototype_bottleneck_strength=0.4000
DEBUG decoder visual FiLM [stage4] | film_gamma mean/std/min/max=0.0625/0.6632/0.0000/16.5690 | prototype_bottleneck_strength=0.4000
DEBUG factorized comparison [stage3] | query_norm_mean=1.5881 | key_norm_mean=1.1219 | context_mean=0.0001 | context_std=0.1093 | context_min=-0.2433 | context_max=0.2582 | total_candidate_weight=336.0000 | spatial_strength=0.0988 | spatial_freq_entropy=2.7726 | spatial_freq_weight_mean=0.6918 | rank=32
DEBUG factorized comparison [stage4] | query_norm_mean=0.8995 | key_norm_mean=0.5625 | context_mean=-0.0000 | context_std=0.0456 | context_min=-0.0745 | context_max=0.1265 | total_candidate_weight=84.0000 | spatial_strength=0.0992 | spatial_freq_entropy=2.7726 | spatial_freq_weight_mean=0.6925 | rank=32
patch-priority map [stage3] | mean=0.062500 | std=0.547388 | min=0.000000 | max=32.789371 | prototype_bottleneck_strength=0.400000 | prototype_to_film_norm_ratio=2.332499
patch-priority map [stage4] | mean=0.062500 | std=0.663182 | min=0.000000 | max=16.569038 | prototype_bottleneck_strength=0.400000 | prototype_to_film_norm_ratio=5.114007
Epoch 5/200
  Mean train loss: 0.592352
  Mean val loss:   0.584411
  Current LR:      4.99e-05
Val metrics   | CC: 0.5003 | SIM: 0.3808 | NSS: 2.8190
  Saved checkpoint: training_outputs/ckpts/20260917_231452/epoch_005.pth
  New best val loss: 0.584411 (saved training_outputs/ckpts/20260917_231452/best_checkpoint.pth)

Epoch 6/200
pred_saliency: shape=(2, 1, 224, 384) min=-3.9844 max=18.0000 mean=-3.1355 std=2.4866
sal_batch: shape=(2, 1, 360, 640) min=0.0000 max=1.0000 mean=0.0126 std=0.0702
DEBUG features_shape: {'stage1': (2, 96, 16, 56, 96), 'stage2': (2, 192, 16, 28, 48), 'stage3': (2, 384, 16, 14, 24), 'stage4': (2, 768, 16, 7, 12)}
DEBUG gate: no gate_debug available. This usually means return_concept_losses=False or lambda_gate=0.
DEBUG decoder visual FiLM [stage1] | film_gamma=unavailable (pass return_decoder_diagnostics=True)
DEBUG decoder visual FiLM [stage2] | film_gamma=unavailable (pass return_decoder_diagnostics=True)
DEBUG decoder visual FiLM [stage3] | film_gamma mean/std/min/max=0.0625/0.4585/0.0000/12.4393 | prototype_bottleneck_strength=0.4000
DEBUG decoder visual FiLM [stage4] | film_gamma mean/std/min/max=0.0625/0.5468/0.0000/16.9913 | prototype_bottleneck_strength=0.4000
DEBUG factorized comparison [stage3] | query_norm_mean=1.5853 | key_norm_mean=1.1108 | context_mean=0.0000 | context_std=0.1064 | context_min=-0.2299 | context_max=0.2358 | total_candidate_weight=336.0000 | spatial_strength=0.0988 | spatial_freq_entropy=2.7726 | spatial_freq_weight_mean=0.6918 | rank=32
DEBUG factorized comparison [stage4] | query_norm_mean=0.8987 | key_norm_mean=0.5587 | context_mean=-0.0000 | context_std=0.0430 | context_min=-0.0877 | context_max=0.1258 | total_candidate_weight=84.0000 | spatial_strength=0.0992 | spatial_freq_entropy=2.7726 | spatial_freq_weight_mean=0.6925 | rank=32
patch-priority map [stage3] | mean=0.062500 | std=0.458532 | min=0.000000 | max=12.439287 | prototype_bottleneck_strength=0.400000 | prototype_to_film_norm_ratio=2.058247
patch-priority map [stage4] | mean=0.062500 | std=0.546752 | min=0.000000 | max=16.991274 | prototype_bottleneck_strength=0.400000 | prototype_to_film_norm_ratio=4.272542
DEBUG visual concept usage [stage1] top 10:
  concept 271: 1837 patches (17.09%)
  concept 404: 1647 patches (15.32%)
  concept 358: 1404 patches (13.06%)
  concept 120: 1386 patches (12.89%)
  concept 349: 1333 patches (12.40%)
  concept 469: 1115 patches (10.37%)
  concept 274: 1063 patches (9.89%)
  concept 114: 877 patches (8.16%)
  concept 448: 75 patches (0.70%)
  concept 189: 10 patches (0.09%)
  normalized usage entropy: 0.6015
DEBUG visual concept usage [stage2] top 10:
  concept 66: 878 patches (32.66%)
  concept 363: 761 patches (28.31%)
  concept 5: 686 patches (25.52%)
  concept 97: 363 patches (13.50%)
  normalized usage entropy: 0.5286
DEBUG visual concept usage [stage3] top 10:
  concept 349: 392 patches (58.33%)
  concept 274: 102 patches (15.18%)
  concept 131: 38 patches (5.65%)
  concept 167: 34 patches (5.06%)
  concept 451: 30 patches (4.46%)
  concept 379: 16 patches (2.38%)
  concept 255: 15 patches (2.23%)
  concept 261: 13 patches (1.93%)
  concept 113: 10 patches (1.49%)
  concept 242: 8 patches (1.19%)
  normalized usage entropy: 0.6368
DEBUG visual concept usage [stage4] top 10:
  concept 127: 48 patches (28.57%)
  concept 262: 39 patches (23.21%)
  concept 119: 26 patches (15.48%)
  concept 294: 19 patches (11.31%)
  concept 235: 13 patches (7.74%)
  concept 152: 6 patches (3.57%)
  concept 273: 6 patches (3.57%)
  concept 435: 6 patches (3.57%)
  concept 30: 1 patches (0.60%)
  concept 78: 1 patches (0.60%)
  normalized usage entropy: 0.8243
DEBUG pred min/max/mean/std: -3.984375 18.0 -3.140625 2.484375
DEBUG target min/max/mean/std: 0.0 1.0 0.012598440982401371 0.07024415582418442
DEBUG fixation pixels per sample: [161.0, 114.0]
DEBUG fix_batch min/max/mean/std: 0.0 1.0 0.0005967881879769266 0.02442198246717453
DEBUG losses: {'loss_total': 0.30015718936920166, 'loss_fid': 14.230317115783691, 'loss_patch_fid': 4.261921405792236, 'loss_dense_fid': 3.796107053756714, 'loss_dense_bce': -0.0, 'loss_dense_kl': 6.17228889465332, 'loss_topk': -0.0, 'loss_delta': -0.0, 'loss_cc': 0.35382360219955444, 'loss_nss': -3.922623634338379, 'loss_sim': 0.5769197940826416, 'loss_concept_dense': 0.0, 'loss_concept_kl': 0.0, 'loss_align': 0.0, 'loss_sparse': 0.0, 'loss_div': 0.0, 'loss_gate': 0.0, 'loss_visual_entropy': 0.5759421586990356, 'loss_visual_equiv': 0.0, 'loss_visual_usage': 0.3522038459777832, 'loss_temporal_attention_entropy': 0.0, 'loss_total_concept': 0.07940146327018738, 'loss_decoder_side_aux': -0.016039635986089706, 'loss_priority_map': 1.7944203615188599, 'loss_priority_map_weighted': 0.17944203317165375, 'priority_map_loss': 1.7944203615188599, 'weighted_priority_map_loss': 0.17944203317165375, 'loss_priority_map_stage3': 2.088402032852173, 'loss_priority_map_stage4': 1.5004386901855469, 'loss_side_stage4': 0.06180199980735779, 'loss_side_stage3': -0.03944769501686096, 'loss_side_stage2': -0.04917865991592407, 'loss_side_stage1': -0.039040833711624146}
DEBUG decoder visual FiLM [stage1] | film_gamma=unavailable (pass return_decoder_diagnostics=True)
DEBUG decoder visual FiLM [stage2] | film_gamma=unavailable (pass return_decoder_diagnostics=True)
DEBUG decoder visual FiLM [stage3] | film_gamma mean/std/min/max=0.0625/0.7126/0.0000/24.4621 | prototype_bottleneck_strength=0.4000
DEBUG decoder visual FiLM [stage4] | film_gamma mean/std/min/max=0.0625/0.6885/0.0000/14.9990 | prototype_bottleneck_strength=0.4000
DEBUG factorized comparison [stage3] | query_norm_mean=1.6061 | key_norm_mean=1.1073 | context_mean=0.0001 | context_std=0.1169 | context_min=-0.2463 | context_max=0.3119 | total_candidate_weight=336.0000 | spatial_strength=0.0988 | spatial_freq_entropy=2.7726 | spatial_freq_weight_mean=0.6918 | rank=32
DEBUG factorized comparison [stage4] | query_norm_mean=0.9452 | key_norm_mean=0.6258 | context_mean=0.0000 | context_std=0.0517 | context_min=-0.0926 | context_max=0.1446 | total_candidate_weight=84.0000 | spatial_strength=0.0992 | spatial_freq_entropy=2.7726 | spatial_freq_weight_mean=0.6925 | rank=32
patch-priority map [stage3] | mean=0.062500 | std=0.712622 | min=0.000000 | max=24.462078 | prototype_bottleneck_strength=0.400000 | prototype_to_film_norm_ratio=4.235360
patch-priority map [stage4] | mean=0.062500 | std=0.688549 | min=0.000000 | max=14.999031 | prototype_bottleneck_strength=0.400000 | prototype_to_film_norm_ratio=5.482243
Epoch 6/200
  Mean train loss: 0.583040
  Mean val loss:   0.559181
  Current LR:      4.99e-05
Val metrics   | CC: 0.4986 | SIM: 0.4109 | NSS: 2.8438
  Saved checkpoint: training_outputs/ckpts/20260917_231452/epoch_006.pth
  New best val loss: 0.559181 (saved training_outputs/ckpts/20260917_231452/best_checkpoint.pth)

Epoch 7/200
pred_saliency: shape=(2, 1, 224, 384) min=-3.9844 max=30.6250 mean=-3.2253 std=2.6805
sal_batch: shape=(2, 1, 360, 640) min=0.0000 max=1.0000 mean=0.0194 std=0.0862
DEBUG features_shape: {'stage1': (2, 96, 16, 56, 96), 'stage2': (2, 192, 16, 28, 48), 'stage3': (2, 384, 16, 14, 24), 'stage4': (2, 768, 16, 7, 12)}
DEBUG gate: no gate_debug available. This usually means return_concept_losses=False or lambda_gate=0.
DEBUG decoder visual FiLM [stage1] | film_gamma=unavailable (pass return_decoder_diagnostics=True)
DEBUG decoder visual FiLM [stage2] | film_gamma=unavailable (pass return_decoder_diagnostics=True)
DEBUG decoder visual FiLM [stage3] | film_gamma mean/std/min/max=0.0625/0.5719/0.0000/19.9454 | prototype_bottleneck_strength=0.4000
DEBUG decoder visual FiLM [stage4] | film_gamma mean/std/min/max=0.0625/0.5514/0.0000/13.8563 | prototype_bottleneck_strength=0.4000
DEBUG factorized comparison [stage3] | query_norm_mean=1.6073 | key_norm_mean=1.1038 | context_mean=-0.0000 | context_std=0.1130 | context_min=-0.2522 | context_max=0.2806 | total_candidate_weight=336.0000 | spatial_strength=0.0988 | spatial_freq_entropy=2.7726 | spatial_freq_weight_mean=0.6918 | rank=32
DEBUG factorized comparison [stage4] | query_norm_mean=0.9577 | key_norm_mean=0.6078 | context_mean=0.0000 | context_std=0.0499 | context_min=-0.0938 | context_max=0.1408 | total_candidate_weight=84.0000 | spatial_strength=0.0992 | spatial_freq_entropy=2.7726 | spatial_freq_weight_mean=0.6925 | rank=32
patch-priority map [stage3] | mean=0.062500 | std=0.571923 | min=0.000000 | max=19.945406 | prototype_bottleneck_strength=0.400000 | prototype_to_film_norm_ratio=3.641687
patch-priority map [stage4] | mean=0.062500 | std=0.551382 | min=0.000000 | max=13.856314 | prototype_bottleneck_strength=0.400000 | prototype_to_film_norm_ratio=2.255758
DEBUG visual concept usage [stage1] top 10:
  concept 469: 3536 patches (32.89%)
  concept 271: 1860 patches (17.30%)
  concept 358: 1464 patches (13.62%)
  concept 404: 1106 patches (10.29%)
  concept 349: 1090 patches (10.14%)
  concept 274: 944 patches (8.78%)
  concept 120: 577 patches (5.37%)
  concept 114: 174 patches (1.62%)
  concept 448: 1 patches (0.01%)
  normalized usage entropy: 0.6144
DEBUG visual concept usage [stage2] top 10:
  concept 66: 1399 patches (52.05%)
  concept 363: 1133 patches (42.15%)
  concept 97: 156 patches (5.80%)
  normalized usage entropy: 0.6050
DEBUG visual concept usage [stage3] top 10:
  concept 255: 173 patches (25.74%)
  concept 349: 164 patches (24.40%)
  concept 274: 109 patches (16.22%)
  concept 261: 42 patches (6.25%)
  concept 242: 36 patches (5.36%)
  concept 379: 34 patches (5.06%)
  concept 167: 32 patches (4.76%)
  concept 451: 26 patches (3.87%)
  concept 131: 24 patches (3.57%)
  concept 429: 11 patches (1.64%)
  normalized usage entropy: 0.6418
DEBUG visual concept usage [stage4] top 10:
  concept 127: 39 patches (23.21%)
  concept 262: 37 patches (22.02%)
  concept 119: 35 patches (20.83%)
  concept 294: 22 patches (13.10%)
  concept 235: 13 patches (7.74%)
  concept 78: 7 patches (4.17%)
  concept 273: 5 patches (2.98%)
  concept 237: 3 patches (1.79%)
  concept 130: 2 patches (1.19%)
  concept 194: 2 patches (1.19%)
  normalized usage entropy: 0.7657
DEBUG pred min/max/mean/std: -3.984375 30.625 -3.21875 2.6875
DEBUG target min/max/mean/std: 0.0 1.0 0.019391534850001335 0.08616974949836731
DEBUG fixation pixels per sample: [162.0, 199.0]
DEBUG fix_batch min/max/mean/std: 0.0 1.0 0.000783420167863369 0.02797870710492134
DEBUG losses: {'loss_total': 1.1755726337432861, 'loss_fid': 26.42913818359375, 'loss_patch_fid': 4.093451499938965, 'loss_dense_fid': 3.870377779006958, 'loss_dense_bce': -0.0, 'loss_dense_kl': 18.465309143066406, 'loss_topk': -0.0, 'loss_delta': -0.0, 'loss_cc': 0.6677660942077637, 'loss_nss': -1.4845118522644043, 'loss_sim': 0.7055562138557434, 'loss_concept_dense': 0.0, 'loss_concept_kl': 0.0, 'loss_align': 0.0, 'loss_sparse': 0.0, 'loss_div': 0.0, 'loss_gate': 0.0, 'loss_visual_entropy': 0.5781555771827698, 'loss_visual_equiv': 0.0, 'loss_visual_usage': 0.3432501554489136, 'loss_temporal_attention_entropy': 0.0, 'loss_total_concept': 0.0757267028093338, 'loss_decoder_side_aux': 0.2590688169002533, 'loss_priority_map': 2.1369078159332275, 'loss_priority_map_weighted': 0.21369078755378723, 'priority_map_loss': 2.1369078159332275, 'weighted_priority_map_loss': 0.21369078755378723, 'loss_priority_map_stage3': 1.9950534105300903, 'loss_priority_map_stage4': 2.2787623405456543, 'loss_side_stage4': 0.4583521783351898, 'loss_side_stage3': 0.5464982390403748, 'loss_side_stage2': 0.5209769010543823, 'loss_side_stage1': 0.5167741775512695}
DEBUG decoder visual FiLM [stage1] | film_gamma=unavailable (pass return_decoder_diagnostics=True)
DEBUG decoder visual FiLM [stage2] | film_gamma=unavailable (pass return_decoder_diagnostics=True)
DEBUG decoder visual FiLM [stage3] | film_gamma mean/std/min/max=0.0625/0.7290/0.0000/32.3974 | prototype_bottleneck_strength=0.4000
DEBUG decoder visual FiLM [stage4] | film_gamma mean/std/min/max=0.0625/0.8164/0.0000/28.1724 | prototype_bottleneck_strength=0.4000
DEBUG factorized comparison [stage3] | query_norm_mean=1.5412 | key_norm_mean=1.0538 | context_mean=0.0001 | context_std=0.1017 | context_min=-0.2179 | context_max=0.2940 | total_candidate_weight=336.0000 | spatial_strength=0.0988 | spatial_freq_entropy=2.7726 | spatial_freq_weight_mean=0.6919 | rank=32
DEBUG factorized comparison [stage4] | query_norm_mean=0.9798 | key_norm_mean=0.6914 | context_mean=0.0001 | context_std=0.0552 | context_min=-0.1084 | context_max=0.1664 | total_candidate_weight=84.0000 | spatial_strength=0.0991 | spatial_freq_entropy=2.7726 | spatial_freq_weight_mean=0.6925 | rank=32
patch-priority map [stage3] | mean=0.062500 | std=0.729014 | min=0.000000 | max=32.397388 | prototype_bottleneck_strength=0.400000 | prototype_to_film_norm_ratio=3.394408
patch-priority map [stage4] | mean=0.062500 | std=0.816371 | min=0.000000 | max=28.172441 | prototype_bottleneck_strength=0.400000 | prototype_to_film_norm_ratio=6.139173
Epoch 7/200
  Mean train loss: 0.553397
  Mean val loss:   0.568354
  Current LR:      4.99e-05
Val metrics   | CC: 0.4924 | SIM: 0.3826 | NSS: 2.7963
  Saved checkpoint: training_outputs/ckpts/20260917_231452/epoch_007.pth

Epoch 8/200
pred_saliency: shape=(2, 1, 224, 384) min=-3.9844 max=25.5000 mean=-3.0269 std=2.4934
sal_batch: shape=(2, 1, 360, 640) min=0.0000 max=1.0000 mean=0.0161 std=0.0765
DEBUG features_shape: {'stage1': (2, 96, 16, 56, 96), 'stage2': (2, 192, 16, 28, 48), 'stage3': (2, 384, 16, 14, 24), 'stage4': (2, 768, 16, 7, 12)}
DEBUG gate: no gate_debug available. This usually means return_concept_losses=False or lambda_gate=0.
DEBUG decoder visual FiLM [stage1] | film_gamma=unavailable (pass return_decoder_diagnostics=True)
DEBUG decoder visual FiLM [stage2] | film_gamma=unavailable (pass return_decoder_diagnostics=True)
DEBUG decoder visual FiLM [stage3] | film_gamma mean/std/min/max=0.0625/0.5360/0.0000/16.8164 | prototype_bottleneck_strength=0.4000
DEBUG decoder visual FiLM [stage4] | film_gamma mean/std/min/max=0.0625/0.5740/0.0000/18.1733 | prototype_bottleneck_strength=0.4000
DEBUG factorized comparison [stage3] | query_norm_mean=1.5640 | key_norm_mean=1.0666 | context_mean=-0.0000 | context_std=0.1046 | context_min=-0.2179 | context_max=0.2657 | total_candidate_weight=336.0000 | spatial_strength=0.0988 | spatial_freq_entropy=2.7726 | spatial_freq_weight_mean=0.6919 | rank=32
DEBUG factorized comparison [stage4] | query_norm_mean=0.9881 | key_norm_mean=0.6826 | context_mean=0.0000 | context_std=0.0555 | context_min=-0.1107 | context_max=0.1566 | total_candidate_weight=84.0000 | spatial_strength=0.0991 | spatial_freq_entropy=2.7726 | spatial_freq_weight_mean=0.6925 | rank=32
patch-priority map [stage3] | mean=0.062500 | std=0.536009 | min=0.000000 | max=16.816446 | prototype_bottleneck_strength=0.400000 | prototype_to_film_norm_ratio=2.751045
patch-priority map [stage4] | mean=0.062500 | std=0.573986 | min=0.000000 | max=18.173347 | prototype_bottleneck_strength=0.400000 | prototype_to_film_norm_ratio=2.319071
DEBUG visual concept usage [stage1] top 10:
  concept 469: 4425 patches (41.16%)
  concept 358: 1880 patches (17.49%)
  concept 349: 1390 patches (12.93%)
  concept 404: 1161 patches (10.80%)
  concept 271: 1100 patches (10.23%)
  concept 120: 516 patches (4.80%)
  concept 274: 158 patches (1.47%)
  concept 114: 120 patches (1.12%)
  concept 91: 1 patches (0.01%)
  concept 448: 1 patches (0.01%)
  normalized usage entropy: 0.6470
DEBUG visual concept usage [stage2] top 10:
  concept 66: 2657 patches (98.85%)
  concept 97: 31 patches (1.15%)
  normalized usage entropy: 0.6705
DEBUG visual concept usage [stage3] top 10:
  concept 261: 215 patches (31.99%)
  concept 242: 126 patches (18.75%)
  concept 255: 123 patches (18.30%)
  concept 362: 45 patches (6.70%)
  concept 349: 30 patches (4.46%)
  concept 379: 26 patches (3.87%)
  concept 274: 24 patches (3.57%)
  concept 167: 21 patches (3.12%)
  concept 497: 20 patches (2.98%)
  concept 451: 17 patches (2.53%)
  normalized usage entropy: 0.6209
DEBUG visual concept usage [stage4] top 10:
  concept 119: 57 patches (33.93%)
  concept 262: 47 patches (27.98%)
  concept 294: 27 patches (16.07%)
  concept 78: 9 patches (5.36%)
  concept 392: 9 patches (5.36%)
  concept 53: 7 patches (4.17%)
  concept 127: 7 patches (4.17%)
  concept 235: 3 patches (1.79%)
  concept 273: 2 patches (1.19%)
  normalized usage entropy: 0.6726
DEBUG pred min/max/mean/std: -3.984375 25.5 -3.03125 2.5
DEBUG target min/max/mean/std: 0.0 1.0 0.016084926202893257 0.07651370763778687
DEBUG fixation pixels per sample: [164.0, 227.0]
DEBUG fix_batch min/max/mean/std: 0.0 1.0 0.0008485243306495249 0.02911711111664772
DEBUG losses: {'loss_total': 0.6489924192428589, 'loss_fid': 18.329635620117188, 'loss_patch_fid': 4.332786560058594, 'loss_dense_fid': 3.6472487449645996, 'loss_dense_bce': -0.0, 'loss_dense_kl': 10.349600791931152, 'loss_topk': -0.0, 'loss_delta': -0.0, 'loss_cc': 0.5036543607711792, 'loss_nss': -3.1981120109558105, 'loss_sim': 0.6708577871322632, 'loss_concept_dense': 0.0, 'loss_concept_kl': 0.0, 'loss_align': 0.0, 'loss_sparse': 0.0, 'loss_div': 0.0, 'loss_gate': 0.0, 'loss_visual_entropy': 0.5769251585006714, 'loss_visual_equiv': 0.0, 'loss_visual_usage': 0.3472577631473541, 'loss_temporal_attention_entropy': 0.0, 'loss_total_concept': 0.06994559615850449, 'loss_decoder_side_aux': 0.10682632029056549, 'loss_priority_map': 1.8368115425109863, 'loss_priority_map_weighted': 0.1836811602115631, 'priority_map_loss': 1.8368115425109863, 'weighted_priority_map_loss': 0.1836811602115631, 'loss_priority_map_stage3': 1.716556191444397, 'loss_priority_map_stage4': 1.9570670127868652, 'loss_side_stage4': 0.3391200304031372, 'loss_side_stage3': 0.24435147643089294, 'loss_side_stage2': 0.1912960410118103, 'loss_side_stage1': 0.18370380997657776}
DEBUG decoder visual FiLM [stage1] | film_gamma=unavailable (pass return_decoder_diagnostics=True)
DEBUG decoder visual FiLM [stage2] | film_gamma=unavailable (pass return_decoder_diagnostics=True)
DEBUG decoder visual FiLM [stage3] | film_gamma mean/std/min/max=0.0625/0.8599/0.0000/31.5633 | prototype_bottleneck_strength=0.4000
DEBUG decoder visual FiLM [stage4] | film_gamma mean/std/min/max=0.0625/0.5534/0.0000/10.8736 | prototype_bottleneck_strength=0.4000
DEBUG factorized comparison [stage3] | query_norm_mean=1.6153 | key_norm_mean=1.1191 | context_mean=0.0001 | context_std=0.1196 | context_min=-0.2642 | context_max=0.3254 | total_candidate_weight=336.0000 | spatial_strength=0.0988 | spatial_freq_entropy=2.7726 | spatial_freq_weight_mean=0.6919 | rank=32
DEBUG factorized comparison [stage4] | query_norm_mean=0.9272 | key_norm_mean=0.6668 | context_mean=0.0001 | context_std=0.0525 | context_min=-0.1092 | context_max=0.1280 | total_candidate_weight=84.0000 | spatial_strength=0.0992 | spatial_freq_entropy=2.7726 | spatial_freq_weight_mean=0.6928 | rank=32
patch-priority map [stage3] | mean=0.062500 | std=0.859870 | min=0.000000 | max=31.563253 | prototype_bottleneck_strength=0.400000 | prototype_to_film_norm_ratio=5.095560
patch-priority map [stage4] | mean=0.062500 | std=0.553447 | min=0.000000 | max=10.873567 | prototype_bottleneck_strength=0.400000 | prototype_to_film_norm_ratio=3.208968
Epoch 8/200
  Mean train loss: 0.525630
  Mean val loss:   0.530004
  Current LR:      4.98e-05
Val metrics   | CC: 0.5118 | SIM: 0.3975 | NSS: 2.9199
  Saved checkpoint: training_outputs/ckpts/20260917_231452/epoch_008.pth
  New best val loss: 0.530004 (saved training_outputs/ckpts/20260917_231452/best_checkpoint.pth)

Epoch 9/200
pred_saliency: shape=(2, 1, 224, 384) min=-3.9844 max=17.5000 mean=-3.0430 std=2.5655
sal_batch: shape=(2, 1, 360, 640) min=0.0000 max=1.0000 mean=0.0235 std=0.0952
DEBUG features_shape: {'stage1': (2, 96, 16, 56, 96), 'stage2': (2, 192, 16, 28, 48), 'stage3': (2, 384, 16, 14, 24), 'stage4': (2, 768, 16, 7, 12)}
DEBUG gate: no gate_debug available. This usually means return_concept_losses=False or lambda_gate=0.
DEBUG decoder visual FiLM [stage1] | film_gamma=unavailable (pass return_decoder_diagnostics=True)
DEBUG decoder visual FiLM [stage2] | film_gamma=unavailable (pass return_decoder_diagnostics=True)
DEBUG decoder visual FiLM [stage3] | film_gamma mean/std/min/max=0.0625/0.6858/0.0000/26.8556 | prototype_bottleneck_strength=0.4000
DEBUG decoder visual FiLM [stage4] | film_gamma mean/std/min/max=0.0625/0.5062/0.0000/9.3166 | prototype_bottleneck_strength=0.4000
DEBUG factorized comparison [stage3] | query_norm_mean=1.6184 | key_norm_mean=1.1130 | context_mean=0.0001 | context_std=0.1183 | context_min=-0.2597 | context_max=0.3119 | total_candidate_weight=336.0000 | spatial_strength=0.0988 | spatial_freq_entropy=2.7726 | spatial_freq_weight_mean=0.6919 | rank=32
DEBUG factorized comparison [stage4] | query_norm_mean=0.9355 | key_norm_mean=0.6564 | context_mean=0.0000 | context_std=0.0521 | context_min=-0.1024 | context_max=0.1235 | total_candidate_weight=84.0000 | spatial_strength=0.0992 | spatial_freq_entropy=2.7726 | spatial_freq_weight_mean=0.6928 | rank=32
patch-priority map [stage3] | mean=0.062500 | std=0.685750 | min=0.000000 | max=26.855570 | prototype_bottleneck_strength=0.400000 | prototype_to_film_norm_ratio=3.718787
patch-priority map [stage4] | mean=0.062500 | std=0.506161 | min=0.000000 | max=9.316568 | prototype_bottleneck_strength=0.400000 | prototype_to_film_norm_ratio=2.572545
DEBUG visual concept usage [stage1] top 10:
  concept 469: 3677 patches (34.20%)
  concept 404: 2404 patches (22.36%)
  concept 271: 2042 patches (18.99%)
  concept 358: 1144 patches (10.64%)
  concept 349: 956 patches (8.89%)
  concept 120: 413 patches (3.84%)
  concept 274: 115 patches (1.07%)
  concept 114: 1 patches (0.01%)
  normalized usage entropy: 0.6823
DEBUG visual concept usage [stage2] top 10:
  concept 66: 2687 patches (99.96%)
  concept 97: 1 patches (0.04%)
  normalized usage entropy: 0.6991
DEBUG visual concept usage [stage3] top 10:
  concept 451: 230 patches (34.23%)
  concept 242: 96 patches (14.29%)
  concept 362: 69 patches (10.27%)
  concept 261: 65 patches (9.67%)
  concept 255: 62 patches (9.23%)
  concept 497: 62 patches (9.23%)
  concept 349: 23 patches (3.42%)
  concept 95: 22 patches (3.27%)
  concept 234: 16 patches (2.38%)
  concept 274: 8 patches (1.19%)
  normalized usage entropy: 0.6088
DEBUG visual concept usage [stage4] top 10:
  concept 119: 41 patches (24.40%)
  concept 294: 39 patches (23.21%)
  concept 53: 30 patches (17.86%)
  concept 262: 17 patches (10.12%)
  concept 78: 15 patches (8.93%)
  concept 392: 10 patches (5.95%)
  concept 175: 7 patches (4.17%)
  concept 152: 3 patches (1.79%)
  concept 328: 2 patches (1.19%)
  concept 194: 1 patches (0.60%)
  normalized usage entropy: 0.6286
DEBUG pred min/max/mean/std: -3.984375 17.5 -3.046875 2.5625
DEBUG target min/max/mean/std: 0.0 1.0 0.023486612364649773 0.09522829949855804
DEBUG fixation pixels per sample: [225.0, 180.0]
DEBUG fix_batch min/max/mean/std: 0.0 1.0 0.0008789062849245965 0.029633352532982826
DEBUG losses: {'loss_total': 0.37294191122055054, 'loss_fid': 13.415570259094238, 'loss_patch_fid': 4.315593719482422, 'loss_dense_fid': 3.756953001022339, 'loss_dense_bce': -0.0, 'loss_dense_kl': 5.343023300170898, 'loss_topk': -0.0, 'loss_delta': -0.0, 'loss_cc': 0.36757612228393555, 'loss_nss': -3.094494581222534, 'loss_sim': 0.4771620035171509, 'loss_concept_dense': 0.0, 'loss_concept_kl': 0.0, 'loss_align': 0.0, 'loss_sparse': 0.0, 'loss_div': 0.0, 'loss_gate': 0.0, 'loss_visual_entropy': 0.5742158889770508, 'loss_visual_equiv': 0.0, 'loss_visual_usage': 0.3452969491481781, 'loss_temporal_attention_entropy': 0.0, 'loss_total_concept': 0.06748805940151215, 'loss_decoder_side_aux': 0.03572200983762741, 'loss_priority_map': 1.2648820877075195, 'loss_priority_map_weighted': 0.12648820877075195, 'priority_map_loss': 1.2648820877075195, 'weighted_priority_map_loss': 0.12648820877075195, 'loss_priority_map_stage3': 1.114349365234375, 'loss_priority_map_stage4': 1.4154146909713745, 'loss_side_stage4': 0.08098754286766052, 'loss_side_stage3': 0.08809053897857666, 'loss_side_stage2': 0.07101085782051086, 'loss_side_stage1': 0.06105974316596985}
DEBUG decoder visual FiLM [stage1] | film_gamma=unavailable (pass return_decoder_diagnostics=True)
DEBUG decoder visual FiLM [stage2] | film_gamma=unavailable (pass return_decoder_diagnostics=True)
DEBUG decoder visual FiLM [stage3] | film_gamma mean/std/min/max=0.0625/0.8879/0.0000/38.5984 | prototype_bottleneck_strength=0.4000
DEBUG decoder visual FiLM [stage4] | film_gamma mean/std/min/max=0.0625/0.6799/0.0000/14.1997 | prototype_bottleneck_strength=0.4000
DEBUG factorized comparison [stage3] | query_norm_mean=1.5523 | key_norm_mean=1.0848 | context_mean=0.0001 | context_std=0.1126 | context_min=-0.2582 | context_max=0.3075 | total_candidate_weight=336.0000 | spatial_strength=0.0989 | spatial_freq_entropy=2.7726 | spatial_freq_weight_mean=0.6919 | rank=32
DEBUG factorized comparison [stage4] | query_norm_mean=0.9794 | key_norm_mean=0.7260 | context_mean=0.0000 | context_std=0.0622 | context_min=-0.1288 | context_max=0.1642 | total_candidate_weight=84.0000 | spatial_strength=0.0991 | spatial_freq_entropy=2.7726 | spatial_freq_weight_mean=0.6927 | rank=32
patch-priority map [stage3] | mean=0.062500 | std=0.887940 | min=0.000000 | max=38.598362 | prototype_bottleneck_strength=0.400000 | prototype_to_film_norm_ratio=4.774793
patch-priority map [stage4] | mean=0.062500 | std=0.679860 | min=0.000000 | max=14.199669 | prototype_bottleneck_strength=0.400000 | prototype_to_film_norm_ratio=3.680151
Epoch 9/200
  Mean train loss: 0.495941
  Mean val loss:   0.542226
  Current LR:      4.98e-05
Val metrics   | CC: 0.4943 | SIM: 0.4018 | NSS: 2.8816
  Saved checkpoint: training_outputs/ckpts/20260917_231452/epoch_009.pth

Epoch 10/200
pred_saliency: shape=(2, 1, 224, 384) min=-3.9844 max=35.0000 mean=-3.2170 std=2.8768
sal_batch: shape=(2, 1, 360, 640) min=0.0000 max=1.0000 mean=0.0192 std=0.0932
DEBUG features_shape: {'stage1': (2, 96, 16, 56, 96), 'stage2': (2, 192, 16, 28, 48), 'stage3': (2, 384, 16, 14, 24), 'stage4': (2, 768, 16, 7, 12)}
DEBUG gate: no gate_debug available. This usually means return_concept_losses=False or lambda_gate=0.
DEBUG decoder visual FiLM [stage1] | film_gamma=unavailable (pass return_decoder_diagnostics=True)
DEBUG decoder visual FiLM [stage2] | film_gamma=unavailable (pass return_decoder_diagnostics=True)
DEBUG decoder visual FiLM [stage3] | film_gamma mean/std/min/max=0.0625/0.6025/0.0000/24.4580 | prototype_bottleneck_strength=0.4000
DEBUG decoder visual FiLM [stage4] | film_gamma mean/std/min/max=0.0625/0.5911/0.0000/16.8356 | prototype_bottleneck_strength=0.4000
DEBUG factorized comparison [stage3] | query_norm_mean=1.5506 | key_norm_mean=1.0771 | context_mean=0.0000 | context_std=0.1100 | context_min=-0.2478 | context_max=0.2701 | total_candidate_weight=336.0000 | spatial_strength=0.0989 | spatial_freq_entropy=2.7726 | spatial_freq_weight_mean=0.6919 | rank=32
DEBUG factorized comparison [stage4] | query_norm_mean=0.9793 | key_norm_mean=0.7233 | context_mean=-0.0000 | context_std=0.0592 | context_min=-0.1197 | context_max=0.1438 | total_candidate_weight=84.0000 | spatial_strength=0.0991 | spatial_freq_entropy=2.7726 | spatial_freq_weight_mean=0.6927 | rank=32
patch-priority map [stage3] | mean=0.062500 | std=0.602546 | min=0.000000 | max=24.457954 | prototype_bottleneck_strength=0.400000 | prototype_to_film_norm_ratio=3.169431
patch-priority map [stage4] | mean=0.062500 | std=0.591138 | min=0.000000 | max=16.835630 | prototype_bottleneck_strength=0.400000 | prototype_to_film_norm_ratio=2.638157
DEBUG visual concept usage [stage1] top 10:
  concept 358: 4126 patches (38.37%)
  concept 271: 2714 patches (25.24%)
  concept 469: 2221 patches (20.66%)
  concept 404: 1498 patches (13.93%)
  concept 120: 193 patches (1.80%)
  normalized usage entropy: 0.6761
DEBUG visual concept usage [stage2] top 10:
  concept 66: 2688 patches (100.00%)
  normalized usage entropy: 0.7204
DEBUG visual concept usage [stage3] top 10:
  concept 261: 184 patches (27.38%)
  concept 451: 129 patches (19.20%)
  concept 255: 107 patches (15.92%)
  concept 242: 78 patches (11.61%)
  concept 362: 74 patches (11.01%)
  concept 349: 35 patches (5.21%)
  concept 497: 28 patches (4.17%)
  concept 274: 8 patches (1.19%)
  concept 95: 7 patches (1.04%)
  concept 441: 6 patches (0.89%)
  normalized usage entropy: 0.5967
DEBUG visual concept usage [stage4] top 10:
  concept 53: 24 patches (14.29%)
  concept 262: 23 patches (13.69%)
  concept 294: 22 patches (13.10%)
  concept 119: 20 patches (11.90%)
  concept 194: 16 patches (9.52%)
  concept 152: 12 patches (7.14%)
  concept 432: 11 patches (6.55%)
  concept 78: 10 patches (5.95%)
  concept 328: 10 patches (5.95%)
  concept 476: 6 patches (3.57%)
  normalized usage entropy: 0.6475
DEBUG pred min/max/mean/std: -3.984375 35.0 -3.21875 2.875
DEBUG target min/max/mean/std: 0.0 1.0 0.01923959143459797 0.09324993938207626
DEBUG fixation pixels per sample: [177.0, 327.0]
DEBUG fix_batch min/max/mean/std: 0.0 1.0 0.0010937500046566129 0.03305383399128914
DEBUG losses: {'loss_total': 0.09596414119005203, 'loss_fid': 23.29526138305664, 'loss_patch_fid': 4.05800724029541, 'loss_dense_fid': 3.8886120319366455, 'loss_dense_bce': -0.0, 'loss_dense_kl': 15.348642349243164, 'loss_topk': -0.0, 'loss_delta': -0.0, 'loss_cc': 0.24256455898284912, 'loss_nss': -3.6185097694396973, 'loss_sim': 0.4206113815307617, 'loss_concept_dense': 0.0, 'loss_concept_kl': 0.0, 'loss_align': 0.0, 'loss_sparse': 0.0, 'loss_div': 0.0, 'loss_gate': 0.0, 'loss_visual_entropy': 0.5712060928344727, 'loss_visual_equiv': 0.0, 'loss_visual_usage': 0.33980226516723633, 'loss_temporal_attention_entropy': 0.0, 'loss_total_concept': 0.06456257402896881, 'loss_decoder_side_aux': -0.056192949414253235, 'loss_priority_map': 1.2798353433609009, 'loss_priority_map_weighted': 0.12798354029655457, 'priority_map_loss': 1.2798353433609009, 'weighted_priority_map_loss': 0.12798354029655457, 'loss_priority_map_stage3': 1.147993564605713, 'loss_priority_map_stage4': 1.4116771221160889, 'loss_side_stage4': -0.12726113200187683, 'loss_side_stage3': -0.11565980315208435, 'loss_side_stage2': -0.10398241877555847, 'loss_side_stage1': -0.11333274841308594}
DEBUG decoder visual FiLM [stage1] | film_gamma=unavailable (pass return_decoder_diagnostics=True)
DEBUG decoder visual FiLM [stage2] | film_gamma=unavailable (pass return_decoder_diagnostics=True)
DEBUG decoder visual FiLM [stage3] | film_gamma mean/std/min/max=0.0625/0.7522/0.0000/38.9409 | prototype_bottleneck_strength=0.4000
DEBUG decoder visual FiLM [stage4] | film_gamma mean/std/min/max=0.0625/0.8345/0.0000/21.9433 | prototype_bottleneck_strength=0.4000
DEBUG factorized comparison [stage3] | query_norm_mean=1.5971 | key_norm_mean=1.1191 | context_mean=-0.0000 | context_std=0.1209 | context_min=-0.2836 | context_max=0.3149 | total_candidate_weight=336.0000 | spatial_strength=0.0988 | spatial_freq_entropy=2.7726 | spatial_freq_weight_mean=0.6919 | rank=32
DEBUG factorized comparison [stage4] | query_norm_mean=1.0417 | key_norm_mean=0.7908 | context_mean=-0.0000 | context_std=0.0711 | context_min=-0.1536 | context_max=0.1905 | total_candidate_weight=84.0000 | spatial_strength=0.0991 | spatial_freq_entropy=2.7726 | spatial_freq_weight_mean=0.6926 | rank=32
patch-priority map [stage3] | mean=0.062500 | std=0.752190 | min=0.000000 | max=38.940853 | prototype_bottleneck_strength=0.400000 | prototype_to_film_norm_ratio=3.373590
patch-priority map [stage4] | mean=0.062500 | std=0.834498 | min=0.000000 | max=21.943312 | prototype_bottleneck_strength=0.400000 | prototype_to_film_norm_ratio=4.923866
Epoch 10/200
  Mean train loss: 0.495350
  Mean val loss:   0.510076
  Current LR:      4.97e-05
Val metrics   | CC: 0.5163 | SIM: 0.3965 | NSS: 2.9767
  Saved checkpoint: training_outputs/ckpts/20260917_231452/epoch_010.pth
  New best val loss: 0.510076 (saved training_outputs/ckpts/20260917_231452/best_checkpoint.pth)

Epoch 11/200
pred_saliency: shape=(2, 1, 224, 384) min=-3.9844 max=26.0000 mean=-3.1824 std=2.5067
sal_batch: shape=(2, 1, 360, 640) min=0.0000 max=1.0000 mean=0.0162 std=0.0755
DEBUG features_shape: {'stage1': (2, 96, 16, 56, 96), 'stage2': (2, 192, 16, 28, 48), 'stage3': (2, 384, 16, 14, 24), 'stage4': (2, 768, 16, 7, 12)}
DEBUG gate: no gate_debug available. This usually means return_concept_losses=False or lambda_gate=0.
DEBUG decoder visual FiLM [stage1] | film_gamma=unavailable (pass return_decoder_diagnostics=True)
DEBUG decoder visual FiLM [stage2] | film_gamma=unavailable (pass return_decoder_diagnostics=True)
DEBUG decoder visual FiLM [stage3] | film_gamma mean/std/min/max=0.0625/0.6119/0.0000/34.1346 | prototype_bottleneck_strength=0.4000
DEBUG decoder visual FiLM [stage4] | film_gamma mean/std/min/max=0.0625/0.7536/0.0000/20.7064 | prototype_bottleneck_strength=0.4000
DEBUG factorized comparison [stage3] | query_norm_mean=1.5832 | key_norm_mean=1.1094 | context_mean=-0.0000 | context_std=0.1217 | context_min=-0.2716 | context_max=0.2851 | total_candidate_weight=336.0000 | spatial_strength=0.0988 | spatial_freq_entropy=2.7726 | spatial_freq_weight_mean=0.6919 | rank=32
DEBUG factorized comparison [stage4] | query_norm_mean=1.0487 | key_norm_mean=0.7846 | context_mean=0.0000 | context_std=0.0714 | context_min=-0.1574 | context_max=0.1852 | total_candidate_weight=84.0000 | spatial_strength=0.0991 | spatial_freq_entropy=2.7726 | spatial_freq_weight_mean=0.6926 | rank=32
patch-priority map [stage3] | mean=0.062500 | std=0.611852 | min=0.000000 | max=34.134621 | prototype_bottleneck_strength=0.400000 | prototype_to_film_norm_ratio=2.647581
patch-priority map [stage4] | mean=0.062500 | std=0.753596 | min=0.000000 | max=20.706379 | prototype_bottleneck_strength=0.400000 | prototype_to_film_norm_ratio=3.299158
DEBUG visual concept usage [stage1] top 10:
  concept 469: 3469 patches (32.26%)
  concept 358: 3062 patches (28.48%)
  concept 271: 2773 patches (25.79%)
  concept 404: 1016 patches (9.45%)
  concept 120: 432 patches (4.02%)
  normalized usage entropy: 0.7330
DEBUG visual concept usage [stage2] top 10:
  concept 66: 2688 patches (100.00%)
  normalized usage entropy: 0.7473
DEBUG visual concept usage [stage3] top 10:
  concept 451: 260 patches (38.69%)
  concept 255: 150 patches (22.32%)
  concept 362: 65 patches (9.67%)
  concept 242: 54 patches (8.04%)
  concept 401: 47 patches (6.99%)
  concept 261: 29 patches (4.32%)
  concept 497: 18 patches (2.68%)
  concept 510: 17 patches (2.53%)
  concept 349: 9 patches (1.34%)
  concept 35: 8 patches (1.19%)
  normalized usage entropy: 0.5644
DEBUG visual concept usage [stage4] top 10:
  concept 194: 65 patches (38.69%)
  concept 432: 24 patches (14.29%)
  concept 119: 15 patches (8.93%)
  concept 262: 14 patches (8.33%)
  concept 294: 14 patches (8.33%)
  concept 34: 9 patches (5.36%)
  concept 78: 7 patches (4.17%)
  concept 273: 6 patches (3.57%)
  concept 441: 6 patches (3.57%)
  concept 53: 5 patches (2.98%)
  normalized usage entropy: 0.6462
DEBUG pred min/max/mean/std: -3.984375 26.0 -3.1875 2.5
DEBUG target min/max/mean/std: 0.0 1.0 0.016201075166463852 0.07549581676721573
DEBUG fixation pixels per sample: [148.0, 185.0]
DEBUG fix_batch min/max/mean/std: 0.0 1.0 0.0007226562593132257 0.026872579008340836
DEBUG losses: {'loss_total': 0.5183085203170776, 'loss_fid': 21.3004150390625, 'loss_patch_fid': 4.272091865539551, 'loss_dense_fid': 3.7452633380889893, 'loss_dense_bce': -0.0, 'loss_dense_kl': 13.283061027526855, 'loss_topk': -0.0, 'loss_delta': -0.0, 'loss_cc': 0.45199108123779297, 'loss_nss': -2.9482288360595703, 'loss_sim': 0.5620648264884949, 'loss_concept_dense': 0.0, 'loss_concept_kl': 0.0, 'loss_align': 0.0, 'loss_sparse': 0.0, 'loss_div': 0.0, 'loss_gate': 0.0, 'loss_visual_entropy': 0.5867730379104614, 'loss_visual_equiv': 0.0, 'loss_visual_usage': 0.32729408144950867, 'loss_temporal_attention_entropy': 0.0, 'loss_total_concept': 0.06363730877637863, 'loss_decoder_side_aux': 0.07026299089193344, 'loss_priority_map': 1.3537030220031738, 'loss_priority_map_weighted': 0.13537029922008514, 'priority_map_loss': 1.3537030220031738, 'weighted_priority_map_loss': 0.13537029922008514, 'loss_priority_map_stage3': 1.4978832006454468, 'loss_priority_map_stage4': 1.2095229625701904, 'loss_side_stage4': 0.058137089014053345, 'loss_side_stage3': 0.13241800665855408, 'loss_side_stage2': 0.14942717552185059, 'loss_side_stage1': 0.1585012972354889}
DEBUG decoder visual FiLM [stage1] | film_gamma=unavailable (pass return_decoder_diagnostics=True)
DEBUG decoder visual FiLM [stage2] | film_gamma=unavailable (pass return_decoder_diagnostics=True)
DEBUG decoder visual FiLM [stage3] | film_gamma mean/std/min/max=0.0625/1.0772/0.0000/46.3821 | prototype_bottleneck_strength=0.4000
DEBUG decoder visual FiLM [stage4] | film_gamma mean/std/min/max=0.0625/0.7819/0.0000/19.8306 | prototype_bottleneck_strength=0.4000
DEBUG factorized comparison [stage3] | query_norm_mean=1.4985 | key_norm_mean=1.0154 | context_mean=-0.0000 | context_std=0.1045 | context_min=-0.2343 | context_max=0.3209 | total_candidate_weight=336.0000 | spatial_strength=0.0989 | spatial_freq_entropy=2.7726 | spatial_freq_weight_mean=0.6920 | rank=32
DEBUG factorized comparison [stage4] | query_norm_mean=1.0410 | key_norm_mean=0.8472 | context_mean=-0.0001 | context_std=0.0744 | context_min=-0.1483 | context_max=0.2003 | total_candidate_weight=84.0000 | spatial_strength=0.0990 | spatial_freq_entropy=2.7726 | spatial_freq_weight_mean=0.6927 | rank=32
patch-priority map [stage3] | mean=0.062500 | std=1.077186 | min=0.000000 | max=46.382133 | prototype_bottleneck_strength=0.400000 | prototype_to_film_norm_ratio=5.250212
patch-priority map [stage4] | mean=0.062500 | std=0.781859 | min=0.000000 | max=19.830589 | prototype_bottleneck_strength=0.400000 | prototype_to_film_norm_ratio=4.489388
Epoch 11/200
  Mean train loss: 0.461716
  Mean val loss:   0.505437
  Current LR:      4.96e-05
Val metrics   | CC: 0.5170 | SIM: 0.4121 | NSS: 2.9450
  Saved checkpoint: training_outputs/ckpts/20260917_231452/epoch_011.pth
  New best val loss: 0.505437 (saved training_outputs/ckpts/20260917_231452/best_checkpoint.pth)

Epoch 12/200
pred_saliency: shape=(2, 1, 224, 384) min=-3.9844 max=12.2500 mean=-2.9316 std=2.2937
sal_batch: shape=(2, 1, 360, 640) min=0.0000 max=1.0000 mean=0.0168 std=0.0796
DEBUG features_shape: {'stage1': (2, 96, 16, 56, 96), 'stage2': (2, 192, 16, 28, 48), 'stage3': (2, 384, 16, 14, 24), 'stage4': (2, 768, 16, 7, 12)}
DEBUG gate: no gate_debug available. This usually means return_concept_losses=False or lambda_gate=0.
DEBUG decoder visual FiLM [stage1] | film_gamma=unavailable (pass return_decoder_diagnostics=True)
DEBUG decoder visual FiLM [stage2] | film_gamma=unavailable (pass return_decoder_diagnostics=True)
DEBUG decoder visual FiLM [stage3] | film_gamma mean/std/min/max=0.0625/0.5483/0.0000/16.5977 | prototype_bottleneck_strength=0.4000
DEBUG decoder visual FiLM [stage4] | film_gamma mean/std/min/max=0.0625/0.6242/0.0000/19.1781 | prototype_bottleneck_strength=0.4000
DEBUG factorized comparison [stage3] | query_norm_mean=1.4784 | key_norm_mean=0.9985 | context_mean=0.0000 | context_std=0.0982 | context_min=-0.2239 | context_max=0.2836 | total_candidate_weight=336.0000 | spatial_strength=0.0989 | spatial_freq_entropy=2.7726 | spatial_freq_weight_mean=0.6920 | rank=32
DEBUG factorized comparison [stage4] | query_norm_mean=1.0371 | key_norm_mean=0.8432 | context_mean=-0.0000 | context_std=0.0697 | context_min=-0.1514 | context_max=0.1830 | total_candidate_weight=84.0000 | spatial_strength=0.0990 | spatial_freq_entropy=2.7726 | spatial_freq_weight_mean=0.6927 | rank=32
patch-priority map [stage3] | mean=0.062500 | std=0.548287 | min=0.000000 | max=16.597710 | prototype_bottleneck_strength=0.400000 | prototype_to_film_norm_ratio=2.711264
patch-priority map [stage4] | mean=0.062500 | std=0.624175 | min=0.000000 | max=19.178106 | prototype_bottleneck_strength=0.400000 | prototype_to_film_norm_ratio=2.654701
DEBUG visual concept usage [stage1] top 10:
  concept 271: 3713 patches (34.53%)
  concept 469: 2728 patches (25.37%)
  concept 358: 1964 patches (18.27%)
  concept 404: 1892 patches (17.60%)
  concept 120: 455 patches (4.23%)
  normalized usage entropy: 0.7589
DEBUG visual concept usage [stage2] top 10:
  concept 66: 2688 patches (100.00%)
  normalized usage entropy: 0.7724
DEBUG visual concept usage [stage3] top 10:
  concept 242: 114 patches (16.96%)
  concept 261: 110 patches (16.37%)
  concept 362: 104 patches (15.48%)
  concept 401: 85 patches (12.65%)
  concept 96: 82 patches (12.20%)
  concept 255: 43 patches (6.40%)
  concept 451: 42 patches (6.25%)
  concept 497: 39 patches (5.80%)
  concept 35: 35 patches (5.21%)
  concept 510: 8 patches (1.19%)
  normalized usage entropy: 0.5635
DEBUG visual concept usage [stage4] top 10:
  concept 432: 35 patches (20.83%)
  concept 262: 26 patches (15.48%)
  concept 53: 23 patches (13.69%)
  concept 194: 22 patches (13.10%)
  concept 78: 13 patches (7.74%)
  concept 34: 12 patches (7.14%)
  concept 392: 12 patches (7.14%)
  concept 441: 12 patches (7.14%)
  concept 294: 8 patches (4.76%)
  concept 273: 3 patches (1.79%)
  normalized usage entropy: 0.5622
DEBUG pred min/max/mean/std: -3.984375 12.25 -2.9375 2.296875
DEBUG target min/max/mean/std: 0.0 1.0 0.01676405966281891 0.07963753491640091
DEBUG fixation pixels per sample: [196.0, 191.0]
DEBUG fix_batch min/max/mean/std: 0.0 1.0 0.0008398437639698386 0.02896791696548462
DEBUG losses: {'loss_total': 0.39673948287963867, 'loss_fid': 11.05388069152832, 'loss_patch_fid': 4.209320068359375, 'loss_dense_fid': 3.524486780166626, 'loss_dense_bce': -0.0, 'loss_dense_kl': 3.3200740814208984, 'loss_topk': -0.0, 'loss_delta': -0.0, 'loss_cc': 0.3786012530326843, 'loss_nss': -3.023681640625, 'loss_sim': 0.5807652473449707, 'loss_concept_dense': 0.0, 'loss_concept_kl': 0.0, 'loss_align': 0.0, 'loss_sparse': 0.0, 'loss_div': 0.0, 'loss_gate': 0.0, 'loss_visual_entropy': 0.5762405395507812, 'loss_visual_equiv': 0.0, 'loss_visual_usage': 0.33574700355529785, 'loss_temporal_attention_entropy': 0.0, 'loss_total_concept': 0.059957198798656464, 'loss_decoder_side_aux': 0.02852209284901619, 'loss_priority_map': 1.3749468326568604, 'loss_priority_map_weighted': 0.13749468326568604, 'priority_map_loss': 1.3749468326568604, 'weighted_priority_map_loss': 0.13749468326568604, 'loss_priority_map_stage3': 1.405216932296753, 'loss_priority_map_stage4': 1.3446766138076782, 'loss_side_stage4': -0.0224342942237854, 'loss_side_stage3': 0.034832119941711426, 'loss_side_stage2': 0.056181639432907104, 'loss_side_stage1': 0.08866673707962036}
DEBUG decoder visual FiLM [stage1] | film_gamma=unavailable (pass return_decoder_diagnostics=True)
DEBUG decoder visual FiLM [stage2] | film_gamma=unavailable (pass return_decoder_diagnostics=True)
DEBUG decoder visual FiLM [stage3] | film_gamma mean/std/min/max=0.0625/0.9364/0.0000/39.1836 | prototype_bottleneck_strength=0.4000
DEBUG decoder visual FiLM [stage4] | film_gamma mean/std/min/max=0.0625/0.8240/0.0000/28.0745 | prototype_bottleneck_strength=0.4000
DEBUG factorized comparison [stage3] | query_norm_mean=1.4615 | key_norm_mean=1.0115 | context_mean=0.0000 | context_std=0.0990 | context_min=-0.2284 | context_max=0.2910 | total_candidate_weight=336.0000 | spatial_strength=0.0989 | spatial_freq_entropy=2.7726 | spatial_freq_weight_mean=0.6921 | rank=32
DEBUG factorized comparison [stage4] | query_norm_mean=0.9998 | key_norm_mean=0.8705 | context_mean=-0.0000 | context_std=0.0653 | context_min=-0.1491 | context_max=0.2018 | total_candidate_weight=84.0000 | spatial_strength=0.0990 | spatial_freq_entropy=2.7726 | spatial_freq_weight_mean=0.6927 | rank=32
patch-priority map [stage3] | mean=0.062500 | std=0.936395 | min=0.000000 | max=39.183563 | prototype_bottleneck_strength=0.400000 | prototype_to_film_norm_ratio=3.633012
patch-priority map [stage4] | mean=0.062500 | std=0.824009 | min=0.000000 | max=28.074484 | prototype_bottleneck_strength=0.400000 | prototype_to_film_norm_ratio=5.082785
Epoch 12/200
  Mean train loss: 0.426591
  Mean val loss:   0.511258
  Current LR:      4.96e-05
Val metrics   | CC: 0.5112 | SIM: 0.4105 | NSS: 2.9535
  Saved checkpoint: training_outputs/ckpts/20260917_231452/epoch_012.pth

Epoch 13/200
pred_saliency: shape=(2, 1, 224, 384) min=-3.9844 max=22.7500 mean=-3.3839 std=2.6016
sal_batch: shape=(2, 1, 360, 640) min=0.0000 max=1.0000 mean=0.0168 std=0.0868
DEBUG features_shape: {'stage1': (2, 96, 16, 56, 96), 'stage2': (2, 192, 16, 28, 48), 'stage3': (2, 384, 16, 14, 24), 'stage4': (2, 768, 16, 7, 12)}
DEBUG gate: no gate_debug available. This usually means return_concept_losses=False or lambda_gate=0.
DEBUG decoder visual FiLM [stage1] | film_gamma=unavailable (pass return_decoder_diagnostics=True)
DEBUG decoder visual FiLM [stage2] | film_gamma=unavailable (pass return_decoder_diagnostics=True)
DEBUG decoder visual FiLM [stage3] | film_gamma mean/std/min/max=0.0625/0.7107/0.0000/19.4954 | prototype_bottleneck_strength=0.4000
DEBUG decoder visual FiLM [stage4] | film_gamma mean/std/min/max=0.0625/0.7388/0.0000/19.4927 | prototype_bottleneck_strength=0.4000
DEBUG factorized comparison [stage3] | query_norm_mean=1.4508 | key_norm_mean=1.0114 | context_mean=0.0001 | context_std=0.1039 | context_min=-0.2358 | context_max=0.2970 | total_candidate_weight=336.0000 | spatial_strength=0.0989 | spatial_freq_entropy=2.7726 | spatial_freq_weight_mean=0.6921 | rank=32
DEBUG factorized comparison [stage4] | query_norm_mean=1.0185 | key_norm_mean=0.8580 | context_mean=-0.0001 | context_std=0.0699 | context_min=-0.1566 | context_max=0.1777 | total_candidate_weight=84.0000 | spatial_strength=0.0990 | spatial_freq_entropy=2.7726 | spatial_freq_weight_mean=0.6927 | rank=32
patch-priority map [stage3] | mean=0.062500 | std=0.710712 | min=0.000000 | max=19.495449 | prototype_bottleneck_strength=0.400000 | prototype_to_film_norm_ratio=2.790407
patch-priority map [stage4] | mean=0.062500 | std=0.738796 | min=0.000000 | max=19.492710 | prototype_bottleneck_strength=0.400000 | prototype_to_film_norm_ratio=3.586467
DEBUG visual concept usage [stage1] top 10:
  concept 469: 3653 patches (33.98%)
  concept 271: 3537 patches (32.90%)
  concept 358: 2178 patches (20.26%)
  concept 404: 1121 patches (10.43%)
  concept 120: 260 patches (2.42%)
  concept 147: 3 patches (0.03%)
  normalized usage entropy: 0.7816
DEBUG visual concept usage [stage2] top 10:
  concept 66: 2688 patches (100.00%)
  normalized usage entropy: 0.7900
DEBUG visual concept usage [stage3] top 10:
  concept 261: 238 patches (35.42%)
  concept 362: 87 patches (12.95%)
  concept 96: 70 patches (10.42%)
  concept 242: 66 patches (9.82%)
  concept 35: 63 patches (9.38%)
  concept 451: 51 patches (7.59%)
  concept 401: 38 patches (5.65%)
  concept 70: 31 patches (4.61%)
  concept 255: 16 patches (2.38%)
  concept 497: 6 patches (0.89%)
  normalized usage entropy: 0.5604
DEBUG visual concept usage [stage4] top 10:
  concept 432: 60 patches (35.71%)
  concept 262: 27 patches (16.07%)
  concept 441: 26 patches (15.48%)
  concept 53: 14 patches (8.33%)
  concept 34: 10 patches (5.95%)
  concept 194: 10 patches (5.95%)
  concept 296: 8 patches (4.76%)
  concept 152: 5 patches (2.98%)
  concept 78: 2 patches (1.19%)
  concept 273: 2 patches (1.19%)
  normalized usage entropy: 0.5657
DEBUG pred min/max/mean/std: -3.984375 22.75 -3.390625 2.609375
DEBUG target min/max/mean/std: 0.0 1.0 0.016756732016801834 0.08678770810365677
DEBUG fixation pixels per sample: [176.0, 239.0]
DEBUG fix_batch min/max/mean/std: 0.0 1.0 0.0009006076725199819 0.029996639117598534
DEBUG losses: {'loss_total': 0.05570871755480766, 'loss_fid': 18.591354370117188, 'loss_patch_fid': 4.171985626220703, 'loss_dense_fid': 4.003939628601074, 'loss_dense_bce': -0.0, 'loss_dense_kl': 10.41542911529541, 'loss_topk': -0.0, 'loss_delta': -0.0, 'loss_cc': 0.28370845317840576, 'loss_nss': -3.8360893726348877, 'loss_sim': 0.40657758712768555, 'loss_concept_dense': 0.0, 'loss_concept_kl': 0.0, 'loss_align': 0.0, 'loss_sparse': 0.0, 'loss_div': 0.0, 'loss_gate': 0.0, 'loss_visual_entropy': 0.5855650901794434, 'loss_visual_equiv': 0.0, 'loss_visual_usage': 0.3255777359008789, 'loss_temporal_attention_entropy': 0.0, 'loss_total_concept': 0.0593615286052227, 'loss_decoder_side_aux': -0.060139209032058716, 'loss_priority_map': 0.8024352788925171, 'loss_priority_map_weighted': 0.08024352788925171, 'priority_map_loss': 0.8024352788925171, 'weighted_priority_map_loss': 0.08024352788925171, 'loss_priority_map_stage3': 0.9017157554626465, 'loss_priority_map_stage4': 0.7031548023223877, 'loss_side_stage4': -0.18020623922348022, 'loss_side_stage3': -0.15063753724098206, 'loss_side_stage2': -0.10849198698997498, 'loss_side_stage1': -0.09895670413970947}
DEBUG decoder visual FiLM [stage1] | film_gamma=unavailable (pass return_decoder_diagnostics=True)
DEBUG decoder visual FiLM [stage2] | film_gamma=unavailable (pass return_decoder_diagnostics=True)
DEBUG decoder visual FiLM [stage3] | film_gamma mean/std/min/max=0.0625/1.0873/0.0000/51.6852 | prototype_bottleneck_strength=0.4000
DEBUG decoder visual FiLM [stage4] | film_gamma mean/std/min/max=0.0625/0.9540/0.0000/28.8476 | prototype_bottleneck_strength=0.4000
DEBUG factorized comparison [stage3] | query_norm_mean=1.6209 | key_norm_mean=1.0793 | context_mean=0.0000 | context_std=0.1165 | context_min=-0.2657 | context_max=0.3552 | total_candidate_weight=336.0000 | spatial_strength=0.0988 | spatial_freq_entropy=2.7726 | spatial_freq_weight_mean=0.6920 | rank=32
DEBUG factorized comparison [stage4] | query_norm_mean=1.0373 | key_norm_mean=0.9490 | context_mean=0.0000 | context_std=0.0729 | context_min=-0.1627 | context_max=0.2093 | total_candidate_weight=84.0000 | spatial_strength=0.0990 | spatial_freq_entropy=2.7726 | spatial_freq_weight_mean=0.6926 | rank=32
patch-priority map [stage3] | mean=0.062500 | std=1.087349 | min=0.000000 | max=51.685181 | prototype_bottleneck_strength=0.400000 | prototype_to_film_norm_ratio=5.680324
patch-priority map [stage4] | mean=0.062500 | std=0.953969 | min=0.000000 | max=28.847586 | prototype_bottleneck_strength=0.400000 | prototype_to_film_norm_ratio=4.880707
Epoch 13/200
  Mean train loss: 0.402270
  Mean val loss:   0.503858
  Current LR:      4.95e-05
Val metrics   | CC: 0.5091 | SIM: 0.4128 | NSS: 2.9730
  Saved checkpoint: training_outputs/ckpts/20260917_231452/epoch_013.pth
  New best val loss: 0.503858 (saved training_outputs/ckpts/20260917_231452/best_checkpoint.pth)

Epoch 14/200
pred_saliency: shape=(2, 1, 224, 384) min=-3.9844 max=30.7500 mean=-3.2497 std=2.8872
sal_batch: shape=(2, 1, 360, 640) min=0.0000 max=1.0000 mean=0.0094 std=0.0634
DEBUG features_shape: {'stage1': (2, 96, 16, 56, 96), 'stage2': (2, 192, 16, 28, 48), 'stage3': (2, 384, 16, 14, 24), 'stage4': (2, 768, 16, 7, 12)}
DEBUG gate: no gate_debug available. This usually means return_concept_losses=False or lambda_gate=0.
DEBUG decoder visual FiLM [stage1] | film_gamma=unavailable (pass return_decoder_diagnostics=True)
DEBUG decoder visual FiLM [stage2] | film_gamma=unavailable (pass return_decoder_diagnostics=True)
DEBUG decoder visual FiLM [stage3] | film_gamma mean/std/min/max=0.0625/0.6629/0.0000/25.2418 | prototype_bottleneck_strength=0.4000
DEBUG decoder visual FiLM [stage4] | film_gamma mean/std/min/max=0.0625/0.7157/0.0000/21.4959 | prototype_bottleneck_strength=0.4000
DEBUG factorized comparison [stage3] | query_norm_mean=1.6176 | key_norm_mean=1.0838 | context_mean=0.0001 | context_std=0.1187 | context_min=-0.2716 | context_max=0.3149 | total_candidate_weight=336.0000 | spatial_strength=0.0988 | spatial_freq_entropy=2.7726 | spatial_freq_weight_mean=0.6920 | rank=32
DEBUG factorized comparison [stage4] | query_norm_mean=1.0436 | key_norm_mean=0.9477 | context_mean=0.0000 | context_std=0.0762 | context_min=-0.1619 | context_max=0.1830 | total_candidate_weight=84.0000 | spatial_strength=0.0990 | spatial_freq_entropy=2.7726 | spatial_freq_weight_mean=0.6926 | rank=32
patch-priority map [stage3] | mean=0.062500 | std=0.662867 | min=0.000000 | max=25.241777 | prototype_bottleneck_strength=0.400000 | prototype_to_film_norm_ratio=3.159320
patch-priority map [stage4] | mean=0.062500 | std=0.715725 | min=0.000000 | max=21.495880 | prototype_bottleneck_strength=0.400000 | prototype_to_film_norm_ratio=4.224474
DEBUG visual concept usage [stage1] top 10:
  concept 358: 4241 patches (39.44%)
  concept 469: 3058 patches (28.44%)
  concept 271: 1765 patches (16.42%)
  concept 404: 1384 patches (12.87%)
  concept 120: 265 patches (2.46%)
  concept 147: 39 patches (0.36%)
  normalized usage entropy: 0.7817
DEBUG visual concept usage [stage2] top 10:
  concept 66: 2688 patches (100.00%)
  normalized usage entropy: 0.8021
DEBUG visual concept usage [stage3] top 10:
  concept 261: 255 patches (37.95%)
  concept 35: 164 patches (24.40%)
  concept 96: 87 patches (12.95%)
  concept 362: 61 patches (9.08%)
  concept 242: 38 patches (5.65%)
  concept 401: 33 patches (4.91%)
  concept 70: 19 patches (2.83%)
  concept 277: 7 patches (1.04%)
  concept 451: 4 patches (0.60%)
  concept 379: 2 patches (0.30%)
  normalized usage entropy: 0.5523
DEBUG visual concept usage [stage4] top 10:
  concept 34: 60 patches (35.71%)
  concept 319: 37 patches (22.02%)
  concept 78: 17 patches (10.12%)
  concept 432: 15 patches (8.93%)
  concept 53: 11 patches (6.55%)
  concept 262: 11 patches (6.55%)
  concept 296: 9 patches (5.36%)
  concept 91: 7 patches (4.17%)
  concept 441: 1 patches (0.60%)
  normalized usage entropy: 0.5427
DEBUG pred min/max/mean/std: -3.984375 30.75 -3.25 2.890625
DEBUG target min/max/mean/std: 0.0 1.0 0.009410063736140728 0.06342649459838867
DEBUG fixation pixels per sample: [190.0, 55.0]
DEBUG fix_batch min/max/mean/std: 0.0 1.0 0.0005316840251907706 0.023052169010043144
DEBUG losses: {'loss_total': 0.42746150493621826, 'loss_fid': 21.214256286621094, 'loss_patch_fid': 4.241586685180664, 'loss_dense_fid': 3.9795141220092773, 'loss_dense_bce': -0.0, 'loss_dense_kl': 12.993154525756836, 'loss_topk': -0.0, 'loss_delta': -0.0, 'loss_cc': 0.4719289541244507, 'loss_nss': -4.012041091918945, 'loss_sim': 0.6118929386138916, 'loss_concept_dense': 0.0, 'loss_concept_kl': 0.0, 'loss_align': 0.0, 'loss_sparse': 0.0, 'loss_div': 0.0, 'loss_gate': 0.0, 'loss_visual_entropy': 0.580323338508606, 'loss_visual_equiv': 0.0, 'loss_visual_usage': 0.3303203582763672, 'loss_temporal_attention_entropy': 0.0, 'loss_total_concept': 0.05613942816853523, 'loss_decoder_side_aux': 0.03753918781876564, 'loss_priority_map': 1.659350872039795, 'loss_priority_map_weighted': 0.16593508422374725, 'priority_map_loss': 1.659350872039795, 'weighted_priority_map_loss': 0.16593508422374725, 'loss_priority_map_stage3': 1.8973326683044434, 'loss_priority_map_stage4': 1.421368956565857, 'loss_side_stage4': 0.0868520438671112, 'loss_side_stage3': 0.08466258645057678, 'loss_side_stage2': 0.0672292411327362, 'loss_side_stage1': 0.07322970032691956}
DEBUG decoder visual FiLM [stage1] | film_gamma=unavailable (pass return_decoder_diagnostics=True)
DEBUG decoder visual FiLM [stage2] | film_gamma=unavailable (pass return_decoder_diagnostics=True)
DEBUG decoder visual FiLM [stage3] | film_gamma mean/std/min/max=0.0625/0.9078/0.0000/30.7665 | prototype_bottleneck_strength=0.4000
DEBUG decoder visual FiLM [stage4] | film_gamma mean/std/min/max=0.0625/1.0946/0.0000/29.7800 | prototype_bottleneck_strength=0.4000
DEBUG factorized comparison [stage3] | query_norm_mean=1.5441 | key_norm_mean=1.0613 | context_mean=0.0001 | context_std=0.1175 | context_min=-0.2448 | context_max=0.3119 | total_candidate_weight=336.0000 | spatial_strength=0.0989 | spatial_freq_entropy=2.7726 | spatial_freq_weight_mean=0.6921 | rank=32
DEBUG factorized comparison [stage4] | query_norm_mean=1.0404 | key_norm_mean=0.9266 | context_mean=0.0001 | context_std=0.0766 | context_min=-0.1619 | context_max=0.2244 | total_candidate_weight=84.0000 | spatial_strength=0.0990 | spatial_freq_entropy=2.7726 | spatial_freq_weight_mean=0.6928 | rank=32
patch-priority map [stage3] | mean=0.062500 | std=0.907806 | min=0.000000 | max=30.766472 | prototype_bottleneck_strength=0.400000 | prototype_to_film_norm_ratio=4.196043
patch-priority map [stage4] | mean=0.062500 | std=1.094617 | min=0.000000 | max=29.780014 | prototype_bottleneck_strength=0.400000 | prototype_to_film_norm_ratio=6.135984
Epoch 14/200
  Mean train loss: 0.430404
  Mean val loss:   0.483236
  Current LR:      4.94e-05
Val metrics   | CC: 0.5240 | SIM: 0.4180 | NSS: 3.0090
  Saved checkpoint: training_outputs/ckpts/20260917_231452/epoch_014.pth
  New best val loss: 0.483236 (saved training_outputs/ckpts/20260917_231452/best_checkpoint.pth)

Epoch 15/200
pred_saliency: shape=(2, 1, 224, 384) min=-3.9844 max=25.8750 mean=-3.1577 std=2.9364
sal_batch: shape=(2, 1, 360, 640) min=0.0000 max=1.0000 mean=0.0225 std=0.0891
DEBUG features_shape: {'stage1': (2, 96, 16, 56, 96), 'stage2': (2, 192, 16, 28, 48), 'stage3': (2, 384, 16, 14, 24), 'stage4': (2, 768, 16, 7, 12)}
DEBUG gate: no gate_debug available. This usually means return_concept_losses=False or lambda_gate=0.
DEBUG decoder visual FiLM [stage1] | film_gamma=unavailable (pass return_decoder_diagnostics=True)
DEBUG decoder visual FiLM [stage2] | film_gamma=unavailable (pass return_decoder_diagnostics=True)
DEBUG decoder visual FiLM [stage3] | film_gamma mean/std/min/max=0.0625/0.7148/0.0000/23.5549 | prototype_bottleneck_strength=0.4000
DEBUG decoder visual FiLM [stage4] | film_gamma mean/std/min/max=0.0625/0.7803/0.0000/19.4557 | prototype_bottleneck_strength=0.4000
DEBUG factorized comparison [stage3] | query_norm_mean=1.5316 | key_norm_mean=1.0506 | context_mean=0.0001 | context_std=0.1162 | context_min=-0.2373 | context_max=0.3000 | total_candidate_weight=336.0000 | spatial_strength=0.0989 | spatial_freq_entropy=2.7726 | spatial_freq_weight_mean=0.6921 | rank=32
DEBUG factorized comparison [stage4] | query_norm_mean=1.0255 | key_norm_mean=0.9345 | context_mean=0.0000 | context_std=0.0758 | context_min=-0.1574 | context_max=0.2093 | total_candidate_weight=84.0000 | spatial_strength=0.0990 | spatial_freq_entropy=2.7726 | spatial_freq_weight_mean=0.6928 | rank=32
patch-priority map [stage3] | mean=0.062500 | std=0.714774 | min=0.000000 | max=23.554939 | prototype_bottleneck_strength=0.400000 | prototype_to_film_norm_ratio=3.063669
patch-priority map [stage4] | mean=0.062500 | std=0.780304 | min=0.000000 | max=19.455673 | prototype_bottleneck_strength=0.400000 | prototype_to_film_norm_ratio=3.827567
DEBUG visual concept usage [stage1] top 10:
  concept 271: 4941 patches (45.95%)
  concept 404: 2458 patches (22.86%)
  concept 469: 2149 patches (19.99%)
  concept 358: 990 patches (9.21%)
  concept 120: 195 patches (1.81%)
  concept 147: 19 patches (0.18%)
  normalized usage entropy: 0.7892
DEBUG visual concept usage [stage2] top 10:
  concept 66: 2688 patches (100.00%)
  normalized usage entropy: 0.8101
DEBUG visual concept usage [stage3] top 10:
  concept 35: 254 patches (37.80%)
  concept 261: 204 patches (30.36%)
  concept 96: 102 patches (15.18%)
  concept 401: 44 patches (6.55%)
  concept 277: 23 patches (3.42%)
  concept 362: 16 patches (2.38%)
  concept 255: 9 patches (1.34%)
  concept 242: 8 patches (1.19%)
  concept 379: 4 patches (0.60%)
  concept 70: 3 patches (0.45%)
  normalized usage entropy: 0.5589
DEBUG visual concept usage [stage4] top 10:
  concept 319: 50 patches (29.76%)
  concept 78: 42 patches (25.00%)
  concept 441: 25 patches (14.88%)
  concept 53: 17 patches (10.12%)
  concept 296: 14 patches (8.33%)
  concept 432: 9 patches (5.36%)
  concept 34: 7 patches (4.17%)
  concept 91: 2 patches (1.19%)
  concept 152: 1 patches (0.60%)
  concept 273: 1 patches (0.60%)
  normalized usage entropy: 0.5391
DEBUG pred min/max/mean/std: -3.984375 25.875 -3.15625 2.9375
DEBUG target min/max/mean/std: 0.0 1.0 0.02250698208808899 0.08910239487886429
DEBUG fixation pixels per sample: [221.0, 174.0]
DEBUG fix_batch min/max/mean/std: 0.0 1.0 0.0008572048973292112 0.029265541583299637
DEBUG losses: {'loss_total': 0.5469975471496582, 'loss_fid': 21.56123161315918, 'loss_patch_fid': 4.135155200958252, 'loss_dense_fid': 3.970879077911377, 'loss_dense_bce': -0.0, 'loss_dense_kl': 13.45519733428955, 'loss_topk': -0.0, 'loss_delta': -0.0, 'loss_cc': 0.4270378351211548, 'loss_nss': -2.3315932750701904, 'loss_sim': 0.5062395930290222, 'loss_concept_dense': 0.0, 'loss_concept_kl': 0.0, 'loss_align': 0.0, 'loss_sparse': 0.0, 'loss_div': 0.0, 'loss_gate': 0.0, 'loss_visual_entropy': 0.5834408402442932, 'loss_visual_equiv': 0.0, 'loss_visual_usage': 0.32569241523742676, 'loss_temporal_attention_entropy': 0.0, 'loss_total_concept': 0.05791420489549637, 'loss_decoder_side_aux': 0.09579530358314514, 'loss_priority_map': 1.1329917907714844, 'loss_priority_map_weighted': 0.1132991835474968, 'priority_map_loss': 1.1329917907714844, 'weighted_priority_map_loss': 0.1132991835474968, 'loss_priority_map_stage3': 1.3029937744140625, 'loss_priority_map_stage4': 0.9629896879196167, 'loss_side_stage4': 0.20729637145996094, 'loss_side_stage3': 0.19051432609558105, 'loss_side_stage2': 0.19112463295459747, 'loss_side_stage1': 0.18855178356170654}
DEBUG decoder visual FiLM [stage1] | film_gamma=unavailable (pass return_decoder_diagnostics=True)
DEBUG decoder visual FiLM [stage2] | film_gamma=unavailable (pass return_decoder_diagnostics=True)
DEBUG decoder visual FiLM [stage3] | film_gamma mean/std/min/max=0.0625/1.1068/0.0000/46.0646 | prototype_bottleneck_strength=0.4000
DEBUG decoder visual FiLM [stage4] | film_gamma mean/std/min/max=0.0625/1.1116/0.0000/33.6519 | prototype_bottleneck_strength=0.4000
DEBUG factorized comparison [stage3] | query_norm_mean=1.5270 | key_norm_mean=1.0340 | context_mean=0.0000 | context_std=0.1091 | context_min=-0.2328 | context_max=0.3269 | total_candidate_weight=336.0000 | spatial_strength=0.0989 | spatial_freq_entropy=2.7726 | spatial_freq_weight_mean=0.6921 | rank=32
DEBUG factorized comparison [stage4] | query_norm_mean=1.0577 | key_norm_mean=0.9848 | context_mean=0.0001 | context_std=0.0810 | context_min=-0.1747 | context_max=0.2440 | total_candidate_weight=84.0000 | spatial_strength=0.0990 | spatial_freq_entropy=2.7726 | spatial_freq_weight_mean=0.6927 | rank=32
patch-priority map [stage3] | mean=0.062500 | std=1.106843 | min=0.000000 | max=46.064598 | prototype_bottleneck_strength=0.400000 | prototype_to_film_norm_ratio=4.924564
patch-priority map [stage4] | mean=0.062500 | std=1.111592 | min=0.000000 | max=33.651878 | prototype_bottleneck_strength=0.400000 | prototype_to_film_norm_ratio=6.074346
Epoch 15/200
  Mean train loss: 0.412000
  Mean val loss:   0.482964
  Current LR:      4.93e-05
Val metrics   | CC: 0.5219 | SIM: 0.4196 | NSS: 3.0079
  Saved checkpoint: training_outputs/ckpts/20260917_231452/epoch_015.pth
  New best val loss: 0.482964 (saved training_outputs/ckpts/20260917_231452/best_checkpoint.pth)

Epoch 16/200
pred_saliency: shape=(2, 1, 224, 384) min=-3.9844 max=30.0000 mean=-3.1718 std=3.0523
sal_batch: shape=(2, 1, 360, 640) min=0.0000 max=1.0000 mean=0.0145 std=0.0753
DEBUG features_shape: {'stage1': (2, 96, 16, 56, 96), 'stage2': (2, 192, 16, 28, 48), 'stage3': (2, 384, 16, 14, 24), 'stage4': (2, 768, 16, 7, 12)}
DEBUG gate: no gate_debug available. This usually means return_concept_losses=False or lambda_gate=0.
DEBUG decoder visual FiLM [stage1] | film_gamma=unavailable (pass return_decoder_diagnostics=True)
DEBUG decoder visual FiLM [stage2] | film_gamma=unavailable (pass return_decoder_diagnostics=True)
DEBUG decoder visual FiLM [stage3] | film_gamma mean/std/min/max=0.0625/0.8417/0.0000/34.6679 | prototype_bottleneck_strength=0.4000
DEBUG decoder visual FiLM [stage4] | film_gamma mean/std/min/max=0.0625/0.8366/0.0000/28.1888 | prototype_bottleneck_strength=0.4000
DEBUG factorized comparison [stage3] | query_norm_mean=1.5238 | key_norm_mean=1.0394 | context_mean=-0.0000 | context_std=0.1141 | context_min=-0.2388 | context_max=0.3149 | total_candidate_weight=336.0000 | spatial_strength=0.0989 | spatial_freq_entropy=2.7726 | spatial_freq_weight_mean=0.6921 | rank=32
DEBUG factorized comparison [stage4] | query_norm_mean=1.0635 | key_norm_mean=0.9773 | context_mean=0.0000 | context_std=0.0822 | context_min=-0.1755 | context_max=0.2139 | total_candidate_weight=84.0000 | spatial_strength=0.0990 | spatial_freq_entropy=2.7726 | spatial_freq_weight_mean=0.6927 | rank=32
patch-priority map [stage3] | mean=0.062500 | std=0.841660 | min=0.000000 | max=34.667850 | prototype_bottleneck_strength=0.400000 | prototype_to_film_norm_ratio=3.429666
patch-priority map [stage4] | mean=0.062500 | std=0.836648 | min=0.000000 | max=28.188824 | prototype_bottleneck_strength=0.400000 | prototype_to_film_norm_ratio=4.923849
DEBUG visual concept usage [stage1] top 10:
  concept 358: 5187 patches (48.24%)
  concept 271: 3198 patches (29.74%)
  concept 469: 1582 patches (14.71%)
  concept 120: 282 patches (2.62%)
  concept 404: 251 patches (2.33%)
  concept 147: 240 patches (2.23%)
  concept 434: 9 patches (0.08%)
  concept 490: 2 patches (0.02%)
  concept 91: 1 patches (0.01%)
  normalized usage entropy: 0.7880
DEBUG visual concept usage [stage2] top 10:
  concept 66: 2688 patches (100.00%)
  normalized usage entropy: 0.8151
DEBUG visual concept usage [stage3] top 10:
  concept 35: 294 patches (43.75%)
  concept 96: 125 patches (18.60%)
  concept 261: 101 patches (15.03%)
  concept 401: 76 patches (11.31%)
  concept 277: 46 patches (6.85%)
  concept 379: 13 patches (1.93%)
  concept 213: 5 patches (0.74%)
  concept 255: 4 patches (0.60%)
  concept 510: 4 patches (0.60%)
  concept 242: 2 patches (0.30%)
  normalized usage entropy: 0.5631
DEBUG visual concept usage [stage4] top 10:
  concept 319: 31 patches (18.45%)
  concept 53: 26 patches (15.48%)
  concept 441: 25 patches (14.88%)
  concept 78: 23 patches (13.69%)
  concept 296: 20 patches (11.90%)
  concept 91: 14 patches (8.33%)
  concept 34: 10 patches (5.95%)
  concept 152: 6 patches (3.57%)
  concept 38: 5 patches (2.98%)
  concept 328: 4 patches (2.38%)
  normalized usage entropy: 0.5339
DEBUG pred min/max/mean/std: -3.984375 30.0 -3.171875 3.046875
DEBUG target min/max/mean/std: 0.0 1.0 0.014505608938634396 0.07534981518983841
DEBUG fixation pixels per sample: [285.0, 155.0]
DEBUG fix_batch min/max/mean/std: 0.0 1.0 0.0009548611124046147 0.030886102467775345
DEBUG losses: {'loss_total': 0.2942289113998413, 'loss_fid': 20.461353302001953, 'loss_patch_fid': 4.0547356605529785, 'loss_dense_fid': 4.024845123291016, 'loss_dense_bce': -0.0, 'loss_dense_kl': 12.381773948669434, 'loss_topk': -0.0, 'loss_delta': -0.0, 'loss_cc': 0.38715535402297974, 'loss_nss': -3.6257686614990234, 'loss_sim': 0.42162585258483887, 'loss_concept_dense': 0.0, 'loss_concept_kl': 0.0, 'loss_align': 0.0, 'loss_sparse': 0.0, 'loss_div': 0.0, 'loss_gate': 0.0, 'loss_visual_entropy': 0.5788276195526123, 'loss_visual_equiv': 0.0, 'loss_visual_usage': 0.3249787390232086, 'loss_temporal_attention_entropy': 0.0, 'loss_total_concept': 0.05550846457481384, 'loss_decoder_side_aux': 0.016313297674059868, 'loss_priority_map': 1.2027406692504883, 'loss_priority_map_weighted': 0.12027406692504883, 'priority_map_loss': 1.2027406692504883, 'weighted_priority_map_loss': 0.12027406692504883, 'loss_priority_map_stage3': 1.1322158575057983, 'loss_priority_map_stage4': 1.2732656002044678, 'loss_side_stage4': 0.062060385942459106, 'loss_side_stage3': 0.036662667989730835, 'loss_side_stage2': 0.03616386651992798, 'loss_side_stage1': 0.02059715986251831}
DEBUG decoder visual FiLM [stage1] | film_gamma=unavailable (pass return_decoder_diagnostics=True)
DEBUG decoder visual FiLM [stage2] | film_gamma=unavailable (pass return_decoder_diagnostics=True)
DEBUG decoder visual FiLM [stage3] | film_gamma mean/std/min/max=0.0625/0.8945/0.0000/34.1507 | prototype_bottleneck_strength=0.4000
DEBUG decoder visual FiLM [stage4] | film_gamma mean/std/min/max=0.0625/0.8617/0.0000/23.3021 | prototype_bottleneck_strength=0.4000
DEBUG factorized comparison [stage3] | query_norm_mean=1.4157 | key_norm_mean=0.9882 | context_mean=0.0001 | context_std=0.1015 | context_min=-0.2164 | context_max=0.2851 | total_candidate_weight=336.0000 | spatial_strength=0.0989 | spatial_freq_entropy=2.7726 | spatial_freq_weight_mean=0.6922 | rank=32
DEBUG factorized comparison [stage4] | query_norm_mean=1.0394 | key_norm_mean=0.9536 | context_mean=0.0001 | context_std=0.0790 | context_min=-0.1702 | context_max=0.2078 | total_candidate_weight=84.0000 | spatial_strength=0.0990 | spatial_freq_entropy=2.7726 | spatial_freq_weight_mean=0.6929 | rank=32
patch-priority map [stage3] | mean=0.062500 | std=0.894526 | min=0.000000 | max=34.150673 | prototype_bottleneck_strength=0.400000 | prototype_to_film_norm_ratio=4.587260
patch-priority map [stage4] | mean=0.062500 | std=0.861726 | min=0.000000 | max=23.302105 | prototype_bottleneck_strength=0.400000 | prototype_to_film_norm_ratio=4.295527
Epoch 16/200
  Mean train loss: 0.403293
  Mean val loss:   0.474943
  Current LR:      4.92e-05
Val metrics   | CC: 0.5218 | SIM: 0.4243 | NSS: 3.0430
  Saved checkpoint: training_outputs/ckpts/20260917_231452/epoch_016.pth
  New best val loss: 0.474943 (saved training_outputs/ckpts/20260917_231452/best_checkpoint.pth)

Epoch 17/200
pred_saliency: shape=(2, 1, 224, 384) min=-3.9844 max=34.7500 mean=-3.2740 std=3.2690
sal_batch: shape=(2, 1, 360, 640) min=0.0000 max=1.0000 mean=0.0142 std=0.0844
DEBUG features_shape: {'stage1': (2, 96, 16, 56, 96), 'stage2': (2, 192, 16, 28, 48), 'stage3': (2, 384, 16, 14, 24), 'stage4': (2, 768, 16, 7, 12)}
DEBUG gate: no gate_debug available. This usually means return_concept_losses=False or lambda_gate=0.
DEBUG decoder visual FiLM [stage1] | film_gamma=unavailable (pass return_decoder_diagnostics=True)
DEBUG decoder visual FiLM [stage2] | film_gamma=unavailable (pass return_decoder_diagnostics=True)
DEBUG decoder visual FiLM [stage3] | film_gamma mean/std/min/max=0.0625/0.6390/0.0000/22.4651 | prototype_bottleneck_strength=0.4000
DEBUG decoder visual FiLM [stage4] | film_gamma mean/std/min/max=0.0625/0.6799/0.0000/18.9519 | prototype_bottleneck_strength=0.4000
DEBUG factorized comparison [stage3] | query_norm_mean=1.4123 | key_norm_mean=0.9872 | context_mean=0.0000 | context_std=0.0991 | context_min=-0.2179 | context_max=0.2284 | total_candidate_weight=336.0000 | spatial_strength=0.0989 | spatial_freq_entropy=2.7726 | spatial_freq_weight_mean=0.6922 | rank=32
DEBUG factorized comparison [stage4] | query_norm_mean=1.0414 | key_norm_mean=0.9463 | context_mean=0.0001 | context_std=0.0766 | context_min=-0.1739 | context_max=0.1883 | total_candidate_weight=84.0000 | spatial_strength=0.0990 | spatial_freq_entropy=2.7726 | spatial_freq_weight_mean=0.6929 | rank=32
patch-priority map [stage3] | mean=0.062500 | std=0.639028 | min=0.000000 | max=22.465061 | prototype_bottleneck_strength=0.400000 | prototype_to_film_norm_ratio=3.237708
patch-priority map [stage4] | mean=0.062500 | std=0.679851 | min=0.000000 | max=18.951864 | prototype_bottleneck_strength=0.400000 | prototype_to_film_norm_ratio=2.934622
DEBUG visual concept usage [stage1] top 10:
  concept 271: 3430 patches (31.90%)
  concept 358: 3277 patches (30.48%)
  concept 469: 1872 patches (17.41%)
  concept 404: 1629 patches (15.15%)
  concept 147: 304 patches (2.83%)
  concept 120: 223 patches (2.07%)
  concept 434: 14 patches (0.13%)
  concept 490: 2 patches (0.02%)
  concept 503: 1 patches (0.01%)
  normalized usage entropy: 0.8181
DEBUG visual concept usage [stage2] top 10:
  concept 66: 2688 patches (100.00%)
  normalized usage entropy: 0.8191
DEBUG visual concept usage [stage3] top 10:
  concept 35: 241 patches (35.86%)
  concept 96: 189 patches (28.12%)
  concept 261: 135 patches (20.09%)
  concept 401: 63 patches (9.38%)
  concept 277: 34 patches (5.06%)
  concept 255: 4 patches (0.60%)
  concept 184: 2 patches (0.30%)
  concept 213: 2 patches (0.30%)
  concept 292: 1 patches (0.15%)
  concept 379: 1 patches (0.15%)
  normalized usage entropy: 0.5588
DEBUG visual concept usage [stage4] top 10:
  concept 319: 39 patches (23.21%)
  concept 53: 29 patches (17.26%)
  concept 38: 21 patches (12.50%)
  concept 296: 20 patches (11.90%)
  concept 441: 16 patches (9.52%)
  concept 34: 14 patches (8.33%)
  concept 78: 13 patches (7.74%)
  concept 23: 9 patches (5.36%)
  concept 91: 6 patches (3.57%)
  concept 328: 1 patches (0.60%)
  normalized usage entropy: 0.5298
DEBUG pred min/max/mean/std: -3.984375 34.75 -3.28125 3.265625
DEBUG target min/max/mean/std: 0.0 1.0 0.01418835949152708 0.08435769379138947
DEBUG fixation pixels per sample: [111.0, 71.0]
DEBUG fix_batch min/max/mean/std: 0.0 1.0 0.00039496528916060925 0.019869830459356308
DEBUG losses: {'loss_total': -0.3165634274482727, 'loss_fid': 22.979591369628906, 'loss_patch_fid': 4.080793857574463, 'loss_dense_fid': 4.07660436630249, 'loss_dense_bce': -0.0, 'loss_dense_kl': 14.822193145751953, 'loss_topk': -0.0, 'loss_delta': -0.0, 'loss_cc': 0.16934525966644287, 'loss_nss': -5.803430080413818, 'loss_sim': 0.359613299369812, 'loss_concept_dense': 0.0, 'loss_concept_kl': 0.0, 'loss_align': 0.0, 'loss_sparse': 0.0, 'loss_div': 0.0, 'loss_gate': 0.0, 'loss_visual_entropy': 0.5834694504737854, 'loss_visual_equiv': 0.0, 'loss_visual_usage': 0.31857213377952576, 'loss_temporal_attention_entropy': 0.0, 'loss_total_concept': 0.05516868084669113, 'loss_decoder_side_aux': -0.20541957020759583, 'loss_priority_map': 1.7394928932189941, 'loss_priority_map_weighted': 0.17394928634166718, 'priority_map_loss': 1.7394928932189941, 'weighted_priority_map_loss': 0.17394928634166718, 'loss_priority_map_stage3': 1.8449952602386475, 'loss_priority_map_stage4': 1.6339906454086304, 'loss_side_stage4': -0.42155224084854126, 'loss_side_stage3': -0.39901572465896606, 'loss_side_stage2': -0.4149882197380066, 'loss_side_stage1': -0.41096073389053345}
DEBUG decoder visual FiLM [stage1] | film_gamma=unavailable (pass return_decoder_diagnostics=True)
DEBUG decoder visual FiLM [stage2] | film_gamma=unavailable (pass return_decoder_diagnostics=True)
DEBUG decoder visual FiLM [stage3] | film_gamma mean/std/min/max=0.0625/0.8896/0.0000/33.6857 | prototype_bottleneck_strength=0.4000
DEBUG decoder visual FiLM [stage4] | film_gamma mean/std/min/max=0.0625/1.0180/0.0000/31.3116 | prototype_bottleneck_strength=0.4000
DEBUG factorized comparison [stage3] | query_norm_mean=1.4451 | key_norm_mean=0.9998 | context_mean=0.0000 | context_std=0.1032 | context_min=-0.2149 | context_max=0.2851 | total_candidate_weight=336.0000 | spatial_strength=0.0989 | spatial_freq_entropy=2.7726 | spatial_freq_weight_mean=0.6923 | rank=32
DEBUG factorized comparison [stage4] | query_norm_mean=1.0329 | key_norm_mean=1.0073 | context_mean=0.0001 | context_std=0.0812 | context_min=-0.1679 | context_max=0.2319 | total_candidate_weight=84.0000 | spatial_strength=0.0990 | spatial_freq_entropy=2.7726 | spatial_freq_weight_mean=0.6929 | rank=32
patch-priority map [stage3] | mean=0.062500 | std=0.889571 | min=0.000000 | max=33.685738 | prototype_bottleneck_strength=0.400000 | prototype_to_film_norm_ratio=3.052292
patch-priority map [stage4] | mean=0.062500 | std=1.017958 | min=0.000000 | max=31.311617 | prototype_bottleneck_strength=0.400000 | prototype_to_film_norm_ratio=5.078878
Epoch 17/200
  Mean train loss: 0.397681
  Mean val loss:   0.478338
  Current LR:      4.91e-05
Val metrics   | CC: 0.5220 | SIM: 0.4130 | NSS: 3.0289
  Saved checkpoint: training_outputs/ckpts/20260917_231452/epoch_017.pth

Epoch 18/200
pred_saliency: shape=(2, 1, 224, 384) min=-3.9844 max=29.0000 mean=-3.0778 std=2.9175
sal_batch: shape=(2, 1, 360, 640) min=0.0000 max=1.0000 mean=0.0236 std=0.0925
DEBUG features_shape: {'stage1': (2, 96, 16, 56, 96), 'stage2': (2, 192, 16, 28, 48), 'stage3': (2, 384, 16, 14, 24), 'stage4': (2, 768, 16, 7, 12)}
DEBUG gate: no gate_debug available. This usually means return_concept_losses=False or lambda_gate=0.
DEBUG decoder visual FiLM [stage1] | film_gamma=unavailable (pass return_decoder_diagnostics=True)
DEBUG decoder visual FiLM [stage2] | film_gamma=unavailable (pass return_decoder_diagnostics=True)
DEBUG decoder visual FiLM [stage3] | film_gamma mean/std/min/max=0.0625/0.7519/0.0000/37.0783 | prototype_bottleneck_strength=0.4000
DEBUG decoder visual FiLM [stage4] | film_gamma mean/std/min/max=0.0625/0.7150/0.0000/24.3740 | prototype_bottleneck_strength=0.4000
DEBUG factorized comparison [stage3] | query_norm_mean=1.4320 | key_norm_mean=0.9842 | context_mean=0.0001 | context_std=0.0968 | context_min=-0.2090 | context_max=0.2582 | total_candidate_weight=336.0000 | spatial_strength=0.0989 | spatial_freq_entropy=2.7726 | spatial_freq_weight_mean=0.6923 | rank=32
DEBUG factorized comparison [stage4] | query_norm_mean=1.0409 | key_norm_mean=0.9991 | context_mean=0.0002 | context_std=0.0800 | context_min=-0.1664 | context_max=0.1920 | total_candidate_weight=84.0000 | spatial_strength=0.0990 | spatial_freq_entropy=2.7726 | spatial_freq_weight_mean=0.6929 | rank=32
patch-priority map [stage3] | mean=0.062500 | std=0.751869 | min=0.000000 | max=37.078320 | prototype_bottleneck_strength=0.400000 | prototype_to_film_norm_ratio=3.219946
patch-priority map [stage4] | mean=0.062500 | std=0.714996 | min=0.000000 | max=24.374001 | prototype_bottleneck_strength=0.400000 | prototype_to_film_norm_ratio=3.285525
DEBUG visual concept usage [stage1] top 10:
  concept 358: 3954 patches (36.77%)
  concept 271: 3269 patches (30.40%)
  concept 469: 2027 patches (18.85%)
  concept 404: 887 patches (8.25%)
  concept 120: 277 patches (2.58%)
  concept 147: 217 patches (2.02%)
  concept 434: 95 patches (0.88%)
  concept 503: 22 patches (0.20%)
  concept 490: 2 patches (0.02%)
  concept 267: 1 patches (0.01%)
  normalized usage entropy: 0.8175
DEBUG visual concept usage [stage2] top 10:
  concept 66: 2688 patches (100.00%)
  normalized usage entropy: 0.8218
DEBUG visual concept usage [stage3] top 10:
  concept 35: 299 patches (44.49%)
  concept 96: 252 patches (37.50%)
  concept 261: 51 patches (7.59%)
  concept 401: 40 patches (5.95%)
  concept 277: 13 patches (1.93%)
  concept 213: 10 patches (1.49%)
  concept 292: 5 patches (0.74%)
  concept 184: 1 patches (0.15%)
  concept 379: 1 patches (0.15%)
  normalized usage entropy: 0.5649
DEBUG visual concept usage [stage4] top 10:
  concept 296: 31 patches (18.45%)
  concept 78: 29 patches (17.26%)
  concept 319: 28 patches (16.67%)
  concept 53: 27 patches (16.07%)
  concept 441: 22 patches (13.10%)
  concept 38: 16 patches (9.52%)
  concept 91: 7 patches (4.17%)
  concept 34: 4 patches (2.38%)
  concept 23: 2 patches (1.19%)
  concept 82: 1 patches (0.60%)
  normalized usage entropy: 0.5026
DEBUG pred min/max/mean/std: -3.984375 29.0 -3.078125 2.921875
DEBUG target min/max/mean/std: 0.0 1.0 0.023572169244289398 0.09245838969945908
DEBUG fixation pixels per sample: [200.0, 233.0]
DEBUG fix_batch min/max/mean/std: 0.0 1.0 0.0009396701352670789 0.03063966892659664
DEBUG losses: {'loss_total': 0.20796692371368408, 'loss_fid': 21.44449234008789, 'loss_patch_fid': 4.12672233581543, 'loss_dense_fid': 3.8767058849334717, 'loss_dense_bce': -0.0, 'loss_dense_kl': 13.441064834594727, 'loss_topk': -0.0, 'loss_delta': -0.0, 'loss_cc': 0.26570355892181396, 'loss_nss': -2.8227219581604004, 'loss_sim': 0.45770227909088135, 'loss_concept_dense': 0.0, 'loss_concept_kl': 0.0, 'loss_align': 0.0, 'loss_sparse': 0.0, 'loss_div': 0.0, 'loss_gate': 0.0, 'loss_visual_entropy': 0.5771336555480957, 'loss_visual_equiv': 0.0, 'loss_visual_usage': 0.32329756021499634, 'loss_temporal_attention_entropy': 0.0, 'loss_total_concept': 0.05581602826714516, 'loss_decoder_side_aux': -0.01406449731439352, 'loss_priority_map': 1.0179836750030518, 'loss_priority_map_weighted': 0.10179837048053741, 'priority_map_loss': 1.0179836750030518, 'weighted_priority_map_loss': 0.10179837048053741, 'loss_priority_map_stage3': 1.0345264673233032, 'loss_priority_map_stage4': 1.0014408826828003, 'loss_side_stage4': -0.014062762260437012, 'loss_side_stage3': -0.04007694125175476, 'loss_side_stage2': -0.040513455867767334, 'loss_side_stage1': -0.016383230686187744}
DEBUG decoder visual FiLM [stage1] | film_gamma=unavailable (pass return_decoder_diagnostics=True)
DEBUG decoder visual FiLM [stage2] | film_gamma=unavailable (pass return_decoder_diagnostics=True)
DEBUG decoder visual FiLM [stage3] | film_gamma mean/std/min/max=0.0625/1.1431/0.0000/51.3128 | prototype_bottleneck_strength=0.4000
DEBUG decoder visual FiLM [stage4] | film_gamma mean/std/min/max=0.0625/1.2243/0.0000/36.7055 | prototype_bottleneck_strength=0.4000
DEBUG factorized comparison [stage3] | query_norm_mean=1.4744 | key_norm_mean=0.9959 | context_mean=0.0001 | context_std=0.1071 | context_min=-0.2299 | context_max=0.3119 | total_candidate_weight=336.0000 | spatial_strength=0.0989 | spatial_freq_entropy=2.7726 | spatial_freq_weight_mean=0.6923 | rank=32
DEBUG factorized comparison [stage4] | query_norm_mean=1.0295 | key_norm_mean=0.9830 | context_mean=0.0001 | context_std=0.0775 | context_min=-0.1642 | context_max=0.2395 | total_candidate_weight=84.0000 | spatial_strength=0.0990 | spatial_freq_entropy=2.7726 | spatial_freq_weight_mean=0.6930 | rank=32
patch-priority map [stage3] | mean=0.062500 | std=1.143057 | min=0.000000 | max=51.312836 | prototype_bottleneck_strength=0.400000 | prototype_to_film_norm_ratio=4.915127
patch-priority map [stage4] | mean=0.062500 | std=1.224253 | min=0.000000 | max=36.705475 | prototype_bottleneck_strength=0.400000 | prototype_to_film_norm_ratio=6.662364
Epoch 18/200
  Mean train loss: 0.358061
  Mean val loss:   0.474494
  Current LR:      4.90e-05
Val metrics   | CC: 0.5231 | SIM: 0.4199 | NSS: 3.0388
  Saved checkpoint: training_outputs/ckpts/20260917_231452/epoch_018.pth
  New best val loss: 0.474494 (saved training_outputs/ckpts/20260917_231452/best_checkpoint.pth)

Epoch 19/200
pred_saliency: shape=(2, 1, 224, 384) min=-3.9844 max=36.0000 mean=-3.2544 std=2.9250
sal_batch: shape=(2, 1, 360, 640) min=0.0000 max=1.0000 mean=0.0136 std=0.0725
DEBUG features_shape: {'stage1': (2, 96, 16, 56, 96), 'stage2': (2, 192, 16, 28, 48), 'stage3': (2, 384, 16, 14, 24), 'stage4': (2, 768, 16, 7, 12)}
DEBUG gate: no gate_debug available. This usually means return_concept_losses=False or lambda_gate=0.
DEBUG decoder visual FiLM [stage1] | film_gamma=unavailable (pass return_decoder_diagnostics=True)
DEBUG decoder visual FiLM [stage2] | film_gamma=unavailable (pass return_decoder_diagnostics=True)
DEBUG decoder visual FiLM [stage3] | film_gamma mean/std/min/max=0.0625/0.6145/0.0000/26.8433 | prototype_bottleneck_strength=0.4000
DEBUG decoder visual FiLM [stage4] | film_gamma mean/std/min/max=0.0625/0.6066/0.0000/15.9423 | prototype_bottleneck_strength=0.4000
DEBUG factorized comparison [stage3] | query_norm_mean=1.4706 | key_norm_mean=0.9989 | context_mean=0.0001 | context_std=0.1061 | context_min=-0.2433 | context_max=0.3000 | total_candidate_weight=336.0000 | spatial_strength=0.0989 | spatial_freq_entropy=2.7726 | spatial_freq_weight_mean=0.6923 | rank=32
DEBUG factorized comparison [stage4] | query_norm_mean=1.0327 | key_norm_mean=0.9679 | context_mean=0.0001 | context_std=0.0737 | context_min=-0.1642 | context_max=0.1845 | total_candidate_weight=84.0000 | spatial_strength=0.0990 | spatial_freq_entropy=2.7726 | spatial_freq_weight_mean=0.6930 | rank=32
patch-priority map [stage3] | mean=0.062500 | std=0.614474 | min=0.000000 | max=26.843321 | prototype_bottleneck_strength=0.400000 | prototype_to_film_norm_ratio=3.051486
patch-priority map [stage4] | mean=0.062500 | std=0.606640 | min=0.000000 | max=15.942330 | prototype_bottleneck_strength=0.400000 | prototype_to_film_norm_ratio=2.507346
DEBUG visual concept usage [stage1] top 10:
  concept 271: 3009 patches (27.99%)
  concept 358: 2945 patches (27.39%)
  concept 404: 2096 patches (19.49%)
  concept 469: 1881 patches (17.49%)
  concept 147: 345 patches (3.21%)
  concept 120: 275 patches (2.56%)
  concept 503: 105 patches (0.98%)
  concept 434: 75 patches (0.70%)
  concept 267: 14 patches (0.13%)
  concept 251: 3 patches (0.03%)
  normalized usage entropy: 0.8282
DEBUG visual concept usage [stage2] top 10:
  concept 66: 2688 patches (100.00%)
  normalized usage entropy: 0.8235
DEBUG visual concept usage [stage3] top 10:
  concept 35: 295 patches (43.90%)
  concept 96: 184 patches (27.38%)
  concept 261: 90 patches (13.39%)
  concept 401: 75 patches (11.16%)
  concept 277: 23 patches (3.42%)
  concept 213: 2 patches (0.30%)
  concept 292: 1 patches (0.15%)
  concept 379: 1 patches (0.15%)
  concept 510: 1 patches (0.15%)
  normalized usage entropy: 0.5641
DEBUG visual concept usage [stage4] top 10:
  concept 38: 44 patches (26.19%)
  concept 78: 29 patches (17.26%)
  concept 441: 26 patches (15.48%)
  concept 296: 22 patches (13.10%)
  concept 53: 11 patches (6.55%)
  concept 319: 11 patches (6.55%)
  concept 34: 10 patches (5.95%)
  concept 91: 7 patches (4.17%)
  concept 82: 4 patches (2.38%)
  concept 23: 2 patches (1.19%)
  normalized usage entropy: 0.5346
DEBUG pred min/max/mean/std: -3.984375 36.0 -3.25 2.921875
DEBUG target min/max/mean/std: 0.0 1.0 0.013596856966614723 0.0725080594420433
DEBUG fixation pixels per sample: [232.0, 176.0]
DEBUG fix_batch min/max/mean/std: 0.0 1.0 0.000885416695382446 0.029742807149887085
DEBUG losses: {'loss_total': 0.1829771101474762, 'loss_fid': 25.483850479125977, 'loss_patch_fid': 4.1218647956848145, 'loss_dense_fid': 3.902942657470703, 'loss_dense_bce': -0.0, 'loss_dense_kl': 17.459043502807617, 'loss_topk': -0.0, 'loss_delta': -0.0, 'loss_cc': 0.31232380867004395, 'loss_nss': -4.162290096282959, 'loss_sim': 0.43938738107681274, 'loss_concept_dense': 0.0, 'loss_concept_kl': 0.0, 'loss_align': 0.0, 'loss_sparse': 0.0, 'loss_div': 0.0, 'loss_gate': 0.0, 'loss_visual_entropy': 0.5854586958885193, 'loss_visual_equiv': 0.0, 'loss_visual_usage': 0.31242477893829346, 'loss_temporal_attention_entropy': 0.0, 'loss_total_concept': 0.05397888273000717, 'loss_decoder_side_aux': -0.048686433583498, 'loss_priority_map': 2.034813642501831, 'loss_priority_map_weighted': 0.20348136126995087, 'priority_map_loss': 2.034813642501831, 'weighted_priority_map_loss': 0.20348136126995087, 'loss_priority_map_stage3': 2.1580662727355957, 'loss_priority_map_stage4': 1.911561131477356, 'loss_side_stage4': -0.1358719766139984, 'loss_side_stage3': -0.07134166359901428, 'loss_side_stage2': -0.09343376755714417, 'loss_side_stage1': -0.10371801257133484}
DEBUG decoder visual FiLM [stage1] | film_gamma=unavailable (pass return_decoder_diagnostics=True)
DEBUG decoder visual FiLM [stage2] | film_gamma=unavailable (pass return_decoder_diagnostics=True)
DEBUG decoder visual FiLM [stage3] | film_gamma mean/std/min/max=0.0625/1.0530/0.0000/39.1010 | prototype_bottleneck_strength=0.4000
DEBUG decoder visual FiLM [stage4] | film_gamma mean/std/min/max=0.0625/1.0580/0.0000/30.1625 | prototype_bottleneck_strength=0.4000
DEBUG factorized comparison [stage3] | query_norm_mean=1.4625 | key_norm_mean=1.0100 | context_mean=-0.0000 | context_std=0.1117 | context_min=-0.2328 | context_max=0.3119 | total_candidate_weight=336.0000 | spatial_strength=0.0989 | spatial_freq_entropy=2.7726 | spatial_freq_weight_mean=0.6923 | rank=32
DEBUG factorized comparison [stage4] | query_norm_mean=1.0100 | key_norm_mean=0.9641 | context_mean=0.0001 | context_std=0.0822 | context_min=-0.1702 | context_max=0.2349 | total_candidate_weight=84.0000 | spatial_strength=0.0990 | spatial_freq_entropy=2.7726 | spatial_freq_weight_mean=0.6931 | rank=32
patch-priority map [stage3] | mean=0.062500 | std=1.053040 | min=0.000000 | max=39.101017 | prototype_bottleneck_strength=0.400000 | prototype_to_film_norm_ratio=5.095661
patch-priority map [stage4] | mean=0.062500 | std=1.058039 | min=0.000000 | max=30.162508 | prototype_bottleneck_strength=0.400000 | prototype_to_film_norm_ratio=5.395250
Epoch 19/200
  Mean train loss: 0.347479
  Mean val loss:   0.466093
  Current LR:      4.89e-05
Val metrics   | CC: 0.5252 | SIM: 0.4272 | NSS: 3.0697
  Saved checkpoint: training_outputs/ckpts/20260917_231452/epoch_019.pth
  New best val loss: 0.466093 (saved training_outputs/ckpts/20260917_231452/best_checkpoint.pth)

Epoch 20/200
pred_saliency: shape=(2, 1, 224, 384) min=-3.9844 max=35.5000 mean=-3.2900 std=3.1769
sal_batch: shape=(2, 1, 360, 640) min=0.0000 max=1.0000 mean=0.0098 std=0.0629
DEBUG features_shape: {'stage1': (2, 96, 16, 56, 96), 'stage2': (2, 192, 16, 28, 48), 'stage3': (2, 384, 16, 14, 24), 'stage4': (2, 768, 16, 7, 12)}
DEBUG gate: no gate_debug available. This usually means return_concept_losses=False or lambda_gate=0.
DEBUG decoder visual FiLM [stage1] | film_gamma=unavailable (pass return_decoder_diagnostics=True)
DEBUG decoder visual FiLM [stage2] | film_gamma=unavailable (pass return_decoder_diagnostics=True)
DEBUG decoder visual FiLM [stage3] | film_gamma mean/std/min/max=0.0625/0.8866/0.0000/33.4809 | prototype_bottleneck_strength=0.4000
DEBUG decoder visual FiLM [stage4] | film_gamma mean/std/min/max=0.0625/0.8342/0.0000/23.6281 | prototype_bottleneck_strength=0.4000
DEBUG factorized comparison [stage3] | query_norm_mean=1.4544 | key_norm_mean=1.0018 | context_mean=0.0001 | context_std=0.1125 | context_min=-0.2299 | context_max=0.3224 | total_candidate_weight=336.0000 | spatial_strength=0.0989 | spatial_freq_entropy=2.7726 | spatial_freq_weight_mean=0.6923 | rank=32
DEBUG factorized comparison [stage4] | query_norm_mean=1.0070 | key_norm_mean=0.9597 | context_mean=0.0001 | context_std=0.0842 | context_min=-0.1770 | context_max=0.2410 | total_candidate_weight=84.0000 | spatial_strength=0.0990 | spatial_freq_entropy=2.7726 | spatial_freq_weight_mean=0.6931 | rank=32
patch-priority map [stage3] | mean=0.062500 | std=0.886631 | min=0.000000 | max=33.480915 | prototype_bottleneck_strength=0.400000 | prototype_to_film_norm_ratio=4.668029
patch-priority map [stage4] | mean=0.062500 | std=0.834171 | min=0.000000 | max=23.628078 | prototype_bottleneck_strength=0.400000 | prototype_to_film_norm_ratio=4.397448
DEBUG visual concept usage [stage1] top 10:
  concept 271: 5125 patches (47.67%)
  concept 469: 2870 patches (26.69%)
  concept 404: 1267 patches (11.78%)
  concept 358: 479 patches (4.45%)
  concept 503: 266 patches (2.47%)
  concept 147: 240 patches (2.23%)
  concept 120: 209 patches (1.94%)
  concept 267: 160 patches (1.49%)
  concept 434: 127 patches (1.18%)
  concept 251: 4 patches (0.04%)
  normalized usage entropy: 0.8053
DEBUG visual concept usage [stage2] top 10:
  concept 66: 2688 patches (100.00%)
  normalized usage entropy: 0.8246
DEBUG visual concept usage [stage3] top 10:
  concept 35: 329 patches (48.96%)
  concept 96: 154 patches (22.92%)
  concept 401: 109 patches (16.22%)
  concept 261: 51 patches (7.59%)
  concept 277: 25 patches (3.72%)
  concept 213: 3 patches (0.45%)
  concept 292: 1 patches (0.15%)
  normalized usage entropy: 0.5658
DEBUG visual concept usage [stage4] top 10:
  concept 296: 80 patches (47.62%)
  concept 38: 23 patches (13.69%)
  concept 319: 21 patches (12.50%)
  concept 91: 16 patches (9.52%)
  concept 53: 13 patches (7.74%)
  concept 441: 5 patches (2.98%)
  concept 34: 4 patches (2.38%)
  concept 23: 2 patches (1.19%)
  concept 152: 2 patches (1.19%)
  concept 78: 1 patches (0.60%)
  normalized usage entropy: 0.5195
DEBUG pred min/max/mean/std: -3.984375 35.5 -3.296875 3.171875
DEBUG target min/max/mean/std: 0.0 1.0 0.009803496301174164 0.06290988624095917
DEBUG fixation pixels per sample: [139.0, 105.0]
DEBUG fix_batch min/max/mean/std: 0.0 1.0 0.0005295139271765947 0.023005099967122078
DEBUG losses: {'loss_total': 0.49893659353256226, 'loss_fid': 29.373558044433594, 'loss_patch_fid': 4.1220479011535645, 'loss_dense_fid': 4.03809928894043, 'loss_dense_bce': -0.0, 'loss_dense_kl': 21.213411331176758, 'loss_topk': -0.0, 'loss_delta': -0.0, 'loss_cc': 0.5123413801193237, 'loss_nss': -3.5751564502716064, 'loss_sim': 0.583034873008728, 'loss_concept_dense': 0.0, 'loss_concept_kl': 0.0, 'loss_align': 0.0, 'loss_sparse': 0.0, 'loss_div': 0.0, 'loss_gate': 0.0, 'loss_visual_entropy': 0.5825819969177246, 'loss_visual_equiv': 0.0, 'loss_visual_usage': 0.32121944427490234, 'loss_temporal_attention_entropy': 0.0, 'loss_total_concept': 0.052308909595012665, 'loss_decoder_side_aux': 0.07537417113780975, 'loss_priority_map': 1.2308943271636963, 'loss_priority_map_weighted': 0.12308943271636963, 'priority_map_loss': 1.2308943271636963, 'weighted_priority_map_loss': 0.12308943271636963, 'loss_priority_map_stage3': 1.4514168500900269, 'loss_priority_map_stage4': 1.0103719234466553, 'loss_side_stage4': 0.03602471947669983, 'loss_side_stage3': 0.142540842294693, 'loss_side_stage2': 0.19280114769935608, 'loss_side_stage1': 0.15199336409568787}
DEBUG decoder visual FiLM [stage1] | film_gamma=unavailable (pass return_decoder_diagnostics=True)
DEBUG decoder visual FiLM [stage2] | film_gamma=unavailable (pass return_decoder_diagnostics=True)
DEBUG decoder visual FiLM [stage3] | film_gamma mean/std/min/max=0.0625/1.1789/0.0000/54.1057 | prototype_bottleneck_strength=0.4000
DEBUG decoder visual FiLM [stage4] | film_gamma mean/std/min/max=0.0625/1.0786/0.0000/34.2846 | prototype_bottleneck_strength=0.4000
DEBUG factorized comparison [stage3] | query_norm_mean=1.4931 | key_norm_mean=1.0111 | context_mean=0.0000 | context_std=0.1117 | context_min=-0.2328 | context_max=0.3224 | total_candidate_weight=336.0000 | spatial_strength=0.0989 | spatial_freq_entropy=2.7726 | spatial_freq_weight_mean=0.6923 | rank=32
DEBUG factorized comparison [stage4] | query_norm_mean=1.0240 | key_norm_mean=0.9881 | context_mean=0.0002 | context_std=0.0853 | context_min=-0.1747 | context_max=0.2455 | total_candidate_weight=84.0000 | spatial_strength=0.0990 | spatial_freq_entropy=2.7726 | spatial_freq_weight_mean=0.6931 | rank=32
patch-priority map [stage3] | mean=0.062500 | std=1.178945 | min=0.000000 | max=54.105747 | prototype_bottleneck_strength=0.400000 | prototype_to_film_norm_ratio=5.707519
patch-priority map [stage4] | mean=0.062500 | std=1.078621 | min=0.000000 | max=34.284573 | prototype_bottleneck_strength=0.400000 | prototype_to_film_norm_ratio=5.355462
Epoch 20/200
  Mean train loss: 0.338478
  Mean val loss:   0.491075
  Current LR:      4.88e-05
Val metrics   | CC: 0.5104 | SIM: 0.4210 | NSS: 2.9929
  Saved checkpoint: training_outputs/ckpts/20260917_231452/epoch_020.pth

Epoch 21/200
pred_saliency: shape=(2, 1, 224, 384) min=-3.9844 max=42.0000 mean=-3.3588 std=2.9592
sal_batch: shape=(2, 1, 360, 640) min=0.0000 max=1.0000 mean=0.0147 std=0.0761
DEBUG features_shape: {'stage1': (2, 96, 16, 56, 96), 'stage2': (2, 192, 16, 28, 48), 'stage3': (2, 384, 16, 14, 24), 'stage4': (2, 768, 16, 7, 12)}
DEBUG gate: no gate_debug available. This usually means return_concept_losses=False or lambda_gate=0.
DEBUG decoder visual FiLM [stage1] | film_gamma=unavailable (pass return_decoder_diagnostics=True)
DEBUG decoder visual FiLM [stage2] | film_gamma=unavailable (pass return_decoder_diagnostics=True)
DEBUG decoder visual FiLM [stage3] | film_gamma mean/std/min/max=0.0625/1.0556/0.0000/47.9507 | prototype_bottleneck_strength=0.4000
DEBUG decoder visual FiLM [stage4] | film_gamma mean/std/min/max=0.0625/1.0392/0.0000/30.7999 | prototype_bottleneck_strength=0.4000
DEBUG factorized comparison [stage3] | query_norm_mean=1.4824 | key_norm_mean=0.9986 | context_mean=0.0001 | context_std=0.1109 | context_min=-0.2179 | context_max=0.3119 | total_candidate_weight=336.0000 | spatial_strength=0.0989 | spatial_freq_entropy=2.7726 | spatial_freq_weight_mean=0.6923 | rank=32
DEBUG factorized comparison [stage4] | query_norm_mean=1.0087 | key_norm_mean=1.0051 | context_mean=0.0001 | context_std=0.0835 | context_min=-0.1724 | context_max=0.2560 | total_candidate_weight=84.0000 | spatial_strength=0.0990 | spatial_freq_entropy=2.7726 | spatial_freq_weight_mean=0.6931 | rank=32
patch-priority map [stage3] | mean=0.062500 | std=1.055609 | min=0.000000 | max=47.950672 | prototype_bottleneck_strength=0.400000 | prototype_to_film_norm_ratio=5.583502
patch-priority map [stage4] | mean=0.062500 | std=1.039209 | min=0.000000 | max=30.799925 | prototype_bottleneck_strength=0.400000 | prototype_to_film_norm_ratio=5.489544
DEBUG visual concept usage [stage1] top 10:
  concept 271: 5255 patches (48.87%)
  concept 358: 1161 patches (10.80%)
  concept 469: 1084 patches (10.08%)
  concept 404: 639 patches (5.94%)
  concept 434: 623 patches (5.79%)
  concept 503: 526 patches (4.89%)
  concept 120: 463 patches (4.31%)
  concept 147: 374 patches (3.48%)
  concept 267: 369 patches (3.43%)
  concept 251: 245 patches (2.28%)
  normalized usage entropy: 0.7971
DEBUG visual concept usage [stage2] top 10:
  concept 66: 2688 patches (100.00%)
  normalized usage entropy: 0.8254
DEBUG visual concept usage [stage3] top 10:
  concept 35: 309 patches (45.98%)
  concept 96: 161 patches (23.96%)
  concept 213: 67 patches (9.97%)
  concept 401: 63 patches (9.38%)
  concept 277: 38 patches (5.65%)
  concept 261: 32 patches (4.76%)
  concept 278: 1 patches (0.15%)
  concept 379: 1 patches (0.15%)
  normalized usage entropy: 0.5667
DEBUG visual concept usage [stage4] top 10:
  concept 296: 42 patches (25.00%)
  concept 78: 40 patches (23.81%)
  concept 82: 26 patches (15.48%)
  concept 53: 25 patches (14.88%)
  concept 91: 15 patches (8.93%)
  concept 319: 8 patches (4.76%)
  concept 38: 3 patches (1.79%)
  concept 121: 3 patches (1.79%)
  concept 441: 3 patches (1.79%)
  concept 23: 2 patches (1.19%)
  normalized usage entropy: 0.5154
DEBUG pred min/max/mean/std: -3.984375 42.0 -3.359375 2.953125
DEBUG target min/max/mean/std: 0.0 1.0 0.01470913365483284 0.07609325647354126
DEBUG fixation pixels per sample: [211.0, 236.0]
DEBUG fix_batch min/max/mean/std: 0.0 1.0 0.0009700520895421505 0.031130583956837654
DEBUG losses: {'loss_total': 0.13114768266677856, 'loss_fid': 27.77623748779297, 'loss_patch_fid': 4.126320838928223, 'loss_dense_fid': 4.03666353225708, 'loss_dense_bce': -0.0, 'loss_dense_kl': 19.613252639770508, 'loss_topk': -0.0, 'loss_delta': -0.0, 'loss_cc': 0.31755495071411133, 'loss_nss': -3.7272744178771973, 'loss_sim': 0.4538728594779968, 'loss_concept_dense': 0.0, 'loss_concept_kl': 0.0, 'loss_align': 0.0, 'loss_sparse': 0.0, 'loss_div': 0.0, 'loss_gate': 0.0, 'loss_visual_entropy': 0.577491044998169, 'loss_visual_equiv': 0.0, 'loss_visual_usage': 0.3238486349582672, 'loss_temporal_attention_entropy': 0.0, 'loss_total_concept': 0.05230171978473663, 'loss_decoder_side_aux': -0.020685717463493347, 'loss_priority_map': 0.7404457926750183, 'loss_priority_map_weighted': 0.07404457777738571, 'priority_map_loss': 0.7404457926750183, 'weighted_priority_map_loss': 0.07404457777738571, 'loss_priority_map_stage3': 0.8664413094520569, 'loss_priority_map_stage4': 0.6144502758979797, 'loss_side_stage4': -0.060771942138671875, 'loss_side_stage3': -0.0011493861675262451, 'loss_side_stage2': -0.0415520966053009, 'loss_side_stage1': -0.05649682879447937}
DEBUG decoder visual FiLM [stage1] | film_gamma=unavailable (pass return_decoder_diagnostics=True)
DEBUG decoder visual FiLM [stage2] | film_gamma=unavailable (pass return_decoder_diagnostics=True)
DEBUG decoder visual FiLM [stage3] | film_gamma mean/std/min/max=0.0625/1.0068/0.0000/37.9228 | prototype_bottleneck_strength=0.4000
DEBUG decoder visual FiLM [stage4] | film_gamma mean/std/min/max=0.0625/0.9950/0.0000/29.6357 | prototype_bottleneck_strength=0.4000
DEBUG factorized comparison [stage3] | query_norm_mean=1.3889 | key_norm_mean=0.9722 | context_mean=0.0000 | context_std=0.1039 | context_min=-0.2075 | context_max=0.2940 | total_candidate_weight=336.0000 | spatial_strength=0.0989 | spatial_freq_entropy=2.7726 | spatial_freq_weight_mean=0.6924 | rank=32
DEBUG factorized comparison [stage4] | query_norm_mean=1.0399 | key_norm_mean=0.9857 | context_mean=0.0001 | context_std=0.0854 | context_min=-0.1875 | context_max=0.2455 | total_candidate_weight=84.0000 | spatial_strength=0.0990 | spatial_freq_entropy=2.7726 | spatial_freq_weight_mean=0.6932 | rank=32
patch-priority map [stage3] | mean=0.062500 | std=1.006801 | min=0.000000 | max=37.922802 | prototype_bottleneck_strength=0.400000 | prototype_to_film_norm_ratio=4.504439
patch-priority map [stage4] | mean=0.062500 | std=0.994952 | min=0.000000 | max=29.635744 | prototype_bottleneck_strength=0.400000 | prototype_to_film_norm_ratio=4.381036
Epoch 21/200
  Mean train loss: 0.364921
  Mean val loss:   0.456340
  Current LR:      4.87e-05
Val metrics   | CC: 0.5325 | SIM: 0.4217 | NSS: 3.0836
  Saved checkpoint: training_outputs/ckpts/20260917_231452/epoch_021.pth
  New best val loss: 0.456340 (saved training_outputs/ckpts/20260917_231452/best_checkpoint.pth)

Epoch 22/200
pred_saliency: shape=(2, 1, 224, 384) min=-3.9844 max=31.0000 mean=-3.0333 std=2.9371
sal_batch: shape=(2, 1, 360, 640) min=0.0000 max=1.0000 mean=0.0189 std=0.0875
DEBUG features_shape: {'stage1': (2, 96, 16, 56, 96), 'stage2': (2, 192, 16, 28, 48), 'stage3': (2, 384, 16, 14, 24), 'stage4': (2, 768, 16, 7, 12)}
DEBUG gate: no gate_debug available. This usually means return_concept_losses=False or lambda_gate=0.
DEBUG decoder visual FiLM [stage1] | film_gamma=unavailable (pass return_decoder_diagnostics=True)
DEBUG decoder visual FiLM [stage2] | film_gamma=unavailable (pass return_decoder_diagnostics=True)
DEBUG decoder visual FiLM [stage3] | film_gamma mean/std/min/max=0.0625/0.5664/0.0000/15.7396 | prototype_bottleneck_strength=0.4000
DEBUG decoder visual FiLM [stage4] | film_gamma mean/std/min/max=0.0625/0.5889/0.0000/14.8077 | prototype_bottleneck_strength=0.4000
DEBUG factorized comparison [stage3] | query_norm_mean=1.3704 | key_norm_mean=0.9426 | context_mean=0.0000 | context_std=0.0902 | context_min=-0.2030 | context_max=0.2090 | total_candidate_weight=336.0000 | spatial_strength=0.0989 | spatial_freq_entropy=2.7726 | spatial_freq_weight_mean=0.6924 | rank=32
DEBUG factorized comparison [stage4] | query_norm_mean=1.0269 | key_norm_mean=0.9948 | context_mean=0.0000 | context_std=0.0763 | context_min=-0.1905 | context_max=0.1852 | total_candidate_weight=84.0000 | spatial_strength=0.0990 | spatial_freq_entropy=2.7726 | spatial_freq_weight_mean=0.6932 | rank=32
patch-priority map [stage3] | mean=0.062500 | std=0.566354 | min=0.000000 | max=15.739607 | prototype_bottleneck_strength=0.400000 | prototype_to_film_norm_ratio=2.720969
patch-priority map [stage4] | mean=0.062500 | std=0.588899 | min=0.000000 | max=14.807744 | prototype_bottleneck_strength=0.400000 | prototype_to_film_norm_ratio=2.675645
DEBUG visual concept usage [stage1] top 10:
  concept 358: 4302 patches (40.01%)
  concept 404: 1763 patches (16.40%)
  concept 271: 1261 patches (11.73%)
  concept 469: 1091 patches (10.15%)
  concept 251: 753 patches (7.00%)
  concept 147: 501 patches (4.66%)
  concept 267: 320 patches (2.98%)
  concept 434: 220 patches (2.05%)
  concept 120: 183 patches (1.70%)
  concept 503: 178 patches (1.66%)
  normalized usage entropy: 0.8227
DEBUG visual concept usage [stage2] top 10:
  concept 66: 2688 patches (100.00%)
  normalized usage entropy: 0.8260
DEBUG visual concept usage [stage3] top 10:
  concept 35: 346 patches (51.49%)
  concept 96: 136 patches (20.24%)
  concept 213: 94 patches (13.99%)
  concept 401: 44 patches (6.55%)
  concept 277: 26 patches (3.87%)
  concept 261: 23 patches (3.42%)
  concept 278: 3 patches (0.45%)
  normalized usage entropy: 0.5639
DEBUG visual concept usage [stage4] top 10:
  concept 78: 67 patches (39.88%)
  concept 441: 31 patches (18.45%)
  concept 91: 26 patches (15.48%)
  concept 53: 14 patches (8.33%)
  concept 82: 9 patches (5.36%)
  concept 296: 6 patches (3.57%)
  concept 121: 5 patches (2.98%)
  concept 23: 4 patches (2.38%)
  concept 34: 2 patches (1.19%)
  concept 38: 2 patches (1.19%)
  normalized usage entropy: 0.4941
DEBUG pred min/max/mean/std: -3.984375 31.0 -3.03125 2.9375
DEBUG target min/max/mean/std: 0.0 1.0 0.018933748826384544 0.08749982714653015
DEBUG fixation pixels per sample: [166.0, 222.0]
DEBUG fix_batch min/max/mean/std: 0.0 1.0 0.0008420139201916754 0.02900528907775879
DEBUG losses: {'loss_total': 0.12757694721221924, 'loss_fid': 19.022727966308594, 'loss_patch_fid': 4.173593521118164, 'loss_dense_fid': 3.837895154953003, 'loss_dense_bce': -0.0, 'loss_dense_kl': 11.011240005493164, 'loss_topk': -0.0, 'loss_delta': -0.0, 'loss_cc': 0.2778090238571167, 'loss_nss': -3.6692662239074707, 'loss_sim': 0.46811485290527344, 'loss_concept_dense': 0.0, 'loss_concept_kl': 0.0, 'loss_align': 0.0, 'loss_sparse': 0.0, 'loss_div': 0.0, 'loss_gate': 0.0, 'loss_visual_entropy': 0.5729749202728271, 'loss_visual_equiv': 0.0, 'loss_visual_usage': 0.32334667444229126, 'loss_temporal_attention_entropy': 0.0, 'loss_total_concept': 0.05178969353437424, 'loss_decoder_side_aux': -0.03850826621055603, 'loss_priority_map': 1.2140209674835205, 'loss_priority_map_weighted': 0.12140209972858429, 'priority_map_loss': 1.2140209674835205, 'weighted_priority_map_loss': 0.12140209972858429, 'loss_priority_map_stage3': 1.1835455894470215, 'loss_priority_map_stage4': 1.2444963455200195, 'loss_side_stage4': 0.00504651665687561, 'loss_side_stage3': -0.0877995491027832, 'loss_side_stage2': -0.08551061153411865, 'loss_side_stage1': -0.08577021956443787}
DEBUG decoder visual FiLM [stage1] | film_gamma=unavailable (pass return_decoder_diagnostics=True)
DEBUG decoder visual FiLM [stage2] | film_gamma=unavailable (pass return_decoder_diagnostics=True)
DEBUG decoder visual FiLM [stage3] | film_gamma mean/std/min/max=0.0625/1.0226/0.0000/40.1348 | prototype_bottleneck_strength=0.4000
DEBUG decoder visual FiLM [stage4] | film_gamma mean/std/min/max=0.0625/1.1585/0.0000/34.2766 | prototype_bottleneck_strength=0.4000
DEBUG factorized comparison [stage3] | query_norm_mean=1.4037 | key_norm_mean=0.9724 | context_mean=0.0000 | context_std=0.1047 | context_min=-0.2179 | context_max=0.2910 | total_candidate_weight=336.0000 | spatial_strength=0.0989 | spatial_freq_entropy=2.7726 | spatial_freq_weight_mean=0.6924 | rank=32
DEBUG factorized comparison [stage4] | query_norm_mean=0.9913 | key_norm_mean=0.9732 | context_mean=0.0001 | context_std=0.0808 | context_min=-0.1739 | context_max=0.2455 | total_candidate_weight=84.0000 | spatial_strength=0.0990 | spatial_freq_entropy=2.7726 | spatial_freq_weight_mean=0.6934 | rank=32
patch-priority map [stage3] | mean=0.062500 | std=1.022630 | min=0.000000 | max=40.134819 | prototype_bottleneck_strength=0.400000 | prototype_to_film_norm_ratio=3.841851
patch-priority map [stage4] | mean=0.062500 | std=1.158454 | min=0.000000 | max=34.276600 | prototype_bottleneck_strength=0.400000 | prototype_to_film_norm_ratio=6.208756
Epoch 22/200
  Mean train loss: 0.313508
  Mean val loss:   0.466583
  Current LR:      4.86e-05
Val metrics   | CC: 0.5229 | SIM: 0.4278 | NSS: 3.0731
  Saved checkpoint: training_outputs/ckpts/20260917_231452/epoch_022.pth

Epoch 23/200
pred_saliency: shape=(2, 1, 224, 384) min=-3.9844 max=37.5000 mean=-3.3108 std=3.1256
sal_batch: shape=(2, 1, 360, 640) min=0.0000 max=1.0000 mean=0.0146 std=0.0787
DEBUG features_shape: {'stage1': (2, 96, 16, 56, 96), 'stage2': (2, 192, 16, 28, 48), 'stage3': (2, 384, 16, 14, 24), 'stage4': (2, 768, 16, 7, 12)}
DEBUG gate: no gate_debug available. This usually means return_concept_losses=False or lambda_gate=0.
DEBUG decoder visual FiLM [stage1] | film_gamma=unavailable (pass return_decoder_diagnostics=True)
DEBUG decoder visual FiLM [stage2] | film_gamma=unavailable (pass return_decoder_diagnostics=True)
DEBUG decoder visual FiLM [stage3] | film_gamma mean/std/min/max=0.0625/0.5891/0.0000/25.7693 | prototype_bottleneck_strength=0.4000
DEBUG decoder visual FiLM [stage4] | film_gamma mean/std/min/max=0.0625/0.8004/0.0000/32.3208 | prototype_bottleneck_strength=0.4000
DEBUG factorized comparison [stage3] | query_norm_mean=1.3945 | key_norm_mean=0.9577 | context_mean=-0.0000 | context_std=0.0954 | context_min=-0.2104 | context_max=0.2194 | total_candidate_weight=336.0000 | spatial_strength=0.0989 | spatial_freq_entropy=2.7726 | spatial_freq_weight_mean=0.6924 | rank=32
DEBUG factorized comparison [stage4] | query_norm_mean=0.9794 | key_norm_mean=0.9761 | context_mean=0.0001 | context_std=0.0707 | context_min=-0.1536 | context_max=0.2123 | total_candidate_weight=84.0000 | spatial_strength=0.0990 | spatial_freq_entropy=2.7726 | spatial_freq_weight_mean=0.6934 | rank=32
patch-priority map [stage3] | mean=0.062500 | std=0.589062 | min=0.000000 | max=25.769262 | prototype_bottleneck_strength=0.400000 | prototype_to_film_norm_ratio=2.799809
patch-priority map [stage4] | mean=0.062500 | std=0.800397 | min=0.000000 | max=32.320801 | prototype_bottleneck_strength=0.400000 | prototype_to_film_norm_ratio=4.356263
DEBUG visual concept usage [stage1] top 10:
  concept 271: 3142 patches (29.22%)
  concept 251: 2902 patches (26.99%)
  concept 469: 1292 patches (12.02%)
  concept 404: 1256 patches (11.68%)
  concept 245: 973 patches (9.05%)
  concept 358: 273 patches (2.54%)
  concept 434: 205 patches (1.91%)
  concept 267: 168 patches (1.56%)
  concept 147: 139 patches (1.29%)
  concept 390: 117 patches (1.09%)
  normalized usage entropy: 0.7932
DEBUG visual concept usage [stage2] top 10:
  concept 66: 2688 patches (100.00%)
  normalized usage entropy: 0.8263
DEBUG visual concept usage [stage3] top 10:
  concept 96: 269 patches (40.03%)
  concept 35: 244 patches (36.31%)
  concept 213: 103 patches (15.33%)
  concept 401: 22 patches (3.27%)
  concept 277: 17 patches (2.53%)
  concept 261: 15 patches (2.23%)
  concept 278: 2 patches (0.30%)
  normalized usage entropy: 0.5583
DEBUG visual concept usage [stage4] top 10:
  concept 296: 39 patches (23.21%)
  concept 78: 26 patches (15.48%)
  concept 121: 18 patches (10.71%)
  concept 441: 18 patches (10.71%)
  concept 53: 16 patches (9.52%)
  concept 82: 15 patches (8.93%)
  concept 91: 12 patches (7.14%)
  concept 38: 9 patches (5.36%)
  concept 23: 8 patches (4.76%)
  concept 319: 3 patches (1.79%)
  normalized usage entropy: 0.5232
DEBUG pred min/max/mean/std: -3.984375 37.5 -3.3125 3.125
DEBUG target min/max/mean/std: 0.0 1.0 0.014576909132301807 0.07870227843523026
DEBUG fixation pixels per sample: [183.0, 152.0]
DEBUG fix_batch min/max/mean/std: 0.0 1.0 0.0007269965717568994 0.02695310115814209
DEBUG losses: {'loss_total': 0.07308275252580643, 'loss_fid': 28.427570343017578, 'loss_patch_fid': 3.9528257846832275, 'loss_dense_fid': 3.9994757175445557, 'loss_dense_bce': -0.0, 'loss_dense_kl': 20.475269317626953, 'loss_topk': -0.0, 'loss_delta': -0.0, 'loss_cc': 0.2853356599807739, 'loss_nss': -4.607508182525635, 'loss_sim': 0.42860186100006104, 'loss_concept_dense': 0.0, 'loss_concept_kl': 0.0, 'loss_align': 0.0, 'loss_sparse': 0.0, 'loss_div': 0.0, 'loss_gate': 0.0, 'loss_visual_entropy': 0.5786845684051514, 'loss_visual_equiv': 0.0, 'loss_visual_usage': 0.3247615694999695, 'loss_temporal_attention_entropy': 0.0, 'loss_total_concept': 0.05204717069864273, 'loss_decoder_side_aux': -0.06930612027645111, 'loss_priority_map': 1.875270962715149, 'loss_priority_map_weighted': 0.1875271052122116, 'priority_map_loss': 1.875270962715149, 'weighted_priority_map_loss': 0.1875271052122116, 'loss_priority_map_stage3': 1.8876428604125977, 'loss_priority_map_stage4': 1.8628990650177002, 'loss_side_stage4': 0.004479199647903442, 'loss_side_stage3': -0.12793362140655518, 'loss_side_stage2': -0.14326906204223633, 'loss_side_stage1': -0.17623180150985718}
DEBUG decoder visual FiLM [stage1] | film_gamma=unavailable (pass return_decoder_diagnostics=True)
DEBUG decoder visual FiLM [stage2] | film_gamma=unavailable (pass return_decoder_diagnostics=True)
DEBUG decoder visual FiLM [stage3] | film_gamma mean/std/min/max=0.0625/0.9910/0.0000/40.5890 | prototype_bottleneck_strength=0.4000
DEBUG decoder visual FiLM [stage4] | film_gamma mean/std/min/max=0.0625/1.1008/0.0000/39.1066 | prototype_bottleneck_strength=0.4000
DEBUG factorized comparison [stage3] | query_norm_mean=1.3625 | key_norm_mean=0.9519 | context_mean=0.0000 | context_std=0.1004 | context_min=-0.2104 | context_max=0.2836 | total_candidate_weight=336.0000 | spatial_strength=0.0990 | spatial_freq_entropy=2.7726 | spatial_freq_weight_mean=0.6925 | rank=32
DEBUG factorized comparison [stage4] | query_norm_mean=0.9777 | key_norm_mean=0.9570 | context_mean=0.0001 | context_std=0.0766 | context_min=-0.1664 | context_max=0.2319 | total_candidate_weight=84.0000 | spatial_strength=0.0990 | spatial_freq_entropy=2.7726 | spatial_freq_weight_mean=0.6934 | rank=32
patch-priority map [stage3] | mean=0.062500 | std=0.991036 | min=0.000000 | max=40.588989 | prototype_bottleneck_strength=0.400000 | prototype_to_film_norm_ratio=4.566763
patch-priority map [stage4] | mean=0.062500 | std=1.100797 | min=0.000000 | max=39.106560 | prototype_bottleneck_strength=0.400000 | prototype_to_film_norm_ratio=5.595507
Epoch 23/200
  Mean train loss: 0.333333
  Mean val loss:   0.453811
  Current LR:      4.84e-05
Val metrics   | CC: 0.5312 | SIM: 0.4256 | NSS: 3.0992
  Saved checkpoint: training_outputs/ckpts/20260917_231452/epoch_023.pth
  New best val loss: 0.453811 (saved training_outputs/ckpts/20260917_231452/best_checkpoint.pth)

Epoch 24/200
pred_saliency: shape=(2, 1, 224, 384) min=-3.9844 max=31.5000 mean=-3.1286 std=3.0637
sal_batch: shape=(2, 1, 360, 640) min=0.0000 max=1.0000 mean=0.0106 std=0.0661
DEBUG features_shape: {'stage1': (2, 96, 16, 56, 96), 'stage2': (2, 192, 16, 28, 48), 'stage3': (2, 384, 16, 14, 24), 'stage4': (2, 768, 16, 7, 12)}
DEBUG gate: no gate_debug available. This usually means return_concept_losses=False or lambda_gate=0.
DEBUG decoder visual FiLM [stage1] | film_gamma=unavailable (pass return_decoder_diagnostics=True)
DEBUG decoder visual FiLM [stage2] | film_gamma=unavailable (pass return_decoder_diagnostics=True)
DEBUG decoder visual FiLM [stage3] | film_gamma mean/std/min/max=0.0625/0.8448/0.0000/36.2473 | prototype_bottleneck_strength=0.4000
DEBUG decoder visual FiLM [stage4] | film_gamma mean/std/min/max=0.0625/0.8873/0.0000/27.8823 | prototype_bottleneck_strength=0.4000
DEBUG factorized comparison [stage3] | query_norm_mean=1.3622 | key_norm_mean=0.9570 | context_mean=0.0001 | context_std=0.1042 | context_min=-0.2134 | context_max=0.2597 | total_candidate_weight=336.0000 | spatial_strength=0.0990 | spatial_freq_entropy=2.7726 | spatial_freq_weight_mean=0.6925 | rank=32
DEBUG factorized comparison [stage4] | query_norm_mean=0.9844 | key_norm_mean=0.9528 | context_mean=0.0000 | context_std=0.0785 | context_min=-0.1717 | context_max=0.2199 | total_candidate_weight=84.0000 | spatial_strength=0.0990 | spatial_freq_entropy=2.7726 | spatial_freq_weight_mean=0.6934 | rank=32
patch-priority map [stage3] | mean=0.062500 | std=0.844759 | min=0.000000 | max=36.247318 | prototype_bottleneck_strength=0.400000 | prototype_to_film_norm_ratio=2.704417
patch-priority map [stage4] | mean=0.062500 | std=0.887294 | min=0.000000 | max=27.882294 | prototype_bottleneck_strength=0.400000 | prototype_to_film_norm_ratio=3.820850
DEBUG visual concept usage [stage1] top 10:
  concept 358: 3899 patches (36.26%)
  concept 251: 1885 patches (17.53%)
  concept 271: 1574 patches (14.64%)
  concept 404: 860 patches (8.00%)
  concept 245: 696 patches (6.47%)
  concept 469: 409 patches (3.80%)
  concept 390: 366 patches (3.40%)
  concept 434: 274 patches (2.55%)
  concept 503: 173 patches (1.61%)
  concept 147: 159 patches (1.48%)
  normalized usage entropy: 0.8189
DEBUG visual concept usage [stage2] top 10:
  concept 66: 2688 patches (100.00%)
  normalized usage entropy: 0.8266
DEBUG visual concept usage [stage3] top 10:
  concept 96: 338 patches (50.30%)
  concept 35: 210 patches (31.25%)
  concept 213: 110 patches (16.37%)
  concept 261: 10 patches (1.49%)
  concept 277: 3 patches (0.45%)
  concept 278: 1 patches (0.15%)
  normalized usage entropy: 0.5495
DEBUG visual concept usage [stage4] top 10:
  concept 296: 30 patches (17.86%)
  concept 53: 29 patches (17.26%)
  concept 38: 24 patches (14.29%)
  concept 121: 22 patches (13.10%)
  concept 82: 13 patches (7.74%)
  concept 91: 12 patches (7.14%)
  concept 78: 9 patches (5.36%)
  concept 23: 7 patches (4.17%)
  concept 441: 7 patches (4.17%)
  concept 319: 6 patches (3.57%)
  normalized usage entropy: 0.5323
DEBUG pred min/max/mean/std: -3.984375 31.5 -3.125 3.0625
DEBUG target min/max/mean/std: 0.0 1.0 0.01062254048883915 0.06610184907913208
DEBUG fixation pixels per sample: [226.0, 145.0]
DEBUG fix_batch min/max/mean/std: 0.0 1.0 0.0008051215554587543 0.028363266959786415
DEBUG losses: {'loss_total': 0.1598076969385147, 'loss_fid': 20.243694305419922, 'loss_patch_fid': 4.041531562805176, 'loss_dense_fid': 3.9476516246795654, 'loss_dense_bce': -0.0, 'loss_dense_kl': 12.254511833190918, 'loss_topk': -0.0, 'loss_delta': -0.0, 'loss_cc': 0.39370644092559814, 'loss_nss': -4.624255180358887, 'loss_sim': 0.5372380018234253, 'loss_concept_dense': 0.0, 'loss_concept_kl': 0.0, 'loss_align': 0.0, 'loss_sparse': 0.0, 'loss_div': 0.0, 'loss_gate': 0.0, 'loss_visual_entropy': 0.5711048245429993, 'loss_visual_equiv': 0.0, 'loss_visual_usage': 0.3181569576263428, 'loss_temporal_attention_entropy': 0.0, 'loss_total_concept': 0.05062313377857208, 'loss_decoder_side_aux': -0.02485012635588646, 'loss_priority_map': 1.143587589263916, 'loss_priority_map_weighted': 0.11435876041650772, 'priority_map_loss': 1.143587589263916, 'weighted_priority_map_loss': 0.11435876041650772, 'loss_priority_map_stage3': 1.1228886842727661, 'loss_priority_map_stage4': 1.1642866134643555, 'loss_side_stage4': 0.005217224359512329, 'loss_side_stage3': -0.012911051511764526, 'loss_side_stage2': -0.06924077868461609, 'loss_side_stage1': -0.06716883182525635}
DEBUG decoder visual FiLM [stage1] | film_gamma=unavailable (pass return_decoder_diagnostics=True)
DEBUG decoder visual FiLM [stage2] | film_gamma=unavailable (pass return_decoder_diagnostics=True)
DEBUG decoder visual FiLM [stage3] | film_gamma mean/std/min/max=0.0625/1.2896/0.0000/59.3681 | prototype_bottleneck_strength=0.4000
DEBUG decoder visual FiLM [stage4] | film_gamma mean/std/min/max=0.0625/1.1587/0.0000/42.2561 | prototype_bottleneck_strength=0.4000
DEBUG factorized comparison [stage3] | query_norm_mean=1.4186 | key_norm_mean=0.9610 | context_mean=0.0001 | context_std=0.1020 | context_min=-0.2209 | context_max=0.3164 | total_candidate_weight=336.0000 | spatial_strength=0.0989 | spatial_freq_entropy=2.7726 | spatial_freq_weight_mean=0.6924 | rank=32
DEBUG factorized comparison [stage4] | query_norm_mean=0.9466 | key_norm_mean=0.9320 | context_mean=0.0000 | context_std=0.0712 | context_min=-0.1574 | context_max=0.2244 | total_candidate_weight=84.0000 | spatial_strength=0.0990 | spatial_freq_entropy=2.7726 | spatial_freq_weight_mean=0.6935 | rank=32
patch-priority map [stage3] | mean=0.062500 | std=1.289628 | min=0.000000 | max=59.368118 | prototype_bottleneck_strength=0.400000 | prototype_to_film_norm_ratio=5.879254
patch-priority map [stage4] | mean=0.062500 | std=1.158710 | min=0.000000 | max=42.256065 | prototype_bottleneck_strength=0.400000 | prototype_to_film_norm_ratio=6.363333
Epoch 24/200
  Mean train loss: 0.302555
  Mean val loss:   0.472452
  Current LR:      4.83e-05
Val metrics   | CC: 0.5189 | SIM: 0.4277 | NSS: 3.0467
  Saved checkpoint: training_outputs/ckpts/20260917_231452/epoch_024.pth

Epoch 25/200
pred_saliency: shape=(2, 1, 224, 384) min=-3.9844 max=24.5000 mean=-2.9811 std=2.9389
sal_batch: shape=(2, 1, 360, 640) min=0.0000 max=1.0000 mean=0.0155 std=0.0811
DEBUG features_shape: {'stage1': (2, 96, 16, 56, 96), 'stage2': (2, 192, 16, 28, 48), 'stage3': (2, 384, 16, 14, 24), 'stage4': (2, 768, 16, 7, 12)}
DEBUG gate: no gate_debug available. This usually means return_concept_losses=False or lambda_gate=0.
DEBUG decoder visual FiLM [stage1] | film_gamma=unavailable (pass return_decoder_diagnostics=True)
DEBUG decoder visual FiLM [stage2] | film_gamma=unavailable (pass return_decoder_diagnostics=True)
DEBUG decoder visual FiLM [stage3] | film_gamma mean/std/min/max=0.0625/0.7229/0.0000/25.3277 | prototype_bottleneck_strength=0.4000
DEBUG decoder visual FiLM [stage4] | film_gamma mean/std/min/max=0.0625/0.7308/0.0000/24.2557 | prototype_bottleneck_strength=0.4000
DEBUG factorized comparison [stage3] | query_norm_mean=1.4092 | key_norm_mean=0.9564 | context_mean=0.0001 | context_std=0.1029 | context_min=-0.2194 | context_max=0.2746 | total_candidate_weight=336.0000 | spatial_strength=0.0989 | spatial_freq_entropy=2.7726 | spatial_freq_weight_mean=0.6924 | rank=32
DEBUG factorized comparison [stage4] | query_norm_mean=0.9476 | key_norm_mean=0.9333 | context_mean=-0.0000 | context_std=0.0716 | context_min=-0.1574 | context_max=0.1943 | total_candidate_weight=84.0000 | spatial_strength=0.0990 | spatial_freq_entropy=2.7726 | spatial_freq_weight_mean=0.6935 | rank=32
patch-priority map [stage3] | mean=0.062500 | std=0.722882 | min=0.000000 | max=25.327705 | prototype_bottleneck_strength=0.400000 | prototype_to_film_norm_ratio=2.825876
patch-priority map [stage4] | mean=0.062500 | std=0.730848 | min=0.000000 | max=24.255739 | prototype_bottleneck_strength=0.400000 | prototype_to_film_norm_ratio=2.823609
DEBUG visual concept usage [stage1] top 10:
  concept 358: 2054 patches (19.10%)
  concept 251: 1676 patches (15.59%)
  concept 271: 1479 patches (13.76%)
  concept 245: 1067 patches (9.92%)
  concept 404: 605 patches (5.63%)
  concept 469: 561 patches (5.22%)
  concept 434: 473 patches (4.40%)
  concept 390: 429 patches (3.99%)
  concept 267: 419 patches (3.90%)
  concept 147: 343 patches (3.19%)
  normalized usage entropy: 0.8322
DEBUG visual concept usage [stage2] top 10:
  concept 66: 2688 patches (100.00%)
  normalized usage entropy: 0.8266
DEBUG visual concept usage [stage3] top 10:
  concept 35: 272 patches (40.48%)
  concept 96: 171 patches (25.45%)
  concept 213: 137 patches (20.39%)
  concept 278: 70 patches (10.42%)
  concept 261: 8 patches (1.19%)
  concept 206: 7 patches (1.04%)
  concept 277: 5 patches (0.74%)
  concept 401: 2 patches (0.30%)
  normalized usage entropy: 0.5611
DEBUG visual concept usage [stage4] top 10:
  concept 296: 46 patches (27.38%)
  concept 78: 22 patches (13.10%)
  concept 23: 20 patches (11.90%)
  concept 82: 19 patches (11.31%)
  concept 53: 18 patches (10.71%)
  concept 91: 17 patches (10.12%)
  concept 441: 12 patches (7.14%)
  concept 184: 7 patches (4.17%)
  concept 38: 3 patches (1.79%)
  concept 319: 2 patches (1.19%)
  normalized usage entropy: 0.5152
DEBUG pred min/max/mean/std: -3.984375 24.5 -2.984375 2.9375
DEBUG target min/max/mean/std: 0.0 1.0 0.015490716323256493 0.0811406597495079
DEBUG fixation pixels per sample: [151.0, 187.0]
DEBUG fix_batch min/max/mean/std: 0.0 1.0 0.0007335069822147489 0.02707342617213726
DEBUG losses: {'loss_total': 0.8373038172721863, 'loss_fid': 23.858671188354492, 'loss_patch_fid': 4.076831817626953, 'loss_dense_fid': 3.8725578784942627, 'loss_dense_bce': -0.0, 'loss_dense_kl': 15.909281730651855, 'loss_topk': -0.0, 'loss_delta': -0.0, 'loss_cc': 0.5721114873886108, 'loss_nss': -2.1921606063842773, 'loss_sim': 0.6196762323379517, 'loss_concept_dense': 0.0, 'loss_concept_kl': 0.0, 'loss_align': 0.0, 'loss_sparse': 0.0, 'loss_div': 0.0, 'loss_gate': 0.0, 'loss_visual_entropy': 0.5671734809875488, 'loss_visual_equiv': 0.0, 'loss_visual_usage': 0.3162000775337219, 'loss_temporal_attention_entropy': 0.0, 'loss_total_concept': 0.05053289234638214, 'loss_decoder_side_aux': 0.17461340129375458, 'loss_priority_map': 1.62838613986969, 'loss_priority_map_weighted': 0.1628386229276657, 'priority_map_loss': 1.62838613986969, 'weighted_priority_map_loss': 0.1628386229276657, 'loss_priority_map_stage3': 1.5302739143371582, 'loss_priority_map_stage4': 1.7264983654022217, 'loss_side_stage4': 0.37640810012817383, 'loss_side_stage3': 0.31395554542541504, 'loss_side_stage2': 0.35815203189849854, 'loss_side_stage1': 0.3533731698989868}
DEBUG decoder visual FiLM [stage1] | film_gamma=unavailable (pass return_decoder_diagnostics=True)
DEBUG decoder visual FiLM [stage2] | film_gamma=unavailable (pass return_decoder_diagnostics=True)
DEBUG decoder visual FiLM [stage3] | film_gamma mean/std/min/max=0.0625/1.0123/0.0000/42.3129 | prototype_bottleneck_strength=0.4000
DEBUG decoder visual FiLM [stage4] | film_gamma mean/std/min/max=0.0625/0.9916/0.0000/31.4088 | prototype_bottleneck_strength=0.4000
DEBUG factorized comparison [stage3] | query_norm_mean=1.3917 | key_norm_mean=0.9741 | context_mean=0.0000 | context_std=0.1044 | context_min=-0.2284 | context_max=0.2910 | total_candidate_weight=336.0000 | spatial_strength=0.0990 | spatial_freq_entropy=2.7726 | spatial_freq_weight_mean=0.6925 | rank=32
DEBUG factorized comparison [stage4] | query_norm_mean=0.9618 | key_norm_mean=0.9360 | context_mean=0.0001 | context_std=0.0761 | context_min=-0.1611 | context_max=0.2199 | total_candidate_weight=84.0000 | spatial_strength=0.0990 | spatial_freq_entropy=2.7726 | spatial_freq_weight_mean=0.6936 | rank=32
patch-priority map [stage3] | mean=0.062500 | std=1.012283 | min=0.000000 | max=42.312859 | prototype_bottleneck_strength=0.400000 | prototype_to_film_norm_ratio=4.003135
patch-priority map [stage4] | mean=0.062500 | std=0.991584 | min=0.000000 | max=31.408808 | prototype_bottleneck_strength=0.400000 | prototype_to_film_norm_ratio=5.154956
Epoch 25/200
  Mean train loss: 0.321049
  Mean val loss:   0.472941
  Current LR:      4.81e-05
Val metrics   | CC: 0.5185 | SIM: 0.4221 | NSS: 3.0312
  Saved checkpoint: training_outputs/ckpts/20260917_231452/epoch_025.pth

Epoch 26/200
pred_saliency: shape=(2, 1, 224, 384) min=-3.9844 max=25.7500 mean=-2.9939 std=3.1604
sal_batch: shape=(2, 1, 360, 640) min=0.0000 max=1.0000 mean=0.0179 std=0.0824
DEBUG features_shape: {'stage1': (2, 96, 16, 56, 96), 'stage2': (2, 192, 16, 28, 48), 'stage3': (2, 384, 16, 14, 24), 'stage4': (2, 768, 16, 7, 12)}
DEBUG gate: no gate_debug available. This usually means return_concept_losses=False or lambda_gate=0.
DEBUG decoder visual FiLM [stage1] | film_gamma=unavailable (pass return_decoder_diagnostics=True)
DEBUG decoder visual FiLM [stage2] | film_gamma=unavailable (pass return_decoder_diagnostics=True)
DEBUG decoder visual FiLM [stage3] | film_gamma mean/std/min/max=0.0625/0.7655/0.0000/35.0470 | prototype_bottleneck_strength=0.4000
DEBUG decoder visual FiLM [stage4] | film_gamma mean/std/min/max=0.0625/0.7814/0.0000/19.3429 | prototype_bottleneck_strength=0.4000
DEBUG factorized comparison [stage3] | query_norm_mean=1.3775 | key_norm_mean=0.9615 | context_mean=0.0000 | context_std=0.1011 | context_min=-0.2284 | context_max=0.2806 | total_candidate_weight=336.0000 | spatial_strength=0.0990 | spatial_freq_entropy=2.7726 | spatial_freq_weight_mean=0.6925 | rank=32
DEBUG factorized comparison [stage4] | query_norm_mean=0.9512 | key_norm_mean=0.9497 | context_mean=0.0001 | context_std=0.0785 | context_min=-0.1642 | context_max=0.1852 | total_candidate_weight=84.0000 | spatial_strength=0.0990 | spatial_freq_entropy=2.7726 | spatial_freq_weight_mean=0.6936 | rank=32
patch-priority map [stage3] | mean=0.062500 | std=0.765501 | min=0.000000 | max=35.046993 | prototype_bottleneck_strength=0.400000 | prototype_to_film_norm_ratio=2.821215
patch-priority map [stage4] | mean=0.062500 | std=0.781444 | min=0.000000 | max=19.342920 | prototype_bottleneck_strength=0.400000 | prototype_to_film_norm_ratio=3.524896
DEBUG visual concept usage [stage1] top 10:
  concept 245: 1782 patches (16.57%)
  concept 453: 1399 patches (13.01%)
  concept 404: 1273 patches (11.84%)
  concept 358: 1179 patches (10.97%)
  concept 390: 872 patches (8.11%)
  concept 271: 812 patches (7.55%)
  concept 251: 735 patches (6.84%)
  concept 469: 568 patches (5.28%)
  concept 14: 320 patches (2.98%)
  concept 97: 258 patches (2.40%)
  normalized usage entropy: 0.8229
DEBUG visual concept usage [stage2] top 10:
  concept 66: 2688 patches (100.00%)
  normalized usage entropy: 0.8266
DEBUG visual concept usage [stage3] top 10:
  concept 35: 292 patches (43.45%)
  concept 96: 240 patches (35.71%)
  concept 213: 100 patches (14.88%)
  concept 278: 33 patches (4.91%)
  concept 261: 4 patches (0.60%)
  concept 206: 2 patches (0.30%)
  concept 277: 1 patches (0.15%)
  normalized usage entropy: 0.5567
DEBUG visual concept usage [stage4] top 10:
  concept 296: 49 patches (29.17%)
  concept 91: 24 patches (14.29%)
  concept 184: 23 patches (13.69%)
  concept 53: 22 patches (13.10%)
  concept 23: 13 patches (7.74%)
  concept 78: 12 patches (7.14%)
  concept 121: 9 patches (5.36%)
  concept 82: 6 patches (3.57%)
  concept 124: 4 patches (2.38%)
  concept 441: 3 patches (1.79%)
  normalized usage entropy: 0.4959
DEBUG pred min/max/mean/std: -3.984375 25.75 -3.0 3.15625
DEBUG target min/max/mean/std: 0.0 1.0 0.017873570322990417 0.08236486464738846
DEBUG fixation pixels per sample: [244.0, 124.0]
DEBUG fix_batch min/max/mean/std: 0.0 1.0 0.0007986111450009048 0.02824845165014267
DEBUG losses: {'loss_total': 0.37291568517684937, 'loss_fid': 18.733905792236328, 'loss_patch_fid': 4.046261310577393, 'loss_dense_fid': 3.9471328258514404, 'loss_dense_bce': -0.0, 'loss_dense_kl': 10.74051284790039, 'loss_topk': -0.0, 'loss_delta': -0.0, 'loss_cc': 0.36722779273986816, 'loss_nss': -3.1296310424804688, 'loss_sim': 0.5206888914108276, 'loss_concept_dense': 0.0, 'loss_concept_kl': 0.0, 'loss_align': 0.0, 'loss_sparse': 0.0, 'loss_div': 0.0, 'loss_gate': 0.0, 'loss_visual_entropy': 0.5618283748626709, 'loss_visual_equiv': 0.0, 'loss_visual_usage': 0.32446759939193726, 'loss_temporal_attention_entropy': 0.0, 'loss_total_concept': 0.049489058554172516, 'loss_decoder_side_aux': 0.03093755431473255, 'loss_priority_map': 1.508995771408081, 'loss_priority_map_weighted': 0.15089957416057587, 'priority_map_loss': 1.508995771408081, 'weighted_priority_map_loss': 0.15089957416057587, 'loss_priority_map_stage3': 1.5507506132125854, 'loss_priority_map_stage4': 1.4672409296035767, 'loss_side_stage4': 0.15075427293777466, 'loss_side_stage3': 0.05024373531341553, 'loss_side_stage2': 0.04803231358528137, 'loss_side_stage1': 0.05585309863090515}
DEBUG decoder visual FiLM [stage1] | film_gamma=unavailable (pass return_decoder_diagnostics=True)
DEBUG decoder visual FiLM [stage2] | film_gamma=unavailable (pass return_decoder_diagnostics=True)
DEBUG decoder visual FiLM [stage3] | film_gamma mean/std/min/max=0.0625/1.1783/0.0000/52.6864 | prototype_bottleneck_strength=0.4000
DEBUG decoder visual FiLM [stage4] | film_gamma mean/std/min/max=0.0625/1.1298/0.0000/43.1067 | prototype_bottleneck_strength=0.4000
DEBUG factorized comparison [stage3] | query_norm_mean=1.3733 | key_norm_mean=0.9571 | context_mean=0.0001 | context_std=0.1012 | context_min=-0.2194 | context_max=0.3075 | total_candidate_weight=336.0000 | spatial_strength=0.0990 | spatial_freq_entropy=2.7726 | spatial_freq_weight_mean=0.6925 | rank=32
DEBUG factorized comparison [stage4] | query_norm_mean=0.9589 | key_norm_mean=0.9622 | context_mean=0.0000 | context_std=0.0766 | context_min=-0.1672 | context_max=0.2395 | total_candidate_weight=84.0000 | spatial_strength=0.0990 | spatial_freq_entropy=2.7726 | spatial_freq_weight_mean=0.6936 | rank=32
patch-priority map [stage3] | mean=0.062500 | std=1.178271 | min=0.000000 | max=52.686432 | prototype_bottleneck_strength=0.400000 | prototype_to_film_norm_ratio=4.100344
patch-priority map [stage4] | mean=0.062500 | std=1.129778 | min=0.000000 | max=43.106739 | prototype_bottleneck_strength=0.400000 | prototype_to_film_norm_ratio=5.690105
Epoch 26/200
  Mean train loss: 0.300892
  Mean val loss:   0.457899
  Current LR:      4.80e-05
Val metrics   | CC: 0.5265 | SIM: 0.4291 | NSS: 3.0814
  Saved checkpoint: training_outputs/ckpts/20260917_231452/epoch_026.pth

Epoch 27/200
pred_saliency: shape=(2, 1, 224, 384) min=-3.9844 max=38.5000 mean=-3.2490 std=3.3791
sal_batch: shape=(2, 1, 360, 640) min=0.0000 max=1.0000 mean=0.0190 std=0.0886
DEBUG features_shape: {'stage1': (2, 96, 16, 56, 96), 'stage2': (2, 192, 16, 28, 48), 'stage3': (2, 384, 16, 14, 24), 'stage4': (2, 768, 16, 7, 12)}
DEBUG gate: no gate_debug available. This usually means return_concept_losses=False or lambda_gate=0.
DEBUG decoder visual FiLM [stage1] | film_gamma=unavailable (pass return_decoder_diagnostics=True)
DEBUG decoder visual FiLM [stage2] | film_gamma=unavailable (pass return_decoder_diagnostics=True)
DEBUG decoder visual FiLM [stage3] | film_gamma mean/std/min/max=0.0625/0.9158/0.0000/35.3576 | prototype_bottleneck_strength=0.4000
DEBUG decoder visual FiLM [stage4] | film_gamma mean/std/min/max=0.0625/0.9348/0.0000/26.6246 | prototype_bottleneck_strength=0.4000
DEBUG factorized comparison [stage3] | query_norm_mean=1.3703 | key_norm_mean=0.9607 | context_mean=0.0000 | context_std=0.1011 | context_min=-0.2209 | context_max=0.2896 | total_candidate_weight=336.0000 | spatial_strength=0.0990 | spatial_freq_entropy=2.7726 | spatial_freq_weight_mean=0.6925 | rank=32
DEBUG factorized comparison [stage4] | query_norm_mean=0.9651 | key_norm_mean=0.9545 | context_mean=-0.0000 | context_std=0.0747 | context_min=-0.1747 | context_max=0.1943 | total_candidate_weight=84.0000 | spatial_strength=0.0990 | spatial_freq_entropy=2.7726 | spatial_freq_weight_mean=0.6936 | rank=32
patch-priority map [stage3] | mean=0.062500 | std=0.915766 | min=0.000000 | max=35.357639 | prototype_bottleneck_strength=0.400000 | prototype_to_film_norm_ratio=3.579518
patch-priority map [stage4] | mean=0.062500 | std=0.934845 | min=0.000000 | max=26.624575 | prototype_bottleneck_strength=0.400000 | prototype_to_film_norm_ratio=3.953432
DEBUG visual concept usage [stage1] top 10:
  concept 358: 3518 patches (32.72%)
  concept 251: 937 patches (8.71%)
  concept 453: 913 patches (8.49%)
  concept 271: 682 patches (6.34%)
  concept 390: 556 patches (5.17%)
  concept 404: 505 patches (4.70%)
  concept 249: 447 patches (4.16%)
  concept 245: 414 patches (3.85%)
  concept 434: 329 patches (3.06%)
  concept 14: 308 patches (2.86%)
  normalized usage entropy: 0.8261
DEBUG visual concept usage [stage2] top 10:
  concept 66: 2688 patches (100.00%)
  normalized usage entropy: 0.8267
DEBUG visual concept usage [stage3] top 10:
  concept 35: 231 patches (34.38%)
  concept 96: 225 patches (33.48%)
  concept 213: 95 patches (14.14%)
  concept 278: 70 patches (10.42%)
  concept 206: 27 patches (4.02%)
  concept 261: 24 patches (3.57%)
  normalized usage entropy: 0.5604
DEBUG visual concept usage [stage4] top 10:
  concept 296: 31 patches (18.45%)
  concept 53: 23 patches (13.69%)
  concept 124: 22 patches (13.10%)
  concept 91: 20 patches (11.90%)
  concept 184: 19 patches (11.31%)
  concept 23: 13 patches (7.74%)
  concept 78: 12 patches (7.14%)
  concept 121: 12 patches (7.14%)
  concept 38: 11 patches (6.55%)
  concept 152: 2 patches (1.19%)
  normalized usage entropy: 0.5148
DEBUG pred min/max/mean/std: -3.984375 38.5 -3.25 3.375
DEBUG target min/max/mean/std: 0.0 1.0 0.018982743844389915 0.0886022076010704
DEBUG fixation pixels per sample: [128.0, 116.0]
DEBUG fix_batch min/max/mean/std: 0.0 1.0 0.0005295139271765947 0.023005099967122078
DEBUG losses: {'loss_total': 0.3067944347858429, 'loss_fid': 30.291894912719727, 'loss_patch_fid': 4.034282207489014, 'loss_dense_fid': 4.098010063171387, 'loss_dense_bce': -0.0, 'loss_dense_kl': 22.159603118896484, 'loss_topk': -0.0, 'loss_delta': -0.0, 'loss_cc': 0.3964230418205261, 'loss_nss': -3.554109811782837, 'loss_sim': 0.5062397718429565, 'loss_concept_dense': 0.0, 'loss_concept_kl': 0.0, 'loss_align': 0.0, 'loss_sparse': 0.0, 'loss_div': 0.0, 'loss_gate': 0.0, 'loss_visual_entropy': 0.560499370098114, 'loss_visual_equiv': 0.0, 'loss_visual_usage': 0.31799203157424927, 'loss_temporal_attention_entropy': 0.0, 'loss_total_concept': 0.04988253116607666, 'loss_decoder_side_aux': 0.026214376091957092, 'loss_priority_map': 1.044597864151001, 'loss_priority_map_weighted': 0.10445978492498398, 'priority_map_loss': 1.044597864151001, 'weighted_priority_map_loss': 0.10445978492498398, 'loss_priority_map_stage3': 0.963909387588501, 'loss_priority_map_stage4': 1.125286340713501, 'loss_side_stage4': 0.12157106399536133, 'loss_side_stage3': 0.05012926459312439, 'loss_side_stage2': 0.049926310777664185, 'loss_side_stage1': 0.0381697416305542}
DEBUG decoder visual FiLM [stage1] | film_gamma=unavailable (pass return_decoder_diagnostics=True)
DEBUG decoder visual FiLM [stage2] | film_gamma=unavailable (pass return_decoder_diagnostics=True)
DEBUG decoder visual FiLM [stage3] | film_gamma mean/std/min/max=0.0625/1.0669/0.0000/40.7329 | prototype_bottleneck_strength=0.4000
DEBUG decoder visual FiLM [stage4] | film_gamma mean/std/min/max=0.0625/1.2160/0.0000/44.8936 | prototype_bottleneck_strength=0.4000
DEBUG factorized comparison [stage3] | query_norm_mean=1.2812 | key_norm_mean=0.9202 | context_mean=0.0000 | context_std=0.0943 | context_min=-0.2075 | context_max=0.2806 | total_candidate_weight=336.0000 | spatial_strength=0.0990 | spatial_freq_entropy=2.7726 | spatial_freq_weight_mean=0.6925 | rank=32
DEBUG factorized comparison [stage4] | query_norm_mean=0.9746 | key_norm_mean=0.9431 | context_mean=-0.0000 | context_std=0.0763 | context_min=-0.1664 | context_max=0.2440 | total_candidate_weight=84.0000 | spatial_strength=0.0990 | spatial_freq_entropy=2.7726 | spatial_freq_weight_mean=0.6937 | rank=32
patch-priority map [stage3] | mean=0.062500 | std=1.066948 | min=0.000000 | max=40.732925 | prototype_bottleneck_strength=0.400000 | prototype_to_film_norm_ratio=4.110251
patch-priority map [stage4] | mean=0.062500 | std=1.216034 | min=0.000000 | max=44.893627 | prototype_bottleneck_strength=0.400000 | prototype_to_film_norm_ratio=5.434037
Epoch 27/200
  Mean train loss: 0.290813
  Mean val loss:   0.453702
  Current LR:      4.78e-05
Val metrics   | CC: 0.5277 | SIM: 0.4291 | NSS: 3.0906
  Saved checkpoint: training_outputs/ckpts/20260917_231452/epoch_027.pth
  New best val loss: 0.453702 (saved training_outputs/ckpts/20260917_231452/best_checkpoint.pth)

Epoch 28/200
pred_saliency: shape=(2, 1, 224, 384) min=-3.9844 max=34.0000 mean=-2.8428 std=3.1972
sal_batch: shape=(2, 1, 360, 640) min=0.0000 max=1.0000 mean=0.0197 std=0.0831
DEBUG features_shape: {'stage1': (2, 96, 16, 56, 96), 'stage2': (2, 192, 16, 28, 48), 'stage3': (2, 384, 16, 14, 24), 'stage4': (2, 768, 16, 7, 12)}
DEBUG gate: no gate_debug available. This usually means return_concept_losses=False or lambda_gate=0.
DEBUG decoder visual FiLM [stage1] | film_gamma=unavailable (pass return_decoder_diagnostics=True)
DEBUG decoder visual FiLM [stage2] | film_gamma=unavailable (pass return_decoder_diagnostics=True)
DEBUG decoder visual FiLM [stage3] | film_gamma mean/std/min/max=0.0625/0.4859/0.0000/13.9061 | prototype_bottleneck_strength=0.4000
DEBUG decoder visual FiLM [stage4] | film_gamma mean/std/min/max=0.0625/0.5181/0.0000/11.9953 | prototype_bottleneck_strength=0.4000
DEBUG factorized comparison [stage3] | query_norm_mean=1.2817 | key_norm_mean=0.9192 | context_mean=0.0000 | context_std=0.0880 | context_min=-0.2045 | context_max=0.2209 | total_candidate_weight=336.0000 | spatial_strength=0.0990 | spatial_freq_entropy=2.7726 | spatial_freq_weight_mean=0.6925 | rank=32
DEBUG factorized comparison [stage4] | query_norm_mean=0.9694 | key_norm_mean=0.9364 | context_mean=0.0000 | context_std=0.0696 | context_min=-0.1664 | context_max=0.1355 | total_candidate_weight=84.0000 | spatial_strength=0.0990 | spatial_freq_entropy=2.7726 | spatial_freq_weight_mean=0.6937 | rank=32
patch-priority map [stage3] | mean=0.062500 | std=0.485949 | min=0.000000 | max=13.906132 | prototype_bottleneck_strength=0.400000 | prototype_to_film_norm_ratio=1.718730
patch-priority map [stage4] | mean=0.062500 | std=0.518087 | min=0.000000 | max=11.995327 | prototype_bottleneck_strength=0.400000 | prototype_to_film_norm_ratio=1.912083
DEBUG visual concept usage [stage1] top 10:
  concept 251: 1589 patches (14.78%)
  concept 358: 1422 patches (13.23%)
  concept 97: 550 patches (5.12%)
  concept 147: 540 patches (5.02%)
  concept 503: 524 patches (4.87%)
  concept 340: 503 patches (4.68%)
  concept 434: 489 patches (4.55%)
  concept 120: 487 patches (4.53%)
  concept 390: 477 patches (4.44%)
  concept 453: 472 patches (4.39%)
  normalized usage entropy: 0.8156
DEBUG visual concept usage [stage2] top 10:
  concept 66: 2688 patches (100.00%)
  normalized usage entropy: 0.8269
DEBUG visual concept usage [stage3] top 10:
  concept 96: 353 patches (52.53%)
  concept 35: 181 patches (26.93%)
  concept 278: 68 patches (10.12%)
  concept 213: 54 patches (8.04%)
  concept 206: 15 patches (2.23%)
  concept 277: 1 patches (0.15%)
  normalized usage entropy: 0.5465
DEBUG visual concept usage [stage4] top 10:
  concept 38: 51 patches (30.36%)
  concept 184: 26 patches (15.48%)
  concept 296: 25 patches (14.88%)
  concept 53: 19 patches (11.31%)
  concept 121: 12 patches (7.14%)
  concept 91: 11 patches (6.55%)
  concept 78: 9 patches (5.36%)
  concept 124: 8 patches (4.76%)
  concept 82: 4 patches (2.38%)
  concept 441: 2 patches (1.19%)
  normalized usage entropy: 0.5230
DEBUG pred min/max/mean/std: -3.984375 34.0 -2.84375 3.203125
DEBUG target min/max/mean/std: 0.0 1.0 0.019725728780031204 0.0831185132265091
DEBUG fixation pixels per sample: [197.0, 189.0]
DEBUG fix_batch min/max/mean/std: 0.0 1.0 0.0008376736077480018 0.02893049828708172
DEBUG losses: {'loss_total': 0.5788385272026062, 'loss_fid': 22.258697509765625, 'loss_patch_fid': 4.18605899810791, 'loss_dense_fid': 3.7689130306243896, 'loss_dense_bce': -0.0, 'loss_dense_kl': 14.30372428894043, 'loss_topk': -0.0, 'loss_delta': -0.0, 'loss_cc': 0.4190784692764282, 'loss_nss': -2.493129253387451, 'loss_sim': 0.5421309471130371, 'loss_concept_dense': 0.0, 'loss_concept_kl': 0.0, 'loss_align': 0.0, 'loss_sparse': 0.0, 'loss_div': 0.0, 'loss_gate': 0.0, 'loss_visual_entropy': 0.5571949481964111, 'loss_visual_equiv': 0.0, 'loss_visual_usage': 0.3219836354255676, 'loss_temporal_attention_entropy': 0.0, 'loss_total_concept': 0.05033203959465027, 'loss_decoder_side_aux': 0.09093736112117767, 'loss_priority_map': 1.7860610485076904, 'loss_priority_map_weighted': 0.17860610783100128, 'priority_map_loss': 1.7860610485076904, 'weighted_priority_map_loss': 0.17860610783100128, 'loss_priority_map_stage3': 1.748365044593811, 'loss_priority_map_stage4': 1.8237569332122803, 'loss_side_stage4': 0.21169060468673706, 'loss_side_stage3': 0.20385542511940002, 'loss_side_stage2': 0.17431065440177917, 'loss_side_stage1': 0.16910342872142792}
DEBUG decoder visual FiLM [stage1] | film_gamma=unavailable (pass return_decoder_diagnostics=True)
DEBUG decoder visual FiLM [stage2] | film_gamma=unavailable (pass return_decoder_diagnostics=True)
DEBUG decoder visual FiLM [stage3] | film_gamma mean/std/min/max=0.0625/1.2396/0.0000/52.9754 | prototype_bottleneck_strength=0.4000
DEBUG decoder visual FiLM [stage4] | film_gamma mean/std/min/max=0.0625/1.1818/0.0000/37.9962 | prototype_bottleneck_strength=0.4000
DEBUG factorized comparison [stage3] | query_norm_mean=1.3174 | key_norm_mean=0.9202 | context_mean=0.0001 | context_std=0.0976 | context_min=-0.2119 | context_max=0.3000 | total_candidate_weight=336.0000 | spatial_strength=0.0990 | spatial_freq_entropy=2.7726 | spatial_freq_weight_mean=0.6925 | rank=32
DEBUG factorized comparison [stage4] | query_norm_mean=0.9373 | key_norm_mean=0.9227 | context_mean=-0.0001 | context_std=0.0739 | context_min=-0.1536 | context_max=0.2304 | total_candidate_weight=84.0000 | spatial_strength=0.0990 | spatial_freq_entropy=2.7726 | spatial_freq_weight_mean=0.6938 | rank=32
patch-priority map [stage3] | mean=0.062500 | std=1.239641 | min=0.000000 | max=52.975410 | prototype_bottleneck_strength=0.400000 | prototype_to_film_norm_ratio=5.896766
patch-priority map [stage4] | mean=0.062500 | std=1.181758 | min=0.000000 | max=37.996178 | prototype_bottleneck_strength=0.400000 | prototype_to_film_norm_ratio=5.778057
Epoch 28/200
  Mean train loss: 0.292594
  Mean val loss:   0.471666
  Current LR:      4.77e-05
Val metrics   | CC: 0.5191 | SIM: 0.4259 | NSS: 3.0249
  Saved checkpoint: training_outputs/ckpts/20260917_231452/epoch_028.pth

Epoch 29/200
pred_saliency: shape=(2, 1, 224, 384) min=-3.9844 max=24.3750 mean=-2.8739 std=3.2409
sal_batch: shape=(2, 1, 360, 640) min=0.0000 max=1.0000 mean=0.0209 std=0.0893
DEBUG features_shape: {'stage1': (2, 96, 16, 56, 96), 'stage2': (2, 192, 16, 28, 48), 'stage3': (2, 384, 16, 14, 24), 'stage4': (2, 768, 16, 7, 12)}
DEBUG gate: no gate_debug available. This usually means return_concept_losses=False or lambda_gate=0.
DEBUG decoder visual FiLM [stage1] | film_gamma=unavailable (pass return_decoder_diagnostics=True)
DEBUG decoder visual FiLM [stage2] | film_gamma=unavailable (pass return_decoder_diagnostics=True)
DEBUG decoder visual FiLM [stage3] | film_gamma mean/std/min/max=0.0625/0.6749/0.0000/21.8049 | prototype_bottleneck_strength=0.4000
DEBUG decoder visual FiLM [stage4] | film_gamma mean/std/min/max=0.0625/0.6767/0.0000/16.6364 | prototype_bottleneck_strength=0.4000
DEBUG factorized comparison [stage3] | query_norm_mean=1.3095 | key_norm_mean=0.9137 | context_mean=0.0001 | context_std=0.0941 | context_min=-0.2134 | context_max=0.2403 | total_candidate_weight=336.0000 | spatial_strength=0.0990 | spatial_freq_entropy=2.7726 | spatial_freq_weight_mean=0.6925 | rank=32
DEBUG factorized comparison [stage4] | query_norm_mean=0.9386 | key_norm_mean=0.9216 | context_mean=0.0001 | context_std=0.0749 | context_min=-0.1596 | context_max=0.1830 | total_candidate_weight=84.0000 | spatial_strength=0.0990 | spatial_freq_entropy=2.7726 | spatial_freq_weight_mean=0.6938 | rank=32
patch-priority map [stage3] | mean=0.062500 | std=0.674874 | min=0.000000 | max=21.804924 | prototype_bottleneck_strength=0.400000 | prototype_to_film_norm_ratio=2.781420
patch-priority map [stage4] | mean=0.062500 | std=0.676709 | min=0.000000 | max=16.636362 | prototype_bottleneck_strength=0.400000 | prototype_to_film_norm_ratio=2.196730
DEBUG visual concept usage [stage1] top 10:
  concept 358: 4480 patches (41.67%)
  concept 249: 930 patches (8.65%)
  concept 453: 788 patches (7.33%)
  concept 251: 756 patches (7.03%)
  concept 245: 402 patches (3.74%)
  concept 14: 384 patches (3.57%)
  concept 390: 294 patches (2.73%)
  concept 148: 263 patches (2.45%)
  concept 256: 259 patches (2.41%)
  concept 503: 257 patches (2.39%)
  normalized usage entropy: 0.8143
DEBUG visual concept usage [stage2] top 10:
  concept 66: 2688 patches (100.00%)
  normalized usage entropy: 0.8272
DEBUG visual concept usage [stage3] top 10:
  concept 35: 319 patches (47.47%)
  concept 96: 161 patches (23.96%)
  concept 278: 88 patches (13.10%)
  concept 213: 60 patches (8.93%)
  concept 206: 43 patches (6.40%)
  concept 261: 1 patches (0.15%)
  normalized usage entropy: 0.5709
DEBUG visual concept usage [stage4] top 10:
  concept 78: 44 patches (26.19%)
  concept 184: 28 patches (16.67%)
  concept 296: 20 patches (11.90%)
  concept 38: 17 patches (10.12%)
  concept 91: 13 patches (7.74%)
  concept 121: 12 patches (7.14%)
  concept 124: 12 patches (7.14%)
  concept 53: 11 patches (6.55%)
  concept 23: 7 patches (4.17%)
  concept 441: 2 patches (1.19%)
  normalized usage entropy: 0.5101
DEBUG pred min/max/mean/std: -3.984375 24.375 -2.875 3.234375
DEBUG target min/max/mean/std: 0.0 1.0 0.020861878991127014 0.08933143317699432
DEBUG fixation pixels per sample: [192.0, 179.0]
DEBUG fix_batch min/max/mean/std: 0.0 1.0 0.0008051215554587543 0.028363270685076714
DEBUG losses: {'loss_total': 0.4523054361343384, 'loss_fid': 20.029308319091797, 'loss_patch_fid': 4.212026596069336, 'loss_dense_fid': 3.912264108657837, 'loss_dense_bce': -0.0, 'loss_dense_kl': 11.905017852783203, 'loss_topk': -0.0, 'loss_delta': -0.0, 'loss_cc': 0.3917127847671509, 'loss_nss': -2.603827476501465, 'loss_sim': 0.5101916790008545, 'loss_concept_dense': 0.0, 'loss_concept_kl': 0.0, 'loss_align': 0.0, 'loss_sparse': 0.0, 'loss_div': 0.0, 'loss_gate': 0.0, 'loss_visual_entropy': 0.5612398386001587, 'loss_visual_equiv': 0.0, 'loss_visual_usage': 0.31935977935791016, 'loss_temporal_attention_entropy': 0.0, 'loss_total_concept': 0.048925988376140594, 'loss_decoder_side_aux': 0.06401897966861725, 'loss_priority_map': 1.2226910591125488, 'loss_priority_map_weighted': 0.12226910889148712, 'priority_map_loss': 1.2226910591125488, 'weighted_priority_map_loss': 0.12226910889148712, 'loss_priority_map_stage3': 1.2125091552734375, 'loss_priority_map_stage4': 1.2328730821609497, 'loss_side_stage4': 0.1752907931804657, 'loss_side_stage3': 0.11082708835601807, 'loss_side_stage2': 0.12421056628227234, 'loss_side_stage1': 0.12770071625709534}
DEBUG decoder visual FiLM [stage1] | film_gamma=unavailable (pass return_decoder_diagnostics=True)
DEBUG decoder visual FiLM [stage2] | film_gamma=unavailable (pass return_decoder_diagnostics=True)
DEBUG decoder visual FiLM [stage3] | film_gamma mean/std/min/max=0.0625/1.0894/0.0000/45.2262 | prototype_bottleneck_strength=0.4000
DEBUG decoder visual FiLM [stage4] | film_gamma mean/std/min/max=0.0625/1.1934/0.0000/40.6156 | prototype_bottleneck_strength=0.4000
DEBUG factorized comparison [stage3] | query_norm_mean=1.2604 | key_norm_mean=0.9114 | context_mean=0.0000 | context_std=0.0931 | context_min=-0.2000 | context_max=0.2716 | total_candidate_weight=336.0000 | spatial_strength=0.0990 | spatial_freq_entropy=2.7726 | spatial_freq_weight_mean=0.6926 | rank=32
DEBUG factorized comparison [stage4] | query_norm_mean=0.9100 | key_norm_mean=0.9040 | context_mean=-0.0000 | context_std=0.0692 | context_min=-0.1468 | context_max=0.2199 | total_candidate_weight=84.0000 | spatial_strength=0.0991 | spatial_freq_entropy=2.7726 | spatial_freq_weight_mean=0.6939 | rank=32
patch-priority map [stage3] | mean=0.062500 | std=1.089371 | min=0.000000 | max=45.226242 | prototype_bottleneck_strength=0.400000 | prototype_to_film_norm_ratio=4.989270
patch-priority map [stage4] | mean=0.062500 | std=1.193380 | min=0.000000 | max=40.615593 | prototype_bottleneck_strength=0.400000 | prototype_to_film_norm_ratio=5.421592
Epoch 29/200
  Mean train loss: 0.317831
  Mean val loss:   0.458877
  Current LR:      4.75e-05
Val metrics   | CC: 0.5250 | SIM: 0.4219 | NSS: 3.0678
  Saved checkpoint: training_outputs/ckpts/20260917_231452/epoch_029.pth

Epoch 30/200
pred_saliency: shape=(2, 1, 224, 384) min=-3.9844 max=26.8750 mean=-2.9461 std=3.3285
sal_batch: shape=(2, 1, 360, 640) min=0.0000 max=1.0000 mean=0.0122 std=0.0684
DEBUG features_shape: {'stage1': (2, 96, 16, 56, 96), 'stage2': (2, 192, 16, 28, 48), 'stage3': (2, 384, 16, 14, 24), 'stage4': (2, 768, 16, 7, 12)}
DEBUG gate: no gate_debug available. This usually means return_concept_losses=False or lambda_gate=0.
DEBUG decoder visual FiLM [stage1] | film_gamma=unavailable (pass return_decoder_diagnostics=True)
DEBUG decoder visual FiLM [stage2] | film_gamma=unavailable (pass return_decoder_diagnostics=True)
DEBUG decoder visual FiLM [stage3] | film_gamma mean/std/min/max=0.0625/0.7672/0.0000/25.3767 | prototype_bottleneck_strength=0.4000
DEBUG decoder visual FiLM [stage4] | film_gamma mean/std/min/max=0.0625/0.6825/0.0000/16.6106 | prototype_bottleneck_strength=0.4000
DEBUG factorized comparison [stage3] | query_norm_mean=1.2480 | key_norm_mean=0.9011 | context_mean=0.0000 | context_std=0.0930 | context_min=-0.1985 | context_max=0.2627 | total_candidate_weight=336.0000 | spatial_strength=0.0990 | spatial_freq_entropy=2.7726 | spatial_freq_weight_mean=0.6926 | rank=32
DEBUG factorized comparison [stage4] | query_norm_mean=0.8942 | key_norm_mean=0.9131 | context_mean=-0.0000 | context_std=0.0640 | context_min=-0.1438 | context_max=0.1566 | total_candidate_weight=84.0000 | spatial_strength=0.0991 | spatial_freq_entropy=2.7726 | spatial_freq_weight_mean=0.6939 | rank=32
patch-priority map [stage3] | mean=0.062500 | std=0.767248 | min=0.000000 | max=25.376669 | prototype_bottleneck_strength=0.400000 | prototype_to_film_norm_ratio=2.828928
patch-priority map [stage4] | mean=0.062500 | std=0.682456 | min=0.000000 | max=16.610598 | prototype_bottleneck_strength=0.400000 | prototype_to_film_norm_ratio=2.733285
DEBUG visual concept usage [stage1] top 10:
  concept 245: 1688 patches (15.70%)
  concept 256: 1063 patches (9.89%)
  concept 358: 1012 patches (9.41%)
  concept 469: 925 patches (8.60%)
  concept 271: 921 patches (8.57%)
  concept 390: 785 patches (7.30%)
  concept 249: 624 patches (5.80%)
  concept 453: 551 patches (5.12%)
  concept 251: 474 patches (4.41%)
  concept 404: 452 patches (4.20%)
  normalized usage entropy: 0.8276
DEBUG visual concept usage [stage2] top 10:
  concept 66: 2688 patches (100.00%)
  normalized usage entropy: 0.8267
DEBUG visual concept usage [stage3] top 10:
  concept 35: 365 patches (54.32%)
  concept 96: 155 patches (23.07%)
  concept 278: 82 patches (12.20%)
  concept 206: 48 patches (7.14%)
  concept 213: 22 patches (3.27%)
  normalized usage entropy: 0.5712
DEBUG visual concept usage [stage4] top 10:
  concept 184: 65 patches (38.69%)
  concept 78: 30 patches (17.86%)
  concept 53: 18 patches (10.71%)
  concept 38: 11 patches (6.55%)
  concept 124: 11 patches (6.55%)
  concept 296: 10 patches (5.95%)
  concept 23: 9 patches (5.36%)
  concept 121: 6 patches (3.57%)
  concept 91: 5 patches (2.98%)
  concept 441: 2 patches (1.19%)
  normalized usage entropy: 0.4975
DEBUG pred min/max/mean/std: -3.984375 26.875 -2.953125 3.328125
DEBUG target min/max/mean/std: 0.0 1.0 0.012208069674670696 0.06835611164569855
DEBUG fixation pixels per sample: [96.0, 86.0]
DEBUG fix_batch min/max/mean/std: 0.0 1.0 0.00039496528916060925 0.01986982859671116
DEBUG losses: {'loss_total': 0.6099641919136047, 'loss_fid': 20.325618743896484, 'loss_patch_fid': 4.15641450881958, 'loss_dense_fid': 4.01816987991333, 'loss_dense_bce': -0.0, 'loss_dense_kl': 12.15103530883789, 'loss_topk': -0.0, 'loss_delta': -0.0, 'loss_cc': 0.5213802456855774, 'loss_nss': -2.87827205657959, 'loss_sim': 0.6080232858657837, 'loss_concept_dense': 0.0, 'loss_concept_kl': 0.0, 'loss_align': 0.0, 'loss_sparse': 0.0, 'loss_div': 0.0, 'loss_gate': 0.0, 'loss_visual_entropy': 0.5681021809577942, 'loss_visual_equiv': 0.0, 'loss_visual_usage': 0.31924450397491455, 'loss_temporal_attention_entropy': 0.0, 'loss_total_concept': 0.04695308208465576, 'loss_decoder_side_aux': 0.10389584302902222, 'loss_priority_map': 1.2999494075775146, 'loss_priority_map_weighted': 0.1299949437379837, 'priority_map_loss': 1.2999494075775146, 'weighted_priority_map_loss': 0.1299949437379837, 'loss_priority_map_stage3': 1.4428187608718872, 'loss_priority_map_stage4': 1.1570801734924316, 'loss_side_stage4': 0.19106918573379517, 'loss_side_stage3': 0.17980021238327026, 'loss_side_stage2': 0.19743970036506653, 'loss_side_stage1': 0.23373198509216309}
DEBUG decoder visual FiLM [stage1] | film_gamma=unavailable (pass return_decoder_diagnostics=True)
DEBUG decoder visual FiLM [stage2] | film_gamma=unavailable (pass return_decoder_diagnostics=True)
DEBUG decoder visual FiLM [stage3] | film_gamma mean/std/min/max=0.0625/1.2433/0.0000/57.0722 | prototype_bottleneck_strength=0.4000
DEBUG decoder visual FiLM [stage4] | film_gamma mean/std/min/max=0.0625/1.1820/0.0000/43.4867 | prototype_bottleneck_strength=0.4000
DEBUG factorized comparison [stage3] | query_norm_mean=1.2437 | key_norm_mean=0.8870 | context_mean=0.0000 | context_std=0.0889 | context_min=-0.1925 | context_max=0.2806 | total_candidate_weight=336.0000 | spatial_strength=0.0990 | spatial_freq_entropy=2.7726 | spatial_freq_weight_mean=0.6926 | rank=32
DEBUG factorized comparison [stage4] | query_norm_mean=0.9072 | key_norm_mean=0.9238 | context_mean=0.0001 | context_std=0.0681 | context_min=-0.1461 | context_max=0.2199 | total_candidate_weight=84.0000 | spatial_strength=0.0990 | spatial_freq_entropy=2.7726 | spatial_freq_weight_mean=0.6939 | rank=32
patch-priority map [stage3] | mean=0.062500 | std=1.243281 | min=0.000000 | max=57.072155 | prototype_bottleneck_strength=0.400000 | prototype_to_film_norm_ratio=5.022747
patch-priority map [stage4] | mean=0.062500 | std=1.182034 | min=0.000000 | max=43.486748 | prototype_bottleneck_strength=0.400000 | prototype_to_film_norm_ratio=5.652350
Epoch 30/200
  Mean train loss: 0.314238
  Mean val loss:   0.449085
  Current LR:      4.73e-05
Val metrics   | CC: 0.5312 | SIM: 0.4161 | NSS: 3.0970
  Saved checkpoint: training_outputs/ckpts/20260917_231452/epoch_030.pth
  New best val loss: 0.449085 (saved training_outputs/ckpts/20260917_231452/best_checkpoint.pth)

Epoch 31/200
pred_saliency: shape=(2, 1, 224, 384) min=-3.9844 max=23.5000 mean=-2.8074 std=3.1957
sal_batch: shape=(2, 1, 360, 640) min=0.0000 max=1.0000 mean=0.0111 std=0.0647
DEBUG features_shape: {'stage1': (2, 96, 16, 56, 96), 'stage2': (2, 192, 16, 28, 48), 'stage3': (2, 384, 16, 14, 24), 'stage4': (2, 768, 16, 7, 12)}
DEBUG gate: no gate_debug available. This usually means return_concept_losses=False or lambda_gate=0.
DEBUG decoder visual FiLM [stage1] | film_gamma=unavailable (pass return_decoder_diagnostics=True)
DEBUG decoder visual FiLM [stage2] | film_gamma=unavailable (pass return_decoder_diagnostics=True)
DEBUG decoder visual FiLM [stage3] | film_gamma mean/std/min/max=0.0625/0.6570/0.0000/30.0725 | prototype_bottleneck_strength=0.4000
DEBUG decoder visual FiLM [stage4] | film_gamma mean/std/min/max=0.0625/0.6950/0.0000/20.6671 | prototype_bottleneck_strength=0.4000
DEBUG factorized comparison [stage3] | query_norm_mean=1.2440 | key_norm_mean=0.9043 | context_mean=0.0001 | context_std=0.0963 | context_min=-0.2030 | context_max=0.2836 | total_candidate_weight=336.0000 | spatial_strength=0.0990 | spatial_freq_entropy=2.7726 | spatial_freq_weight_mean=0.6926 | rank=32
DEBUG factorized comparison [stage4] | query_norm_mean=0.9258 | key_norm_mean=0.9094 | context_mean=0.0000 | context_std=0.0757 | context_min=-0.1627 | context_max=0.1845 | total_candidate_weight=84.0000 | spatial_strength=0.0990 | spatial_freq_entropy=2.7726 | spatial_freq_weight_mean=0.6939 | rank=32
patch-priority map [stage3] | mean=0.062500 | std=0.656969 | min=0.000000 | max=30.072544 | prototype_bottleneck_strength=0.400000 | prototype_to_film_norm_ratio=2.443158
patch-priority map [stage4] | mean=0.062500 | std=0.695027 | min=0.000000 | max=20.667055 | prototype_bottleneck_strength=0.400000 | prototype_to_film_norm_ratio=2.881307
DEBUG visual concept usage [stage1] top 10:
  concept 116: 1687 patches (15.69%)
  concept 358: 1372 patches (12.76%)
  concept 251: 1016 patches (9.45%)
  concept 97: 621 patches (5.78%)
  concept 218: 573 patches (5.33%)
  concept 453: 571 patches (5.31%)
  concept 120: 463 patches (4.31%)
  concept 148: 449 patches (4.18%)
  concept 340: 430 patches (4.00%)
  concept 503: 413 patches (3.84%)
  normalized usage entropy: 0.8067
DEBUG visual concept usage [stage2] top 10:
  concept 66: 2688 patches (100.00%)
  normalized usage entropy: 0.8270
DEBUG visual concept usage [stage3] top 10:
  concept 35: 322 patches (47.92%)
  concept 96: 228 patches (33.93%)
  concept 278: 71 patches (10.57%)
  concept 206: 27 patches (4.02%)
  concept 213: 22 patches (3.27%)
  concept 261: 2 patches (0.30%)
  normalized usage entropy: 0.5812
DEBUG visual concept usage [stage4] top 10:
  concept 184: 63 patches (37.50%)
  concept 23: 42 patches (25.00%)
  concept 53: 22 patches (13.10%)
  concept 78: 8 patches (4.76%)
  concept 91: 8 patches (4.76%)
  concept 441: 7 patches (4.17%)
  concept 124: 6 patches (3.57%)
  concept 296: 6 patches (3.57%)
  concept 121: 4 patches (2.38%)
  concept 299: 2 patches (1.19%)
  normalized usage entropy: 0.5262
DEBUG pred min/max/mean/std: -3.984375 23.5 -2.8125 3.203125
DEBUG target min/max/mean/std: 0.0 1.0 0.011125937104225159 0.06474979966878891
DEBUG fixation pixels per sample: [104.0, 151.0]
DEBUG fix_batch min/max/mean/std: 0.0 1.0 0.0005533854127861559 0.023517660796642303
DEBUG losses: {'loss_total': 0.13745525479316711, 'loss_fid': 16.868528366088867, 'loss_patch_fid': 4.167830467224121, 'loss_dense_fid': 3.857560396194458, 'loss_dense_bce': -0.0, 'loss_dense_kl': 8.843137741088867, 'loss_topk': -0.0, 'loss_delta': -0.0, 'loss_cc': 0.36492252349853516, 'loss_nss': -4.469174861907959, 'loss_sim': 0.5645118355751038, 'loss_concept_dense': 0.0, 'loss_concept_kl': 0.0, 'loss_align': 0.0, 'loss_sparse': 0.0, 'loss_div': 0.0, 'loss_gate': 0.0, 'loss_visual_entropy': 0.5581708550453186, 'loss_visual_equiv': 0.0, 'loss_visual_usage': 0.3147423267364502, 'loss_temporal_attention_entropy': 0.0, 'loss_total_concept': 0.04670417681336403, 'loss_decoder_side_aux': -0.03919128328561783, 'loss_priority_map': 1.2122106552124023, 'loss_priority_map_weighted': 0.12122106552124023, 'priority_map_loss': 1.2122106552124023, 'weighted_priority_map_loss': 0.12122106552124023, 'loss_priority_map_stage3': 1.3991581201553345, 'loss_priority_map_stage4': 1.0252633094787598, 'loss_side_stage4': -0.023908525705337524, 'loss_side_stage3': -0.10088023543357849, 'loss_side_stage2': -0.08562269806861877, 'loss_side_stage1': -0.07532215118408203}
DEBUG decoder visual FiLM [stage1] | film_gamma=unavailable (pass return_decoder_diagnostics=True)
DEBUG decoder visual FiLM [stage2] | film_gamma=unavailable (pass return_decoder_diagnostics=True)
DEBUG decoder visual FiLM [stage3] | film_gamma mean/std/min/max=0.0625/1.1601/0.0000/50.4003 | prototype_bottleneck_strength=0.4000
DEBUG decoder visual FiLM [stage4] | film_gamma mean/std/min/max=0.0625/1.0984/0.0000/41.9965 | prototype_bottleneck_strength=0.4000
DEBUG factorized comparison [stage3] | query_norm_mean=1.3045 | key_norm_mean=0.9184 | context_mean=0.0001 | context_std=0.0946 | context_min=-0.2104 | context_max=0.2866 | total_candidate_weight=336.0000 | spatial_strength=0.0990 | spatial_freq_entropy=2.7726 | spatial_freq_weight_mean=0.6926 | rank=32
DEBUG factorized comparison [stage4] | query_norm_mean=0.9188 | key_norm_mean=0.9265 | context_mean=0.0001 | context_std=0.0715 | context_min=-0.1574 | context_max=0.2199 | total_candidate_weight=84.0000 | spatial_strength=0.0990 | spatial_freq_entropy=2.7726 | spatial_freq_weight_mean=0.6940 | rank=32
patch-priority map [stage3] | mean=0.062500 | std=1.160086 | min=0.000000 | max=50.400257 | prototype_bottleneck_strength=0.400000 | prototype_to_film_norm_ratio=4.781395
patch-priority map [stage4] | mean=0.062500 | std=1.098426 | min=0.000000 | max=41.996513 | prototype_bottleneck_strength=0.400000 | prototype_to_film_norm_ratio=5.833388
Epoch 31/200
  Mean train loss: 0.254800
  Mean val loss:   0.454226
  Current LR:      4.72e-05
Val metrics   | CC: 0.5280 | SIM: 0.4237 | NSS: 3.0737
  Saved checkpoint: training_outputs/ckpts/20260917_231452/epoch_031.pth

Epoch 32/200
pred_saliency: shape=(2, 1, 224, 384) min=-3.9844 max=32.2500 mean=-2.9629 std=3.3885
sal_batch: shape=(2, 1, 360, 640) min=0.0000 max=1.0000 mean=0.0130 std=0.0711
DEBUG features_shape: {'stage1': (2, 96, 16, 56, 96), 'stage2': (2, 192, 16, 28, 48), 'stage3': (2, 384, 16, 14, 24), 'stage4': (2, 768, 16, 7, 12)}
DEBUG gate: no gate_debug available. This usually means return_concept_losses=False or lambda_gate=0.
DEBUG decoder visual FiLM [stage1] | film_gamma=unavailable (pass return_decoder_diagnostics=True)
DEBUG decoder visual FiLM [stage2] | film_gamma=unavailable (pass return_decoder_diagnostics=True)
DEBUG decoder visual FiLM [stage3] | film_gamma mean/std/min/max=0.0625/0.6244/0.0000/19.5573 | prototype_bottleneck_strength=0.4000
DEBUG decoder visual FiLM [stage4] | film_gamma mean/std/min/max=0.0625/0.7869/0.0000/32.3020 | prototype_bottleneck_strength=0.4000
DEBUG factorized comparison [stage3] | query_norm_mean=1.3030 | key_norm_mean=0.9187 | context_mean=0.0000 | context_std=0.0921 | context_min=-0.2090 | context_max=0.2403 | total_candidate_weight=336.0000 | spatial_strength=0.0990 | spatial_freq_entropy=2.7726 | spatial_freq_weight_mean=0.6926 | rank=32
DEBUG factorized comparison [stage4] | query_norm_mean=0.9281 | key_norm_mean=0.9149 | context_mean=0.0001 | context_std=0.0712 | context_min=-0.1589 | context_max=0.2003 | total_candidate_weight=84.0000 | spatial_strength=0.0990 | spatial_freq_entropy=2.7726 | spatial_freq_weight_mean=0.6940 | rank=32
patch-priority map [stage3] | mean=0.062500 | std=0.624415 | min=0.000000 | max=19.557333 | prototype_bottleneck_strength=0.400000 | prototype_to_film_norm_ratio=2.421059
patch-priority map [stage4] | mean=0.062500 | std=0.786898 | min=0.000000 | max=32.302036 | prototype_bottleneck_strength=0.400000 | prototype_to_film_norm_ratio=4.158357
DEBUG visual concept usage [stage1] top 10:
  concept 251: 1779 patches (16.55%)
  concept 14: 1362 patches (12.67%)
  concept 245: 897 patches (8.34%)
  concept 390: 642 patches (5.97%)
  concept 358: 534 patches (4.97%)
  concept 116: 495 patches (4.60%)
  concept 453: 461 patches (4.29%)
  concept 148: 434 patches (4.04%)
  concept 97: 416 patches (3.87%)
  concept 503: 386 patches (3.59%)
  normalized usage entropy: 0.8323
DEBUG visual concept usage [stage2] top 10:
  concept 66: 2688 patches (100.00%)
  normalized usage entropy: 0.8271
DEBUG visual concept usage [stage3] top 10:
  concept 35: 206 patches (30.65%)
  concept 278: 176 patches (26.19%)
  concept 96: 135 patches (20.09%)
  concept 213: 95 patches (14.14%)
  concept 206: 57 patches (8.48%)
  concept 261: 3 patches (0.45%)
  normalized usage entropy: 0.5703
DEBUG visual concept usage [stage4] top 10:
  concept 184: 39 patches (23.21%)
  concept 53: 32 patches (19.05%)
  concept 38: 26 patches (15.48%)
  concept 121: 19 patches (11.31%)
  concept 124: 13 patches (7.74%)
  concept 23: 12 patches (7.14%)
  concept 82: 8 patches (4.76%)
  concept 78: 7 patches (4.17%)
  concept 441: 5 patches (2.98%)
  concept 91: 3 patches (1.79%)
  normalized usage entropy: 0.5305
DEBUG pred min/max/mean/std: -3.984375 32.25 -2.96875 3.390625
DEBUG target min/max/mean/std: 0.0 1.0 0.01300414465367794 0.07114649564027786
DEBUG fixation pixels per sample: [157.0, 165.0]
DEBUG fix_batch min/max/mean/std: 0.0 1.0 0.0006987847154960036 0.026425328105688095
DEBUG losses: {'loss_total': 0.23791347444057465, 'loss_fid': 19.64798355102539, 'loss_patch_fid': 4.049402713775635, 'loss_dense_fid': 3.9989616870880127, 'loss_dense_bce': -0.0, 'loss_dense_kl': 11.599618911743164, 'loss_topk': -0.0, 'loss_delta': -0.0, 'loss_cc': 0.3702903985977173, 'loss_nss': -3.877070426940918, 'loss_sim': 0.5183930397033691, 'loss_concept_dense': 0.0, 'loss_concept_kl': 0.0, 'loss_align': 0.0, 'loss_sparse': 0.0, 'loss_div': 0.0, 'loss_gate': 0.0, 'loss_visual_entropy': 0.5642176270484924, 'loss_visual_equiv': 0.0, 'loss_visual_usage': 0.30991822481155396, 'loss_temporal_attention_entropy': 0.0, 'loss_total_concept': 0.047812119126319885, 'loss_decoder_side_aux': -0.006958623416721821, 'loss_priority_map': 1.2882441282272339, 'loss_priority_map_weighted': 0.1288244128227234, 'priority_map_loss': 1.2882441282272339, 'weighted_priority_map_loss': 0.1288244128227234, 'loss_priority_map_stage3': 1.514866590499878, 'loss_priority_map_stage4': 1.0616216659545898, 'loss_side_stage4': -0.029719680547714233, 'loss_side_stage3': 0.002257823944091797, 'loss_side_stage2': -0.014744818210601807, 'loss_side_stage1': -0.017433494329452515}
DEBUG decoder visual FiLM [stage1] | film_gamma=unavailable (pass return_decoder_diagnostics=True)
DEBUG decoder visual FiLM [stage2] | film_gamma=unavailable (pass return_decoder_diagnostics=True)
DEBUG decoder visual FiLM [stage3] | film_gamma mean/std/min/max=0.0625/1.1341/0.0000/45.3706 | prototype_bottleneck_strength=0.4000
DEBUG decoder visual FiLM [stage4] | film_gamma mean/std/min/max=0.0625/1.0529/0.0000/40.0544 | prototype_bottleneck_strength=0.4000
DEBUG factorized comparison [stage3] | query_norm_mean=1.2681 | key_norm_mean=0.9011 | context_mean=0.0001 | context_std=0.0912 | context_min=-0.2075 | context_max=0.2806 | total_candidate_weight=336.0000 | spatial_strength=0.0990 | spatial_freq_entropy=2.7726 | spatial_freq_weight_mean=0.6927 | rank=32
DEBUG factorized comparison [stage4] | query_norm_mean=0.9082 | key_norm_mean=0.9200 | context_mean=-0.0000 | context_std=0.0706 | context_min=-0.1551 | context_max=0.2184 | total_candidate_weight=84.0000 | spatial_strength=0.0990 | spatial_freq_entropy=2.7726 | spatial_freq_weight_mean=0.6941 | rank=32
patch-priority map [stage3] | mean=0.062500 | std=1.134137 | min=0.000000 | max=45.370586 | prototype_bottleneck_strength=0.400000 | prototype_to_film_norm_ratio=4.948288
patch-priority map [stage4] | mean=0.062500 | std=1.052900 | min=0.000000 | max=40.054359 | prototype_bottleneck_strength=0.400000 | prototype_to_film_norm_ratio=5.025690
Epoch 32/200
  Mean train loss: 0.292848
  Mean val loss:   0.459028
  Current LR:      4.70e-05
Val metrics   | CC: 0.5277 | SIM: 0.4150 | NSS: 3.0344
  Saved checkpoint: training_outputs/ckpts/20260917_231452/epoch_032.pth

Epoch 33/200
pred_saliency: shape=(2, 1, 224, 384) min=-3.9844 max=25.1250 mean=-2.9009 std=3.2633
sal_batch: shape=(2, 1, 360, 640) min=0.0000 max=1.0000 mean=0.0166 std=0.0803
DEBUG features_shape: {'stage1': (2, 96, 16, 56, 96), 'stage2': (2, 192, 16, 28, 48), 'stage3': (2, 384, 16, 14, 24), 'stage4': (2, 768, 16, 7, 12)}
DEBUG gate: no gate_debug available. This usually means return_concept_losses=False or lambda_gate=0.
DEBUG decoder visual FiLM [stage1] | film_gamma=unavailable (pass return_decoder_diagnostics=True)
DEBUG decoder visual FiLM [stage2] | film_gamma=unavailable (pass return_decoder_diagnostics=True)
DEBUG decoder visual FiLM [stage3] | film_gamma mean/std/min/max=0.0625/0.6760/0.0000/17.7103 | prototype_bottleneck_strength=0.4000
DEBUG decoder visual FiLM [stage4] | film_gamma mean/std/min/max=0.0625/0.7381/0.0000/22.8320 | prototype_bottleneck_strength=0.4000
DEBUG factorized comparison [stage3] | query_norm_mean=1.2702 | key_norm_mean=0.9214 | context_mean=0.0000 | context_std=0.1037 | context_min=-0.2104 | context_max=0.2582 | total_candidate_weight=336.0000 | spatial_strength=0.0990 | spatial_freq_entropy=2.7726 | spatial_freq_weight_mean=0.6927 | rank=32
DEBUG factorized comparison [stage4] | query_norm_mean=0.9240 | key_norm_mean=0.9048 | context_mean=0.0000 | context_std=0.0783 | context_min=-0.1664 | context_max=0.1958 | total_candidate_weight=84.0000 | spatial_strength=0.0990 | spatial_freq_entropy=2.7726 | spatial_freq_weight_mean=0.6941 | rank=32
patch-priority map [stage3] | mean=0.062500 | std=0.676004 | min=0.000000 | max=17.710293 | prototype_bottleneck_strength=0.400000 | prototype_to_film_norm_ratio=2.749392
patch-priority map [stage4] | mean=0.062500 | std=0.738072 | min=0.000000 | max=22.831991 | prototype_bottleneck_strength=0.400000 | prototype_to_film_norm_ratio=2.382881
DEBUG visual concept usage [stage1] top 10:
  concept 249: 1239 patches (11.52%)
  concept 358: 1040 patches (9.67%)
  concept 14: 991 patches (9.22%)
  concept 116: 806 patches (7.50%)
  concept 104: 717 patches (6.67%)
  concept 453: 656 patches (6.10%)
  concept 251: 540 patches (5.02%)
  concept 148: 376 patches (3.50%)
  concept 97: 347 patches (3.23%)
  concept 256: 318 patches (2.96%)
  normalized usage entropy: 0.8367
DEBUG visual concept usage [stage2] top 10:
  concept 66: 2688 patches (100.00%)
  normalized usage entropy: 0.8271
DEBUG visual concept usage [stage3] top 10:
  concept 35: 290 patches (43.15%)
  concept 96: 162 patches (24.11%)
  concept 278: 141 patches (20.98%)
  concept 213: 60 patches (8.93%)
  concept 206: 14 patches (2.08%)
  concept 51: 5 patches (0.74%)
  normalized usage entropy: 0.5896
DEBUG visual concept usage [stage4] top 10:
  concept 184: 63 patches (37.50%)
  concept 23: 38 patches (22.62%)
  concept 53: 21 patches (12.50%)
  concept 82: 12 patches (7.14%)
  concept 121: 11 patches (6.55%)
  concept 299: 5 patches (2.98%)
  concept 38: 3 patches (1.79%)
  concept 78: 3 patches (1.79%)
  concept 124: 3 patches (1.79%)
  concept 296: 3 patches (1.79%)
  normalized usage entropy: 0.5311
DEBUG pred min/max/mean/std: -3.984375 25.125 -2.90625 3.265625
DEBUG target min/max/mean/std: 0.0 1.0 0.016632303595542908 0.08025084435939789
DEBUG fixation pixels per sample: [144.0, 107.0]
DEBUG fix_batch min/max/mean/std: 0.0 1.0 0.0005447048461064696 0.02333258092403412
DEBUG losses: {'loss_total': 0.15220201015472412, 'loss_fid': 18.765424728393555, 'loss_patch_fid': 4.218360424041748, 'loss_dense_fid': 3.9301700592041016, 'loss_dense_bce': -0.0, 'loss_dense_kl': 10.616893768310547, 'loss_topk': -0.0, 'loss_delta': -0.0, 'loss_cc': 0.29992055892944336, 'loss_nss': -3.6295032501220703, 'loss_sim': 0.48393499851226807, 'loss_concept_dense': 0.0, 'loss_concept_kl': 0.0, 'loss_align': 0.0, 'loss_sparse': 0.0, 'loss_div': 0.0, 'loss_gate': 0.0, 'loss_visual_entropy': 0.5671268701553345, 'loss_visual_equiv': 0.0, 'loss_visual_usage': 0.30389535427093506, 'loss_temporal_attention_entropy': 0.0, 'loss_total_concept': 0.04804214835166931, 'loss_decoder_side_aux': -0.027867622673511505, 'loss_priority_map': 1.1343858242034912, 'loss_priority_map_weighted': 0.11343858391046524, 'priority_map_loss': 1.1343858242034912, 'weighted_priority_map_loss': 0.11343858391046524, 'loss_priority_map_stage3': 1.0659350156784058, 'loss_priority_map_stage4': 1.202836513519287, 'loss_side_stage4': -0.009054630994796753, 'loss_side_stage3': -0.048592180013656616, 'loss_side_stage2': -0.06586852669715881, 'loss_side_stage1': -0.06337696313858032}
DEBUG decoder visual FiLM [stage1] | film_gamma=unavailable (pass return_decoder_diagnostics=True)
DEBUG decoder visual FiLM [stage2] | film_gamma=unavailable (pass return_decoder_diagnostics=True)
DEBUG decoder visual FiLM [stage3] | film_gamma mean/std/min/max=0.0625/1.2108/0.0000/54.9531 | prototype_bottleneck_strength=0.4000
DEBUG decoder visual FiLM [stage4] | film_gamma mean/std/min/max=0.0625/1.3010/0.0000/50.9101 | prototype_bottleneck_strength=0.4000
DEBUG factorized comparison [stage3] | query_norm_mean=1.2381 | key_norm_mean=0.8837 | context_mean=-0.0000 | context_std=0.0877 | context_min=-0.1985 | context_max=0.2836 | total_candidate_weight=336.0000 | spatial_strength=0.0990 | spatial_freq_entropy=2.7726 | spatial_freq_weight_mean=0.6927 | rank=32
DEBUG factorized comparison [stage4] | query_norm_mean=0.9000 | key_norm_mean=0.9583 | context_mean=0.0000 | context_std=0.0734 | context_min=-0.1536 | context_max=0.2425 | total_candidate_weight=84.0000 | spatial_strength=0.0990 | spatial_freq_entropy=2.7726 | spatial_freq_weight_mean=0.6941 | rank=32
patch-priority map [stage3] | mean=0.062500 | std=1.210850 | min=0.000000 | max=54.953117 | prototype_bottleneck_strength=0.400000 | prototype_to_film_norm_ratio=5.124546
patch-priority map [stage4] | mean=0.062500 | std=1.300968 | min=0.000000 | max=50.910057 | prototype_bottleneck_strength=0.400000 | prototype_to_film_norm_ratio=6.998178
Epoch 33/200
  Mean train loss: 0.232863
  Mean val loss:   0.462589
  Current LR:      4.68e-05
Val metrics   | CC: 0.5218 | SIM: 0.4221 | NSS: 3.0587
  Saved checkpoint: training_outputs/ckpts/20260917_231452/epoch_033.pth

Epoch 34/200
pred_saliency: shape=(2, 1, 224, 384) min=-3.9844 max=46.2500 mean=-3.3475 std=3.4237
sal_batch: shape=(2, 1, 360, 640) min=0.0000 max=1.0000 mean=0.0127 std=0.0668
DEBUG features_shape: {'stage1': (2, 96, 16, 56, 96), 'stage2': (2, 192, 16, 28, 48), 'stage3': (2, 384, 16, 14, 24), 'stage4': (2, 768, 16, 7, 12)}
DEBUG gate: no gate_debug available. This usually means return_concept_losses=False or lambda_gate=0.
DEBUG decoder visual FiLM [stage1] | film_gamma=unavailable (pass return_decoder_diagnostics=True)
DEBUG decoder visual FiLM [stage2] | film_gamma=unavailable (pass return_decoder_diagnostics=True)
DEBUG decoder visual FiLM [stage3] | film_gamma mean/std/min/max=0.0625/0.9767/0.0000/36.1328 | prototype_bottleneck_strength=0.4000
DEBUG decoder visual FiLM [stage4] | film_gamma mean/std/min/max=0.0625/0.9995/0.0000/32.2555 | prototype_bottleneck_strength=0.4000
DEBUG factorized comparison [stage3] | query_norm_mean=1.2282 | key_norm_mean=0.8728 | context_mean=-0.0000 | context_std=0.0853 | context_min=-0.1903 | context_max=0.2672 | total_candidate_weight=336.0000 | spatial_strength=0.0990 | spatial_freq_entropy=2.7726 | spatial_freq_weight_mean=0.6927 | rank=32
DEBUG factorized comparison [stage4] | query_norm_mean=0.8898 | key_norm_mean=0.9684 | context_mean=-0.0000 | context_std=0.0712 | context_min=-0.1461 | context_max=0.2063 | total_candidate_weight=84.0000 | spatial_strength=0.0990 | spatial_freq_entropy=2.7726 | spatial_freq_weight_mean=0.6941 | rank=32
patch-priority map [stage3] | mean=0.062500 | std=0.976670 | min=0.000000 | max=36.132832 | prototype_bottleneck_strength=0.400000 | prototype_to_film_norm_ratio=4.005130
patch-priority map [stage4] | mean=0.062500 | std=0.999489 | min=0.000000 | max=32.255527 | prototype_bottleneck_strength=0.400000 | prototype_to_film_norm_ratio=4.286057
DEBUG visual concept usage [stage1] top 10:
  concept 249: 3345 patches (31.11%)
  concept 104: 1060 patches (9.86%)
  concept 14: 937 patches (8.71%)
  concept 390: 797 patches (7.41%)
  concept 358: 776 patches (7.22%)
  concept 453: 441 patches (4.10%)
  concept 97: 358 patches (3.33%)
  concept 148: 250 patches (2.33%)
  concept 409: 214 patches (1.99%)
  concept 245: 179 patches (1.66%)
  normalized usage entropy: 0.7878
DEBUG visual concept usage [stage2] top 10:
  concept 66: 2688 patches (100.00%)
  normalized usage entropy: 0.8278
DEBUG visual concept usage [stage3] top 10:
  concept 35: 307 patches (45.68%)
  concept 278: 201 patches (29.91%)
  concept 213: 87 patches (12.95%)
  concept 96: 48 patches (7.14%)
  concept 206: 25 patches (3.72%)
  concept 51: 2 patches (0.30%)
  concept 261: 2 patches (0.30%)
  normalized usage entropy: 0.6040
DEBUG visual concept usage [stage4] top 10:
  concept 184: 84 patches (50.00%)
  concept 124: 15 patches (8.93%)
  concept 121: 13 patches (7.74%)
  concept 38: 11 patches (6.55%)
  concept 53: 11 patches (6.55%)
  concept 78: 10 patches (5.95%)
  concept 82: 6 patches (3.57%)
  concept 441: 5 patches (2.98%)
  concept 299: 4 patches (2.38%)
  concept 23: 3 patches (1.79%)
  normalized usage entropy: 0.5229
DEBUG pred min/max/mean/std: -3.984375 46.25 -3.34375 3.421875
DEBUG target min/max/mean/std: 0.0 1.0 0.012741846963763237 0.06682604551315308
DEBUG fixation pixels per sample: [195.0, 128.0]
DEBUG fix_batch min/max/mean/std: 0.0 1.0 0.0007009548717178404 0.02646630071103573
DEBUG losses: {'loss_total': -0.03792993724346161, 'loss_fid': 37.661399841308594, 'loss_patch_fid': 4.263552188873291, 'loss_dense_fid': 4.094966411590576, 'loss_dense_bce': -0.0, 'loss_dense_kl': 29.30288314819336, 'loss_topk': -0.0, 'loss_delta': -0.0, 'loss_cc': 0.3272439241409302, 'loss_nss': -5.176665782928467, 'loss_sim': 0.4720669984817505, 'loss_concept_dense': 0.0, 'loss_concept_kl': 0.0, 'loss_align': 0.0, 'loss_sparse': 0.0, 'loss_div': 0.0, 'loss_gate': 0.0, 'loss_visual_entropy': 0.5748296976089478, 'loss_visual_equiv': 0.0, 'loss_visual_usage': 0.31435227394104004, 'loss_temporal_attention_entropy': 0.0, 'loss_total_concept': 0.04657212644815445, 'loss_decoder_side_aux': -0.10062426328659058, 'loss_priority_map': 1.250287652015686, 'loss_priority_map_weighted': 0.12502877414226532, 'priority_map_loss': 1.250287652015686, 'weighted_priority_map_loss': 0.12502877414226532, 'loss_priority_map_stage3': 1.3245460987091064, 'loss_priority_map_stage4': 1.1760292053222656, 'loss_side_stage4': -0.1527828574180603, 'loss_side_stage3': -0.2420947551727295, 'loss_side_stage2': -0.2039998173713684, 'loss_side_stage1': -0.19087833166122437}
DEBUG decoder visual FiLM [stage1] | film_gamma=unavailable (pass return_decoder_diagnostics=True)
DEBUG decoder visual FiLM [stage2] | film_gamma=unavailable (pass return_decoder_diagnostics=True)
DEBUG decoder visual FiLM [stage3] | film_gamma mean/std/min/max=0.0625/1.1176/0.0000/46.4101 | prototype_bottleneck_strength=0.4000
DEBUG decoder visual FiLM [stage4] | film_gamma mean/std/min/max=0.0625/1.1516/0.0000/45.1969 | prototype_bottleneck_strength=0.4000
DEBUG factorized comparison [stage3] | query_norm_mean=1.1821 | key_norm_mean=0.8654 | context_mean=0.0000 | context_std=0.0836 | context_min=-0.1903 | context_max=0.2642 | total_candidate_weight=336.0000 | spatial_strength=0.0990 | spatial_freq_entropy=2.7726 | spatial_freq_weight_mean=0.6927 | rank=32
DEBUG factorized comparison [stage4] | query_norm_mean=0.8886 | key_norm_mean=0.9331 | context_mean=0.0000 | context_std=0.0708 | context_min=-0.1544 | context_max=0.2259 | total_candidate_weight=84.0000 | spatial_strength=0.0990 | spatial_freq_entropy=2.7726 | spatial_freq_weight_mean=0.6941 | rank=32
patch-priority map [stage3] | mean=0.062500 | std=1.117602 | min=0.000000 | max=46.410088 | prototype_bottleneck_strength=0.400000 | prototype_to_film_norm_ratio=4.111048
patch-priority map [stage4] | mean=0.062500 | std=1.151560 | min=0.000000 | max=45.196899 | prototype_bottleneck_strength=0.400000 | prototype_to_film_norm_ratio=5.778028
Epoch 34/200
  Mean train loss: 0.261897
  Mean val loss:   0.455473
  Current LR:      4.66e-05
Val metrics   | CC: 0.5270 | SIM: 0.4140 | NSS: 3.0655
  Saved checkpoint: training_outputs/ckpts/20260917_231452/epoch_034.pth

Epoch 35/200
pred_saliency: shape=(2, 1, 224, 384) min=-3.9844 max=32.5000 mean=-3.0101 std=3.3057
sal_batch: shape=(2, 1, 360, 640) min=0.0000 max=1.0000 mean=0.0204 std=0.0879
DEBUG features_shape: {'stage1': (2, 96, 16, 56, 96), 'stage2': (2, 192, 16, 28, 48), 'stage3': (2, 384, 16, 14, 24), 'stage4': (2, 768, 16, 7, 12)}
DEBUG gate: no gate_debug available. This usually means return_concept_losses=False or lambda_gate=0.
DEBUG decoder visual FiLM [stage1] | film_gamma=unavailable (pass return_decoder_diagnostics=True)
DEBUG decoder visual FiLM [stage2] | film_gamma=unavailable (pass return_decoder_diagnostics=True)
DEBUG decoder visual FiLM [stage3] | film_gamma mean/std/min/max=0.0625/0.8791/0.0000/29.3373 | prototype_bottleneck_strength=0.4000
DEBUG decoder visual FiLM [stage4] | film_gamma mean/std/min/max=0.0625/0.7954/0.0000/29.2851 | prototype_bottleneck_strength=0.4000
DEBUG factorized comparison [stage3] | query_norm_mean=1.1810 | key_norm_mean=0.8662 | context_mean=0.0000 | context_std=0.0869 | context_min=-0.1910 | context_max=0.2433 | total_candidate_weight=336.0000 | spatial_strength=0.0990 | spatial_freq_entropy=2.7726 | spatial_freq_weight_mean=0.6927 | rank=32
DEBUG factorized comparison [stage4] | query_norm_mean=0.8838 | key_norm_mean=0.9396 | context_mean=0.0000 | context_std=0.0727 | context_min=-0.1551 | context_max=0.1800 | total_candidate_weight=84.0000 | spatial_strength=0.0990 | spatial_freq_entropy=2.7726 | spatial_freq_weight_mean=0.6941 | rank=32
patch-priority map [stage3] | mean=0.062500 | std=0.879061 | min=0.000000 | max=29.337263 | prototype_bottleneck_strength=0.400000 | prototype_to_film_norm_ratio=3.390748
patch-priority map [stage4] | mean=0.062500 | std=0.795440 | min=0.000000 | max=29.285133 | prototype_bottleneck_strength=0.400000 | prototype_to_film_norm_ratio=2.583733
DEBUG visual concept usage [stage1] top 10:
  concept 14: 2492 patches (23.18%)
  concept 256: 1018 patches (9.47%)
  concept 116: 986 patches (9.17%)
  concept 251: 670 patches (6.23%)
  concept 245: 502 patches (4.67%)
  concept 428: 484 patches (4.50%)
  concept 358: 455 patches (4.23%)
  concept 249: 227 patches (2.11%)
  concept 390: 222 patches (2.06%)
  concept 453: 219 patches (2.04%)
  normalized usage entropy: 0.8304
DEBUG visual concept usage [stage2] top 10:
  concept 66: 2688 patches (100.00%)
  normalized usage entropy: 0.8276
DEBUG visual concept usage [stage3] top 10:
  concept 35: 331 patches (49.26%)
  concept 278: 231 patches (34.38%)
  concept 96: 78 patches (11.61%)
  concept 206: 18 patches (2.68%)
  concept 213: 13 patches (1.93%)
  concept 51: 1 patches (0.15%)
  normalized usage entropy: 0.6107
DEBUG visual concept usage [stage4] top 10:
  concept 184: 91 patches (54.17%)
  concept 53: 16 patches (9.52%)
  concept 23: 14 patches (8.33%)
  concept 124: 12 patches (7.14%)
  concept 78: 10 patches (5.95%)
  concept 121: 10 patches (5.95%)
  concept 38: 6 patches (3.57%)
  concept 82: 6 patches (3.57%)
  concept 441: 2 patches (1.19%)
  concept 490: 1 patches (0.60%)
  normalized usage entropy: 0.5206
DEBUG pred min/max/mean/std: -3.984375 32.5 -3.015625 3.3125
DEBUG target min/max/mean/std: 0.0 1.0 0.020362600684165955 0.08791918307542801
DEBUG fixation pixels per sample: [172.0, 168.0]
DEBUG fix_batch min/max/mean/std: 0.0 1.0 0.0007378472364507616 0.02715335227549076
DEBUG losses: {'loss_total': 0.26827022433280945, 'loss_fid': 27.08974266052246, 'loss_patch_fid': 4.093088150024414, 'loss_dense_fid': 3.865215539932251, 'loss_dense_bce': -0.0, 'loss_dense_kl': 19.131439208984375, 'loss_topk': -0.0, 'loss_delta': -0.0, 'loss_cc': 0.3335285186767578, 'loss_nss': -3.03127121925354, 'loss_sim': 0.48717278242111206, 'loss_concept_dense': 0.0, 'loss_concept_kl': 0.0, 'loss_align': 0.0, 'loss_sparse': 0.0, 'loss_div': 0.0, 'loss_gate': 0.0, 'loss_visual_entropy': 0.5750225782394409, 'loss_visual_equiv': 0.0, 'loss_visual_usage': 0.3026414215564728, 'loss_temporal_attention_entropy': 0.0, 'loss_total_concept': 0.047317005693912506, 'loss_decoder_side_aux': 0.014547960832715034, 'loss_priority_map': 0.9414736032485962, 'loss_priority_map_weighted': 0.09414736181497574, 'priority_map_loss': 0.9414736032485962, 'weighted_priority_map_loss': 0.09414736181497574, 'loss_priority_map_stage3': 1.1655560731887817, 'loss_priority_map_stage4': 0.7173911333084106, 'loss_side_stage4': 0.04350656270980835, 'loss_side_stage3': 0.018902629613876343, 'loss_side_stage2': 0.028315097093582153, 'loss_side_stage1': 0.03117552399635315}
DEBUG decoder visual FiLM [stage1] | film_gamma=unavailable (pass return_decoder_diagnostics=True)
DEBUG decoder visual FiLM [stage2] | film_gamma=unavailable (pass return_decoder_diagnostics=True)
DEBUG decoder visual FiLM [stage3] | film_gamma mean/std/min/max=0.0625/1.2682/0.0000/52.5338 | prototype_bottleneck_strength=0.4000
DEBUG decoder visual FiLM [stage4] | film_gamma mean/std/min/max=0.0625/1.1934/0.0000/45.6181 | prototype_bottleneck_strength=0.4000
DEBUG factorized comparison [stage3] | query_norm_mean=1.2595 | key_norm_mean=0.8968 | context_mean=-0.0000 | context_std=0.0920 | context_min=-0.2045 | context_max=0.2910 | total_candidate_weight=336.0000 | spatial_strength=0.0990 | spatial_freq_entropy=2.7726 | spatial_freq_weight_mean=0.6927 | rank=32
DEBUG factorized comparison [stage4] | query_norm_mean=0.9099 | key_norm_mean=0.9169 | context_mean=0.0000 | context_std=0.0721 | context_min=-0.1514 | context_max=0.2244 | total_candidate_weight=84.0000 | spatial_strength=0.0990 | spatial_freq_entropy=2.7725 | spatial_freq_weight_mean=0.6942 | rank=32
patch-priority map [stage3] | mean=0.062500 | std=1.268208 | min=0.000000 | max=52.533791 | prototype_bottleneck_strength=0.400000 | prototype_to_film_norm_ratio=4.461548
patch-priority map [stage4] | mean=0.062500 | std=1.193366 | min=0.000000 | max=45.618111 | prototype_bottleneck_strength=0.400000 | prototype_to_film_norm_ratio=6.549864
Epoch 35/200
  Mean train loss: 0.264450
  Mean val loss:   0.454675
  Current LR:      4.64e-05
Val metrics   | CC: 0.5233 | SIM: 0.4275 | NSS: 3.0779
  Saved checkpoint: training_outputs/ckpts/20260917_231452/epoch_035.pth

Epoch 36/200
pred_saliency: shape=(2, 1, 224, 384) min=-3.9844 max=34.5000 mean=-3.0642 std=3.2829
sal_batch: shape=(2, 1, 360, 640) min=0.0000 max=1.0000 mean=0.0202 std=0.0856
DEBUG features_shape: {'stage1': (2, 96, 16, 56, 96), 'stage2': (2, 192, 16, 28, 48), 'stage3': (2, 384, 16, 14, 24), 'stage4': (2, 768, 16, 7, 12)}
DEBUG gate: no gate_debug available. This usually means return_concept_losses=False or lambda_gate=0.
DEBUG decoder visual FiLM [stage1] | film_gamma=unavailable (pass return_decoder_diagnostics=True)
DEBUG decoder visual FiLM [stage2] | film_gamma=unavailable (pass return_decoder_diagnostics=True)
DEBUG decoder visual FiLM [stage3] | film_gamma mean/std/min/max=0.0625/0.7227/0.0000/28.4711 | prototype_bottleneck_strength=0.4000
DEBUG decoder visual FiLM [stage4] | film_gamma mean/std/min/max=0.0625/0.7299/0.0000/27.5182 | prototype_bottleneck_strength=0.4000
DEBUG factorized comparison [stage3] | query_norm_mean=1.2562 | key_norm_mean=0.8924 | context_mean=0.0000 | context_std=0.0935 | context_min=-0.2060 | context_max=0.2537 | total_candidate_weight=336.0000 | spatial_strength=0.0990 | spatial_freq_entropy=2.7726 | spatial_freq_weight_mean=0.6927 | rank=32
DEBUG factorized comparison [stage4] | query_norm_mean=0.8912 | key_norm_mean=0.9337 | context_mean=0.0000 | context_std=0.0691 | context_min=-0.1574 | context_max=0.1664 | total_candidate_weight=84.0000 | spatial_strength=0.0990 | spatial_freq_entropy=2.7725 | spatial_freq_weight_mean=0.6942 | rank=32
patch-priority map [stage3] | mean=0.062500 | std=0.722723 | min=0.000000 | max=28.471077 | prototype_bottleneck_strength=0.400000 | prototype_to_film_norm_ratio=2.469077
patch-priority map [stage4] | mean=0.062500 | std=0.729936 | min=0.000000 | max=27.518162 | prototype_bottleneck_strength=0.400000 | prototype_to_film_norm_ratio=3.037906
DEBUG visual concept usage [stage1] top 10:
  concept 249: 1825 patches (16.97%)
  concept 116: 1467 patches (13.64%)
  concept 104: 1055 patches (9.81%)
  concept 256: 573 patches (5.33%)
  concept 14: 494 patches (4.59%)
  concept 390: 419 patches (3.90%)
  concept 251: 350 patches (3.26%)
  concept 428: 349 patches (3.25%)
  concept 409: 303 patches (2.82%)
  concept 503: 293 patches (2.73%)
  normalized usage entropy: 0.8356
DEBUG visual concept usage [stage2] top 10:
  concept 66: 2688 patches (100.00%)
  normalized usage entropy: 0.8277
DEBUG visual concept usage [stage3] top 10:
  concept 35: 325 patches (48.36%)
  concept 278: 234 patches (34.82%)
  concept 96: 64 patches (9.52%)
  concept 213: 24 patches (3.57%)
  concept 206: 14 patches (2.08%)
  concept 51: 7 patches (1.04%)
  concept 261: 4 patches (0.60%)
  normalized usage entropy: 0.6213
DEBUG visual concept usage [stage4] top 10:
  concept 184: 89 patches (52.98%)
  concept 121: 33 patches (19.64%)
  concept 53: 14 patches (8.33%)
  concept 124: 9 patches (5.36%)
  concept 38: 6 patches (3.57%)
  concept 78: 6 patches (3.57%)
  concept 299: 3 patches (1.79%)
  concept 23: 2 patches (1.19%)
  concept 91: 2 patches (1.19%)
  concept 329: 2 patches (1.19%)
  normalized usage entropy: 0.5317
DEBUG pred min/max/mean/std: -3.984375 34.5 -3.0625 3.28125
DEBUG target min/max/mean/std: 0.0 1.0 0.02021401934325695 0.08560892939567566
DEBUG fixation pixels per sample: [134.0, 220.0]
DEBUG fix_batch min/max/mean/std: 0.0 1.0 0.0007682291907258332 0.027706328779459
DEBUG losses: {'loss_total': 0.4837799668312073, 'loss_fid': 25.17530059814453, 'loss_patch_fid': 4.157018661499023, 'loss_dense_fid': 3.9825563430786133, 'loss_dense_bce': -0.0, 'loss_dense_kl': 17.035724639892578, 'loss_topk': -0.0, 'loss_delta': -0.0, 'loss_cc': 0.4365195035934448, 'loss_nss': -2.773927688598633, 'loss_sim': 0.5547046661376953, 'loss_concept_dense': 0.0, 'loss_concept_kl': 0.0, 'loss_align': 0.0, 'loss_sparse': 0.0, 'loss_div': 0.0, 'loss_gate': 0.0, 'loss_visual_entropy': 0.5781545042991638, 'loss_visual_equiv': 0.0, 'loss_visual_usage': 0.29593753814697266, 'loss_temporal_attention_entropy': 0.0, 'loss_total_concept': 0.048144660890102386, 'loss_decoder_side_aux': 0.07695755362510681, 'loss_priority_map': 1.1159602403640747, 'loss_priority_map_weighted': 0.11159602552652359, 'priority_map_loss': 1.1159602403640747, 'weighted_priority_map_loss': 0.11159602552652359, 'loss_priority_map_stage3': 1.1454567909240723, 'loss_priority_map_stage4': 1.0864636898040771, 'loss_side_stage4': 0.13777419924736023, 'loss_side_stage3': 0.15675166249275208, 'loss_side_stage2': 0.15393054485321045, 'loss_side_stage1': 0.15652045607566833}
DEBUG decoder visual FiLM [stage1] | film_gamma=unavailable (pass return_decoder_diagnostics=True)
DEBUG decoder visual FiLM [stage2] | film_gamma=unavailable (pass return_decoder_diagnostics=True)
DEBUG decoder visual FiLM [stage3] | film_gamma mean/std/min/max=0.0625/1.1588/0.0000/61.0683 | prototype_bottleneck_strength=0.4000
DEBUG decoder visual FiLM [stage4] | film_gamma mean/std/min/max=0.0625/1.0852/0.0000/41.1074 | prototype_bottleneck_strength=0.4000
DEBUG factorized comparison [stage3] | query_norm_mean=1.2479 | key_norm_mean=0.8883 | context_mean=0.0000 | context_std=0.0916 | context_min=-0.1970 | context_max=0.2866 | total_candidate_weight=336.0000 | spatial_strength=0.0990 | spatial_freq_entropy=2.7726 | spatial_freq_weight_mean=0.6927 | rank=32
DEBUG factorized comparison [stage4] | query_norm_mean=0.8905 | key_norm_mean=0.9055 | context_mean=0.0000 | context_std=0.0722 | context_min=-0.1483 | context_max=0.2214 | total_candidate_weight=84.0000 | spatial_strength=0.0991 | spatial_freq_entropy=2.7725 | spatial_freq_weight_mean=0.6943 | rank=32
patch-priority map [stage3] | mean=0.062500 | std=1.158835 | min=0.000000 | max=61.068306 | prototype_bottleneck_strength=0.400000 | prototype_to_film_norm_ratio=4.116241
patch-priority map [stage4] | mean=0.062500 | std=1.085150 | min=0.000000 | max=41.107414 | prototype_bottleneck_strength=0.400000 | prototype_to_film_norm_ratio=4.974571
Epoch 36/200
  Mean train loss: 0.236985
  Mean val loss:   0.450707
  Current LR:      4.62e-05
Val metrics   | CC: 0.5293 | SIM: 0.4218 | NSS: 3.0765
  Saved checkpoint: training_outputs/ckpts/20260917_231452/epoch_036.pth

Epoch 37/200
pred_saliency: shape=(2, 1, 224, 384) min=-3.9844 max=42.5000 mean=-3.2602 std=3.4010
sal_batch: shape=(2, 1, 360, 640) min=0.0000 max=1.0000 mean=0.0140 std=0.0692
DEBUG features_shape: {'stage1': (2, 96, 16, 56, 96), 'stage2': (2, 192, 16, 28, 48), 'stage3': (2, 384, 16, 14, 24), 'stage4': (2, 768, 16, 7, 12)}
DEBUG gate: no gate_debug available. This usually means return_concept_losses=False or lambda_gate=0.
DEBUG decoder visual FiLM [stage1] | film_gamma=unavailable (pass return_decoder_diagnostics=True)
DEBUG decoder visual FiLM [stage2] | film_gamma=unavailable (pass return_decoder_diagnostics=True)
DEBUG decoder visual FiLM [stage3] | film_gamma mean/std/min/max=0.0625/0.9267/0.0000/38.2811 | prototype_bottleneck_strength=0.4000
DEBUG decoder visual FiLM [stage4] | film_gamma mean/std/min/max=0.0625/0.7895/0.0000/24.3063 | prototype_bottleneck_strength=0.4000
DEBUG factorized comparison [stage3] | query_norm_mean=1.2457 | key_norm_mean=0.8845 | context_mean=-0.0000 | context_std=0.0894 | context_min=-0.1970 | context_max=0.2582 | total_candidate_weight=336.0000 | spatial_strength=0.0990 | spatial_freq_entropy=2.7726 | spatial_freq_weight_mean=0.6927 | rank=32
DEBUG factorized comparison [stage4] | query_norm_mean=0.8950 | key_norm_mean=0.8969 | context_mean=-0.0000 | context_std=0.0678 | context_min=-0.1544 | context_max=0.1724 | total_candidate_weight=84.0000 | spatial_strength=0.0991 | spatial_freq_entropy=2.7725 | spatial_freq_weight_mean=0.6943 | rank=32
patch-priority map [stage3] | mean=0.062500 | std=0.926660 | min=0.000000 | max=38.281067 | prototype_bottleneck_strength=0.400000 | prototype_to_film_norm_ratio=4.242785
patch-priority map [stage4] | mean=0.062500 | std=0.789542 | min=0.000000 | max=24.306349 | prototype_bottleneck_strength=0.400000 | prototype_to_film_norm_ratio=2.982980
DEBUG visual concept usage [stage1] top 10:
  concept 116: 1562 patches (14.53%)
  concept 251: 874 patches (8.13%)
  concept 104: 740 patches (6.88%)
  concept 14: 549 patches (5.11%)
  concept 358: 515 patches (4.79%)
  concept 97: 477 patches (4.44%)
  concept 256: 462 patches (4.30%)
  concept 45: 429 patches (3.99%)
  concept 148: 367 patches (3.41%)
  concept 249: 360 patches (3.35%)
  normalized usage entropy: 0.8501
DEBUG visual concept usage [stage2] top 10:
  concept 66: 2688 patches (100.00%)
  normalized usage entropy: 0.8279
DEBUG visual concept usage [stage3] top 10:
  concept 278: 355 patches (52.83%)
  concept 35: 225 patches (33.48%)
  concept 96: 64 patches (9.52%)
  concept 206: 10 patches (1.49%)
  concept 51: 9 patches (1.34%)
  concept 213: 7 patches (1.04%)
  concept 261: 2 patches (0.30%)
  normalized usage entropy: 0.6156
DEBUG visual concept usage [stage4] top 10:
  concept 184: 72 patches (42.86%)
  concept 121: 26 patches (15.48%)
  concept 23: 17 patches (10.12%)
  concept 490: 12 patches (7.14%)
  concept 78: 11 patches (6.55%)
  concept 329: 9 patches (5.36%)
  concept 124: 8 patches (4.76%)
  concept 38: 6 patches (3.57%)
  concept 53: 4 patches (2.38%)
  concept 299: 2 patches (1.19%)
  normalized usage entropy: 0.5429
DEBUG pred min/max/mean/std: -3.984375 42.5 -3.265625 3.40625
DEBUG target min/max/mean/std: 0.0 1.0 0.013971354812383652 0.06921093165874481
DEBUG fixation pixels per sample: [228.0, 207.0]
DEBUG fix_batch min/max/mean/std: 0.0 1.0 0.0009440104477107525 0.030710279941558838
DEBUG losses: {'loss_total': -0.186311274766922, 'loss_fid': 32.427345275878906, 'loss_patch_fid': 4.178827285766602, 'loss_dense_fid': 4.046743392944336, 'loss_dense_bce': -0.0, 'loss_dense_kl': 24.20177459716797, 'loss_topk': -0.0, 'loss_delta': -0.0, 'loss_cc': 0.19741451740264893, 'loss_nss': -4.757968425750732, 'loss_sim': 0.40699636936187744, 'loss_concept_dense': 0.0, 'loss_concept_kl': 0.0, 'loss_align': 0.0, 'loss_sparse': 0.0, 'loss_div': 0.0, 'loss_gate': 0.0, 'loss_visual_entropy': 0.5747983455657959, 'loss_visual_equiv': 0.0, 'loss_visual_usage': 0.29089123010635376, 'loss_temporal_attention_entropy': 0.0, 'loss_total_concept': 0.04650042578577995, 'loss_decoder_side_aux': -0.1362287700176239, 'loss_priority_map': 1.0913666486740112, 'loss_priority_map_weighted': 0.109136663377285, 'priority_map_loss': 1.0913666486740112, 'weighted_priority_map_loss': 0.109136663377285, 'loss_priority_map_stage3': 0.8519296646118164, 'loss_priority_map_stage4': 1.330803632736206, 'loss_side_stage4': -0.13659748435020447, 'loss_side_stage3': -0.29953649640083313, 'loss_side_stage2': -0.28951436281204224, 'loss_side_stage1': -0.28009048104286194}
DEBUG decoder visual FiLM [stage1] | film_gamma=unavailable (pass return_decoder_diagnostics=True)
DEBUG decoder visual FiLM [stage2] | film_gamma=unavailable (pass return_decoder_diagnostics=True)
DEBUG decoder visual FiLM [stage3] | film_gamma mean/std/min/max=0.0625/1.1288/0.0000/42.6068 | prototype_bottleneck_strength=0.4000
DEBUG decoder visual FiLM [stage4] | film_gamma mean/std/min/max=0.0625/1.0805/0.0000/36.7811 | prototype_bottleneck_strength=0.4000
DEBUG factorized comparison [stage3] | query_norm_mean=1.1668 | key_norm_mean=0.8421 | context_mean=0.0000 | context_std=0.0840 | context_min=-0.1866 | context_max=0.2612 | total_candidate_weight=336.0000 | spatial_strength=0.0991 | spatial_freq_entropy=2.7726 | spatial_freq_weight_mean=0.6928 | rank=32
DEBUG factorized comparison [stage4] | query_norm_mean=0.8855 | key_norm_mean=0.8892 | context_mean=-0.0000 | context_std=0.0711 | context_min=-0.1498 | context_max=0.2169 | total_candidate_weight=84.0000 | spatial_strength=0.0991 | spatial_freq_entropy=2.7725 | spatial_freq_weight_mean=0.6944 | rank=32
patch-priority map [stage3] | mean=0.062500 | std=1.128789 | min=0.000000 | max=42.606827 | prototype_bottleneck_strength=0.400000 | prototype_to_film_norm_ratio=4.148059
patch-priority map [stage4] | mean=0.062500 | std=1.080473 | min=0.000000 | max=36.781055 | prototype_bottleneck_strength=0.400000 | prototype_to_film_norm_ratio=4.351494
Epoch 37/200
  Mean train loss: 0.229597
  Mean val loss:   0.443352
  Current LR:      4.60e-05
Val metrics   | CC: 0.5336 | SIM: 0.4209 | NSS: 3.0834
  Saved checkpoint: training_outputs/ckpts/20260917_231452/epoch_037.pth
  New best val loss: 0.443352 (saved training_outputs/ckpts/20260917_231452/best_checkpoint.pth)

Epoch 38/200
pred_saliency: shape=(2, 1, 224, 384) min=-3.9844 max=32.0000 mean=-2.8656 std=3.4109
sal_batch: shape=(2, 1, 360, 640) min=0.0000 max=1.0000 mean=0.0192 std=0.0804
DEBUG features_shape: {'stage1': (2, 96, 16, 56, 96), 'stage2': (2, 192, 16, 28, 48), 'stage3': (2, 384, 16, 14, 24), 'stage4': (2, 768, 16, 7, 12)}
DEBUG gate: no gate_debug available. This usually means return_concept_losses=False or lambda_gate=0.
DEBUG decoder visual FiLM [stage1] | film_gamma=unavailable (pass return_decoder_diagnostics=True)
DEBUG decoder visual FiLM [stage2] | film_gamma=unavailable (pass return_decoder_diagnostics=True)
DEBUG decoder visual FiLM [stage3] | film_gamma mean/std/min/max=0.0625/0.7390/0.0000/26.3683 | prototype_bottleneck_strength=0.4000
DEBUG decoder visual FiLM [stage4] | film_gamma mean/std/min/max=0.0625/0.7489/0.0000/21.7084 | prototype_bottleneck_strength=0.4000
DEBUG factorized comparison [stage3] | query_norm_mean=1.1663 | key_norm_mean=0.8427 | context_mean=0.0001 | context_std=0.0855 | context_min=-0.1836 | context_max=0.2612 | total_candidate_weight=336.0000 | spatial_strength=0.0991 | spatial_freq_entropy=2.7726 | spatial_freq_weight_mean=0.6928 | rank=32
DEBUG factorized comparison [stage4] | query_norm_mean=0.8872 | key_norm_mean=0.8915 | context_mean=0.0000 | context_std=0.0736 | context_min=-0.1514 | context_max=0.2139 | total_candidate_weight=84.0000 | spatial_strength=0.0991 | spatial_freq_entropy=2.7725 | spatial_freq_weight_mean=0.6944 | rank=32
patch-priority map [stage3] | mean=0.062500 | std=0.738998 | min=0.000000 | max=26.368338 | prototype_bottleneck_strength=0.400000 | prototype_to_film_norm_ratio=2.809188
patch-priority map [stage4] | mean=0.062500 | std=0.748855 | min=0.000000 | max=21.708351 | prototype_bottleneck_strength=0.400000 | prototype_to_film_norm_ratio=2.866579
DEBUG visual concept usage [stage1] top 10:
  concept 104: 953 patches (8.86%)
  concept 249: 607 patches (5.65%)
  concept 97: 532 patches (4.95%)
  concept 148: 517 patches (4.81%)
  concept 45: 314 patches (2.92%)
  concept 120: 312 patches (2.90%)
  concept 503: 312 patches (2.90%)
  concept 409: 294 patches (2.73%)
  concept 6: 293 patches (2.73%)
  concept 116: 292 patches (2.72%)
  normalized usage entropy: 0.8349
DEBUG visual concept usage [stage2] top 10:
  concept 66: 2688 patches (100.00%)
  normalized usage entropy: 0.8281
DEBUG visual concept usage [stage3] top 10:
  concept 278: 365 patches (54.32%)
  concept 35: 217 patches (32.29%)
  concept 96: 70 patches (10.42%)
  concept 51: 13 patches (1.93%)
  concept 213: 3 patches (0.45%)
  concept 92: 2 patches (0.30%)
  concept 206: 2 patches (0.30%)
  normalized usage entropy: 0.6241
DEBUG visual concept usage [stage4] top 10:
  concept 184: 76 patches (45.24%)
  concept 121: 42 patches (25.00%)
  concept 23: 10 patches (5.95%)
  concept 124: 10 patches (5.95%)
  concept 78: 6 patches (3.57%)
  concept 490: 6 patches (3.57%)
  concept 299: 5 patches (2.98%)
  concept 91: 4 patches (2.38%)
  concept 329: 4 patches (2.38%)
  concept 53: 3 patches (1.79%)
  normalized usage entropy: 0.5514
DEBUG pred min/max/mean/std: -3.984375 32.0 -2.859375 3.40625
DEBUG target min/max/mean/std: 0.0 1.0 0.019177790731191635 0.08035213500261307
DEBUG fixation pixels per sample: [274.0, 223.0]
DEBUG fix_batch min/max/mean/std: 0.0 1.0 0.001078559085726738 0.03282374143600464
DEBUG losses: {'loss_total': 0.4607616364955902, 'loss_fid': 21.82290267944336, 'loss_patch_fid': 4.175022125244141, 'loss_dense_fid': 3.909101963043213, 'loss_dense_bce': -0.0, 'loss_dense_kl': 13.738779067993164, 'loss_topk': -0.0, 'loss_delta': -0.0, 'loss_cc': 0.507317066192627, 'loss_nss': -3.6621580123901367, 'loss_sim': 0.5683626532554626, 'loss_concept_dense': 0.0, 'loss_concept_kl': 0.0, 'loss_align': 0.0, 'loss_sparse': 0.0, 'loss_div': 0.0, 'loss_gate': 0.0, 'loss_visual_entropy': 0.5738179683685303, 'loss_visual_equiv': 0.0, 'loss_visual_usage': 0.29034483432769775, 'loss_temporal_attention_entropy': 0.0, 'loss_total_concept': 0.04784056171774864, 'loss_decoder_side_aux': 0.07354511320590973, 'loss_priority_map': 1.095348596572876, 'loss_priority_map_weighted': 0.1095348596572876, 'priority_map_loss': 1.095348596572876, 'weighted_priority_map_loss': 0.1095348596572876, 'loss_priority_map_stage3': 1.2748665809631348, 'loss_priority_map_stage4': 0.9158307313919067, 'loss_side_stage4': 0.1683269441127777, 'loss_side_stage3': 0.13801038265228271, 'loss_side_stage2': 0.1612975001335144, 'loss_side_stage1': 0.13566550612449646}
DEBUG decoder visual FiLM [stage1] | film_gamma=unavailable (pass return_decoder_diagnostics=True)
DEBUG decoder visual FiLM [stage2] | film_gamma=unavailable (pass return_decoder_diagnostics=True)
DEBUG decoder visual FiLM [stage3] | film_gamma mean/std/min/max=0.0625/1.2679/0.0000/55.6150 | prototype_bottleneck_strength=0.4000
DEBUG decoder visual FiLM [stage4] | film_gamma mean/std/min/max=0.0625/1.1089/0.0000/40.5273 | prototype_bottleneck_strength=0.4000
DEBUG factorized comparison [stage3] | query_norm_mean=1.2098 | key_norm_mean=0.8650 | context_mean=0.0000 | context_std=0.0873 | context_min=-0.2000 | context_max=0.2806 | total_candidate_weight=336.0000 | spatial_strength=0.0990 | spatial_freq_entropy=2.7726 | spatial_freq_weight_mean=0.6928 | rank=32
DEBUG factorized comparison [stage4] | query_norm_mean=0.8964 | key_norm_mean=0.9357 | context_mean=0.0000 | context_std=0.0743 | context_min=-0.1521 | context_max=0.2274 | total_candidate_weight=84.0000 | spatial_strength=0.0990 | spatial_freq_entropy=2.7725 | spatial_freq_weight_mean=0.6944 | rank=32
patch-priority map [stage3] | mean=0.062500 | std=1.267931 | min=0.000000 | max=55.614952 | prototype_bottleneck_strength=0.400000 | prototype_to_film_norm_ratio=5.327390
patch-priority map [stage4] | mean=0.062500 | std=1.108865 | min=0.000000 | max=40.527325 | prototype_bottleneck_strength=0.400000 | prototype_to_film_norm_ratio=5.049030
Epoch 38/200
  Mean train loss: 0.275660
  Mean val loss:   0.439086
  Current LR:      4.58e-05
Val metrics   | CC: 0.5327 | SIM: 0.4258 | NSS: 3.1203
  Saved checkpoint: training_outputs/ckpts/20260917_231452/epoch_038.pth
  New best val loss: 0.439086 (saved training_outputs/ckpts/20260917_231452/best_checkpoint.pth)

Epoch 39/200
pred_saliency: shape=(2, 1, 224, 384) min=-4.0000 max=48.7500 mean=-3.2241 std=3.5332
sal_batch: shape=(2, 1, 360, 640) min=0.0000 max=1.0000 mean=0.0173 std=0.0931
DEBUG features_shape: {'stage1': (2, 96, 16, 56, 96), 'stage2': (2, 192, 16, 28, 48), 'stage3': (2, 384, 16, 14, 24), 'stage4': (2, 768, 16, 7, 12)}
DEBUG gate: no gate_debug available. This usually means return_concept_losses=False or lambda_gate=0.
DEBUG decoder visual FiLM [stage1] | film_gamma=unavailable (pass return_decoder_diagnostics=True)
DEBUG decoder visual FiLM [stage2] | film_gamma=unavailable (pass return_decoder_diagnostics=True)
DEBUG decoder visual FiLM [stage3] | film_gamma mean/std/min/max=0.0625/0.9460/0.0000/43.6869 | prototype_bottleneck_strength=0.4000
DEBUG decoder visual FiLM [stage4] | film_gamma mean/std/min/max=0.0625/0.9786/0.0000/40.3507 | prototype_bottleneck_strength=0.4000
DEBUG factorized comparison [stage3] | query_norm_mean=1.2077 | key_norm_mean=0.8582 | context_mean=0.0001 | context_std=0.0871 | context_min=-0.1940 | context_max=0.2582 | total_candidate_weight=336.0000 | spatial_strength=0.0990 | spatial_freq_entropy=2.7726 | spatial_freq_weight_mean=0.6928 | rank=32
DEBUG factorized comparison [stage4] | query_norm_mean=0.8877 | key_norm_mean=0.9467 | context_mean=0.0001 | context_std=0.0725 | context_min=-0.1483 | context_max=0.1807 | total_candidate_weight=84.0000 | spatial_strength=0.0990 | spatial_freq_entropy=2.7725 | spatial_freq_weight_mean=0.6944 | rank=32
patch-priority map [stage3] | mean=0.062500 | std=0.946004 | min=0.000000 | max=43.686928 | prototype_bottleneck_strength=0.400000 | prototype_to_film_norm_ratio=4.036338
patch-priority map [stage4] | mean=0.062500 | std=0.978598 | min=0.000000 | max=40.350697 | prototype_bottleneck_strength=0.400000 | prototype_to_film_norm_ratio=4.678257
DEBUG visual concept usage [stage1] top 10:
  concept 45: 1311 patches (12.19%)
  concept 104: 1216 patches (11.31%)
  concept 251: 743 patches (6.91%)
  concept 358: 530 patches (4.93%)
  concept 14: 506 patches (4.71%)
  concept 249: 499 patches (4.64%)
  concept 135: 405 patches (3.77%)
  concept 409: 353 patches (3.28%)
  concept 20: 293 patches (2.73%)
  concept 148: 267 patches (2.48%)
  normalized usage entropy: 0.8451
DEBUG visual concept usage [stage2] top 10:
  concept 66: 2688 patches (100.00%)
  normalized usage entropy: 0.8282
DEBUG visual concept usage [stage3] top 10:
  concept 278: 347 patches (51.64%)
  concept 35: 280 patches (41.67%)
  concept 96: 33 patches (4.91%)
  concept 51: 7 patches (1.04%)
  concept 92: 5 patches (0.74%)
  normalized usage entropy: 0.6298
DEBUG visual concept usage [stage4] top 10:
  concept 184: 88 patches (52.38%)
  concept 121: 33 patches (19.64%)
  concept 23: 12 patches (7.14%)
  concept 53: 9 patches (5.36%)
  concept 78: 8 patches (4.76%)
  concept 329: 7 patches (4.17%)
  concept 124: 5 patches (2.98%)
  concept 341: 4 patches (2.38%)
  concept 299: 1 patches (0.60%)
  concept 490: 1 patches (0.60%)
  normalized usage entropy: 0.5336
DEBUG pred min/max/mean/std: -4.0 48.75 -3.21875 3.53125
DEBUG target min/max/mean/std: 0.0 1.0 0.017303138971328735 0.09312594681978226
DEBUG fixation pixels per sample: [111.0, 177.0]
DEBUG fix_batch min/max/mean/std: 0.0 1.0 0.0006249999860301614 0.024992214515805244
DEBUG losses: {'loss_total': -0.5071960687637329, 'loss_fid': 27.55666732788086, 'loss_patch_fid': 4.072525978088379, 'loss_dense_fid': 4.102334976196289, 'loss_dense_bce': -0.0, 'loss_dense_kl': 19.381807327270508, 'loss_topk': -0.0, 'loss_delta': -0.0, 'loss_cc': 0.12379670143127441, 'loss_nss': -5.70741605758667, 'loss_sim': 0.27443039417266846, 'loss_concept_dense': 0.0, 'loss_concept_kl': 0.0, 'loss_align': 0.0, 'loss_sparse': 0.0, 'loss_div': 0.0, 'loss_gate': 0.0, 'loss_visual_entropy': 0.5775507688522339, 'loss_visual_equiv': 0.0, 'loss_visual_usage': 0.2908302843570709, 'loss_temporal_attention_entropy': 0.0, 'loss_total_concept': 0.0457281619310379, 'loss_decoder_side_aux': -0.2214464396238327, 'loss_priority_map': 0.5605330467224121, 'loss_priority_map_weighted': 0.05605330690741539, 'priority_map_loss': 0.5605330467224121, 'weighted_priority_map_loss': 0.05605330690741539, 'loss_priority_map_stage3': 0.5935864448547363, 'loss_priority_map_stage4': 0.5274796485900879, 'loss_side_stage4': -0.4751659631729126, 'loss_side_stage3': -0.43835073709487915, 'loss_side_stage2': -0.43283021450042725, 'loss_side_stage1': -0.44464266300201416}
DEBUG decoder visual FiLM [stage1] | film_gamma=unavailable (pass return_decoder_diagnostics=True)
DEBUG decoder visual FiLM [stage2] | film_gamma=unavailable (pass return_decoder_diagnostics=True)
DEBUG decoder visual FiLM [stage3] | film_gamma mean/std/min/max=0.0625/1.0529/0.0000/38.8701 | prototype_bottleneck_strength=0.4000
DEBUG decoder visual FiLM [stage4] | film_gamma mean/std/min/max=0.0625/1.1521/0.0000/39.3273 | prototype_bottleneck_strength=0.4000
DEBUG factorized comparison [stage3] | query_norm_mean=1.1634 | key_norm_mean=0.8506 | context_mean=-0.0000 | context_std=0.0840 | context_min=-0.1903 | context_max=0.2448 | total_candidate_weight=336.0000 | spatial_strength=0.0991 | spatial_freq_entropy=2.7726 | spatial_freq_weight_mean=0.6929 | rank=32
DEBUG factorized comparison [stage4] | query_norm_mean=0.8783 | key_norm_mean=0.9445 | context_mean=0.0001 | context_std=0.0683 | context_min=-0.1431 | context_max=0.2169 | total_candidate_weight=84.0000 | spatial_strength=0.0990 | spatial_freq_entropy=2.7725 | spatial_freq_weight_mean=0.6944 | rank=32
patch-priority map [stage3] | mean=0.062500 | std=1.052925 | min=0.000000 | max=38.870098 | prototype_bottleneck_strength=0.400000 | prototype_to_film_norm_ratio=3.639467
patch-priority map [stage4] | mean=0.062500 | std=1.152118 | min=0.000000 | max=39.327251 | prototype_bottleneck_strength=0.400000 | prototype_to_film_norm_ratio=6.068703
Epoch 39/200
  Mean train loss: 0.253870
  Mean val loss:   0.432629
  Current LR:      4.55e-05
Val metrics   | CC: 0.5387 | SIM: 0.4283 | NSS: 3.1241
  Saved checkpoint: training_outputs/ckpts/20260917_231452/epoch_039.pth
  New best val loss: 0.432629 (saved training_outputs/ckpts/20260917_231452/best_checkpoint.pth)

Epoch 40/200
pred_saliency: shape=(2, 1, 224, 384) min=-4.0000 max=48.2500 mean=-3.2957 std=3.5679
sal_batch: shape=(2, 1, 360, 640) min=0.0000 max=1.0000 mean=0.0229 std=0.1001
DEBUG features_shape: {'stage1': (2, 96, 16, 56, 96), 'stage2': (2, 192, 16, 28, 48), 'stage3': (2, 384, 16, 14, 24), 'stage4': (2, 768, 16, 7, 12)}
DEBUG gate: no gate_debug available. This usually means return_concept_losses=False or lambda_gate=0.
DEBUG decoder visual FiLM [stage1] | film_gamma=unavailable (pass return_decoder_diagnostics=True)
DEBUG decoder visual FiLM [stage2] | film_gamma=unavailable (pass return_decoder_diagnostics=True)
DEBUG decoder visual FiLM [stage3] | film_gamma mean/std/min/max=0.0625/0.9377/0.0000/44.5078 | prototype_bottleneck_strength=0.4000
DEBUG decoder visual FiLM [stage4] | film_gamma mean/std/min/max=0.0625/1.1219/0.0000/42.7843 | prototype_bottleneck_strength=0.4000
DEBUG factorized comparison [stage3] | query_norm_mean=1.1630 | key_norm_mean=0.8518 | context_mean=-0.0000 | context_std=0.0886 | context_min=-0.1858 | context_max=0.2612 | total_candidate_weight=336.0000 | spatial_strength=0.0991 | spatial_freq_entropy=2.7726 | spatial_freq_weight_mean=0.6929 | rank=32
DEBUG factorized comparison [stage4] | query_norm_mean=0.8779 | key_norm_mean=0.9506 | context_mean=-0.0000 | context_std=0.0689 | context_min=-0.1408 | context_max=0.2123 | total_candidate_weight=84.0000 | spatial_strength=0.0990 | spatial_freq_entropy=2.7725 | spatial_freq_weight_mean=0.6944 | rank=32
patch-priority map [stage3] | mean=0.062500 | std=0.937692 | min=0.000000 | max=44.507801 | prototype_bottleneck_strength=0.400000 | prototype_to_film_norm_ratio=4.334788
patch-priority map [stage4] | mean=0.062500 | std=1.121885 | min=0.000000 | max=42.784283 | prototype_bottleneck_strength=0.400000 | prototype_to_film_norm_ratio=5.167497
DEBUG visual concept usage [stage1] top 10:
  concept 14: 902 patches (8.39%)
  concept 104: 822 patches (7.65%)
  concept 428: 785 patches (7.30%)
  concept 45: 639 patches (5.94%)
  concept 249: 517 patches (4.81%)
  concept 135: 489 patches (4.55%)
  concept 256: 464 patches (4.32%)
  concept 251: 431 patches (4.01%)
  concept 245: 370 patches (3.44%)
  concept 390: 342 patches (3.18%)
  normalized usage entropy: 0.8382
DEBUG visual concept usage [stage2] top 10:
  concept 66: 2688 patches (100.00%)
  normalized usage entropy: 0.8280
DEBUG visual concept usage [stage3] top 10:
  concept 35: 306 patches (45.54%)
  concept 278: 303 patches (45.09%)
  concept 96: 51 patches (7.59%)
  concept 92: 6 patches (0.89%)
  concept 51: 2 patches (0.30%)
  concept 261: 2 patches (0.30%)
  concept 206: 1 patches (0.15%)
  concept 213: 1 patches (0.15%)
  normalized usage entropy: 0.6396
DEBUG visual concept usage [stage4] top 10:
  concept 184: 94 patches (55.95%)
  concept 121: 18 patches (10.71%)
  concept 341: 18 patches (10.71%)
  concept 23: 10 patches (5.95%)
  concept 53: 8 patches (4.76%)
  concept 78: 6 patches (3.57%)
  concept 124: 5 patches (2.98%)
  concept 329: 5 patches (2.98%)
  concept 490: 4 patches (2.38%)
  normalized usage entropy: 0.5374
DEBUG pred min/max/mean/std: -4.0 48.25 -3.296875 3.5625
DEBUG target min/max/mean/std: 0.0 1.0 0.022927867248654366 0.10011668503284454
DEBUG fixation pixels per sample: [245.0, 135.0]
DEBUG fix_batch min/max/mean/std: 0.0 1.0 0.0008246527868323028 0.02870495617389679
DEBUG losses: {'loss_total': 0.11758589744567871, 'loss_fid': 40.083984375, 'loss_patch_fid': 4.102574825286865, 'loss_dense_fid': 4.1244730949401855, 'loss_dense_bce': -0.0, 'loss_dense_kl': 31.856935501098633, 'loss_topk': -0.0, 'loss_delta': -0.0, 'loss_cc': 0.3010268211364746, 'loss_nss': -3.6029586791992188, 'loss_sim': 0.42899852991104126, 'loss_concept_dense': 0.0, 'loss_concept_kl': 0.0, 'loss_align': 0.0, 'loss_sparse': 0.0, 'loss_div': 0.0, 'loss_gate': 0.0, 'loss_visual_entropy': 0.5799685716629028, 'loss_visual_equiv': 0.0, 'loss_visual_usage': 0.2891908288002014, 'loss_temporal_attention_entropy': 0.0, 'loss_total_concept': 0.04680733382701874, 'loss_decoder_side_aux': -0.029986713081598282, 'loss_priority_map': 0.8531553745269775, 'loss_priority_map_weighted': 0.08531554043292999, 'priority_map_loss': 0.8531553745269775, 'weighted_priority_map_loss': 0.08531554043292999, 'loss_priority_map_stage3': 0.7702457308769226, 'loss_priority_map_stage4': 0.9360650777816772, 'loss_side_stage4': -0.0797097384929657, 'loss_side_stage3': -0.04773983359336853, 'loss_side_stage2': -0.059718817472457886, 'loss_side_stage1': -0.06134709715843201}
DEBUG decoder visual FiLM [stage1] | film_gamma=unavailable (pass return_decoder_diagnostics=True)
DEBUG decoder visual FiLM [stage2] | film_gamma=unavailable (pass return_decoder_diagnostics=True)
DEBUG decoder visual FiLM [stage3] | film_gamma mean/std/min/max=0.0625/1.1802/0.0000/46.5443 | prototype_bottleneck_strength=0.4000
DEBUG decoder visual FiLM [stage4] | film_gamma mean/std/min/max=0.0625/1.3540/0.0000/50.9855 | prototype_bottleneck_strength=0.4000
DEBUG factorized comparison [stage3] | query_norm_mean=1.2665 | key_norm_mean=0.8993 | context_mean=0.0000 | context_std=0.0944 | context_min=-0.2164 | context_max=0.2910 | total_candidate_weight=336.0000 | spatial_strength=0.0990 | spatial_freq_entropy=2.7726 | spatial_freq_weight_mean=0.6928 | rank=32
DEBUG factorized comparison [stage4] | query_norm_mean=0.8916 | key_norm_mean=0.9517 | context_mean=0.0000 | context_std=0.0750 | context_min=-0.1514 | context_max=0.2455 | total_candidate_weight=84.0000 | spatial_strength=0.0990 | spatial_freq_entropy=2.7725 | spatial_freq_weight_mean=0.6944 | rank=32
patch-priority map [stage3] | mean=0.062500 | std=1.180159 | min=0.000000 | max=46.544323 | prototype_bottleneck_strength=0.400000 | prototype_to_film_norm_ratio=4.549534
patch-priority map [stage4] | mean=0.062500 | std=1.353998 | min=0.000000 | max=50.985489 | prototype_bottleneck_strength=0.400000 | prototype_to_film_norm_ratio=7.882156
Epoch 40/200
  Mean train loss: 0.229174
  Mean val loss:   0.445104
  Current LR:      4.53e-05
Val metrics   | CC: 0.5310 | SIM: 0.4243 | NSS: 3.0903
  Saved checkpoint: training_outputs/ckpts/20260917_231452/epoch_040.pth

Epoch 41/200
pred_saliency: shape=(2, 1, 224, 384) min=-4.0000 max=48.2500 mean=-3.2753 std=3.5983
sal_batch: shape=(2, 1, 360, 640) min=0.0000 max=1.0000 mean=0.0147 std=0.0835
DEBUG features_shape: {'stage1': (2, 96, 16, 56, 96), 'stage2': (2, 192, 16, 28, 48), 'stage3': (2, 384, 16, 14, 24), 'stage4': (2, 768, 16, 7, 12)}
DEBUG gate: no gate_debug available. This usually means return_concept_losses=False or lambda_gate=0.
DEBUG decoder visual FiLM [stage1] | film_gamma=unavailable (pass return_decoder_diagnostics=True)
DEBUG decoder visual FiLM [stage2] | film_gamma=unavailable (pass return_decoder_diagnostics=True)
DEBUG decoder visual FiLM [stage3] | film_gamma mean/std/min/max=0.0625/1.0068/0.0000/44.7467 | prototype_bottleneck_strength=0.4000
DEBUG decoder visual FiLM [stage4] | film_gamma mean/std/min/max=0.0625/1.0343/0.0000/30.5020 | prototype_bottleneck_strength=0.4000
DEBUG factorized comparison [stage3] | query_norm_mean=1.2650 | key_norm_mean=0.8947 | context_mean=0.0000 | context_std=0.0959 | context_min=-0.2149 | context_max=0.2597 | total_candidate_weight=336.0000 | spatial_strength=0.0990 | spatial_freq_entropy=2.7726 | spatial_freq_weight_mean=0.6928 | rank=32
DEBUG factorized comparison [stage4] | query_norm_mean=0.8842 | key_norm_mean=0.9615 | context_mean=0.0000 | context_std=0.0720 | context_min=-0.1521 | context_max=0.2154 | total_candidate_weight=84.0000 | spatial_strength=0.0990 | spatial_freq_entropy=2.7725 | spatial_freq_weight_mean=0.6944 | rank=32
patch-priority map [stage3] | mean=0.062500 | std=1.006843 | min=0.000000 | max=44.746704 | prototype_bottleneck_strength=0.400000 | prototype_to_film_norm_ratio=4.037385
patch-priority map [stage4] | mean=0.062500 | std=1.034279 | min=0.000000 | max=30.501961 | prototype_bottleneck_strength=0.400000 | prototype_to_film_norm_ratio=4.387162
DEBUG visual concept usage [stage1] top 10:
  concept 14: 1122 patches (10.44%)
  concept 104: 651 patches (6.05%)
  concept 116: 540 patches (5.02%)
  concept 442: 534 patches (4.97%)
  concept 249: 464 patches (4.32%)
  concept 245: 461 patches (4.29%)
  concept 30: 449 patches (4.18%)
  concept 428: 369 patches (3.43%)
  concept 390: 363 patches (3.38%)
  concept 256: 338 patches (3.14%)
  normalized usage entropy: 0.8416
DEBUG visual concept usage [stage2] top 10:
  concept 66: 2688 patches (100.00%)
  normalized usage entropy: 0.8283
DEBUG visual concept usage [stage3] top 10:
  concept 278: 371 patches (55.21%)
  concept 35: 253 patches (37.65%)
  concept 96: 40 patches (5.95%)
  concept 51: 5 patches (0.74%)
  concept 92: 3 patches (0.45%)
  normalized usage entropy: 0.6345
DEBUG visual concept usage [stage4] top 10:
  concept 184: 89 patches (52.98%)
  concept 341: 26 patches (15.48%)
  concept 121: 19 patches (11.31%)
  concept 329: 10 patches (5.95%)
  concept 53: 9 patches (5.36%)
  concept 23: 8 patches (4.76%)
  concept 78: 4 patches (2.38%)
  concept 91: 1 patches (0.60%)
  concept 299: 1 patches (0.60%)
  concept 490: 1 patches (0.60%)
  normalized usage entropy: 0.5450
DEBUG pred min/max/mean/std: -4.0 48.25 -3.28125 3.59375
DEBUG target min/max/mean/std: 0.0 1.0 0.014665032736957073 0.08346188068389893
DEBUG fixation pixels per sample: [113.0, 161.0]
DEBUG fix_batch min/max/mean/std: 0.0 1.0 0.0005946180899627507 0.02437756583094597
DEBUG losses: {'loss_total': -0.4975565969944, 'loss_fid': 32.26349639892578, 'loss_patch_fid': 4.184596538543701, 'loss_dense_fid': 4.086375713348389, 'loss_dense_bce': -0.0, 'loss_dense_kl': 23.992523193359375, 'loss_topk': -0.0, 'loss_delta': -0.0, 'loss_cc': 0.12072288990020752, 'loss_nss': -6.047867298126221, 'loss_sim': 0.3267248868942261, 'loss_concept_dense': 0.0, 'loss_concept_kl': 0.0, 'loss_align': 0.0, 'loss_sparse': 0.0, 'loss_div': 0.0, 'loss_gate': 0.0, 'loss_visual_entropy': 0.5789099931716919, 'loss_visual_equiv': 0.0, 'loss_visual_usage': 0.28766918182373047, 'loss_temporal_attention_entropy': 0.0, 'loss_total_concept': 0.04542531818151474, 'loss_decoder_side_aux': -0.23263251781463623, 'loss_priority_map': 1.0938050746917725, 'loss_priority_map_weighted': 0.10938050597906113, 'priority_map_loss': 1.0938050746917725, 'weighted_priority_map_loss': 0.10938050597906113, 'loss_priority_map_stage3': 0.8877884149551392, 'loss_priority_map_stage4': 1.2998218536376953, 'loss_side_stage4': -0.34448981285095215, 'loss_side_stage3': -0.48008567094802856, 'loss_side_stage2': -0.47238194942474365, 'loss_side_stage1': -0.4827107787132263}
DEBUG decoder visual FiLM [stage1] | film_gamma=unavailable (pass return_decoder_diagnostics=True)
DEBUG decoder visual FiLM [stage2] | film_gamma=unavailable (pass return_decoder_diagnostics=True)
DEBUG decoder visual FiLM [stage3] | film_gamma mean/std/min/max=0.0625/1.1680/0.0000/55.8264 | prototype_bottleneck_strength=0.4000
DEBUG decoder visual FiLM [stage4] | film_gamma mean/std/min/max=0.0625/1.1818/0.0000/44.6638 | prototype_bottleneck_strength=0.4000
DEBUG factorized comparison [stage3] | query_norm_mean=1.2263 | key_norm_mean=0.8772 | context_mean=0.0000 | context_std=0.0892 | context_min=-0.2104 | context_max=0.2716 | total_candidate_weight=336.0000 | spatial_strength=0.0990 | spatial_freq_entropy=2.7726 | spatial_freq_weight_mean=0.6929 | rank=32
DEBUG factorized comparison [stage4] | query_norm_mean=0.8675 | key_norm_mean=0.9038 | context_mean=-0.0000 | context_std=0.0676 | context_min=-0.1446 | context_max=0.2214 | total_candidate_weight=84.0000 | spatial_strength=0.0991 | spatial_freq_entropy=2.7725 | spatial_freq_weight_mean=0.6946 | rank=32
patch-priority map [stage3] | mean=0.062500 | std=1.167989 | min=0.000000 | max=55.826355 | prototype_bottleneck_strength=0.400000 | prototype_to_film_norm_ratio=3.844292
patch-priority map [stage4] | mean=0.062500 | std=1.181792 | min=0.000000 | max=44.663826 | prototype_bottleneck_strength=0.400000 | prototype_to_film_norm_ratio=5.819538
Epoch 41/200
  Mean train loss: 0.238659
  Mean val loss:   0.440458
  Current LR:      4.51e-05
Val metrics   | CC: 0.5330 | SIM: 0.4261 | NSS: 3.1111
  Saved checkpoint: training_outputs/ckpts/20260917_231452/epoch_041.pth

Epoch 42/200
pred_saliency: shape=(2, 1, 224, 384) min=-4.0000 max=42.7500 mean=-3.0533 std=3.4811
sal_batch: shape=(2, 1, 360, 640) min=0.0000 max=1.0000 mean=0.0132 std=0.0739
DEBUG features_shape: {'stage1': (2, 96, 16, 56, 96), 'stage2': (2, 192, 16, 28, 48), 'stage3': (2, 384, 16, 14, 24), 'stage4': (2, 768, 16, 7, 12)}
DEBUG gate: no gate_debug available. This usually means return_concept_losses=False or lambda_gate=0.
DEBUG decoder visual FiLM [stage1] | film_gamma=unavailable (pass return_decoder_diagnostics=True)
DEBUG decoder visual FiLM [stage2] | film_gamma=unavailable (pass return_decoder_diagnostics=True)
DEBUG decoder visual FiLM [stage3] | film_gamma mean/std/min/max=0.0625/0.9824/0.0000/59.5670 | prototype_bottleneck_strength=0.4000
DEBUG decoder visual FiLM [stage4] | film_gamma mean/std/min/max=0.0625/0.8010/0.0000/19.7857 | prototype_bottleneck_strength=0.4000
DEBUG factorized comparison [stage3] | query_norm_mean=1.2250 | key_norm_mean=0.8787 | context_mean=-0.0000 | context_std=0.0944 | context_min=-0.2045 | context_max=0.2791 | total_candidate_weight=336.0000 | spatial_strength=0.0990 | spatial_freq_entropy=2.7726 | spatial_freq_weight_mean=0.6929 | rank=32
DEBUG factorized comparison [stage4] | query_norm_mean=0.8672 | key_norm_mean=0.9129 | context_mean=-0.0000 | context_std=0.0706 | context_min=-0.1461 | context_max=0.1777 | total_candidate_weight=84.0000 | spatial_strength=0.0991 | spatial_freq_entropy=2.7725 | spatial_freq_weight_mean=0.6946 | rank=32
patch-priority map [stage3] | mean=0.062500 | std=0.982373 | min=0.000000 | max=59.567047 | prototype_bottleneck_strength=0.400000 | prototype_to_film_norm_ratio=3.112114
patch-priority map [stage4] | mean=0.062500 | std=0.800971 | min=0.000000 | max=19.785725 | prototype_bottleneck_strength=0.400000 | prototype_to_film_norm_ratio=2.860556
DEBUG visual concept usage [stage1] top 10:
  concept 442: 619 patches (5.76%)
  concept 104: 606 patches (5.64%)
  concept 251: 552 patches (5.13%)
  concept 45: 550 patches (5.12%)
  concept 135: 381 patches (3.54%)
  concept 256: 344 patches (3.20%)
  concept 249: 314 patches (2.92%)
  concept 409: 308 patches (2.86%)
  concept 428: 308 patches (2.86%)
  concept 148: 284 patches (2.64%)
  normalized usage entropy: 0.8550
DEBUG visual concept usage [stage2] top 10:
  concept 66: 2688 patches (100.00%)
  normalized usage entropy: 0.8282
DEBUG visual concept usage [stage3] top 10:
  concept 278: 359 patches (53.42%)
  concept 35: 255 patches (37.95%)
  concept 96: 24 patches (3.57%)
  concept 51: 22 patches (3.27%)
  concept 92: 11 patches (1.64%)
  concept 261: 1 patches (0.15%)
  normalized usage entropy: 0.6407
DEBUG visual concept usage [stage4] top 10:
  concept 184: 87 patches (51.79%)
  concept 121: 33 patches (19.64%)
  concept 341: 21 patches (12.50%)
  concept 53: 7 patches (4.17%)
  concept 329: 7 patches (4.17%)
  concept 299: 5 patches (2.98%)
  concept 78: 4 patches (2.38%)
  concept 23: 3 patches (1.79%)
  concept 322: 1 patches (0.60%)
  normalized usage entropy: 0.5458
DEBUG pred min/max/mean/std: -4.0 42.75 -3.046875 3.484375
DEBUG target min/max/mean/std: 0.0 1.0 0.013203950598835945 0.07390079647302628
DEBUG fixation pixels per sample: [102.0, 149.0]
DEBUG fix_batch min/max/mean/std: 0.0 1.0 0.0005447048461064696 0.02333258092403412
DEBUG losses: {'loss_total': 0.09245943278074265, 'loss_fid': 27.814132690429688, 'loss_patch_fid': 4.083372592926025, 'loss_dense_fid': 3.992612600326538, 'loss_dense_bce': -0.0, 'loss_dense_kl': 19.738147735595703, 'loss_topk': -0.0, 'loss_delta': -0.0, 'loss_cc': 0.3569185733795166, 'loss_nss': -4.430472373962402, 'loss_sim': 0.5470268130302429, 'loss_concept_dense': 0.0, 'loss_concept_kl': 0.0, 'loss_align': 0.0, 'loss_sparse': 0.0, 'loss_div': 0.0, 'loss_gate': 0.0, 'loss_visual_entropy': 0.5796457529067993, 'loss_visual_equiv': 0.0, 'loss_visual_usage': 0.2825823128223419, 'loss_temporal_attention_entropy': 0.0, 'loss_total_concept': 0.04503489285707474, 'loss_decoder_side_aux': -0.04464647173881531, 'loss_priority_map': 0.9234054684638977, 'loss_priority_map_weighted': 0.09234055131673813, 'priority_map_loss': 0.9234054684638977, 'weighted_priority_map_loss': 0.09234055131673813, 'loss_priority_map_stage3': 1.1547026634216309, 'loss_priority_map_stage4': 0.6921082735061646, 'loss_side_stage4': -0.1034858226776123, 'loss_side_stage3': -0.08497849106788635, 'loss_side_stage2': -0.09399658441543579, 'loss_side_stage1': -0.08437421917915344}
DEBUG decoder visual FiLM [stage1] | film_gamma=unavailable (pass return_decoder_diagnostics=True)
DEBUG decoder visual FiLM [stage2] | film_gamma=unavailable (pass return_decoder_diagnostics=True)
DEBUG decoder visual FiLM [stage3] | film_gamma mean/std/min/max=0.0625/0.9953/0.0000/38.1995 | prototype_bottleneck_strength=0.4000
DEBUG decoder visual FiLM [stage4] | film_gamma mean/std/min/max=0.0625/1.0354/0.0000/35.5476 | prototype_bottleneck_strength=0.4000
DEBUG factorized comparison [stage3] | query_norm_mean=1.2797 | key_norm_mean=0.9054 | context_mean=0.0000 | context_std=0.0983 | context_min=-0.2313 | context_max=0.2806 | total_candidate_weight=336.0000 | spatial_strength=0.0990 | spatial_freq_entropy=2.7726 | spatial_freq_weight_mean=0.6928 | rank=32
DEBUG factorized comparison [stage4] | query_norm_mean=0.8632 | key_norm_mean=0.8938 | context_mean=0.0000 | context_std=0.0704 | context_min=-0.1521 | context_max=0.2093 | total_candidate_weight=84.0000 | spatial_strength=0.0991 | spatial_freq_entropy=2.7725 | spatial_freq_weight_mean=0.6947 | rank=32
patch-priority map [stage3] | mean=0.062500 | std=0.995296 | min=0.000000 | max=38.199455 | prototype_bottleneck_strength=0.400000 | prototype_to_film_norm_ratio=2.827959
patch-priority map [stage4] | mean=0.062500 | std=1.035390 | min=0.000000 | max=35.547630 | prototype_bottleneck_strength=0.400000 | prototype_to_film_norm_ratio=4.895312
Epoch 42/200
  Mean train loss: 0.210586
  Mean val loss:   0.435221
  Current LR:      4.49e-05
Val metrics   | CC: 0.5376 | SIM: 0.4216 | NSS: 3.1185
  Saved checkpoint: training_outputs/ckpts/20260917_231452/epoch_042.pth

Epoch 43/200
pred_saliency: shape=(2, 1, 224, 384) min=-4.0000 max=44.7500 mean=-2.9860 std=3.4678
sal_batch: shape=(2, 1, 360, 640) min=0.0000 max=1.0000 mean=0.0146 std=0.0675
DEBUG features_shape: {'stage1': (2, 96, 16, 56, 96), 'stage2': (2, 192, 16, 28, 48), 'stage3': (2, 384, 16, 14, 24), 'stage4': (2, 768, 16, 7, 12)}
DEBUG gate: no gate_debug available. This usually means return_concept_losses=False or lambda_gate=0.
DEBUG decoder visual FiLM [stage1] | film_gamma=unavailable (pass return_decoder_diagnostics=True)
DEBUG decoder visual FiLM [stage2] | film_gamma=unavailable (pass return_decoder_diagnostics=True)
DEBUG decoder visual FiLM [stage3] | film_gamma mean/std/min/max=0.0625/0.8975/0.0000/50.7698 | prototype_bottleneck_strength=0.4000
DEBUG decoder visual FiLM [stage4] | film_gamma mean/std/min/max=0.0625/0.9999/0.0000/44.7498 | prototype_bottleneck_strength=0.4000
DEBUG factorized comparison [stage3] | query_norm_mean=1.2752 | key_norm_mean=0.8873 | context_mean=0.0000 | context_std=0.0945 | context_min=-0.2164 | context_max=0.2746 | total_candidate_weight=336.0000 | spatial_strength=0.0990 | spatial_freq_entropy=2.7726 | spatial_freq_weight_mean=0.6928 | rank=32
DEBUG factorized comparison [stage4] | query_norm_mean=0.8554 | key_norm_mean=0.9103 | context_mean=0.0000 | context_std=0.0691 | context_min=-0.1514 | context_max=0.2139 | total_candidate_weight=84.0000 | spatial_strength=0.0991 | spatial_freq_entropy=2.7725 | spatial_freq_weight_mean=0.6947 | rank=32
patch-priority map [stage3] | mean=0.062500 | std=0.897475 | min=0.000000 | max=50.769753 | prototype_bottleneck_strength=0.400000 | prototype_to_film_norm_ratio=3.387626
patch-priority map [stage4] | mean=0.062500 | std=0.999871 | min=0.000000 | max=44.749763 | prototype_bottleneck_strength=0.400000 | prototype_to_film_norm_ratio=3.326044
DEBUG visual concept usage [stage1] top 10:
  concept 428: 1062 patches (9.88%)
  concept 104: 802 patches (7.46%)
  concept 135: 660 patches (6.14%)
  concept 138: 624 patches (5.80%)
  concept 256: 598 patches (5.56%)
  concept 45: 461 patches (4.29%)
  concept 60: 413 patches (3.84%)
  concept 14: 389 patches (3.62%)
  concept 168: 367 patches (3.41%)
  concept 249: 335 patches (3.12%)
  normalized usage entropy: 0.8345
DEBUG visual concept usage [stage2] top 10:
  concept 66: 2688 patches (100.00%)
  normalized usage entropy: 0.8283
DEBUG visual concept usage [stage3] top 10:
  concept 278: 328 patches (48.81%)
  concept 35: 302 patches (44.94%)
  concept 51: 21 patches (3.12%)
  concept 96: 14 patches (2.08%)
  concept 92: 7 patches (1.04%)
  normalized usage entropy: 0.6389
DEBUG visual concept usage [stage4] top 10:
  concept 184: 92 patches (54.76%)
  concept 121: 22 patches (13.10%)
  concept 341: 20 patches (11.90%)
  concept 53: 11 patches (6.55%)
  concept 124: 6 patches (3.57%)
  concept 78: 4 patches (2.38%)
  concept 23: 3 patches (1.79%)
  concept 329: 3 patches (1.79%)
  concept 299: 2 patches (1.19%)
  concept 38: 1 patches (0.60%)
  normalized usage entropy: 0.5533
DEBUG pred min/max/mean/std: -4.0 44.75 -2.984375 3.46875
DEBUG target min/max/mean/std: 0.0 1.0 0.014587674289941788 0.067507803440094
DEBUG fixation pixels per sample: [259.0, 194.0]
DEBUG fix_batch min/max/mean/std: 0.0 1.0 0.0009830729104578495 0.031338609755039215
DEBUG losses: {'loss_total': 0.26687002182006836, 'loss_fid': 27.95629119873047, 'loss_patch_fid': 3.9898595809936523, 'loss_dense_fid': 3.962510347366333, 'loss_dense_bce': -0.0, 'loss_dense_kl': 20.003921508789062, 'loss_topk': -0.0, 'loss_delta': -0.0, 'loss_cc': 0.35444343090057373, 'loss_nss': -3.6022987365722656, 'loss_sim': 0.4980267882347107, 'loss_concept_dense': 0.0, 'loss_concept_kl': 0.0, 'loss_align': 0.0, 'loss_sparse': 0.0, 'loss_div': 0.0, 'loss_gate': 0.0, 'loss_visual_entropy': 0.5854915380477905, 'loss_visual_equiv': 0.0, 'loss_visual_usage': 0.2862534523010254, 'loss_temporal_attention_entropy': 0.0, 'loss_total_concept': 0.04555419087409973, 'loss_decoder_side_aux': 0.00021742144599556923, 'loss_priority_map': 1.4552937746047974, 'loss_priority_map_weighted': 0.1455293744802475, 'priority_map_loss': 1.4552937746047974, 'weighted_priority_map_loss': 0.1455293744802475, 'loss_priority_map_stage3': 1.4703401327133179, 'loss_priority_map_stage4': 1.4402474164962769, 'loss_side_stage4': 0.06813067197799683, 'loss_side_stage3': -0.004057705402374268, 'loss_side_stage2': -0.011406511068344116, 'loss_side_stage1': -0.005361825227737427}
DEBUG decoder visual FiLM [stage1] | film_gamma=unavailable (pass return_decoder_diagnostics=True)
DEBUG decoder visual FiLM [stage2] | film_gamma=unavailable (pass return_decoder_diagnostics=True)
DEBUG decoder visual FiLM [stage3] | film_gamma mean/std/min/max=0.0625/1.0055/0.0000/44.8779 | prototype_bottleneck_strength=0.4000
DEBUG decoder visual FiLM [stage4] | film_gamma mean/std/min/max=0.0625/0.8573/0.0000/27.5450 | prototype_bottleneck_strength=0.4000
DEBUG factorized comparison [stage3] | query_norm_mean=1.2614 | key_norm_mean=0.8850 | context_mean=0.0000 | context_std=0.0959 | context_min=-0.2209 | context_max=0.2672 | total_candidate_weight=336.0000 | spatial_strength=0.0990 | spatial_freq_entropy=2.7726 | spatial_freq_weight_mean=0.6929 | rank=32
DEBUG factorized comparison [stage4] | query_norm_mean=0.8541 | key_norm_mean=0.8454 | context_mean=0.0001 | context_std=0.0676 | context_min=-0.1468 | context_max=0.1807 | total_candidate_weight=84.0000 | spatial_strength=0.0991 | spatial_freq_entropy=2.7725 | spatial_freq_weight_mean=0.6948 | rank=32
patch-priority map [stage3] | mean=0.062500 | std=1.005520 | min=0.000000 | max=44.877926 | prototype_bottleneck_strength=0.400000 | prototype_to_film_norm_ratio=3.578099
patch-priority map [stage4] | mean=0.062500 | std=0.857295 | min=0.000000 | max=27.545004 | prototype_bottleneck_strength=0.400000 | prototype_to_film_norm_ratio=3.482184
Epoch 43/200
  Mean train loss: 0.230202
  Mean val loss:   0.434086
  Current LR:      4.46e-05
Val metrics   | CC: 0.5405 | SIM: 0.4107 | NSS: 3.0767
  Saved checkpoint: training_outputs/ckpts/20260917_231452/epoch_043.pth

Epoch 44/200
pred_saliency: shape=(2, 1, 224, 384) min=-4.0000 max=31.8750 mean=-3.0229 std=3.4783
sal_batch: shape=(2, 1, 360, 640) min=0.0000 max=1.0000 mean=0.0145 std=0.0801
DEBUG features_shape: {'stage1': (2, 96, 16, 56, 96), 'stage2': (2, 192, 16, 28, 48), 'stage3': (2, 384, 16, 14, 24), 'stage4': (2, 768, 16, 7, 12)}
DEBUG gate: no gate_debug available. This usually means return_concept_losses=False or lambda_gate=0.
DEBUG decoder visual FiLM [stage1] | film_gamma=unavailable (pass return_decoder_diagnostics=True)
DEBUG decoder visual FiLM [stage2] | film_gamma=unavailable (pass return_decoder_diagnostics=True)
DEBUG decoder visual FiLM [stage3] | film_gamma mean/std/min/max=0.0625/0.9112/0.0000/29.6324 | prototype_bottleneck_strength=0.4000
DEBUG decoder visual FiLM [stage4] | film_gamma mean/std/min/max=0.0625/0.8195/0.0000/23.5435 | prototype_bottleneck_strength=0.4000
DEBUG factorized comparison [stage3] | query_norm_mean=1.2587 | key_norm_mean=0.8824 | context_mean=0.0001 | context_std=0.0993 | context_min=-0.2134 | context_max=0.2761 | total_candidate_weight=336.0000 | spatial_strength=0.0990 | spatial_freq_entropy=2.7726 | spatial_freq_weight_mean=0.6929 | rank=32
DEBUG factorized comparison [stage4] | query_norm_mean=0.8510 | key_norm_mean=0.8596 | context_mean=-0.0000 | context_std=0.0709 | context_min=-0.1446 | context_max=0.1747 | total_candidate_weight=84.0000 | spatial_strength=0.0991 | spatial_freq_entropy=2.7725 | spatial_freq_weight_mean=0.6948 | rank=32
patch-priority map [stage3] | mean=0.062500 | std=0.911167 | min=0.000000 | max=29.632408 | prototype_bottleneck_strength=0.400000 | prototype_to_film_norm_ratio=3.783069
patch-priority map [stage4] | mean=0.062500 | std=0.819545 | min=0.000000 | max=23.543549 | prototype_bottleneck_strength=0.400000 | prototype_to_film_norm_ratio=2.546964
DEBUG visual concept usage [stage1] top 10:
  concept 60: 1196 patches (11.12%)
  concept 135: 799 patches (7.43%)
  concept 45: 601 patches (5.59%)
  concept 268: 566 patches (5.26%)
  concept 104: 314 patches (2.92%)
  concept 64: 309 patches (2.87%)
  concept 132: 280 patches (2.60%)
  concept 128: 272 patches (2.53%)
  concept 409: 266 patches (2.47%)
  concept 57: 258 patches (2.40%)
  normalized usage entropy: 0.8350
DEBUG visual concept usage [stage2] top 10:
  concept 66: 2688 patches (100.00%)
  normalized usage entropy: 0.8284
DEBUG visual concept usage [stage3] top 10:
  concept 278: 374 patches (55.65%)
  concept 35: 242 patches (36.01%)
  concept 96: 35 patches (5.21%)
  concept 92: 11 patches (1.64%)
  concept 51: 10 patches (1.49%)
  normalized usage entropy: 0.6450
DEBUG visual concept usage [stage4] top 10:
  concept 184: 78 patches (46.43%)
  concept 341: 39 patches (23.21%)
  concept 23: 15 patches (8.93%)
  concept 121: 14 patches (8.33%)
  concept 53: 13 patches (7.74%)
  concept 78: 5 patches (2.98%)
  concept 299: 2 patches (1.19%)
  concept 329: 2 patches (1.19%)
  normalized usage entropy: 0.5630
DEBUG pred min/max/mean/std: -4.0 31.875 -3.015625 3.484375
DEBUG target min/max/mean/std: 0.0 1.0 0.014538663439452648 0.08005927503108978
DEBUG fixation pixels per sample: [100.0, 156.0]
DEBUG fix_batch min/max/mean/std: 0.0 1.0 0.0005555555690079927 0.023563703522086143
DEBUG losses: {'loss_total': -0.2649497985839844, 'loss_fid': 18.5028076171875, 'loss_patch_fid': 4.110106945037842, 'loss_dense_fid': 4.081090927124023, 'loss_dense_bce': -0.0, 'loss_dense_kl': 10.311610221862793, 'loss_topk': -0.0, 'loss_delta': -0.0, 'loss_cc': 0.1883845329284668, 'loss_nss': -4.898121356964111, 'loss_sim': 0.37085074186325073, 'loss_concept_dense': 0.0, 'loss_concept_kl': 0.0, 'loss_align': 0.0, 'loss_sparse': 0.0, 'loss_div': 0.0, 'loss_gate': 0.0, 'loss_visual_entropy': 0.5815358757972717, 'loss_visual_equiv': 0.0, 'loss_visual_usage': 0.282151460647583, 'loss_temporal_attention_entropy': 0.0, 'loss_total_concept': 0.045093387365341187, 'loss_decoder_side_aux': -0.14547571539878845, 'loss_priority_map': 0.6865221261978149, 'loss_priority_map_weighted': 0.0686522126197815, 'priority_map_loss': 0.6865221261978149, 'weighted_priority_map_loss': 0.0686522126197815, 'loss_priority_map_stage3': 0.7546353340148926, 'loss_priority_map_stage4': 0.6184089779853821, 'loss_side_stage4': -0.2641551196575165, 'loss_side_stage3': -0.2758961617946625, 'loss_side_stage2': -0.30077457427978516, 'loss_side_stage1': -0.29781076312065125}
DEBUG decoder visual FiLM [stage1] | film_gamma=unavailable (pass return_decoder_diagnostics=True)
DEBUG decoder visual FiLM [stage2] | film_gamma=unavailable (pass return_decoder_diagnostics=True)
DEBUG decoder visual FiLM [stage3] | film_gamma mean/std/min/max=0.0625/1.0969/0.0000/46.8202 | prototype_bottleneck_strength=0.4000
DEBUG decoder visual FiLM [stage4] | film_gamma mean/std/min/max=0.0625/1.1590/0.0000/42.4362 | prototype_bottleneck_strength=0.4000
DEBUG factorized comparison [stage3] | query_norm_mean=1.2454 | key_norm_mean=0.8834 | context_mean=0.0000 | context_std=0.0945 | context_min=-0.2119 | context_max=0.2806 | total_candidate_weight=336.0000 | spatial_strength=0.0990 | spatial_freq_entropy=2.7726 | spatial_freq_weight_mean=0.6929 | rank=32
DEBUG factorized comparison [stage4] | query_norm_mean=0.8483 | key_norm_mean=0.9284 | context_mean=0.0001 | context_std=0.0714 | context_min=-0.1468 | context_max=0.2259 | total_candidate_weight=84.0000 | spatial_strength=0.0990 | spatial_freq_entropy=2.7725 | spatial_freq_weight_mean=0.6948 | rank=32
patch-priority map [stage3] | mean=0.062500 | std=1.096911 | min=0.000000 | max=46.820171 | prototype_bottleneck_strength=0.400000 | prototype_to_film_norm_ratio=3.941979
patch-priority map [stage4] | mean=0.062500 | std=1.159012 | min=0.000000 | max=42.436237 | prototype_bottleneck_strength=0.400000 | prototype_to_film_norm_ratio=5.572689
Epoch 44/200
  Mean train loss: 0.244680
  Mean val loss:   0.439113
  Current LR:      4.44e-05
Val metrics   | CC: 0.5318 | SIM: 0.4335 | NSS: 3.0994
  Saved checkpoint: training_outputs/ckpts/20260917_231452/epoch_044.pth

Epoch 45/200
pred_saliency: shape=(2, 1, 224, 384) min=-4.0000 max=38.7500 mean=-3.1027 std=3.4670
sal_batch: shape=(2, 1, 360, 640) min=0.0000 max=1.0000 mean=0.0133 std=0.0775
DEBUG features_shape: {'stage1': (2, 96, 16, 56, 96), 'stage2': (2, 192, 16, 28, 48), 'stage3': (2, 384, 16, 14, 24), 'stage4': (2, 768, 16, 7, 12)}
DEBUG gate: no gate_debug available. This usually means return_concept_losses=False or lambda_gate=0.
DEBUG decoder visual FiLM [stage1] | film_gamma=unavailable (pass return_decoder_diagnostics=True)
DEBUG decoder visual FiLM [stage2] | film_gamma=unavailable (pass return_decoder_diagnostics=True)
DEBUG decoder visual FiLM [stage3] | film_gamma mean/std/min/max=0.0625/0.7980/0.0000/26.6335 | prototype_bottleneck_strength=0.4000
DEBUG decoder visual FiLM [stage4] | film_gamma mean/std/min/max=0.0625/0.8423/0.0000/25.0150 | prototype_bottleneck_strength=0.4000
DEBUG factorized comparison [stage3] | query_norm_mean=1.2380 | key_norm_mean=0.8721 | context_mean=0.0001 | context_std=0.0911 | context_min=-0.1925 | context_max=0.2254 | total_candidate_weight=336.0000 | spatial_strength=0.0990 | spatial_freq_entropy=2.7726 | spatial_freq_weight_mean=0.6929 | rank=32
DEBUG factorized comparison [stage4] | query_norm_mean=0.8506 | key_norm_mean=0.9305 | context_mean=0.0001 | context_std=0.0695 | context_min=-0.1438 | context_max=0.2063 | total_candidate_weight=84.0000 | spatial_strength=0.0990 | spatial_freq_entropy=2.7725 | spatial_freq_weight_mean=0.6948 | rank=32
patch-priority map [stage3] | mean=0.062500 | std=0.797982 | min=0.000000 | max=26.633514 | prototype_bottleneck_strength=0.400000 | prototype_to_film_norm_ratio=2.850858
patch-priority map [stage4] | mean=0.062500 | std=0.842350 | min=0.000000 | max=25.015024 | prototype_bottleneck_strength=0.400000 | prototype_to_film_norm_ratio=3.016855
DEBUG visual concept usage [stage1] top 10:
  concept 484: 1167 patches (10.85%)
  concept 193: 651 patches (6.05%)
  concept 289: 394 patches (3.66%)
  concept 168: 362 patches (3.37%)
  concept 104: 337 patches (3.13%)
  concept 97: 265 patches (2.46%)
  concept 111: 211 patches (1.96%)
  concept 14: 200 patches (1.86%)
  concept 177: 197 patches (1.83%)
  concept 135: 195 patches (1.81%)
  normalized usage entropy: 0.8209
DEBUG visual concept usage [stage2] top 10:
  concept 66: 2688 patches (100.00%)
  normalized usage entropy: 0.8286
DEBUG visual concept usage [stage3] top 10:
  concept 278: 322 patches (47.92%)
  concept 35: 284 patches (42.26%)
  concept 96: 38 patches (5.65%)
  concept 92: 14 patches (2.08%)
  concept 51: 13 patches (1.93%)
  concept 261: 1 patches (0.15%)
  normalized usage entropy: 0.6528
DEBUG visual concept usage [stage4] top 10:
  concept 184: 90 patches (53.57%)
  concept 341: 27 patches (16.07%)
  concept 121: 13 patches (7.74%)
  concept 78: 10 patches (5.95%)
  concept 322: 9 patches (5.36%)
  concept 23: 8 patches (4.76%)
  concept 53: 5 patches (2.98%)
  concept 299: 3 patches (1.79%)
  concept 329: 2 patches (1.19%)
  concept 362: 1 patches (0.60%)
  normalized usage entropy: 0.5523
DEBUG pred min/max/mean/std: -4.0 38.75 -3.109375 3.46875
DEBUG target min/max/mean/std: 0.0 1.0 0.013304517604410648 0.07754113525152206
DEBUG fixation pixels per sample: [156.0, 167.0]
DEBUG fix_batch min/max/mean/std: 0.0 1.0 0.0007009548717178404 0.02646630071103573
DEBUG losses: {'loss_total': 0.24503988027572632, 'loss_fid': 23.9825382232666, 'loss_patch_fid': 4.155696868896484, 'loss_dense_fid': 4.093407154083252, 'loss_dense_bce': -0.0, 'loss_dense_kl': 15.733434677124023, 'loss_topk': -0.0, 'loss_delta': -0.0, 'loss_cc': 0.3918647766113281, 'loss_nss': -3.9602811336517334, 'loss_sim': 0.5298828482627869, 'loss_concept_dense': 0.0, 'loss_concept_kl': 0.0, 'loss_align': 0.0, 'loss_sparse': 0.0, 'loss_div': 0.0, 'loss_gate': 0.0, 'loss_visual_entropy': 0.575332760810852, 'loss_visual_equiv': 0.0, 'loss_visual_usage': 0.28633102774620056, 'loss_temporal_attention_entropy': 0.0, 'loss_total_concept': 0.044582806527614594, 'loss_decoder_side_aux': -0.0005040153628215194, 'loss_priority_map': 1.206263780593872, 'loss_priority_map_weighted': 0.12062638252973557, 'priority_map_loss': 1.206263780593872, 'weighted_priority_map_loss': 0.12062638252973557, 'loss_priority_map_stage3': 1.4940974712371826, 'loss_priority_map_stage4': 0.9184302091598511, 'loss_side_stage4': 0.04319724440574646, 'loss_side_stage3': -0.009653270244598389, 'loss_side_stage2': -0.004162251949310303, 'loss_side_stage1': -0.005371063947677612}
DEBUG decoder visual FiLM [stage1] | film_gamma=unavailable (pass return_decoder_diagnostics=True)
DEBUG decoder visual FiLM [stage2] | film_gamma=unavailable (pass return_decoder_diagnostics=True)
DEBUG decoder visual FiLM [stage3] | film_gamma mean/std/min/max=0.0625/1.1896/0.0000/59.8882 | prototype_bottleneck_strength=0.4000
DEBUG decoder visual FiLM [stage4] | film_gamma mean/std/min/max=0.0625/1.1853/0.0000/43.6192 | prototype_bottleneck_strength=0.4000
DEBUG factorized comparison [stage3] | query_norm_mean=1.2845 | key_norm_mean=0.9066 | context_mean=0.0000 | context_std=0.0993 | context_min=-0.2269 | context_max=0.2910 | total_candidate_weight=336.0000 | spatial_strength=0.0990 | spatial_freq_entropy=2.7726 | spatial_freq_weight_mean=0.6929 | rank=32
DEBUG factorized comparison [stage4] | query_norm_mean=0.8476 | key_norm_mean=0.8963 | context_mean=-0.0000 | context_std=0.0681 | context_min=-0.1514 | context_max=0.2123 | total_candidate_weight=84.0000 | spatial_strength=0.0991 | spatial_freq_entropy=2.7725 | spatial_freq_weight_mean=0.6949 | rank=32
patch-priority map [stage3] | mean=0.062500 | std=1.189594 | min=0.000000 | max=59.888172 | prototype_bottleneck_strength=0.400000 | prototype_to_film_norm_ratio=4.381547
patch-priority map [stage4] | mean=0.062500 | std=1.185286 | min=0.000000 | max=43.619225 | prototype_bottleneck_strength=0.400000 | prototype_to_film_norm_ratio=6.254731
Epoch 45/200
  Mean train loss: 0.226512
  Mean val loss:   0.428130
  Current LR:      4.41e-05
Val metrics   | CC: 0.5378 | SIM: 0.4315 | NSS: 3.1379
  Saved checkpoint: training_outputs/ckpts/20260917_231452/epoch_045.pth
  New best val loss: 0.428130 (saved training_outputs/ckpts/20260917_231452/best_checkpoint.pth)

Epoch 46/200
pred_saliency: shape=(2, 1, 224, 384) min=-4.0000 max=38.0000 mean=-3.0536 std=3.5059
sal_batch: shape=(2, 1, 360, 640) min=0.0000 max=1.0000 mean=0.0288 std=0.0945
DEBUG features_shape: {'stage1': (2, 96, 16, 56, 96), 'stage2': (2, 192, 16, 28, 48), 'stage3': (2, 384, 16, 14, 24), 'stage4': (2, 768, 16, 7, 12)}
DEBUG gate: no gate_debug available. This usually means return_concept_losses=False or lambda_gate=0.
DEBUG decoder visual FiLM [stage1] | film_gamma=unavailable (pass return_decoder_diagnostics=True)
DEBUG decoder visual FiLM [stage2] | film_gamma=unavailable (pass return_decoder_diagnostics=True)
DEBUG decoder visual FiLM [stage3] | film_gamma mean/std/min/max=0.0625/0.8170/0.0000/31.2184 | prototype_bottleneck_strength=0.4000
DEBUG decoder visual FiLM [stage4] | film_gamma mean/std/min/max=0.0625/0.8509/0.0000/32.5198 | prototype_bottleneck_strength=0.4000
DEBUG factorized comparison [stage3] | query_norm_mean=1.2834 | key_norm_mean=0.9114 | context_mean=0.0000 | context_std=0.1037 | context_min=-0.2179 | context_max=0.2940 | total_candidate_weight=336.0000 | spatial_strength=0.0990 | spatial_freq_entropy=2.7726 | spatial_freq_weight_mean=0.6929 | rank=32
DEBUG factorized comparison [stage4] | query_norm_mean=0.8764 | key_norm_mean=0.8797 | context_mean=-0.0000 | context_std=0.0754 | context_min=-0.1589 | context_max=0.1792 | total_candidate_weight=84.0000 | spatial_strength=0.0991 | spatial_freq_entropy=2.7725 | spatial_freq_weight_mean=0.6949 | rank=32
patch-priority map [stage3] | mean=0.062500 | std=0.816989 | min=0.000000 | max=31.218355 | prototype_bottleneck_strength=0.400000 | prototype_to_film_norm_ratio=3.163296
patch-priority map [stage4] | mean=0.062500 | std=0.850894 | min=0.000000 | max=32.519764 | prototype_bottleneck_strength=0.400000 | prototype_to_film_norm_ratio=3.128934
DEBUG visual concept usage [stage1] top 10:
  concept 135: 419 patches (3.90%)
  concept 168: 376 patches (3.50%)
  concept 104: 334 patches (3.11%)
  concept 148: 318 patches (2.96%)
  concept 272: 302 patches (2.81%)
  concept 97: 282 patches (2.62%)
  concept 83: 263 patches (2.45%)
  concept 484: 255 patches (2.37%)
  concept 14: 232 patches (2.16%)
  concept 289: 231 patches (2.15%)
  normalized usage entropy: 0.8435
DEBUG visual concept usage [stage2] top 10:
  concept 66: 2688 patches (100.00%)
  normalized usage entropy: 0.8286
DEBUG visual concept usage [stage3] top 10:
  concept 278: 392 patches (58.33%)
  concept 35: 227 patches (33.78%)
  concept 96: 43 patches (6.40%)
  concept 51: 6 patches (0.89%)
  concept 92: 4 patches (0.60%)
  normalized usage entropy: 0.6525
DEBUG visual concept usage [stage4] top 10:
  concept 184: 73 patches (43.45%)
  concept 341: 49 patches (29.17%)
  concept 121: 12 patches (7.14%)
  concept 23: 10 patches (5.95%)
  concept 53: 9 patches (5.36%)
  concept 38: 6 patches (3.57%)
  concept 78: 5 patches (2.98%)
  concept 322: 2 patches (1.19%)
  concept 441: 2 patches (1.19%)
  normalized usage entropy: 0.5696
DEBUG pred min/max/mean/std: -4.0 38.0 -3.046875 3.5
DEBUG target min/max/mean/std: 0.0 1.0 0.02884509600698948 0.09447166323661804
DEBUG fixation pixels per sample: [223.0, 224.0]
DEBUG fix_batch min/max/mean/std: 0.0 1.0 0.0009700520895421505 0.031130582094192505
DEBUG losses: {'loss_total': 0.7655397057533264, 'loss_fid': 31.54745864868164, 'loss_patch_fid': 4.2421183586120605, 'loss_dense_fid': 4.080158710479736, 'loss_dense_bce': -0.0, 'loss_dense_kl': 23.225181579589844, 'loss_topk': -0.0, 'loss_delta': -0.0, 'loss_cc': 0.4932754635810852, 'loss_nss': -1.898402214050293, 'loss_sim': 0.5384165048599243, 'loss_concept_dense': 0.0, 'loss_concept_kl': 0.0, 'loss_align': 0.0, 'loss_sparse': 0.0, 'loss_div': 0.0, 'loss_gate': 0.0, 'loss_visual_entropy': 0.5751327276229858, 'loss_visual_equiv': 0.0, 'loss_visual_usage': 0.2764773368835449, 'loss_temporal_attention_entropy': 0.0, 'loss_total_concept': 0.04838357865810394, 'loss_decoder_side_aux': 0.146765798330307, 'loss_priority_map': 1.8259005546569824, 'loss_priority_map_weighted': 0.182590052485466, 'priority_map_loss': 1.8259005546569824, 'weighted_priority_map_loss': 0.182590052485466, 'loss_priority_map_stage3': 1.7502301931381226, 'loss_priority_map_stage4': 1.9015709161758423, 'loss_side_stage4': 0.23968954384326935, 'loss_side_stage3': 0.2919714152812958, 'loss_side_stage2': 0.3042907118797302, 'loss_side_stage1': 0.29970288276672363}
DEBUG decoder visual FiLM [stage1] | film_gamma=unavailable (pass return_decoder_diagnostics=True)
DEBUG decoder visual FiLM [stage2] | film_gamma=unavailable (pass return_decoder_diagnostics=True)
DEBUG decoder visual FiLM [stage3] | film_gamma mean/std/min/max=0.0625/1.1846/0.0000/47.4779 | prototype_bottleneck_strength=0.4000
DEBUG decoder visual FiLM [stage4] | film_gamma mean/std/min/max=0.0625/1.1571/0.0000/42.6750 | prototype_bottleneck_strength=0.4000
DEBUG factorized comparison [stage3] | query_norm_mean=1.2973 | key_norm_mean=0.9013 | context_mean=0.0000 | context_std=0.1006 | context_min=-0.2358 | context_max=0.3000 | total_candidate_weight=336.0000 | spatial_strength=0.0990 | spatial_freq_entropy=2.7726 | spatial_freq_weight_mean=0.6929 | rank=32
DEBUG factorized comparison [stage4] | query_norm_mean=0.8668 | key_norm_mean=0.9011 | context_mean=0.0000 | context_std=0.0720 | context_min=-0.1566 | context_max=0.2139 | total_candidate_weight=84.0000 | spatial_strength=0.0990 | spatial_freq_entropy=2.7725 | spatial_freq_weight_mean=0.6949 | rank=32
patch-priority map [stage3] | mean=0.062500 | std=1.184596 | min=0.000000 | max=47.477890 | prototype_bottleneck_strength=0.400000 | prototype_to_film_norm_ratio=4.410966
patch-priority map [stage4] | mean=0.062500 | std=1.157072 | min=0.000000 | max=42.675003 | prototype_bottleneck_strength=0.400000 | prototype_to_film_norm_ratio=6.075329
Epoch 46/200
  Mean train loss: 0.225406
  Mean val loss:   0.436639
  Current LR:      4.39e-05
Val metrics   | CC: 0.5317 | SIM: 0.4287 | NSS: 3.1252
  Saved checkpoint: training_outputs/ckpts/20260917_231452/epoch_046.pth

Epoch 47/200
pred_saliency: shape=(2, 1, 224, 384) min=-4.0000 max=36.7500 mean=-3.1175 std=3.4156
sal_batch: shape=(2, 1, 360, 640) min=0.0000 max=1.0000 mean=0.0196 std=0.0897
DEBUG features_shape: {'stage1': (2, 96, 16, 56, 96), 'stage2': (2, 192, 16, 28, 48), 'stage3': (2, 384, 16, 14, 24), 'stage4': (2, 768, 16, 7, 12)}
DEBUG gate: no gate_debug available. This usually means return_concept_losses=False or lambda_gate=0.
DEBUG decoder visual FiLM [stage1] | film_gamma=unavailable (pass return_decoder_diagnostics=True)
DEBUG decoder visual FiLM [stage2] | film_gamma=unavailable (pass return_decoder_diagnostics=True)
DEBUG decoder visual FiLM [stage3] | film_gamma mean/std/min/max=0.0625/0.8750/0.0000/34.5222 | prototype_bottleneck_strength=0.4000
DEBUG decoder visual FiLM [stage4] | film_gamma mean/std/min/max=0.0625/0.8410/0.0000/30.3018 | prototype_bottleneck_strength=0.4000
DEBUG factorized comparison [stage3] | query_norm_mean=1.2918 | key_norm_mean=0.9118 | context_mean=0.0001 | context_std=0.1031 | context_min=-0.2388 | context_max=0.2896 | total_candidate_weight=336.0000 | spatial_strength=0.0990 | spatial_freq_entropy=2.7726 | spatial_freq_weight_mean=0.6929 | rank=32
DEBUG factorized comparison [stage4] | query_norm_mean=0.8917 | key_norm_mean=0.8750 | context_mean=0.0000 | context_std=0.0713 | context_min=-0.1596 | context_max=0.1483 | total_candidate_weight=84.0000 | spatial_strength=0.0990 | spatial_freq_entropy=2.7725 | spatial_freq_weight_mean=0.6949 | rank=32
patch-priority map [stage3] | mean=0.062500 | std=0.874955 | min=0.000000 | max=34.522182 | prototype_bottleneck_strength=0.400000 | prototype_to_film_norm_ratio=3.409149
patch-priority map [stage4] | mean=0.062500 | std=0.840961 | min=0.000000 | max=30.301754 | prototype_bottleneck_strength=0.400000 | prototype_to_film_norm_ratio=3.500400
DEBUG visual concept usage [stage1] top 10:
  concept 135: 540 patches (5.02%)
  concept 104: 498 patches (4.63%)
  concept 81: 429 patches (3.99%)
  concept 138: 398 patches (3.70%)
  concept 171: 335 patches (3.12%)
  concept 28: 302 patches (2.81%)
  concept 249: 263 patches (2.45%)
  concept 132: 240 patches (2.23%)
  concept 128: 231 patches (2.15%)
  concept 428: 215 patches (2.00%)
  normalized usage entropy: 0.8403
DEBUG visual concept usage [stage2] top 10:
  concept 66: 2688 patches (100.00%)
  normalized usage entropy: 0.8286
DEBUG visual concept usage [stage3] top 10:
  concept 278: 483 patches (71.88%)
  concept 35: 125 patches (18.60%)
  concept 96: 34 patches (5.06%)
  concept 92: 17 patches (2.53%)
  concept 51: 13 patches (1.93%)
  normalized usage entropy: 0.6358
DEBUG visual concept usage [stage4] top 10:
  concept 341: 70 patches (41.67%)
  concept 184: 44 patches (26.19%)
  concept 121: 27 patches (16.07%)
  concept 299: 8 patches (4.76%)
  concept 53: 7 patches (4.17%)
  concept 23: 5 patches (2.98%)
  concept 78: 5 patches (2.98%)
  concept 322: 1 patches (0.60%)
  concept 441: 1 patches (0.60%)
  normalized usage entropy: 0.5545
DEBUG pred min/max/mean/std: -4.0 36.75 -3.125 3.421875
DEBUG target min/max/mean/std: 0.0 1.0 0.019591903313994408 0.08969048410654068
DEBUG fixation pixels per sample: [219.0, 156.0]
DEBUG fix_batch min/max/mean/std: 0.0 1.0 0.0008138021221384406 0.028515636920928955
DEBUG losses: {'loss_total': 0.24588702619075775, 'loss_fid': 31.611772537231445, 'loss_patch_fid': 4.14978551864624, 'loss_dense_fid': 3.943451404571533, 'loss_dense_bce': -0.0, 'loss_dense_kl': 23.518535614013672, 'loss_topk': -0.0, 'loss_delta': -0.0, 'loss_cc': 0.3366028070449829, 'loss_nss': -3.295647621154785, 'loss_sim': 0.5042806267738342, 'loss_concept_dense': 0.0, 'loss_concept_kl': 0.0, 'loss_align': 0.0, 'loss_sparse': 0.0, 'loss_div': 0.0, 'loss_gate': 0.0, 'loss_visual_entropy': 0.5815722942352295, 'loss_visual_equiv': 0.0, 'loss_visual_usage': 0.28518983721733093, 'loss_temporal_attention_entropy': 0.0, 'loss_total_concept': 0.046492498368024826, 'loss_decoder_side_aux': -0.001996350474655628, 'loss_priority_map': 1.1249793767929077, 'loss_priority_map_weighted': 0.11249794065952301, 'priority_map_loss': 1.1249793767929077, 'weighted_priority_map_loss': 0.11249794065952301, 'loss_priority_map_stage3': 1.24637770652771, 'loss_priority_map_stage4': 1.0035810470581055, 'loss_side_stage4': -0.09070226550102234, 'loss_side_stage3': 0.006924927234649658, 'loss_side_stage2': 0.002587944269180298, 'loss_side_stage1': 0.007290393114089966}
DEBUG decoder visual FiLM [stage1] | film_gamma=unavailable (pass return_decoder_diagnostics=True)
DEBUG decoder visual FiLM [stage2] | film_gamma=unavailable (pass return_decoder_diagnostics=True)
DEBUG decoder visual FiLM [stage3] | film_gamma mean/std/min/max=0.0625/1.0327/0.0000/43.8585 | prototype_bottleneck_strength=0.4000
DEBUG decoder visual FiLM [stage4] | film_gamma mean/std/min/max=0.0625/1.0603/0.0000/40.0583 | prototype_bottleneck_strength=0.4000
DEBUG factorized comparison [stage3] | query_norm_mean=1.2205 | key_norm_mean=0.8693 | context_mean=0.0000 | context_std=0.0942 | context_min=-0.2134 | context_max=0.2657 | total_candidate_weight=336.0000 | spatial_strength=0.0991 | spatial_freq_entropy=2.7726 | spatial_freq_weight_mean=0.6930 | rank=32
DEBUG factorized comparison [stage4] | query_norm_mean=0.8562 | key_norm_mean=0.8687 | context_mean=-0.0000 | context_std=0.0700 | context_min=-0.1514 | context_max=0.2093 | total_candidate_weight=84.0000 | spatial_strength=0.0991 | spatial_freq_entropy=2.7725 | spatial_freq_weight_mean=0.6950 | rank=32
patch-priority map [stage3] | mean=0.062500 | std=1.032678 | min=0.000000 | max=43.858540 | prototype_bottleneck_strength=0.400000 | prototype_to_film_norm_ratio=3.847055
patch-priority map [stage4] | mean=0.062500 | std=1.060313 | min=0.000000 | max=40.058254 | prototype_bottleneck_strength=0.400000 | prototype_to_film_norm_ratio=5.000424
Epoch 47/200
  Mean train loss: 0.204667
  Mean val loss:   0.431309
  Current LR:      4.36e-05
Val metrics   | CC: 0.5380 | SIM: 0.4240 | NSS: 3.1057
  Saved checkpoint: training_outputs/ckpts/20260917_231452/epoch_047.pth

Epoch 48/200
pred_saliency: shape=(2, 1, 224, 384) min=-4.0000 max=29.5000 mean=-2.9254 std=3.4871
sal_batch: shape=(2, 1, 360, 640) min=0.0000 max=1.0000 mean=0.0129 std=0.0682
DEBUG features_shape: {'stage1': (2, 96, 16, 56, 96), 'stage2': (2, 192, 16, 28, 48), 'stage3': (2, 384, 16, 14, 24), 'stage4': (2, 768, 16, 7, 12)}
DEBUG gate: no gate_debug available. This usually means return_concept_losses=False or lambda_gate=0.
DEBUG decoder visual FiLM [stage1] | film_gamma=unavailable (pass return_decoder_diagnostics=True)
DEBUG decoder visual FiLM [stage2] | film_gamma=unavailable (pass return_decoder_diagnostics=True)
DEBUG decoder visual FiLM [stage3] | film_gamma mean/std/min/max=0.0625/0.7674/0.0000/25.9646 | prototype_bottleneck_strength=0.4000
DEBUG decoder visual FiLM [stage4] | film_gamma mean/std/min/max=0.0625/0.7561/0.0000/24.1072 | prototype_bottleneck_strength=0.4000
DEBUG factorized comparison [stage3] | query_norm_mean=1.2198 | key_norm_mean=0.8799 | context_mean=0.0001 | context_std=0.1001 | context_min=-0.2284 | context_max=0.2612 | total_candidate_weight=336.0000 | spatial_strength=0.0991 | spatial_freq_entropy=2.7726 | spatial_freq_weight_mean=0.6930 | rank=32
DEBUG factorized comparison [stage4] | query_norm_mean=0.8598 | key_norm_mean=0.8703 | context_mean=0.0000 | context_std=0.0684 | context_min=-0.1514 | context_max=0.1875 | total_candidate_weight=84.0000 | spatial_strength=0.0991 | spatial_freq_entropy=2.7725 | spatial_freq_weight_mean=0.6950 | rank=32
patch-priority map [stage3] | mean=0.062500 | std=0.767393 | min=0.000000 | max=25.964647 | prototype_bottleneck_strength=0.400000 | prototype_to_film_norm_ratio=2.741027
patch-priority map [stage4] | mean=0.062500 | std=0.756095 | min=0.000000 | max=24.107174 | prototype_bottleneck_strength=0.400000 | prototype_to_film_norm_ratio=2.521317
DEBUG visual concept usage [stage1] top 10:
  concept 135: 955 patches (8.88%)
  concept 104: 516 patches (4.80%)
  concept 57: 513 patches (4.77%)
  concept 141: 444 patches (4.13%)
  concept 249: 305 patches (2.84%)
  concept 409: 268 patches (2.49%)
  concept 346: 217 patches (2.02%)
  concept 127: 202 patches (1.88%)
  concept 272: 171 patches (1.59%)
  concept 97: 170 patches (1.58%)
  normalized usage entropy: 0.8385
DEBUG visual concept usage [stage2] top 10:
  concept 66: 2688 patches (100.00%)
  normalized usage entropy: 0.8287
DEBUG visual concept usage [stage3] top 10:
  concept 278: 386 patches (57.44%)
  concept 35: 217 patches (32.29%)
  concept 96: 49 patches (7.29%)
  concept 51: 12 patches (1.79%)
  concept 92: 8 patches (1.19%)
  normalized usage entropy: 0.6552
DEBUG visual concept usage [stage4] top 10:
  concept 184: 72 patches (42.86%)
  concept 341: 43 patches (25.60%)
  concept 121: 25 patches (14.88%)
  concept 78: 10 patches (5.95%)
  concept 53: 9 patches (5.36%)
  concept 322: 6 patches (3.57%)
  concept 23: 2 patches (1.19%)
  concept 299: 1 patches (0.60%)
  normalized usage entropy: 0.5570
DEBUG pred min/max/mean/std: -4.0 29.5 -2.921875 3.484375
DEBUG target min/max/mean/std: 0.0 1.0 0.012922395020723343 0.06815841794013977
DEBUG fixation pixels per sample: [158.0, 164.0]
DEBUG fix_batch min/max/mean/std: 0.0 1.0 0.0006987847154960036 0.026425328105688095
DEBUG losses: {'loss_total': -0.13455229997634888, 'loss_fid': 16.915695190429688, 'loss_patch_fid': 4.158710956573486, 'loss_dense_fid': 4.033074378967285, 'loss_dense_bce': -0.0, 'loss_dense_kl': 8.723909378051758, 'loss_topk': -0.0, 'loss_delta': -0.0, 'loss_cc': 0.24054133892059326, 'loss_nss': -4.822720050811768, 'loss_sim': 0.4460653066635132, 'loss_concept_dense': 0.0, 'loss_concept_kl': 0.0, 'loss_align': 0.0, 'loss_sparse': 0.0, 'loss_div': 0.0, 'loss_gate': 0.0, 'loss_visual_entropy': 0.5788865089416504, 'loss_visual_equiv': 0.0, 'loss_visual_usage': 0.2801409959793091, 'loss_temporal_attention_entropy': 0.0, 'loss_total_concept': 0.04458911716938019, 'loss_decoder_side_aux': -0.11178036779165268, 'loss_priority_map': 0.9885455369949341, 'loss_priority_map_weighted': 0.09885455667972565, 'priority_map_loss': 0.9885455369949341, 'weighted_priority_map_loss': 0.09885455667972565, 'loss_priority_map_stage3': 1.1094717979431152, 'loss_priority_map_stage4': 0.8676192760467529, 'loss_side_stage4': -0.21789884567260742, 'loss_side_stage3': -0.18834808468818665, 'loss_side_stage2': -0.2288273274898529, 'loss_side_stage1': -0.23863258957862854}
DEBUG decoder visual FiLM [stage1] | film_gamma=unavailable (pass return_decoder_diagnostics=True)
DEBUG decoder visual FiLM [stage2] | film_gamma=unavailable (pass return_decoder_diagnostics=True)
DEBUG decoder visual FiLM [stage3] | film_gamma mean/std/min/max=0.0625/1.1325/0.0000/49.4676 | prototype_bottleneck_strength=0.4000
DEBUG decoder visual FiLM [stage4] | film_gamma mean/std/min/max=0.0625/1.1676/0.0000/44.8245 | prototype_bottleneck_strength=0.4000
DEBUG factorized comparison [stage3] | query_norm_mean=1.2414 | key_norm_mean=0.8794 | context_mean=0.0000 | context_std=0.0960 | context_min=-0.2239 | context_max=0.2791 | total_candidate_weight=336.0000 | spatial_strength=0.0990 | spatial_freq_entropy=2.7726 | spatial_freq_weight_mean=0.6930 | rank=32
DEBUG factorized comparison [stage4] | query_norm_mean=0.8421 | key_norm_mean=0.8883 | context_mean=-0.0000 | context_std=0.0692 | context_min=-0.1498 | context_max=0.2123 | total_candidate_weight=84.0000 | spatial_strength=0.0991 | spatial_freq_entropy=2.7725 | spatial_freq_weight_mean=0.6950 | rank=32
patch-priority map [stage3] | mean=0.062500 | std=1.132526 | min=0.000000 | max=49.467632 | prototype_bottleneck_strength=0.400000 | prototype_to_film_norm_ratio=4.110790
patch-priority map [stage4] | mean=0.062500 | std=1.167592 | min=0.000000 | max=44.824451 | prototype_bottleneck_strength=0.400000 | prototype_to_film_norm_ratio=5.855815
Epoch 48/200
  Mean train loss: 0.188996
  Mean val loss:   0.421069
  Current LR:      4.34e-05
Val metrics   | CC: 0.5402 | SIM: 0.4331 | NSS: 3.1602
  Saved checkpoint: training_outputs/ckpts/20260917_231452/epoch_048.pth
  New best val loss: 0.421069 (saved training_outputs/ckpts/20260917_231452/best_checkpoint.pth)

Epoch 49/200
pred_saliency: shape=(2, 1, 224, 384) min=-4.0000 max=35.5000 mean=-2.9196 std=3.4270
sal_batch: shape=(2, 1, 360, 640) min=0.0000 max=1.0000 mean=0.0200 std=0.0820
DEBUG features_shape: {'stage1': (2, 96, 16, 56, 96), 'stage2': (2, 192, 16, 28, 48), 'stage3': (2, 384, 16, 14, 24), 'stage4': (2, 768, 16, 7, 12)}
DEBUG gate: no gate_debug available. This usually means return_concept_losses=False or lambda_gate=0.
DEBUG decoder visual FiLM [stage1] | film_gamma=unavailable (pass return_decoder_diagnostics=True)
DEBUG decoder visual FiLM [stage2] | film_gamma=unavailable (pass return_decoder_diagnostics=True)
DEBUG decoder visual FiLM [stage3] | film_gamma mean/std/min/max=0.0625/0.7023/0.0000/35.3317 | prototype_bottleneck_strength=0.4000
DEBUG decoder visual FiLM [stage4] | film_gamma mean/std/min/max=0.0625/0.8349/0.0000/33.7366 | prototype_bottleneck_strength=0.4000
DEBUG factorized comparison [stage3] | query_norm_mean=1.2392 | key_norm_mean=0.8802 | context_mean=0.0000 | context_std=0.0966 | context_min=-0.2254 | context_max=0.2463 | total_candidate_weight=336.0000 | spatial_strength=0.0990 | spatial_freq_entropy=2.7726 | spatial_freq_weight_mean=0.6930 | rank=32
DEBUG factorized comparison [stage4] | query_norm_mean=0.8597 | key_norm_mean=0.8761 | context_mean=-0.0000 | context_std=0.0701 | context_min=-0.1551 | context_max=0.1619 | total_candidate_weight=84.0000 | spatial_strength=0.0991 | spatial_freq_entropy=2.7725 | spatial_freq_weight_mean=0.6950 | rank=32
patch-priority map [stage3] | mean=0.062500 | std=0.702278 | min=0.000000 | max=35.331699 | prototype_bottleneck_strength=0.400000 | prototype_to_film_norm_ratio=2.612575
patch-priority map [stage4] | mean=0.062500 | std=0.834947 | min=0.000000 | max=33.736576 | prototype_bottleneck_strength=0.400000 | prototype_to_film_norm_ratio=3.376764
DEBUG visual concept usage [stage1] top 10:
  concept 268: 390 patches (3.63%)
  concept 60: 359 patches (3.34%)
  concept 132: 343 patches (3.19%)
  concept 104: 237 patches (2.20%)
  concept 138: 217 patches (2.02%)
  concept 102: 206 patches (1.92%)
  concept 289: 201 patches (1.87%)
  concept 97: 200 patches (1.86%)
  concept 111: 172 patches (1.60%)
  concept 14: 170 patches (1.58%)
  normalized usage entropy: 0.8518
DEBUG visual concept usage [stage2] top 10:
  concept 66: 2688 patches (100.00%)
  normalized usage entropy: 0.8287
DEBUG visual concept usage [stage3] top 10:
  concept 278: 441 patches (65.62%)
  concept 35: 207 patches (30.80%)
  concept 96: 16 patches (2.38%)
  concept 51: 4 patches (0.60%)
  concept 92: 4 patches (0.60%)
  normalized usage entropy: 0.6564
DEBUG visual concept usage [stage4] top 10:
  concept 184: 67 patches (39.88%)
  concept 341: 49 patches (29.17%)
  concept 121: 23 patches (13.69%)
  concept 78: 10 patches (5.95%)
  concept 53: 8 patches (4.76%)
  concept 441: 5 patches (2.98%)
  concept 23: 4 patches (2.38%)
  concept 322: 2 patches (1.19%)
  normalized usage entropy: 0.5648
DEBUG pred min/max/mean/std: -4.0 35.5 -2.921875 3.421875
DEBUG target min/max/mean/std: 0.0 1.0 0.019981807097792625 0.08198093622922897
DEBUG fixation pixels per sample: [149.0, 190.0]
DEBUG fix_batch min/max/mean/std: 0.0 1.0 0.0007356770802289248 0.027113420888781548
DEBUG losses: {'loss_total': 0.4647064805030823, 'loss_fid': 24.30946922302246, 'loss_patch_fid': 4.077500343322754, 'loss_dense_fid': 3.9761955738067627, 'loss_dense_bce': -0.0, 'loss_dense_kl': 16.255773544311523, 'loss_topk': -0.0, 'loss_delta': -0.0, 'loss_cc': 0.4000583291053772, 'loss_nss': -2.6241402626037598, 'loss_sim': 0.48953473567962646, 'loss_concept_dense': 0.0, 'loss_concept_kl': 0.0, 'loss_align': 0.0, 'loss_sparse': 0.0, 'loss_div': 0.0, 'loss_gate': 0.0, 'loss_visual_entropy': 0.5778894424438477, 'loss_visual_equiv': 0.0, 'loss_visual_usage': 0.2745577394962311, 'loss_temporal_attention_entropy': 0.0, 'loss_total_concept': 0.04563779756426811, 'loss_decoder_side_aux': 0.07084575295448303, 'loss_priority_map': 1.3127994537353516, 'loss_priority_map_weighted': 0.13127994537353516, 'priority_map_loss': 1.3127994537353516, 'weighted_priority_map_loss': 0.13127994537353516, 'loss_priority_map_stage3': 1.7004746198654175, 'loss_priority_map_stage4': 0.9251241683959961, 'loss_side_stage4': 0.1656399965286255, 'loss_side_stage3': 0.14479616284370422, 'loss_side_stage2': 0.13322249054908752, 'loss_side_stage1': 0.14050382375717163}
DEBUG decoder visual FiLM [stage1] | film_gamma=unavailable (pass return_decoder_diagnostics=True)
DEBUG decoder visual FiLM [stage2] | film_gamma=unavailable (pass return_decoder_diagnostics=True)
DEBUG decoder visual FiLM [stage3] | film_gamma mean/std/min/max=0.0625/1.0753/0.0000/38.8377 | prototype_bottleneck_strength=0.4000
DEBUG decoder visual FiLM [stage4] | film_gamma mean/std/min/max=0.0625/1.0305/0.0000/35.2456 | prototype_bottleneck_strength=0.4000
DEBUG factorized comparison [stage3] | query_norm_mean=1.2250 | key_norm_mean=0.8839 | context_mean=0.0001 | context_std=0.0970 | context_min=-0.2254 | context_max=0.2791 | total_candidate_weight=336.0000 | spatial_strength=0.0991 | spatial_freq_entropy=2.7726 | spatial_freq_weight_mean=0.6930 | rank=32
DEBUG factorized comparison [stage4] | query_norm_mean=0.8360 | key_norm_mean=0.8676 | context_mean=0.0000 | context_std=0.0689 | context_min=-0.1514 | context_max=0.2003 | total_candidate_weight=84.0000 | spatial_strength=0.0991 | spatial_freq_entropy=2.7725 | spatial_freq_weight_mean=0.6951 | rank=32
patch-priority map [stage3] | mean=0.062500 | std=1.075349 | min=0.000000 | max=38.837711 | prototype_bottleneck_strength=0.400000 | prototype_to_film_norm_ratio=4.219770
patch-priority map [stage4] | mean=0.062500 | std=1.030513 | min=0.000000 | max=35.245556 | prototype_bottleneck_strength=0.400000 | prototype_to_film_norm_ratio=4.522302
Epoch 49/200
  Mean train loss: 0.209572
  Mean val loss:   0.419495
  Current LR:      4.31e-05
Val metrics   | CC: 0.5430 | SIM: 0.4281 | NSS: 3.1514
  Saved checkpoint: training_outputs/ckpts/20260917_231452/epoch_049.pth
  New best val loss: 0.419495 (saved training_outputs/ckpts/20260917_231452/best_checkpoint.pth)

Epoch 50/200
pred_saliency: shape=(2, 1, 224, 384) min=-4.0000 max=34.0000 mean=-3.1600 std=3.4169
sal_batch: shape=(2, 1, 360, 640) min=0.0000 max=1.0000 mean=0.0149 std=0.0791
DEBUG features_shape: {'stage1': (2, 96, 16, 56, 96), 'stage2': (2, 192, 16, 28, 48), 'stage3': (2, 384, 16, 14, 24), 'stage4': (2, 768, 16, 7, 12)}
DEBUG gate: no gate_debug available. This usually means return_concept_losses=False or lambda_gate=0.
DEBUG decoder visual FiLM [stage1] | film_gamma=unavailable (pass return_decoder_diagnostics=True)
DEBUG decoder visual FiLM [stage2] | film_gamma=unavailable (pass return_decoder_diagnostics=True)
DEBUG decoder visual FiLM [stage3] | film_gamma mean/std/min/max=0.0625/0.9116/0.0000/40.4203 | prototype_bottleneck_strength=0.4000
DEBUG decoder visual FiLM [stage4] | film_gamma mean/std/min/max=0.0625/0.8855/0.0000/28.0390 | prototype_bottleneck_strength=0.4000
DEBUG factorized comparison [stage3] | query_norm_mean=1.2193 | key_norm_mean=0.8731 | context_mean=0.0000 | context_std=0.0944 | context_min=-0.2194 | context_max=0.2836 | total_candidate_weight=336.0000 | spatial_strength=0.0991 | spatial_freq_entropy=2.7726 | spatial_freq_weight_mean=0.6930 | rank=32
DEBUG factorized comparison [stage4] | query_norm_mean=0.8375 | key_norm_mean=0.8695 | context_mean=-0.0000 | context_std=0.0693 | context_min=-0.1596 | context_max=0.1792 | total_candidate_weight=84.0000 | spatial_strength=0.0991 | spatial_freq_entropy=2.7725 | spatial_freq_weight_mean=0.6951 | rank=32
patch-priority map [stage3] | mean=0.062500 | std=0.911569 | min=0.000000 | max=40.420338 | prototype_bottleneck_strength=0.400000 | prototype_to_film_norm_ratio=3.404049
patch-priority map [stage4] | mean=0.062500 | std=0.885471 | min=0.000000 | max=28.038961 | prototype_bottleneck_strength=0.400000 | prototype_to_film_norm_ratio=3.573967
DEBUG visual concept usage [stage1] top 10:
  concept 193: 772 patches (7.18%)
  concept 484: 532 patches (4.95%)
  concept 168: 293 patches (2.73%)
  concept 289: 258 patches (2.40%)
  concept 403: 250 patches (2.33%)
  concept 386: 199 patches (1.85%)
  concept 128: 198 patches (1.84%)
  concept 174: 187 patches (1.74%)
  concept 423: 171 patches (1.59%)
  concept 97: 160 patches (1.49%)
  normalized usage entropy: 0.8393
DEBUG visual concept usage [stage2] top 10:
  concept 66: 2688 patches (100.00%)
  normalized usage entropy: 0.8287
DEBUG visual concept usage [stage3] top 10:
  concept 278: 348 patches (51.79%)
  concept 35: 196 patches (29.17%)
  concept 92: 62 patches (9.23%)
  concept 51: 40 patches (5.95%)
  concept 96: 26 patches (3.87%)
  normalized usage entropy: 0.6617
DEBUG visual concept usage [stage4] top 10:
  concept 184: 62 patches (36.90%)
  concept 341: 56 patches (33.33%)
  concept 23: 12 patches (7.14%)
  concept 53: 12 patches (7.14%)
  concept 322: 10 patches (5.95%)
  concept 121: 6 patches (3.57%)
  concept 299: 6 patches (3.57%)
  concept 78: 3 patches (1.79%)
  concept 362: 1 patches (0.60%)
  normalized usage entropy: 0.5673
DEBUG pred min/max/mean/std: -4.0 34.0 -3.15625 3.421875
DEBUG target min/max/mean/std: 0.0 1.0 0.014862924814224243 0.07906649261713028
DEBUG fixation pixels per sample: [134.0, 184.0]
DEBUG fix_batch min/max/mean/std: 0.0 1.0 0.0006901042070239782 0.026260796934366226
DEBUG losses: {'loss_total': -0.18398655951023102, 'loss_fid': 24.78316307067871, 'loss_patch_fid': 4.104187965393066, 'loss_dense_fid': 4.057886600494385, 'loss_dense_bce': -0.0, 'loss_dense_kl': 16.6210880279541, 'loss_topk': -0.0, 'loss_delta': -0.0, 'loss_cc': 0.191980242729187, 'loss_nss': -4.40966796875, 'loss_sim': 0.3942304849624634, 'loss_concept_dense': 0.0, 'loss_concept_kl': 0.0, 'loss_align': 0.0, 'loss_sparse': 0.0, 'loss_div': 0.0, 'loss_gate': 0.0, 'loss_visual_entropy': 0.5751620531082153, 'loss_visual_equiv': 0.0, 'loss_visual_usage': 0.2757691442966461, 'loss_temporal_attention_entropy': 0.0, 'loss_total_concept': 0.04460395127534866, 'loss_decoder_side_aux': -0.12629978358745575, 'loss_priority_map': 0.7682008743286133, 'loss_priority_map_weighted': 0.07682009041309357, 'priority_map_loss': 0.7682008743286133, 'weighted_priority_map_loss': 0.07682009041309357, 'loss_priority_map_stage3': 0.9123742580413818, 'loss_priority_map_stage4': 0.6240274906158447, 'loss_side_stage4': -0.27327439188957214, 'loss_side_stage3': -0.26000267267227173, 'loss_side_stage2': -0.24527233839035034, 'loss_side_stage1': -0.2492247223854065}
DEBUG decoder visual FiLM [stage1] | film_gamma=unavailable (pass return_decoder_diagnostics=True)
DEBUG decoder visual FiLM [stage2] | film_gamma=unavailable (pass return_decoder_diagnostics=True)
DEBUG decoder visual FiLM [stage3] | film_gamma mean/std/min/max=0.0625/1.2368/0.0000/56.1181 | prototype_bottleneck_strength=0.4000
DEBUG decoder visual FiLM [stage4] | film_gamma mean/std/min/max=0.0625/1.1175/0.0000/39.8690 | prototype_bottleneck_strength=0.4000
DEBUG factorized comparison [stage3] | query_norm_mean=1.2036 | key_norm_mean=0.8469 | context_mean=0.0000 | context_std=0.0915 | context_min=-0.2075 | context_max=0.2836 | total_candidate_weight=336.0000 | spatial_strength=0.0991 | spatial_freq_entropy=2.7726 | spatial_freq_weight_mean=0.6930 | rank=32
DEBUG factorized comparison [stage4] | query_norm_mean=0.8364 | key_norm_mean=0.8456 | context_mean=-0.0000 | context_std=0.0673 | context_min=-0.1446 | context_max=0.2018 | total_candidate_weight=84.0000 | spatial_strength=0.0991 | spatial_freq_entropy=2.7725 | spatial_freq_weight_mean=0.6952 | rank=32
patch-priority map [stage3] | mean=0.062500 | std=1.236792 | min=0.000000 | max=56.118061 | prototype_bottleneck_strength=0.400000 | prototype_to_film_norm_ratio=5.005928
patch-priority map [stage4] | mean=0.062500 | std=1.117459 | min=0.000000 | max=39.869011 | prototype_bottleneck_strength=0.400000 | prototype_to_film_norm_ratio=5.367166
Epoch 50/200
  Mean train loss: 0.216868
  Mean val loss:   0.434234
  Current LR:      4.28e-05
Val metrics   | CC: 0.5308 | SIM: 0.4310 | NSS: 3.1341
  Saved checkpoint: training_outputs/ckpts/20260917_231452/epoch_050.pth

Epoch 51/200
pred_saliency: shape=(2, 1, 224, 384) min=-4.0000 max=34.7500 mean=-2.9820 std=3.4591
sal_batch: shape=(2, 1, 360, 640) min=0.0000 max=1.0000 mean=0.0174 std=0.0736
DEBUG features_shape: {'stage1': (2, 96, 16, 56, 96), 'stage2': (2, 192, 16, 28, 48), 'stage3': (2, 384, 16, 14, 24), 'stage4': (2, 768, 16, 7, 12)}
DEBUG gate: no gate_debug available. This usually means return_concept_losses=False or lambda_gate=0.
DEBUG decoder visual FiLM [stage1] | film_gamma=unavailable (pass return_decoder_diagnostics=True)
DEBUG decoder visual FiLM [stage2] | film_gamma=unavailable (pass return_decoder_diagnostics=True)
DEBUG decoder visual FiLM [stage3] | film_gamma mean/std/min/max=0.0625/0.9021/0.0000/36.5288 | prototype_bottleneck_strength=0.4000
DEBUG decoder visual FiLM [stage4] | film_gamma mean/std/min/max=0.0625/0.8041/0.0000/30.0183 | prototype_bottleneck_strength=0.4000
DEBUG factorized comparison [stage3] | query_norm_mean=1.1980 | key_norm_mean=0.8421 | context_mean=0.0001 | context_std=0.0907 | context_min=-0.2015 | context_max=0.2552 | total_candidate_weight=336.0000 | spatial_strength=0.0991 | spatial_freq_entropy=2.7726 | spatial_freq_weight_mean=0.6930 | rank=32
DEBUG factorized comparison [stage4] | query_norm_mean=0.8542 | key_norm_mean=0.8354 | context_mean=0.0000 | context_std=0.0694 | context_min=-0.1498 | context_max=0.1596 | total_candidate_weight=84.0000 | spatial_strength=0.0991 | spatial_freq_entropy=2.7725 | spatial_freq_weight_mean=0.6952 | rank=32
patch-priority map [stage3] | mean=0.062500 | std=0.902121 | min=0.000000 | max=36.528809 | prototype_bottleneck_strength=0.400000 | prototype_to_film_norm_ratio=3.676292
patch-priority map [stage4] | mean=0.062500 | std=0.804086 | min=0.000000 | max=30.018328 | prototype_bottleneck_strength=0.400000 | prototype_to_film_norm_ratio=2.882884
DEBUG visual concept usage [stage1] top 10:
  concept 199: 1257 patches (11.69%)
  concept 193: 797 patches (7.41%)
  concept 403: 551 patches (5.12%)
  concept 484: 446 patches (4.15%)
  concept 128: 329 patches (3.06%)
  concept 464: 249 patches (2.32%)
  concept 289: 239 patches (2.22%)
  concept 168: 227 patches (2.11%)
  concept 423: 204 patches (1.90%)
  concept 386: 150 patches (1.40%)
  normalized usage entropy: 0.8080
DEBUG visual concept usage [stage2] top 10:
  concept 66: 2688 patches (100.00%)
  normalized usage entropy: 0.8287
DEBUG visual concept usage [stage3] top 10:
  concept 278: 360 patches (53.57%)
  concept 35: 201 patches (29.91%)
  concept 92: 53 patches (7.89%)
  concept 51: 30 patches (4.46%)
  concept 96: 28 patches (4.17%)
  normalized usage entropy: 0.6647
DEBUG visual concept usage [stage4] top 10:
  concept 184: 63 patches (37.50%)
  concept 341: 56 patches (33.33%)
  concept 23: 17 patches (10.12%)
  concept 53: 10 patches (5.95%)
  concept 121: 6 patches (3.57%)
  concept 322: 6 patches (3.57%)
  concept 78: 3 patches (1.79%)
  concept 299: 3 patches (1.79%)
  concept 441: 2 patches (1.19%)
  concept 33: 1 patches (0.60%)
  normalized usage entropy: 0.5800
DEBUG pred min/max/mean/std: -4.0 34.75 -2.984375 3.453125
DEBUG target min/max/mean/std: 0.0 1.0 0.01736435480415821 0.07358132302761078
DEBUG fixation pixels per sample: [95.0, 136.0]
DEBUG fix_batch min/max/mean/std: 0.0 1.0 0.000501302070915699 0.022384189069271088
DEBUG losses: {'loss_total': 0.873782753944397, 'loss_fid': 30.246614456176758, 'loss_patch_fid': 4.161530494689941, 'loss_dense_fid': 4.0413432121276855, 'loss_dense_bce': -0.0, 'loss_dense_kl': 22.04374122619629, 'loss_topk': -0.0, 'loss_delta': -0.0, 'loss_cc': 0.5849856734275818, 'loss_nss': -2.148543357849121, 'loss_sim': 0.5990663766860962, 'loss_concept_dense': 0.0, 'loss_concept_kl': 0.0, 'loss_align': 0.0, 'loss_sparse': 0.0, 'loss_div': 0.0, 'loss_gate': 0.0, 'loss_visual_entropy': 0.5769014358520508, 'loss_visual_equiv': 0.0, 'loss_visual_usage': 0.2796473801136017, 'loss_temporal_attention_entropy': 0.0, 'loss_total_concept': 0.045854486525058746, 'loss_decoder_side_aux': 0.18362167477607727, 'loss_priority_map': 1.8341937065124512, 'loss_priority_map_weighted': 0.1834193766117096, 'priority_map_loss': 1.8341937065124512, 'weighted_priority_map_loss': 0.1834193766117096, 'loss_priority_map_stage3': 1.8900189399719238, 'loss_priority_map_stage4': 1.778368592262268, 'loss_side_stage4': 0.3693944811820984, 'loss_side_stage3': 0.37877506017684937, 'loss_side_stage2': 0.36371153593063354, 'loss_side_stage1': 0.36358851194381714}
DEBUG decoder visual FiLM [stage1] | film_gamma=unavailable (pass return_decoder_diagnostics=True)
DEBUG decoder visual FiLM [stage2] | film_gamma=unavailable (pass return_decoder_diagnostics=True)
DEBUG decoder visual FiLM [stage3] | film_gamma mean/std/min/max=0.0625/1.1531/0.0000/53.3528 | prototype_bottleneck_strength=0.4000
DEBUG decoder visual FiLM [stage4] | film_gamma mean/std/min/max=0.0625/1.0587/0.0000/39.7082 | prototype_bottleneck_strength=0.4000
DEBUG factorized comparison [stage3] | query_norm_mean=1.2406 | key_norm_mean=0.8763 | context_mean=0.0000 | context_std=0.0973 | context_min=-0.2209 | context_max=0.2806 | total_candidate_weight=336.0000 | spatial_strength=0.0991 | spatial_freq_entropy=2.7726 | spatial_freq_weight_mean=0.6930 | rank=32
DEBUG factorized comparison [stage4] | query_norm_mean=0.8649 | key_norm_mean=0.9074 | context_mean=0.0000 | context_std=0.0737 | context_min=-0.1551 | context_max=0.2154 | total_candidate_weight=84.0000 | spatial_strength=0.0990 | spatial_freq_entropy=2.7725 | spatial_freq_weight_mean=0.6951 | rank=32
patch-priority map [stage3] | mean=0.062500 | std=1.153062 | min=0.000000 | max=53.352795 | prototype_bottleneck_strength=0.400000 | prototype_to_film_norm_ratio=4.216796
patch-priority map [stage4] | mean=0.062500 | std=1.058716 | min=0.000000 | max=39.708191 | prototype_bottleneck_strength=0.400000 | prototype_to_film_norm_ratio=4.307601
Epoch 51/200
  Mean train loss: 0.181791
  Mean val loss:   0.429139
  Current LR:      4.25e-05
Val metrics   | CC: 0.5374 | SIM: 0.4225 | NSS: 3.1218
  Saved checkpoint: training_outputs/ckpts/20260917_231452/epoch_051.pth

Epoch 52/200
pred_saliency: shape=(2, 1, 224, 384) min=-4.0000 max=42.2500 mean=-3.0901 std=3.6494
sal_batch: shape=(2, 1, 360, 640) min=0.0000 max=1.0000 mean=0.0123 std=0.0757
DEBUG features_shape: {'stage1': (2, 96, 16, 56, 96), 'stage2': (2, 192, 16, 28, 48), 'stage3': (2, 384, 16, 14, 24), 'stage4': (2, 768, 16, 7, 12)}
DEBUG gate: no gate_debug available. This usually means return_concept_losses=False or lambda_gate=0.
DEBUG decoder visual FiLM [stage1] | film_gamma=unavailable (pass return_decoder_diagnostics=True)
DEBUG decoder visual FiLM [stage2] | film_gamma=unavailable (pass return_decoder_diagnostics=True)
DEBUG decoder visual FiLM [stage3] | film_gamma mean/std/min/max=0.0625/1.0034/0.0000/44.4941 | prototype_bottleneck_strength=0.4000
DEBUG decoder visual FiLM [stage4] | film_gamma mean/std/min/max=0.0625/0.9077/0.0000/30.6908 | prototype_bottleneck_strength=0.4000
DEBUG factorized comparison [stage3] | query_norm_mean=1.2387 | key_norm_mean=0.8698 | context_mean=0.0000 | context_std=0.0978 | context_min=-0.2104 | context_max=0.2642 | total_candidate_weight=336.0000 | spatial_strength=0.0991 | spatial_freq_entropy=2.7726 | spatial_freq_weight_mean=0.6930 | rank=32
DEBUG factorized comparison [stage4] | query_norm_mean=0.8568 | key_norm_mean=0.9189 | context_mean=-0.0000 | context_std=0.0696 | context_min=-0.1491 | context_max=0.2033 | total_candidate_weight=84.0000 | spatial_strength=0.0990 | spatial_freq_entropy=2.7725 | spatial_freq_weight_mean=0.6951 | rank=32
patch-priority map [stage3] | mean=0.062500 | std=1.003448 | min=0.000000 | max=44.494087 | prototype_bottleneck_strength=0.400000 | prototype_to_film_norm_ratio=3.521364
patch-priority map [stage4] | mean=0.062500 | std=0.907721 | min=0.000000 | max=30.690805 | prototype_bottleneck_strength=0.400000 | prototype_to_film_norm_ratio=2.953794
DEBUG visual concept usage [stage1] top 10:
  concept 199: 1126 patches (10.47%)
  concept 403: 596 patches (5.54%)
  concept 484: 464 patches (4.32%)
  concept 117: 261 patches (2.43%)
  concept 289: 246 patches (2.29%)
  concept 104: 226 patches (2.10%)
  concept 77: 224 patches (2.08%)
  concept 193: 217 patches (2.02%)
  concept 135: 199 patches (1.85%)
  concept 249: 157 patches (1.46%)
  normalized usage entropy: 0.8279
DEBUG visual concept usage [stage2] top 10:
  concept 66: 2688 patches (100.00%)
  normalized usage entropy: 0.8287
DEBUG visual concept usage [stage3] top 10:
  concept 278: 358 patches (53.27%)
  concept 35: 264 patches (39.29%)
  concept 92: 29 patches (4.32%)
  concept 96: 12 patches (1.79%)
  concept 51: 9 patches (1.34%)
  normalized usage entropy: 0.6685
DEBUG visual concept usage [stage4] top 10:
  concept 184: 85 patches (50.60%)
  concept 341: 44 patches (26.19%)
  concept 53: 12 patches (7.14%)
  concept 322: 12 patches (7.14%)
  concept 23: 9 patches (5.36%)
  concept 78: 2 patches (1.19%)
  concept 121: 2 patches (1.19%)
  concept 76: 1 patches (0.60%)
  concept 441: 1 patches (0.60%)
  normalized usage entropy: 0.5599
DEBUG pred min/max/mean/std: -4.0 42.25 -3.09375 3.65625
DEBUG target min/max/mean/std: 0.0 1.0 0.012335189618170261 0.07570596784353256
DEBUG fixation pixels per sample: [191.0, 110.0]
DEBUG fix_batch min/max/mean/std: 0.0 1.0 0.0006532118422910571 0.025549685582518578
DEBUG losses: {'loss_total': -0.6286258697509766, 'loss_fid': 22.347116470336914, 'loss_patch_fid': 4.189227104187012, 'loss_dense_fid': 4.084875106811523, 'loss_dense_bce': -0.0, 'loss_dense_kl': 14.073014259338379, 'loss_topk': -0.0, 'loss_delta': -0.0, 'loss_cc': 0.10495412349700928, 'loss_nss': -6.354620933532715, 'loss_sim': 0.35469168424606323, 'loss_concept_dense': 0.0, 'loss_concept_kl': 0.0, 'loss_align': 0.0, 'loss_sparse': 0.0, 'loss_div': 0.0, 'loss_gate': 0.0, 'loss_visual_entropy': 0.5760654211044312, 'loss_visual_equiv': 0.0, 'loss_visual_usage': 0.27874529361724854, 'loss_temporal_attention_entropy': 0.0, 'loss_total_concept': 0.04291119426488876, 'loss_decoder_side_aux': -0.2613068222999573, 'loss_priority_map': 0.5405374765396118, 'loss_priority_map_weighted': 0.05405374988913536, 'priority_map_loss': 0.5405374765396118, 'weighted_priority_map_loss': 0.05405374988913536, 'loss_priority_map_stage3': 0.5040216445922852, 'loss_priority_map_stage4': 0.5770533084869385, 'loss_side_stage4': -0.48082149028778076, 'loss_side_stage3': -0.5292681455612183, 'loss_side_stage2': -0.5248323678970337, 'loss_side_stage1': -0.528070330619812}
DEBUG decoder visual FiLM [stage1] | film_gamma=unavailable (pass return_decoder_diagnostics=True)
DEBUG decoder visual FiLM [stage2] | film_gamma=unavailable (pass return_decoder_diagnostics=True)
DEBUG decoder visual FiLM [stage3] | film_gamma mean/std/min/max=0.0625/1.1442/0.0000/53.6656 | prototype_bottleneck_strength=0.4000
DEBUG decoder visual FiLM [stage4] | film_gamma mean/std/min/max=0.0625/1.0154/0.0000/39.5890 | prototype_bottleneck_strength=0.4000
DEBUG factorized comparison [stage3] | query_norm_mean=1.2957 | key_norm_mean=0.8864 | context_mean=0.0001 | context_std=0.1010 | context_min=-0.2328 | context_max=0.3000 | total_candidate_weight=336.0000 | spatial_strength=0.0990 | spatial_freq_entropy=2.7726 | spatial_freq_weight_mean=0.6930 | rank=32
DEBUG factorized comparison [stage4] | query_norm_mean=0.8414 | key_norm_mean=0.9175 | context_mean=0.0000 | context_std=0.0717 | context_min=-0.1551 | context_max=0.2078 | total_candidate_weight=84.0000 | spatial_strength=0.0990 | spatial_freq_entropy=2.7725 | spatial_freq_weight_mean=0.6952 | rank=32
patch-priority map [stage3] | mean=0.062500 | std=1.144202 | min=0.000000 | max=53.665611 | prototype_bottleneck_strength=0.400000 | prototype_to_film_norm_ratio=4.390800
patch-priority map [stage4] | mean=0.062500 | std=1.015412 | min=0.000000 | max=39.588985 | prototype_bottleneck_strength=0.400000 | prototype_to_film_norm_ratio=4.396223
Epoch 52/200
  Mean train loss: 0.209888
  Mean val loss:   0.423529
  Current LR:      4.23e-05
Val metrics   | CC: 0.5374 | SIM: 0.4349 | NSS: 3.1588
  Saved checkpoint: training_outputs/ckpts/20260917_231452/epoch_052.pth

Epoch 53/200
pred_saliency: shape=(2, 1, 224, 384) min=-4.0000 max=50.2500 mean=-3.2097 std=3.7757
sal_batch: shape=(2, 1, 360, 640) min=0.0000 max=1.0000 mean=0.0118 std=0.0634
DEBUG features_shape: {'stage1': (2, 96, 16, 56, 96), 'stage2': (2, 192, 16, 28, 48), 'stage3': (2, 384, 16, 14, 24), 'stage4': (2, 768, 16, 7, 12)}
DEBUG gate: no gate_debug available. This usually means return_concept_losses=False or lambda_gate=0.
DEBUG decoder visual FiLM [stage1] | film_gamma=unavailable (pass return_decoder_diagnostics=True)
DEBUG decoder visual FiLM [stage2] | film_gamma=unavailable (pass return_decoder_diagnostics=True)
DEBUG decoder visual FiLM [stage3] | film_gamma mean/std/min/max=0.0625/1.0299/0.0000/48.7499 | prototype_bottleneck_strength=0.4000
DEBUG decoder visual FiLM [stage4] | film_gamma mean/std/min/max=0.0625/0.8986/0.0000/31.8215 | prototype_bottleneck_strength=0.4000
DEBUG factorized comparison [stage3] | query_norm_mean=1.2979 | key_norm_mean=0.8875 | context_mean=-0.0000 | context_std=0.1056 | context_min=-0.2254 | context_max=0.3104 | total_candidate_weight=336.0000 | spatial_strength=0.0990 | spatial_freq_entropy=2.7726 | spatial_freq_weight_mean=0.6930 | rank=32
DEBUG factorized comparison [stage4] | query_norm_mean=0.8451 | key_norm_mean=0.9267 | context_mean=-0.0000 | context_std=0.0762 | context_min=-0.1574 | context_max=0.2123 | total_candidate_weight=84.0000 | spatial_strength=0.0990 | spatial_freq_entropy=2.7725 | spatial_freq_weight_mean=0.6952 | rank=32
patch-priority map [stage3] | mean=0.062500 | std=1.029865 | min=0.000000 | max=48.749866 | prototype_bottleneck_strength=0.400000 | prototype_to_film_norm_ratio=5.461185
patch-priority map [stage4] | mean=0.062500 | std=0.898609 | min=0.000000 | max=31.821486 | prototype_bottleneck_strength=0.400000 | prototype_to_film_norm_ratio=4.533140
DEBUG visual concept usage [stage1] top 10:
  concept 97: 306 patches (2.85%)
  concept 272: 297 patches (2.76%)
  concept 84: 203 patches (1.89%)
  concept 317: 188 patches (1.75%)
  concept 148: 185 patches (1.72%)
  concept 120: 183 patches (1.70%)
  concept 403: 177 patches (1.65%)
  concept 174: 176 patches (1.64%)
  concept 79: 170 patches (1.58%)
  concept 340: 153 patches (1.42%)
  normalized usage entropy: 0.8469
DEBUG visual concept usage [stage2] top 10:
  concept 66: 2688 patches (100.00%)
  normalized usage entropy: 0.8287
DEBUG visual concept usage [stage3] top 10:
  concept 278: 330 patches (49.11%)
  concept 35: 266 patches (39.58%)
  concept 92: 42 patches (6.25%)
  concept 96: 20 patches (2.98%)
  concept 51: 14 patches (2.08%)
  normalized usage entropy: 0.6732
DEBUG visual concept usage [stage4] top 10:
  concept 184: 85 patches (50.60%)
  concept 341: 36 patches (21.43%)
  concept 322: 20 patches (11.90%)
  concept 121: 8 patches (4.76%)
  concept 23: 7 patches (4.17%)
  concept 78: 7 patches (4.17%)
  concept 53: 2 patches (1.19%)
  concept 299: 2 patches (1.19%)
  concept 362: 1 patches (0.60%)
  normalized usage entropy: 0.5737
DEBUG pred min/max/mean/std: -4.0 50.25 -3.203125 3.78125
DEBUG target min/max/mean/std: 0.0 1.0 0.011806348338723183 0.06340242922306061
DEBUG fixation pixels per sample: [210.0, 282.0]
DEBUG fix_batch min/max/mean/std: 0.0 1.0 0.0010677083628252149 0.03265839442610741
DEBUG losses: {'loss_total': -0.3848683834075928, 'loss_fid': 30.450647354125977, 'loss_patch_fid': 4.138101577758789, 'loss_dense_fid': 4.163423538208008, 'loss_dense_bce': -0.0, 'loss_dense_kl': 22.14912223815918, 'loss_topk': -0.0, 'loss_delta': -0.0, 'loss_cc': 0.17658257484436035, 'loss_nss': -5.6109538078308105, 'loss_sim': 0.3758077025413513, 'loss_concept_dense': 0.0, 'loss_concept_kl': 0.0, 'loss_align': 0.0, 'loss_sparse': 0.0, 'loss_div': 0.0, 'loss_gate': 0.0, 'loss_visual_entropy': 0.5778204798698425, 'loss_visual_equiv': 0.0, 'loss_visual_usage': 0.26938486099243164, 'loss_temporal_attention_entropy': 0.0, 'loss_total_concept': 0.04338553547859192, 'loss_decoder_side_aux': -0.18982669711112976, 'loss_priority_map': 0.7867727875709534, 'loss_priority_map_weighted': 0.07867728173732758, 'priority_map_loss': 0.7867727875709534, 'weighted_priority_map_loss': 0.07867728173732758, 'loss_priority_map_stage3': 0.7053254842758179, 'loss_priority_map_stage4': 0.8682200908660889, 'loss_side_stage4': -0.34258419275283813, 'loss_side_stage3': -0.38484978675842285, 'loss_side_stage2': -0.38248687982559204, 'loss_side_stage1': -0.3841973543167114}
DEBUG decoder visual FiLM [stage1] | film_gamma=unavailable (pass return_decoder_diagnostics=True)
DEBUG decoder visual FiLM [stage2] | film_gamma=unavailable (pass return_decoder_diagnostics=True)
DEBUG decoder visual FiLM [stage3] | film_gamma mean/std/min/max=0.0625/1.1751/0.0000/59.5334 | prototype_bottleneck_strength=0.4000
DEBUG decoder visual FiLM [stage4] | film_gamma mean/std/min/max=0.0625/1.2056/0.0000/48.7475 | prototype_bottleneck_strength=0.4000
DEBUG factorized comparison [stage3] | query_norm_mean=1.2042 | key_norm_mean=0.8325 | context_mean=0.0000 | context_std=0.0895 | context_min=-0.2045 | context_max=0.2746 | total_candidate_weight=336.0000 | spatial_strength=0.0991 | spatial_freq_entropy=2.7726 | spatial_freq_weight_mean=0.6930 | rank=32
DEBUG factorized comparison [stage4] | query_norm_mean=0.8180 | key_norm_mean=0.8783 | context_mean=0.0000 | context_std=0.0670 | context_min=-0.1416 | context_max=0.2108 | total_candidate_weight=84.0000 | spatial_strength=0.0991 | spatial_freq_entropy=2.7725 | spatial_freq_weight_mean=0.6953 | rank=32
patch-priority map [stage3] | mean=0.062500 | std=1.175139 | min=0.000000 | max=59.533409 | prototype_bottleneck_strength=0.400000 | prototype_to_film_norm_ratio=3.918692
patch-priority map [stage4] | mean=0.062500 | std=1.205581 | min=0.000000 | max=48.747494 | prototype_bottleneck_strength=0.400000 | prototype_to_film_norm_ratio=5.363910
Epoch 53/200
  Mean train loss: 0.185468
  Mean val loss:   0.432223
  Current LR:      4.20e-05
Val metrics   | CC: 0.5362 | SIM: 0.4283 | NSS: 3.0952
  Saved checkpoint: training_outputs/ckpts/20260917_231452/epoch_053.pth

Epoch 54/200
pred_saliency: shape=(2, 1, 224, 384) min=-4.0000 max=39.0000 mean=-3.1252 std=3.6472
sal_batch: shape=(2, 1, 360, 640) min=0.0000 max=1.0000 mean=0.0161 std=0.0787
DEBUG features_shape: {'stage1': (2, 96, 16, 56, 96), 'stage2': (2, 192, 16, 28, 48), 'stage3': (2, 384, 16, 14, 24), 'stage4': (2, 768, 16, 7, 12)}
DEBUG gate: no gate_debug available. This usually means return_concept_losses=False or lambda_gate=0.
DEBUG decoder visual FiLM [stage1] | film_gamma=unavailable (pass return_decoder_diagnostics=True)
DEBUG decoder visual FiLM [stage2] | film_gamma=unavailable (pass return_decoder_diagnostics=True)
DEBUG decoder visual FiLM [stage3] | film_gamma mean/std/min/max=0.0625/0.9512/0.0000/34.8662 | prototype_bottleneck_strength=0.4000
DEBUG decoder visual FiLM [stage4] | film_gamma mean/std/min/max=0.0625/1.1008/0.0000/47.3103 | prototype_bottleneck_strength=0.4000
DEBUG factorized comparison [stage3] | query_norm_mean=1.2041 | key_norm_mean=0.8333 | context_mean=-0.0000 | context_std=0.0921 | context_min=-0.2030 | context_max=0.2791 | total_candidate_weight=336.0000 | spatial_strength=0.0991 | spatial_freq_entropy=2.7726 | spatial_freq_weight_mean=0.6930 | rank=32
DEBUG factorized comparison [stage4] | query_norm_mean=0.8282 | key_norm_mean=0.8760 | context_mean=0.0000 | context_std=0.0688 | context_min=-0.1438 | context_max=0.1792 | total_candidate_weight=84.0000 | spatial_strength=0.0991 | spatial_freq_entropy=2.7725 | spatial_freq_weight_mean=0.6953 | rank=32
patch-priority map [stage3] | mean=0.062500 | std=0.951180 | min=0.000000 | max=34.866226 | prototype_bottleneck_strength=0.400000 | prototype_to_film_norm_ratio=3.581256
patch-priority map [stage4] | mean=0.062500 | std=1.100768 | min=0.000000 | max=47.310265 | prototype_bottleneck_strength=0.400000 | prototype_to_film_norm_ratio=4.320517
DEBUG visual concept usage [stage1] top 10:
  concept 199: 1587 patches (14.76%)
  concept 77: 1439 patches (13.38%)
  concept 403: 322 patches (2.99%)
  concept 272: 309 patches (2.87%)
  concept 84: 237 patches (2.20%)
  concept 289: 233 patches (2.17%)
  concept 117: 196 patches (1.82%)
  concept 174: 194 patches (1.80%)
  concept 97: 185 patches (1.72%)
  concept 193: 174 patches (1.62%)
  normalized usage entropy: 0.7645
DEBUG visual concept usage [stage2] top 10:
  concept 66: 2688 patches (100.00%)
  normalized usage entropy: 0.8287
DEBUG visual concept usage [stage3] top 10:
  concept 278: 323 patches (48.07%)
  concept 35: 282 patches (41.96%)
  concept 92: 39 patches (5.80%)
  concept 96: 18 patches (2.68%)
  concept 51: 10 patches (1.49%)
  normalized usage entropy: 0.6754
DEBUG visual concept usage [stage4] top 10:
  concept 184: 88 patches (52.38%)
  concept 341: 41 patches (24.40%)
  concept 322: 9 patches (5.36%)
  concept 23: 8 patches (4.76%)
  concept 53: 8 patches (4.76%)
  concept 121: 8 patches (4.76%)
  concept 78: 5 patches (2.98%)
  concept 299: 1 patches (0.60%)
  normalized usage entropy: 0.5803
DEBUG pred min/max/mean/std: -4.0 39.0 -3.125 3.640625
DEBUG target min/max/mean/std: 0.0 1.0 0.016101665794849396 0.07873685657978058
DEBUG fixation pixels per sample: [185.0, 232.0]
DEBUG fix_batch min/max/mean/std: 0.0 1.0 0.0009049479267559946 0.030068770051002502
DEBUG losses: {'loss_total': 0.0415901318192482, 'loss_fid': 30.479618072509766, 'loss_patch_fid': 4.267248153686523, 'loss_dense_fid': 4.069661617279053, 'loss_dense_bce': -0.0, 'loss_dense_kl': 22.14270782470703, 'loss_topk': -0.0, 'loss_delta': -0.0, 'loss_cc': 0.2575780153274536, 'loss_nss': -3.9979538917541504, 'loss_sim': 0.4563593864440918, 'loss_concept_dense': 0.0, 'loss_concept_kl': 0.0, 'loss_align': 0.0, 'loss_sparse': 0.0, 'loss_div': 0.0, 'loss_gate': 0.0, 'loss_visual_entropy': 0.5760641098022461, 'loss_visual_equiv': 0.0, 'loss_visual_usage': 0.28777754306793213, 'loss_temporal_attention_entropy': 0.0, 'loss_total_concept': 0.04382900148630142, 'loss_decoder_side_aux': -0.07176343351602554, 'loss_priority_map': 1.3444790840148926, 'loss_priority_map_weighted': 0.13444791734218597, 'priority_map_loss': 1.3444790840148926, 'weighted_priority_map_loss': 0.13444791734218597, 'loss_priority_map_stage3': 1.2222529649734497, 'loss_priority_map_stage4': 1.4667052030563354, 'loss_side_stage4': -0.12587180733680725, 'loss_side_stage3': -0.1408151090145111, 'loss_side_stage2': -0.14797428250312805, 'loss_side_stage1': -0.14596092700958252}
DEBUG decoder visual FiLM [stage1] | film_gamma=unavailable (pass return_decoder_diagnostics=True)
DEBUG decoder visual FiLM [stage2] | film_gamma=unavailable (pass return_decoder_diagnostics=True)
DEBUG decoder visual FiLM [stage3] | film_gamma mean/std/min/max=0.0625/1.1861/0.0000/63.7883 | prototype_bottleneck_strength=0.4000
DEBUG decoder visual FiLM [stage4] | film_gamma mean/std/min/max=0.0625/1.0466/0.0000/40.6239 | prototype_bottleneck_strength=0.4000
DEBUG factorized comparison [stage3] | query_norm_mean=1.1848 | key_norm_mean=0.8320 | context_mean=0.0001 | context_std=0.0885 | context_min=-0.2030 | context_max=0.2642 | total_candidate_weight=336.0000 | spatial_strength=0.0991 | spatial_freq_entropy=2.7726 | spatial_freq_weight_mean=0.6931 | rank=32
DEBUG factorized comparison [stage4] | query_norm_mean=0.8206 | key_norm_mean=0.8675 | context_mean=-0.0000 | context_std=0.0657 | context_min=-0.1386 | context_max=0.1973 | total_candidate_weight=84.0000 | spatial_strength=0.0991 | spatial_freq_entropy=2.7725 | spatial_freq_weight_mean=0.6954 | rank=32
patch-priority map [stage3] | mean=0.062500 | std=1.186115 | min=0.000000 | max=63.788303 | prototype_bottleneck_strength=0.400000 | prototype_to_film_norm_ratio=3.780163
patch-priority map [stage4] | mean=0.062500 | std=1.046619 | min=0.000000 | max=40.623901 | prototype_bottleneck_strength=0.400000 | prototype_to_film_norm_ratio=5.331473
Epoch 54/200
  Mean train loss: 0.190798
  Mean val loss:   0.438783
  Current LR:      4.17e-05
Val metrics   | CC: 0.5278 | SIM: 0.4315 | NSS: 3.1095
  Saved checkpoint: training_outputs/ckpts/20260917_231452/epoch_054.pth

Epoch 55/200
pred_saliency: shape=(2, 1, 224, 384) min=-4.0000 max=33.2500 mean=-2.9132 std=3.5367
sal_batch: shape=(2, 1, 360, 640) min=0.0000 max=1.0000 mean=0.0189 std=0.0816
DEBUG features_shape: {'stage1': (2, 96, 16, 56, 96), 'stage2': (2, 192, 16, 28, 48), 'stage3': (2, 384, 16, 14, 24), 'stage4': (2, 768, 16, 7, 12)}
DEBUG gate: no gate_debug available. This usually means return_concept_losses=False or lambda_gate=0.
DEBUG decoder visual FiLM [stage1] | film_gamma=unavailable (pass return_decoder_diagnostics=True)
DEBUG decoder visual FiLM [stage2] | film_gamma=unavailable (pass return_decoder_diagnostics=True)
DEBUG decoder visual FiLM [stage3] | film_gamma mean/std/min/max=0.0625/0.6638/0.0000/23.7042 | prototype_bottleneck_strength=0.4000
DEBUG decoder visual FiLM [stage4] | film_gamma mean/std/min/max=0.0625/0.7460/0.0000/24.6845 | prototype_bottleneck_strength=0.4000
DEBUG factorized comparison [stage3] | query_norm_mean=1.1826 | key_norm_mean=0.8198 | context_mean=0.0000 | context_std=0.0843 | context_min=-0.1970 | context_max=0.2239 | total_candidate_weight=336.0000 | spatial_strength=0.0991 | spatial_freq_entropy=2.7726 | spatial_freq_weight_mean=0.6931 | rank=32
DEBUG factorized comparison [stage4] | query_norm_mean=0.8208 | key_norm_mean=0.8710 | context_mean=0.0000 | context_std=0.0632 | context_min=-0.1340 | context_max=0.1574 | total_candidate_weight=84.0000 | spatial_strength=0.0991 | spatial_freq_entropy=2.7725 | spatial_freq_weight_mean=0.6954 | rank=32
patch-priority map [stage3] | mean=0.062500 | std=0.663830 | min=0.000000 | max=23.704227 | prototype_bottleneck_strength=0.400000 | prototype_to_film_norm_ratio=2.168312
patch-priority map [stage4] | mean=0.062500 | std=0.745999 | min=0.000000 | max=24.684471 | prototype_bottleneck_strength=0.400000 | prototype_to_film_norm_ratio=2.518480
DEBUG visual concept usage [stage1] top 10:
  concept 435: 283 patches (2.63%)
  concept 504: 264 patches (2.46%)
  concept 185: 256 patches (2.38%)
  concept 491: 240 patches (2.23%)
  concept 281: 219 patches (2.04%)
  concept 97: 210 patches (1.95%)
  concept 272: 210 patches (1.95%)
  concept 84: 177 patches (1.65%)
  concept 148: 163 patches (1.52%)
  concept 79: 161 patches (1.50%)
  normalized usage entropy: 0.8459
DEBUG visual concept usage [stage2] top 10:
  concept 66: 2688 patches (100.00%)
  normalized usage entropy: 0.8287
DEBUG visual concept usage [stage3] top 10:
  concept 278: 303 patches (45.09%)
  concept 35: 272 patches (40.48%)
  concept 92: 86 patches (12.80%)
  concept 51: 11 patches (1.64%)
  normalized usage entropy: 0.6718
DEBUG visual concept usage [stage4] top 10:
  concept 184: 85 patches (50.60%)
  concept 341: 40 patches (23.81%)
  concept 322: 12 patches (7.14%)
  concept 53: 11 patches (6.55%)
  concept 78: 9 patches (5.36%)
  concept 121: 9 patches (5.36%)
  concept 23: 1 patches (0.60%)
  concept 299: 1 patches (0.60%)
  normalized usage entropy: 0.5759
DEBUG pred min/max/mean/std: -4.0 33.25 -2.90625 3.53125
DEBUG target min/max/mean/std: 0.0 1.0 0.018931355327367783 0.081639364361763
DEBUG fixation pixels per sample: [195.0, 143.0]
DEBUG fix_batch min/max/mean/std: 0.0 1.0 0.0007335069822147489 0.02707342803478241
DEBUG losses: {'loss_total': 0.4939553737640381, 'loss_fid': 26.171546936035156, 'loss_patch_fid': 4.010781764984131, 'loss_dense_fid': 3.986736536026001, 'loss_dense_bce': -0.0, 'loss_dense_kl': 18.174028396606445, 'loss_topk': -0.0, 'loss_delta': -0.0, 'loss_cc': 0.4309194087982178, 'loss_nss': -2.7543866634368896, 'loss_sim': 0.5574195981025696, 'loss_concept_dense': 0.0, 'loss_concept_kl': 0.0, 'loss_align': 0.0, 'loss_sparse': 0.0, 'loss_div': 0.0, 'loss_gate': 0.0, 'loss_visual_entropy': 0.5802372694015503, 'loss_visual_equiv': 0.0, 'loss_visual_usage': 0.2694372534751892, 'loss_temporal_attention_entropy': 0.0, 'loss_total_concept': 0.044720474630594254, 'loss_decoder_side_aux': 0.07834501564502716, 'loss_priority_map': 1.298222541809082, 'loss_priority_map_weighted': 0.1298222541809082, 'priority_map_loss': 1.298222541809082, 'weighted_priority_map_loss': 0.1298222541809082, 'loss_priority_map_stage3': 1.4174928665161133, 'loss_priority_map_stage4': 1.1789522171020508, 'loss_side_stage4': 0.15422627329826355, 'loss_side_stage3': 0.15981066226959229, 'loss_side_stage2': 0.15605154633522034, 'loss_side_stage1': 0.15622451901435852}
DEBUG decoder visual FiLM [stage1] | film_gamma=unavailable (pass return_decoder_diagnostics=True)
DEBUG decoder visual FiLM [stage2] | film_gamma=unavailable (pass return_decoder_diagnostics=True)
DEBUG decoder visual FiLM [stage3] | film_gamma mean/std/min/max=0.0625/1.1425/0.0000/61.0415 | prototype_bottleneck_strength=0.4000
DEBUG decoder visual FiLM [stage4] | film_gamma mean/std/min/max=0.0625/1.2224/0.0000/48.9365 | prototype_bottleneck_strength=0.4000
DEBUG factorized comparison [stage3] | query_norm_mean=1.0566 | key_norm_mean=0.7833 | context_mean=0.0000 | context_std=0.0778 | context_min=-0.1791 | context_max=0.2343 | total_candidate_weight=336.0000 | spatial_strength=0.0991 | spatial_freq_entropy=2.7726 | spatial_freq_weight_mean=0.6932 | rank=32
DEBUG factorized comparison [stage4] | query_norm_mean=0.8336 | key_norm_mean=0.8642 | context_mean=-0.0000 | context_std=0.0669 | context_min=-0.1514 | context_max=0.2063 | total_candidate_weight=84.0000 | spatial_strength=0.0991 | spatial_freq_entropy=2.7725 | spatial_freq_weight_mean=0.6954 | rank=32
patch-priority map [stage3] | mean=0.062500 | std=1.142465 | min=0.000000 | max=61.041508 | prototype_bottleneck_strength=0.400000 | prototype_to_film_norm_ratio=3.445326
patch-priority map [stage4] | mean=0.062500 | std=1.222426 | min=0.000000 | max=48.936508 | prototype_bottleneck_strength=0.400000 | prototype_to_film_norm_ratio=6.337655
Epoch 55/200
  Mean train loss: 0.188659
  Mean val loss:   0.430055
  Current LR:      4.14e-05
Val metrics   | CC: 0.5335 | SIM: 0.4252 | NSS: 3.1256
  Saved checkpoint: training_outputs/ckpts/20260917_231452/epoch_055.pth

Epoch 56/200
pred_saliency: shape=(2, 1, 224, 384) min=-4.0000 max=38.2500 mean=-2.8500 std=3.5013
sal_batch: shape=(2, 1, 360, 640) min=0.0000 max=1.0000 mean=0.0228 std=0.0964
DEBUG features_shape: {'stage1': (2, 96, 16, 56, 96), 'stage2': (2, 192, 16, 28, 48), 'stage3': (2, 384, 16, 14, 24), 'stage4': (2, 768, 16, 7, 12)}
DEBUG gate: no gate_debug available. This usually means return_concept_losses=False or lambda_gate=0.
DEBUG decoder visual FiLM [stage1] | film_gamma=unavailable (pass return_decoder_diagnostics=True)
DEBUG decoder visual FiLM [stage2] | film_gamma=unavailable (pass return_decoder_diagnostics=True)
DEBUG decoder visual FiLM [stage3] | film_gamma mean/std/min/max=0.0625/0.6793/0.0000/35.1058 | prototype_bottleneck_strength=0.4000
DEBUG decoder visual FiLM [stage4] | film_gamma mean/std/min/max=0.0625/0.6954/0.0000/24.2088 | prototype_bottleneck_strength=0.4000
DEBUG factorized comparison [stage3] | query_norm_mean=1.0512 | key_norm_mean=0.7843 | context_mean=0.0000 | context_std=0.0768 | context_min=-0.1828 | context_max=0.2194 | total_candidate_weight=336.0000 | spatial_strength=0.0991 | spatial_freq_entropy=2.7726 | spatial_freq_weight_mean=0.6932 | rank=32
DEBUG factorized comparison [stage4] | query_norm_mean=0.8571 | key_norm_mean=0.8545 | context_mean=-0.0000 | context_std=0.0731 | context_min=-0.1596 | context_max=0.1852 | total_candidate_weight=84.0000 | spatial_strength=0.0991 | spatial_freq_entropy=2.7725 | spatial_freq_weight_mean=0.6954 | rank=32
patch-priority map [stage3] | mean=0.062500 | std=0.679326 | min=0.000000 | max=35.105782 | prototype_bottleneck_strength=0.400000 | prototype_to_film_norm_ratio=2.313105
patch-priority map [stage4] | mean=0.062500 | std=0.695426 | min=0.000000 | max=24.208824 | prototype_bottleneck_strength=0.400000 | prototype_to_film_norm_ratio=2.782932
DEBUG visual concept usage [stage1] top 10:
  concept 272: 181 patches (1.68%)
  concept 97: 175 patches (1.63%)
  concept 84: 171 patches (1.59%)
  concept 148: 168 patches (1.56%)
  concept 381: 161 patches (1.50%)
  concept 161: 160 patches (1.49%)
  concept 185: 153 patches (1.42%)
  concept 174: 152 patches (1.41%)
  concept 207: 145 patches (1.35%)
  concept 203: 142 patches (1.32%)
  normalized usage entropy: 0.8521
DEBUG visual concept usage [stage2] top 10:
  concept 66: 2688 patches (100.00%)
  normalized usage entropy: 0.8288
DEBUG visual concept usage [stage3] top 10:
  concept 278: 323 patches (48.07%)
  concept 35: 250 patches (37.20%)
  concept 92: 68 patches (10.12%)
  concept 96: 22 patches (3.27%)
  concept 51: 9 patches (1.34%)
  normalized usage entropy: 0.6794
DEBUG visual concept usage [stage4] top 10:
  concept 184: 80 patches (47.62%)
  concept 341: 44 patches (26.19%)
  concept 121: 16 patches (9.52%)
  concept 23: 9 patches (5.36%)
  concept 78: 9 patches (5.36%)
  concept 53: 5 patches (2.98%)
  concept 322: 4 patches (2.38%)
  concept 299: 1 patches (0.60%)
  normalized usage entropy: 0.5936
DEBUG pred min/max/mean/std: -4.0 38.25 -2.84375 3.5
DEBUG target min/max/mean/std: 0.0 1.0 0.022842662408947945 0.09638283401727676
DEBUG fixation pixels per sample: [217.0, 137.0]
DEBUG fix_batch min/max/mean/std: 0.0 1.0 0.0007682291907258332 0.02770632691681385
DEBUG losses: {'loss_total': 0.7307820320129395, 'loss_fid': 34.4336051940918, 'loss_patch_fid': 4.071291923522949, 'loss_dense_fid': 3.845693349838257, 'loss_dense_bce': -0.0, 'loss_dense_kl': 26.516620635986328, 'loss_topk': -0.0, 'loss_delta': -0.0, 'loss_cc': 0.5115392208099365, 'loss_nss': -2.2437806129455566, 'loss_sim': 0.6015320420265198, 'loss_concept_dense': 0.0, 'loss_concept_kl': 0.0, 'loss_align': 0.0, 'loss_sparse': 0.0, 'loss_div': 0.0, 'loss_gate': 0.0, 'loss_visual_entropy': 0.580721914768219, 'loss_visual_equiv': 0.0, 'loss_visual_usage': 0.2615335285663605, 'loss_temporal_attention_entropy': 0.0, 'loss_total_concept': 0.045415353029966354, 'loss_decoder_side_aux': 0.16262513399124146, 'loss_priority_map': 1.4637019634246826, 'loss_priority_map_weighted': 0.14637020230293274, 'priority_map_loss': 1.4637019634246826, 'weighted_priority_map_loss': 0.14637020230293274, 'loss_priority_map_stage3': 1.4827959537506104, 'loss_priority_map_stage4': 1.4446080923080444, 'loss_side_stage4': 0.4112585186958313, 'loss_side_stage3': 0.40609580278396606, 'loss_side_stage2': 0.3031313419342041, 'loss_side_stage1': 0.27991461753845215}
DEBUG decoder visual FiLM [stage1] | film_gamma=unavailable (pass return_decoder_diagnostics=True)
DEBUG decoder visual FiLM [stage2] | film_gamma=unavailable (pass return_decoder_diagnostics=True)
DEBUG decoder visual FiLM [stage3] | film_gamma mean/std/min/max=0.0625/1.1612/0.0000/54.4240 | prototype_bottleneck_strength=0.4000
DEBUG decoder visual FiLM [stage4] | film_gamma mean/std/min/max=0.0625/1.1378/0.0000/43.0399 | prototype_bottleneck_strength=0.4000
DEBUG factorized comparison [stage3] | query_norm_mean=1.0795 | key_norm_mean=0.7766 | context_mean=0.0000 | context_std=0.0796 | context_min=-0.1776 | context_max=0.2388 | total_candidate_weight=336.0000 | spatial_strength=0.0991 | spatial_freq_entropy=2.7726 | spatial_freq_weight_mean=0.6932 | rank=32
DEBUG factorized comparison [stage4] | query_norm_mean=0.8116 | key_norm_mean=0.8391 | context_mean=-0.0000 | context_std=0.0656 | context_min=-0.1393 | context_max=0.1958 | total_candidate_weight=84.0000 | spatial_strength=0.0991 | spatial_freq_entropy=2.7725 | spatial_freq_weight_mean=0.6955 | rank=32
patch-priority map [stage3] | mean=0.062500 | std=1.161219 | min=0.000000 | max=54.423954 | prototype_bottleneck_strength=0.400000 | prototype_to_film_norm_ratio=4.229221
patch-priority map [stage4] | mean=0.062500 | std=1.137815 | min=0.000000 | max=43.039936 | prototype_bottleneck_strength=0.400000 | prototype_to_film_norm_ratio=5.127660
Epoch 56/200
  Mean train loss: 0.188551
  Mean val loss:   0.426309
  Current LR:      4.11e-05
Val metrics   | CC: 0.5336 | SIM: 0.4341 | NSS: 3.1535
  Saved checkpoint: training_outputs/ckpts/20260917_231452/epoch_056.pth

Epoch 57/200
pred_saliency: shape=(2, 1, 224, 384) min=-4.0000 max=43.5000 mean=-3.3227 std=3.5093
sal_batch: shape=(2, 1, 360, 640) min=0.0000 max=1.0000 mean=0.0146 std=0.0766
DEBUG features_shape: {'stage1': (2, 96, 16, 56, 96), 'stage2': (2, 192, 16, 28, 48), 'stage3': (2, 384, 16, 14, 24), 'stage4': (2, 768, 16, 7, 12)}
DEBUG gate: no gate_debug available. This usually means return_concept_losses=False or lambda_gate=0.
DEBUG decoder visual FiLM [stage1] | film_gamma=unavailable (pass return_decoder_diagnostics=True)
DEBUG decoder visual FiLM [stage2] | film_gamma=unavailable (pass return_decoder_diagnostics=True)
DEBUG decoder visual FiLM [stage3] | film_gamma mean/std/min/max=0.0625/0.8288/0.0000/32.3358 | prototype_bottleneck_strength=0.4000
DEBUG decoder visual FiLM [stage4] | film_gamma mean/std/min/max=0.0625/0.8849/0.0000/32.0345 | prototype_bottleneck_strength=0.4000
DEBUG factorized comparison [stage3] | query_norm_mean=1.0732 | key_norm_mean=0.7631 | context_mean=0.0000 | context_std=0.0727 | context_min=-0.1731 | context_max=0.2104 | total_candidate_weight=336.0000 | spatial_strength=0.0991 | spatial_freq_entropy=2.7726 | spatial_freq_weight_mean=0.6932 | rank=32
DEBUG factorized comparison [stage4] | query_norm_mean=0.8145 | key_norm_mean=0.8373 | context_mean=-0.0000 | context_std=0.0611 | context_min=-0.1386 | context_max=0.1920 | total_candidate_weight=84.0000 | spatial_strength=0.0991 | spatial_freq_entropy=2.7725 | spatial_freq_weight_mean=0.6955 | rank=32
patch-priority map [stage3] | mean=0.062500 | std=0.828751 | min=0.000000 | max=32.335808 | prototype_bottleneck_strength=0.400000 | prototype_to_film_norm_ratio=3.221524
patch-priority map [stage4] | mean=0.062500 | std=0.884878 | min=0.000000 | max=32.034531 | prototype_bottleneck_strength=0.400000 | prototype_to_film_norm_ratio=2.954844
DEBUG visual concept usage [stage1] top 10:
  concept 491: 240 patches (2.23%)
  concept 58: 216 patches (2.01%)
  concept 504: 215 patches (2.00%)
  concept 104: 200 patches (1.86%)
  concept 77: 198 patches (1.84%)
  concept 111: 191 patches (1.78%)
  concept 135: 159 patches (1.48%)
  concept 291: 158 patches (1.47%)
  concept 81: 155 patches (1.44%)
  concept 33: 152 patches (1.41%)
  normalized usage entropy: 0.8540
DEBUG visual concept usage [stage2] top 10:
  concept 66: 2688 patches (100.00%)
  normalized usage entropy: 0.8287
DEBUG visual concept usage [stage3] top 10:
  concept 278: 300 patches (44.64%)
  concept 35: 259 patches (38.54%)
  concept 92: 80 patches (11.90%)
  concept 96: 26 patches (3.87%)
  concept 51: 7 patches (1.04%)
  normalized usage entropy: 0.6836
DEBUG visual concept usage [stage4] top 10:
  concept 184: 77 patches (45.83%)
  concept 341: 46 patches (27.38%)
  concept 53: 14 patches (8.33%)
  concept 23: 8 patches (4.76%)
  concept 78: 8 patches (4.76%)
  concept 322: 8 patches (4.76%)
  concept 121: 6 patches (3.57%)
  concept 362: 1 patches (0.60%)
  normalized usage entropy: 0.5908
DEBUG pred min/max/mean/std: -4.0 43.5 -3.328125 3.515625
DEBUG target min/max/mean/std: 0.0 1.0 0.014624047093093395 0.07661774009466171
DEBUG fixation pixels per sample: [192.0, 72.0]
DEBUG fix_batch min/max/mean/std: 0.0 1.0 0.0005729167023673654 0.023928847163915634
DEBUG losses: {'loss_total': 0.3310062885284424, 'loss_fid': 33.36469650268555, 'loss_patch_fid': 3.9650676250457764, 'loss_dense_fid': 4.169068813323975, 'loss_dense_bce': -0.0, 'loss_dense_kl': 25.230560302734375, 'loss_topk': -0.0, 'loss_delta': -0.0, 'loss_cc': 0.40069031715393066, 'loss_nss': -3.5794897079467773, 'loss_sim': 0.473919153213501, 'loss_concept_dense': 0.0, 'loss_concept_kl': 0.0, 'loss_align': 0.0, 'loss_sparse': 0.0, 'loss_div': 0.0, 'loss_gate': 0.0, 'loss_visual_entropy': 0.5803103446960449, 'loss_visual_equiv': 0.0, 'loss_visual_usage': 0.26071515679359436, 'loss_temporal_attention_entropy': 0.0, 'loss_total_concept': 0.04388304054737091, 'loss_decoder_side_aux': 0.012074494734406471, 'loss_priority_map': 1.5594242811203003, 'loss_priority_map_weighted': 0.1559424251317978, 'priority_map_loss': 1.5594242811203003, 'weighted_priority_map_loss': 0.1559424251317978, 'loss_priority_map_stage3': 1.6401103734970093, 'loss_priority_map_stage4': 1.4787381887435913, 'loss_side_stage4': -0.008115023374557495, 'loss_side_stage3': 0.0023162662982940674, 'loss_side_stage2': 0.029414504766464233, 'loss_side_stage1': 0.03918221592903137}
DEBUG decoder visual FiLM [stage1] | film_gamma=unavailable (pass return_decoder_diagnostics=True)
DEBUG decoder visual FiLM [stage2] | film_gamma=unavailable (pass return_decoder_diagnostics=True)
DEBUG decoder visual FiLM [stage3] | film_gamma mean/std/min/max=0.0625/1.2489/0.0000/66.9305 | prototype_bottleneck_strength=0.4000
DEBUG decoder visual FiLM [stage4] | film_gamma mean/std/min/max=0.0625/1.1982/0.0000/48.4290 | prototype_bottleneck_strength=0.4000
DEBUG factorized comparison [stage3] | query_norm_mean=1.1266 | key_norm_mean=0.7976 | context_mean=0.0000 | context_std=0.0830 | context_min=-0.1910 | context_max=0.2522 | total_candidate_weight=336.0000 | spatial_strength=0.0991 | spatial_freq_entropy=2.7726 | spatial_freq_weight_mean=0.6932 | rank=32
DEBUG factorized comparison [stage4] | query_norm_mean=0.8178 | key_norm_mean=0.8466 | context_mean=-0.0000 | context_std=0.0638 | context_min=-0.1416 | context_max=0.1988 | total_candidate_weight=84.0000 | spatial_strength=0.0991 | spatial_freq_entropy=2.7725 | spatial_freq_weight_mean=0.6955 | rank=32
patch-priority map [stage3] | mean=0.062500 | std=1.248943 | min=0.000000 | max=66.930504 | prototype_bottleneck_strength=0.400000 | prototype_to_film_norm_ratio=3.871591
patch-priority map [stage4] | mean=0.062500 | std=1.198153 | min=0.000000 | max=48.429047 | prototype_bottleneck_strength=0.400000 | prototype_to_film_norm_ratio=5.088034
Epoch 57/200
  Mean train loss: 0.227282
  Mean val loss:   0.427494
  Current LR:      4.08e-05
Val metrics   | CC: 0.5342 | SIM: 0.4318 | NSS: 3.1358
  Saved checkpoint: training_outputs/ckpts/20260917_231452/epoch_057.pth

Epoch 58/200
pred_saliency: shape=(2, 1, 224, 384) min=-4.0000 max=47.0000 mean=-3.0169 std=3.5304
sal_batch: shape=(2, 1, 360, 640) min=0.0000 max=1.0000 mean=0.0160 std=0.0772
DEBUG features_shape: {'stage1': (2, 96, 16, 56, 96), 'stage2': (2, 192, 16, 28, 48), 'stage3': (2, 384, 16, 14, 24), 'stage4': (2, 768, 16, 7, 12)}
DEBUG gate: no gate_debug available. This usually means return_concept_losses=False or lambda_gate=0.
DEBUG decoder visual FiLM [stage1] | film_gamma=unavailable (pass return_decoder_diagnostics=True)
DEBUG decoder visual FiLM [stage2] | film_gamma=unavailable (pass return_decoder_diagnostics=True)
DEBUG decoder visual FiLM [stage3] | film_gamma mean/std/min/max=0.0625/0.9355/0.0000/44.5907 | prototype_bottleneck_strength=0.4000
DEBUG decoder visual FiLM [stage4] | film_gamma mean/std/min/max=0.0625/0.7634/0.0000/24.7218 | prototype_bottleneck_strength=0.4000
DEBUG factorized comparison [stage3] | query_norm_mean=1.1249 | key_norm_mean=0.8051 | context_mean=0.0001 | context_std=0.0876 | context_min=-0.2000 | context_max=0.2433 | total_candidate_weight=336.0000 | spatial_strength=0.0991 | spatial_freq_entropy=2.7726 | spatial_freq_weight_mean=0.6932 | rank=32
DEBUG factorized comparison [stage4] | query_norm_mean=0.8355 | key_norm_mean=0.8352 | context_mean=0.0000 | context_std=0.0692 | context_min=-0.1574 | context_max=0.1649 | total_candidate_weight=84.0000 | spatial_strength=0.0991 | spatial_freq_entropy=2.7725 | spatial_freq_weight_mean=0.6955 | rank=32
patch-priority map [stage3] | mean=0.062500 | std=0.935501 | min=0.000000 | max=44.590698 | prototype_bottleneck_strength=0.400000 | prototype_to_film_norm_ratio=4.214298
patch-priority map [stage4] | mean=0.062500 | std=0.763434 | min=0.000000 | max=24.721771 | prototype_bottleneck_strength=0.400000 | prototype_to_film_norm_ratio=2.638383
DEBUG visual concept usage [stage1] top 10:
  concept 166: 522 patches (4.85%)
  concept 320: 268 patches (2.49%)
  concept 84: 255 patches (2.37%)
  concept 97: 224 patches (2.08%)
  concept 272: 177 patches (1.65%)
  concept 65: 168 patches (1.56%)
  concept 356: 164 patches (1.53%)
  concept 340: 146 patches (1.36%)
  concept 228: 143 patches (1.33%)
  concept 148: 141 patches (1.31%)
  normalized usage entropy: 0.8498
DEBUG visual concept usage [stage2] top 10:
  concept 66: 2688 patches (100.00%)
  normalized usage entropy: 0.8287
DEBUG visual concept usage [stage3] top 10:
  concept 278: 270 patches (40.18%)
  concept 35: 231 patches (34.38%)
  concept 92: 140 patches (20.83%)
  concept 51: 21 patches (3.12%)
  concept 96: 10 patches (1.49%)
  normalized usage entropy: 0.6795
DEBUG visual concept usage [stage4] top 10:
  concept 184: 73 patches (43.45%)
  concept 341: 35 patches (20.83%)
  concept 322: 21 patches (12.50%)
  concept 121: 16 patches (9.52%)
  concept 53: 7 patches (4.17%)
  concept 299: 6 patches (3.57%)
  concept 23: 5 patches (2.98%)
  concept 78: 5 patches (2.98%)
  normalized usage entropy: 0.6061
DEBUG pred min/max/mean/std: -4.0 47.0 -3.015625 3.53125
DEBUG target min/max/mean/std: 0.0 1.0 0.016003329306840897 0.07720848172903061
DEBUG fixation pixels per sample: [167.0, 113.0]
DEBUG fix_batch min/max/mean/std: 0.0 1.0 0.0006076389108784497 0.02464286796748638
DEBUG losses: {'loss_total': 0.24323809146881104, 'loss_fid': 27.801332473754883, 'loss_patch_fid': 4.1347737312316895, 'loss_dense_fid': 4.041452407836914, 'loss_dense_bce': -0.0, 'loss_dense_kl': 19.625106811523438, 'loss_topk': -0.0, 'loss_delta': -0.0, 'loss_cc': 0.37409353256225586, 'loss_nss': -3.5652012825012207, 'loss_sim': 0.46301162242889404, 'loss_concept_dense': 0.0, 'loss_concept_kl': 0.0, 'loss_align': 0.0, 'loss_sparse': 0.0, 'loss_div': 0.0, 'loss_gate': 0.0, 'loss_visual_entropy': 0.5848201513290405, 'loss_visual_equiv': 0.0, 'loss_visual_usage': 0.2589770555496216, 'loss_temporal_attention_entropy': 0.0, 'loss_total_concept': 0.04470407962799072, 'loss_decoder_side_aux': 0.002321964595466852, 'loss_priority_map': 1.0351568460464478, 'loss_priority_map_weighted': 0.10351568460464478, 'priority_map_loss': 1.0351568460464478, 'weighted_priority_map_loss': 0.10351568460464478, 'loss_priority_map_stage3': 1.0021748542785645, 'loss_priority_map_stage4': 1.068138837814331, 'loss_side_stage4': 0.03313872218132019, 'loss_side_stage3': -0.0056410133838653564, 'loss_side_stage2': -0.010654062032699585, 'loss_side_stage1': 0.014136195182800293}
DEBUG decoder visual FiLM [stage1] | film_gamma=unavailable (pass return_decoder_diagnostics=True)
DEBUG decoder visual FiLM [stage2] | film_gamma=unavailable (pass return_decoder_diagnostics=True)
DEBUG decoder visual FiLM [stage3] | film_gamma mean/std/min/max=0.0625/1.1729/0.0000/60.7656 | prototype_bottleneck_strength=0.4000
DEBUG decoder visual FiLM [stage4] | film_gamma mean/std/min/max=0.0625/1.1080/0.0000/44.9613 | prototype_bottleneck_strength=0.4000
DEBUG factorized comparison [stage3] | query_norm_mean=1.1839 | key_norm_mean=0.8327 | context_mean=-0.0000 | context_std=0.0914 | context_min=-0.2134 | context_max=0.2746 | total_candidate_weight=336.0000 | spatial_strength=0.0991 | spatial_freq_entropy=2.7726 | spatial_freq_weight_mean=0.6932 | rank=32
DEBUG factorized comparison [stage4] | query_norm_mean=0.8153 | key_norm_mean=0.8312 | context_mean=-0.0000 | context_std=0.0663 | context_min=-0.1408 | context_max=0.1988 | total_candidate_weight=84.0000 | spatial_strength=0.0991 | spatial_freq_entropy=2.7725 | spatial_freq_weight_mean=0.6956 | rank=32
patch-priority map [stage3] | mean=0.062500 | std=1.172931 | min=0.000000 | max=60.765553 | prototype_bottleneck_strength=0.400000 | prototype_to_film_norm_ratio=4.106137
patch-priority map [stage4] | mean=0.062500 | std=1.107997 | min=0.000000 | max=44.961288 | prototype_bottleneck_strength=0.400000 | prototype_to_film_norm_ratio=4.756080
Epoch 58/200
  Mean train loss: 0.156112
  Mean val loss:   0.432855
  Current LR:      4.05e-05
Val metrics   | CC: 0.5314 | SIM: 0.4348 | NSS: 3.1186
  Saved checkpoint: training_outputs/ckpts/20260917_231452/epoch_058.pth

Epoch 59/200
pred_saliency: shape=(2, 1, 224, 384) min=-4.0000 max=44.2500 mean=-3.2236 std=3.4798
sal_batch: shape=(2, 1, 360, 640) min=0.0000 max=1.0000 mean=0.0149 std=0.0786
DEBUG features_shape: {'stage1': (2, 96, 16, 56, 96), 'stage2': (2, 192, 16, 28, 48), 'stage3': (2, 384, 16, 14, 24), 'stage4': (2, 768, 16, 7, 12)}
DEBUG gate: no gate_debug available. This usually means return_concept_losses=False or lambda_gate=0.
DEBUG decoder visual FiLM [stage1] | film_gamma=unavailable (pass return_decoder_diagnostics=True)
DEBUG decoder visual FiLM [stage2] | film_gamma=unavailable (pass return_decoder_diagnostics=True)
DEBUG decoder visual FiLM [stage3] | film_gamma mean/std/min/max=0.0625/1.0229/0.0000/41.4636 | prototype_bottleneck_strength=0.4000
DEBUG decoder visual FiLM [stage4] | film_gamma mean/std/min/max=0.0625/0.9736/0.0000/29.8151 | prototype_bottleneck_strength=0.4000
DEBUG factorized comparison [stage3] | query_norm_mean=1.1860 | key_norm_mean=0.8333 | context_mean=0.0001 | context_std=0.0960 | context_min=-0.2000 | context_max=0.2836 | total_candidate_weight=336.0000 | spatial_strength=0.0991 | spatial_freq_entropy=2.7726 | spatial_freq_weight_mean=0.6932 | rank=32
DEBUG factorized comparison [stage4] | query_norm_mean=0.8103 | key_norm_mean=0.8421 | context_mean=-0.0001 | context_std=0.0638 | context_min=-0.1370 | context_max=0.1792 | total_candidate_weight=84.0000 | spatial_strength=0.0991 | spatial_freq_entropy=2.7725 | spatial_freq_weight_mean=0.6956 | rank=32
patch-priority map [stage3] | mean=0.062500 | std=1.022894 | min=0.000000 | max=41.463600 | prototype_bottleneck_strength=0.400000 | prototype_to_film_norm_ratio=4.352755
patch-priority map [stage4] | mean=0.062500 | std=0.973568 | min=0.000000 | max=29.815102 | prototype_bottleneck_strength=0.400000 | prototype_to_film_norm_ratio=3.486639
DEBUG visual concept usage [stage1] top 10:
  concept 166: 1933 patches (17.98%)
  concept 440: 1546 patches (14.38%)
  concept 185: 317 patches (2.95%)
  concept 281: 241 patches (2.24%)
  concept 481: 198 patches (1.84%)
  concept 394: 193 patches (1.80%)
  concept 435: 173 patches (1.61%)
  concept 131: 150 patches (1.40%)
  concept 338: 148 patches (1.38%)
  concept 458: 134 patches (1.25%)
  normalized usage entropy: 0.7614
DEBUG visual concept usage [stage2] top 10:
  concept 66: 2688 patches (100.00%)
  normalized usage entropy: 0.8287
DEBUG visual concept usage [stage3] top 10:
  concept 35: 310 patches (46.13%)
  concept 278: 210 patches (31.25%)
  concept 92: 112 patches (16.67%)
  concept 96: 22 patches (3.27%)
  concept 51: 18 patches (2.68%)
  normalized usage entropy: 0.6881
DEBUG visual concept usage [stage4] top 10:
  concept 184: 92 patches (54.76%)
  concept 322: 25 patches (14.88%)
  concept 341: 19 patches (11.31%)
  concept 121: 8 patches (4.76%)
  concept 23: 7 patches (4.17%)
  concept 53: 7 patches (4.17%)
  concept 78: 5 patches (2.98%)
  concept 299: 4 patches (2.38%)
  concept 441: 1 patches (0.60%)
  normalized usage entropy: 0.5960
DEBUG pred min/max/mean/std: -4.0 44.25 -3.21875 3.484375
DEBUG target min/max/mean/std: 0.0 1.0 0.014865894801914692 0.078641377389431
DEBUG fixation pixels per sample: [141.0, 217.0]
DEBUG fix_batch min/max/mean/std: 0.0 1.0 0.0007769097574055195 0.027862299233675003
DEBUG losses: {'loss_total': -0.36293065547943115, 'loss_fid': 26.317848205566406, 'loss_patch_fid': 3.781726837158203, 'loss_dense_fid': 4.11211633682251, 'loss_dense_bce': -0.0, 'loss_dense_kl': 18.42400550842285, 'loss_topk': -0.0, 'loss_delta': -0.0, 'loss_cc': 0.17137885093688965, 'loss_nss': -5.085567474365234, 'loss_sim': 0.3228641152381897, 'loss_concept_dense': 0.0, 'loss_concept_kl': 0.0, 'loss_align': 0.0, 'loss_sparse': 0.0, 'loss_div': 0.0, 'loss_gate': 0.0, 'loss_visual_entropy': 0.581043004989624, 'loss_visual_equiv': 0.0, 'loss_visual_usage': 0.28147462010383606, 'loss_temporal_attention_entropy': 0.0, 'loss_total_concept': 0.04334132745862007, 'loss_decoder_side_aux': -0.17463891208171844, 'loss_priority_map': 0.4220576286315918, 'loss_priority_map_weighted': 0.04220576211810112, 'priority_map_loss': 0.4220576286315918, 'weighted_priority_map_loss': 0.04220576211810112, 'loss_priority_map_stage3': 0.49033018946647644, 'loss_priority_map_stage4': 0.35378509759902954, 'loss_side_stage4': -0.3365727663040161, 'loss_side_stage3': -0.37127089500427246, 'loss_side_stage2': -0.3563421964645386, 'loss_side_stage1': -0.33615922927856445}
DEBUG decoder visual FiLM [stage1] | film_gamma=unavailable (pass return_decoder_diagnostics=True)
DEBUG decoder visual FiLM [stage2] | film_gamma=unavailable (pass return_decoder_diagnostics=True)
DEBUG decoder visual FiLM [stage3] | film_gamma mean/std/min/max=0.0625/0.9943/0.0000/51.2665 | prototype_bottleneck_strength=0.4000
DEBUG decoder visual FiLM [stage4] | film_gamma mean/std/min/max=0.0625/0.9286/0.0000/35.1498 | prototype_bottleneck_strength=0.4000
DEBUG factorized comparison [stage3] | query_norm_mean=1.1216 | key_norm_mean=0.8187 | context_mean=0.0000 | context_std=0.0871 | context_min=-0.2015 | context_max=0.2433 | total_candidate_weight=336.0000 | spatial_strength=0.0991 | spatial_freq_entropy=2.7726 | spatial_freq_weight_mean=0.6932 | rank=32
DEBUG factorized comparison [stage4] | query_norm_mean=0.8220 | key_norm_mean=0.8133 | context_mean=-0.0001 | context_std=0.0678 | context_min=-0.1468 | context_max=0.1852 | total_candidate_weight=84.0000 | spatial_strength=0.0991 | spatial_freq_entropy=2.7725 | spatial_freq_weight_mean=0.6957 | rank=32
patch-priority map [stage3] | mean=0.062500 | std=0.994250 | min=0.000000 | max=51.266533 | prototype_bottleneck_strength=0.400000 | prototype_to_film_norm_ratio=3.130866
patch-priority map [stage4] | mean=0.062500 | std=0.928614 | min=0.000000 | max=35.149837 | prototype_bottleneck_strength=0.400000 | prototype_to_film_norm_ratio=3.602005
Epoch 59/200
  Mean train loss: 0.185646
  Mean val loss:   0.428777
  Current LR:      4.02e-05
Val metrics   | CC: 0.5354 | SIM: 0.4331 | NSS: 3.1113
  Saved checkpoint: training_outputs/ckpts/20260917_231452/epoch_059.pth

Epoch 60/200
pred_saliency: shape=(2, 1, 224, 384) min=-4.0000 max=51.7500 mean=-3.1024 std=3.6458
sal_batch: shape=(2, 1, 360, 640) min=0.0000 max=1.0000 mean=0.0150 std=0.0761
DEBUG features_shape: {'stage1': (2, 96, 16, 56, 96), 'stage2': (2, 192, 16, 28, 48), 'stage3': (2, 384, 16, 14, 24), 'stage4': (2, 768, 16, 7, 12)}
DEBUG gate: no gate_debug available. This usually means return_concept_losses=False or lambda_gate=0.
DEBUG decoder visual FiLM [stage1] | film_gamma=unavailable (pass return_decoder_diagnostics=True)
DEBUG decoder visual FiLM [stage2] | film_gamma=unavailable (pass return_decoder_diagnostics=True)
DEBUG decoder visual FiLM [stage3] | film_gamma mean/std/min/max=0.0625/0.9273/0.0000/52.0641 | prototype_bottleneck_strength=0.4000
DEBUG decoder visual FiLM [stage4] | film_gamma mean/std/min/max=0.0625/0.9875/0.0000/37.3151 | prototype_bottleneck_strength=0.4000
DEBUG factorized comparison [stage3] | query_norm_mean=1.1198 | key_norm_mean=0.8130 | context_mean=0.0001 | context_std=0.0860 | context_min=-0.2030 | context_max=0.2179 | total_candidate_weight=336.0000 | spatial_strength=0.0991 | spatial_freq_entropy=2.7726 | spatial_freq_weight_mean=0.6932 | rank=32
DEBUG factorized comparison [stage4] | query_norm_mean=0.8229 | key_norm_mean=0.8171 | context_mean=-0.0000 | context_std=0.0655 | context_min=-0.1468 | context_max=0.1905 | total_candidate_weight=84.0000 | spatial_strength=0.0991 | spatial_freq_entropy=2.7725 | spatial_freq_weight_mean=0.6957 | rank=32
patch-priority map [stage3] | mean=0.062500 | std=0.927310 | min=0.000000 | max=52.064106 | prototype_bottleneck_strength=0.400000 | prototype_to_film_norm_ratio=4.245719
patch-priority map [stage4] | mean=0.062500 | std=0.987466 | min=0.000000 | max=37.315140 | prototype_bottleneck_strength=0.400000 | prototype_to_film_norm_ratio=4.151683
DEBUG visual concept usage [stage1] top 10:
  concept 28: 949 patches (8.83%)
  concept 394: 575 patches (5.35%)
  concept 458: 447 patches (4.16%)
  concept 22: 416 patches (3.87%)
  concept 166: 310 patches (2.88%)
  concept 440: 227 patches (2.11%)
  concept 137: 224 patches (2.08%)
  concept 37: 190 patches (1.77%)
  concept 481: 190 patches (1.77%)
  concept 127: 183 patches (1.70%)
  normalized usage entropy: 0.8220
DEBUG visual concept usage [stage2] top 10:
  concept 66: 2688 patches (100.00%)
  normalized usage entropy: 0.8287
DEBUG visual concept usage [stage3] top 10:
  concept 278: 299 patches (44.49%)
  concept 35: 274 patches (40.77%)
  concept 92: 69 patches (10.27%)
  concept 96: 16 patches (2.38%)
  concept 51: 14 patches (2.08%)
  normalized usage entropy: 0.6913
DEBUG visual concept usage [stage4] top 10:
  concept 184: 80 patches (47.62%)
  concept 341: 38 patches (22.62%)
  concept 322: 13 patches (7.74%)
  concept 23: 9 patches (5.36%)
  concept 78: 8 patches (4.76%)
  concept 53: 6 patches (3.57%)
  concept 121: 5 patches (2.98%)
  concept 441: 5 patches (2.98%)
  concept 299: 2 patches (1.19%)
  concept 362: 2 patches (1.19%)
  normalized usage entropy: 0.5999
DEBUG pred min/max/mean/std: -4.0 51.75 -3.109375 3.640625
DEBUG target min/max/mean/std: 0.0 1.0 0.015009583905339241 0.07609612494707108
DEBUG fixation pixels per sample: [146.0, 208.0]
DEBUG fix_batch min/max/mean/std: 0.0 1.0 0.0007682291907258332 0.027706328779459
DEBUG losses: {'loss_total': -0.30401647090911865, 'loss_fid': 28.495058059692383, 'loss_patch_fid': 3.9248480796813965, 'loss_dense_fid': 4.057091236114502, 'loss_dense_bce': -0.0, 'loss_dense_kl': 20.513118743896484, 'loss_topk': -0.0, 'loss_delta': -0.0, 'loss_cc': 0.21171659231185913, 'loss_nss': -5.297863960266113, 'loss_sim': 0.35822468996047974, 'loss_concept_dense': 0.0, 'loss_concept_kl': 0.0, 'loss_align': 0.0, 'loss_sparse': 0.0, 'loss_div': 0.0, 'loss_gate': 0.0, 'loss_visual_entropy': 0.5843755006790161, 'loss_visual_equiv': 0.0, 'loss_visual_usage': 0.2645070552825928, 'loss_temporal_attention_entropy': 0.0, 'loss_total_concept': 0.043727658689022064, 'loss_decoder_side_aux': -0.15764182806015015, 'loss_priority_map': 0.6277244091033936, 'loss_priority_map_weighted': 0.06277244538068771, 'priority_map_loss': 0.6277244091033936, 'weighted_priority_map_loss': 0.06277244538068771, 'loss_priority_map_stage3': 0.7012442946434021, 'loss_priority_map_stage4': 0.5542045831680298, 'loss_side_stage4': -0.3175053000450134, 'loss_side_stage3': -0.31931155920028687, 'loss_side_stage2': -0.30941617488861084, 'loss_side_stage1': -0.3171148896217346}
DEBUG decoder visual FiLM [stage1] | film_gamma=unavailable (pass return_decoder_diagnostics=True)
DEBUG decoder visual FiLM [stage2] | film_gamma=unavailable (pass return_decoder_diagnostics=True)
DEBUG decoder visual FiLM [stage3] | film_gamma mean/std/min/max=0.0625/1.2402/0.0000/56.7831 | prototype_bottleneck_strength=0.4000
DEBUG decoder visual FiLM [stage4] | film_gamma mean/std/min/max=0.0625/1.2658/0.0000/51.8592 | prototype_bottleneck_strength=0.4000
DEBUG factorized comparison [stage3] | query_norm_mean=1.1790 | key_norm_mean=0.8256 | context_mean=0.0001 | context_std=0.0909 | context_min=-0.2045 | context_max=0.2806 | total_candidate_weight=336.0000 | spatial_strength=0.0991 | spatial_freq_entropy=2.7726 | spatial_freq_weight_mean=0.6932 | rank=32
DEBUG factorized comparison [stage4] | query_norm_mean=0.8283 | key_norm_mean=0.8278 | context_mean=-0.0000 | context_std=0.0672 | context_min=-0.1438 | context_max=0.2093 | total_candidate_weight=84.0000 | spatial_strength=0.0991 | spatial_freq_entropy=2.7725 | spatial_freq_weight_mean=0.6957 | rank=32
patch-priority map [stage3] | mean=0.062500 | std=1.240179 | min=0.000000 | max=56.783070 | prototype_bottleneck_strength=0.400000 | prototype_to_film_norm_ratio=4.437811
patch-priority map [stage4] | mean=0.062500 | std=1.265801 | min=0.000000 | max=51.859161 | prototype_bottleneck_strength=0.400000 | prototype_to_film_norm_ratio=5.625045
Epoch 60/200
  Mean train loss: 0.151822
  Mean val loss:   0.442416
  Current LR:      3.99e-05
Val metrics   | CC: 0.5257 | SIM: 0.4318 | NSS: 3.0951
  Saved checkpoint: training_outputs/ckpts/20260917_231452/epoch_060.pth

Epoch 61/200
pred_saliency: shape=(2, 1, 224, 384) min=-4.0000 max=49.5000 mean=-3.3312 std=3.8266
sal_batch: shape=(2, 1, 360, 640) min=0.0000 max=1.0000 mean=0.0116 std=0.0745
DEBUG features_shape: {'stage1': (2, 96, 16, 56, 96), 'stage2': (2, 192, 16, 28, 48), 'stage3': (2, 384, 16, 14, 24), 'stage4': (2, 768, 16, 7, 12)}
DEBUG gate: no gate_debug available. This usually means return_concept_losses=False or lambda_gate=0.
DEBUG decoder visual FiLM [stage1] | film_gamma=unavailable (pass return_decoder_diagnostics=True)
DEBUG decoder visual FiLM [stage2] | film_gamma=unavailable (pass return_decoder_diagnostics=True)
DEBUG decoder visual FiLM [stage3] | film_gamma mean/std/min/max=0.0625/1.0628/0.0000/39.3806 | prototype_bottleneck_strength=0.4000
DEBUG decoder visual FiLM [stage4] | film_gamma mean/std/min/max=0.0625/1.0739/0.0000/35.2240 | prototype_bottleneck_strength=0.4000
DEBUG factorized comparison [stage3] | query_norm_mean=1.1786 | key_norm_mean=0.8185 | context_mean=0.0001 | context_std=0.0917 | context_min=-0.1970 | context_max=0.2836 | total_candidate_weight=336.0000 | spatial_strength=0.0991 | spatial_freq_entropy=2.7726 | spatial_freq_weight_mean=0.6932 | rank=32
DEBUG factorized comparison [stage4] | query_norm_mean=0.8168 | key_norm_mean=0.8492 | context_mean=-0.0000 | context_std=0.0677 | context_min=-0.1370 | context_max=0.1943 | total_candidate_weight=84.0000 | spatial_strength=0.0991 | spatial_freq_entropy=2.7725 | spatial_freq_weight_mean=0.6957 | rank=32
patch-priority map [stage3] | mean=0.062500 | std=1.062812 | min=0.000000 | max=39.380615 | prototype_bottleneck_strength=0.400000 | prototype_to_film_norm_ratio=4.975258
patch-priority map [stage4] | mean=0.062500 | std=1.073887 | min=0.000000 | max=35.224049 | prototype_bottleneck_strength=0.400000 | prototype_to_film_norm_ratio=4.700372
DEBUG visual concept usage [stage1] top 10:
  concept 28: 645 patches (6.00%)
  concept 394: 518 patches (4.82%)
  concept 112: 481 patches (4.47%)
  concept 152: 449 patches (4.18%)
  concept 22: 395 patches (3.67%)
  concept 102: 302 patches (2.81%)
  concept 348: 244 patches (2.27%)
  concept 131: 168 patches (1.56%)
  concept 458: 166 patches (1.54%)
  concept 440: 153 patches (1.42%)
  normalized usage entropy: 0.8269
DEBUG visual concept usage [stage2] top 10:
  concept 66: 2688 patches (100.00%)
  normalized usage entropy: 0.8287
DEBUG visual concept usage [stage3] top 10:
  concept 35: 354 patches (52.68%)
  concept 278: 162 patches (24.11%)
  concept 92: 107 patches (15.92%)
  concept 51: 28 patches (4.17%)
  concept 96: 21 patches (3.12%)
  normalized usage entropy: 0.6886
DEBUG visual concept usage [stage4] top 10:
  concept 184: 101 patches (60.12%)
  concept 341: 21 patches (12.50%)
  concept 322: 16 patches (9.52%)
  concept 78: 9 patches (5.36%)
  concept 121: 8 patches (4.76%)
  concept 53: 7 patches (4.17%)
  concept 23: 6 patches (3.57%)
  normalized usage entropy: 0.5943
DEBUG pred min/max/mean/std: -4.0 49.5 -3.328125 3.828125
DEBUG target min/max/mean/std: 0.0 1.0 0.011584780178964138 0.07449659705162048
DEBUG fixation pixels per sample: [128.0, 175.0]
DEBUG fix_batch min/max/mean/std: 0.0 1.0 0.0006575520965270698 0.02563437446951866
DEBUG losses: {'loss_total': -0.9146242737770081, 'loss_fid': 31.251577377319336, 'loss_patch_fid': 3.9212276935577393, 'loss_dense_fid': 4.181538105010986, 'loss_dense_bce': -0.0, 'loss_dense_kl': 23.14881134033203, 'loss_topk': -0.0, 'loss_delta': -0.0, 'loss_cc': 0.07112431526184082, 'loss_nss': -7.827144622802734, 'loss_sim': 0.2499150037765503, 'loss_concept_dense': 0.0, 'loss_concept_kl': 0.0, 'loss_align': 0.0, 'loss_sparse': 0.0, 'loss_div': 0.0, 'loss_gate': 0.0, 'loss_visual_entropy': 0.5853710770606995, 'loss_visual_equiv': 0.0, 'loss_visual_usage': 0.26539477705955505, 'loss_temporal_attention_entropy': 0.0, 'loss_total_concept': 0.04283180832862854, 'loss_decoder_side_aux': -0.35131025314331055, 'loss_priority_map': 0.5098657608032227, 'loss_priority_map_weighted': 0.050986576825380325, 'priority_map_loss': 0.5098657608032227, 'weighted_priority_map_loss': 0.050986576825380325, 'loss_priority_map_stage3': 0.5226324200630188, 'loss_priority_map_stage4': 0.49709904193878174, 'loss_side_stage4': -0.6656129360198975, 'loss_side_stage3': -0.6996411681175232, 'loss_side_stage2': -0.7088929414749146, 'loss_side_stage1': -0.7086576223373413}
DEBUG decoder visual FiLM [stage1] | film_gamma=unavailable (pass return_decoder_diagnostics=True)
DEBUG decoder visual FiLM [stage2] | film_gamma=unavailable (pass return_decoder_diagnostics=True)
DEBUG decoder visual FiLM [stage3] | film_gamma mean/std/min/max=0.0625/1.0659/0.0000/53.6555 | prototype_bottleneck_strength=0.4000
DEBUG decoder visual FiLM [stage4] | film_gamma mean/std/min/max=0.0625/1.0281/0.0000/39.1233 | prototype_bottleneck_strength=0.4000
DEBUG factorized comparison [stage3] | query_norm_mean=1.1746 | key_norm_mean=0.8356 | context_mean=0.0000 | context_std=0.0928 | context_min=-0.2075 | context_max=0.2582 | total_candidate_weight=336.0000 | spatial_strength=0.0991 | spatial_freq_entropy=2.7726 | spatial_freq_weight_mean=0.6932 | rank=32
DEBUG factorized comparison [stage4] | query_norm_mean=0.7997 | key_norm_mean=0.7540 | context_mean=-0.0001 | context_std=0.0603 | context_min=-0.1288 | context_max=0.1777 | total_candidate_weight=84.0000 | spatial_strength=0.0992 | spatial_freq_entropy=2.7725 | spatial_freq_weight_mean=0.6958 | rank=32
patch-priority map [stage3] | mean=0.062500 | std=1.065884 | min=0.000000 | max=53.655491 | prototype_bottleneck_strength=0.400000 | prototype_to_film_norm_ratio=3.198841
patch-priority map [stage4] | mean=0.062500 | std=1.028090 | min=0.000000 | max=39.123341 | prototype_bottleneck_strength=0.400000 | prototype_to_film_norm_ratio=4.082200
Epoch 61/200
  Mean train loss: 0.187194
  Mean val loss:   0.420604
  Current LR:      3.96e-05
Val metrics   | CC: 0.5407 | SIM: 0.4256 | NSS: 3.1358
  Saved checkpoint: training_outputs/ckpts/20260917_231452/epoch_061.pth

Epoch 62/200
pred_saliency: shape=(2, 1, 224, 384) min=-4.0000 max=34.7500 mean=-2.7616 std=3.6106
sal_batch: shape=(2, 1, 360, 640) min=0.0000 max=1.0000 mean=0.0222 std=0.0968
DEBUG features_shape: {'stage1': (2, 96, 16, 56, 96), 'stage2': (2, 192, 16, 28, 48), 'stage3': (2, 384, 16, 14, 24), 'stage4': (2, 768, 16, 7, 12)}
DEBUG gate: no gate_debug available. This usually means return_concept_losses=False or lambda_gate=0.
DEBUG decoder visual FiLM [stage1] | film_gamma=unavailable (pass return_decoder_diagnostics=True)
DEBUG decoder visual FiLM [stage2] | film_gamma=unavailable (pass return_decoder_diagnostics=True)
DEBUG decoder visual FiLM [stage3] | film_gamma mean/std/min/max=0.0625/0.7627/0.0000/26.3970 | prototype_bottleneck_strength=0.4000
DEBUG decoder visual FiLM [stage4] | film_gamma mean/std/min/max=0.0625/0.7523/0.0000/24.1519 | prototype_bottleneck_strength=0.4000
DEBUG factorized comparison [stage3] | query_norm_mean=1.1728 | key_norm_mean=0.8253 | context_mean=0.0001 | context_std=0.0906 | context_min=-0.2045 | context_max=0.2746 | total_candidate_weight=336.0000 | spatial_strength=0.0991 | spatial_freq_entropy=2.7726 | spatial_freq_weight_mean=0.6932 | rank=32
DEBUG factorized comparison [stage4] | query_norm_mean=0.8049 | key_norm_mean=0.7563 | context_mean=-0.0001 | context_std=0.0597 | context_min=-0.1370 | context_max=0.1724 | total_candidate_weight=84.0000 | spatial_strength=0.0992 | spatial_freq_entropy=2.7725 | spatial_freq_weight_mean=0.6958 | rank=32
patch-priority map [stage3] | mean=0.062500 | std=0.762679 | min=0.000000 | max=26.396954 | prototype_bottleneck_strength=0.400000 | prototype_to_film_norm_ratio=2.389670
patch-priority map [stage4] | mean=0.062500 | std=0.752327 | min=0.000000 | max=24.151884 | prototype_bottleneck_strength=0.400000 | prototype_to_film_norm_ratio=2.190570
DEBUG visual concept usage [stage1] top 10:
  concept 356: 162 patches (1.51%)
  concept 333: 152 patches (1.41%)
  concept 208: 135 patches (1.26%)
  concept 206: 134 patches (1.25%)
  concept 63: 133 patches (1.24%)
  concept 174: 125 patches (1.16%)
  concept 336: 125 patches (1.16%)
  concept 96: 124 patches (1.15%)
  concept 320: 123 patches (1.14%)
  concept 84: 119 patches (1.11%)
  normalized usage entropy: 0.8557
DEBUG visual concept usage [stage2] top 10:
  concept 66: 2688 patches (100.00%)
  normalized usage entropy: 0.8287
DEBUG visual concept usage [stage3] top 10:
  concept 278: 251 patches (37.35%)
  concept 35: 246 patches (36.61%)
  concept 92: 147 patches (21.88%)
  concept 51: 18 patches (2.68%)
  concept 96: 10 patches (1.49%)
  normalized usage entropy: 0.6945
DEBUG visual concept usage [stage4] top 10:
  concept 184: 65 patches (38.69%)
  concept 341: 42 patches (25.00%)
  concept 322: 15 patches (8.93%)
  concept 78: 14 patches (8.33%)
  concept 53: 12 patches (7.14%)
  concept 121: 10 patches (5.95%)
  concept 23: 5 patches (2.98%)
  concept 441: 4 patches (2.38%)
  concept 299: 1 patches (0.60%)
  normalized usage entropy: 0.6090
DEBUG pred min/max/mean/std: -4.0 34.75 -2.765625 3.609375
DEBUG target min/max/mean/std: 0.0 1.0 0.022160343825817108 0.09675578773021698
DEBUG fixation pixels per sample: [131.0, 170.0]
DEBUG fix_batch min/max/mean/std: 0.0 1.0 0.0006532118422910571 0.025549685582518578
DEBUG losses: {'loss_total': 0.26121073961257935, 'loss_fid': 20.329736709594727, 'loss_patch_fid': 3.9879190921783447, 'loss_dense_fid': 3.918489694595337, 'loss_dense_bce': -0.0, 'loss_dense_kl': 12.423328399658203, 'loss_topk': -0.0, 'loss_delta': -0.0, 'loss_cc': 0.35694992542266846, 'loss_nss': -3.2524285316467285, 'loss_sim': 0.4648128151893616, 'loss_concept_dense': 0.0, 'loss_concept_kl': 0.0, 'loss_align': 0.0, 'loss_sparse': 0.0, 'loss_div': 0.0, 'loss_gate': 0.0, 'loss_visual_entropy': 0.587307333946228, 'loss_visual_equiv': 0.0, 'loss_visual_usage': 0.2530341148376465, 'loss_temporal_attention_entropy': 0.0, 'loss_total_concept': 0.04527423903346062, 'loss_decoder_side_aux': 0.015737883746623993, 'loss_priority_map': 0.937703013420105, 'loss_priority_map_weighted': 0.09377030283212662, 'priority_map_loss': 0.937703013420105, 'weighted_priority_map_loss': 0.09377030283212662, 'loss_priority_map_stage3': 1.0391483306884766, 'loss_priority_map_stage4': 0.8362577557563782, 'loss_side_stage4': 0.052691489458084106, 'loss_side_stage3': 0.02140459418296814, 'loss_side_stage2': 0.029571175575256348, 'loss_side_stage1': 0.03263586759567261}
DEBUG decoder visual FiLM [stage1] | film_gamma=unavailable (pass return_decoder_diagnostics=True)
DEBUG decoder visual FiLM [stage2] | film_gamma=unavailable (pass return_decoder_diagnostics=True)
DEBUG decoder visual FiLM [stage3] | film_gamma mean/std/min/max=0.0625/1.3687/0.0000/74.5607 | prototype_bottleneck_strength=0.4000
DEBUG decoder visual FiLM [stage4] | film_gamma mean/std/min/max=0.0625/1.1174/0.0000/40.8909 | prototype_bottleneck_strength=0.4000
DEBUG factorized comparison [stage3] | query_norm_mean=1.1302 | key_norm_mean=0.7944 | context_mean=0.0001 | context_std=0.0854 | context_min=-0.1925 | context_max=0.2612 | total_candidate_weight=336.0000 | spatial_strength=0.0991 | spatial_freq_entropy=2.7726 | spatial_freq_weight_mean=0.6932 | rank=32
DEBUG factorized comparison [stage4] | query_norm_mean=0.7940 | key_norm_mean=0.7913 | context_mean=-0.0000 | context_std=0.0635 | context_min=-0.1340 | context_max=0.1928 | total_candidate_weight=84.0000 | spatial_strength=0.0991 | spatial_freq_entropy=2.7725 | spatial_freq_weight_mean=0.6958 | rank=32
patch-priority map [stage3] | mean=0.062500 | std=1.368731 | min=0.000000 | max=74.560707 | prototype_bottleneck_strength=0.400000 | prototype_to_film_norm_ratio=4.854025
patch-priority map [stage4] | mean=0.062500 | std=1.117355 | min=0.000000 | max=40.890926 | prototype_bottleneck_strength=0.400000 | prototype_to_film_norm_ratio=4.266177
Epoch 62/200
  Mean train loss: 0.143297
  Mean val loss:   0.421382
  Current LR:      3.93e-05
Val metrics   | CC: 0.5384 | SIM: 0.4283 | NSS: 3.1541
  Saved checkpoint: training_outputs/ckpts/20260917_231452/epoch_062.pth

Epoch 63/200
pred_saliency: shape=(2, 1, 224, 384) min=-4.0000 max=47.0000 mean=-2.9654 std=3.7899
sal_batch: shape=(2, 1, 360, 640) min=0.0000 max=1.0000 mean=0.0137 std=0.0734
DEBUG features_shape: {'stage1': (2, 96, 16, 56, 96), 'stage2': (2, 192, 16, 28, 48), 'stage3': (2, 384, 16, 14, 24), 'stage4': (2, 768, 16, 7, 12)}
DEBUG gate: no gate_debug available. This usually means return_concept_losses=False or lambda_gate=0.
DEBUG decoder visual FiLM [stage1] | film_gamma=unavailable (pass return_decoder_diagnostics=True)
DEBUG decoder visual FiLM [stage2] | film_gamma=unavailable (pass return_decoder_diagnostics=True)
DEBUG decoder visual FiLM [stage3] | film_gamma mean/std/min/max=0.0625/0.9740/0.0000/46.2259 | prototype_bottleneck_strength=0.4000
DEBUG decoder visual FiLM [stage4] | film_gamma mean/std/min/max=0.0625/1.0053/0.0000/34.0840 | prototype_bottleneck_strength=0.4000
DEBUG factorized comparison [stage3] | query_norm_mean=1.1278 | key_norm_mean=0.7825 | context_mean=0.0001 | context_std=0.0806 | context_min=-0.1903 | context_max=0.2403 | total_candidate_weight=336.0000 | spatial_strength=0.0991 | spatial_freq_entropy=2.7726 | spatial_freq_weight_mean=0.6932 | rank=32
DEBUG factorized comparison [stage4] | query_norm_mean=0.7811 | key_norm_mean=0.8111 | context_mean=-0.0001 | context_std=0.0593 | context_min=-0.1333 | context_max=0.1717 | total_candidate_weight=84.0000 | spatial_strength=0.0991 | spatial_freq_entropy=2.7725 | spatial_freq_weight_mean=0.6958 | rank=32
patch-priority map [stage3] | mean=0.062500 | std=0.973954 | min=0.000000 | max=46.225922 | prototype_bottleneck_strength=0.400000 | prototype_to_film_norm_ratio=3.643945
patch-priority map [stage4] | mean=0.062500 | std=1.005298 | min=0.000000 | max=34.084042 | prototype_bottleneck_strength=0.400000 | prototype_to_film_norm_ratio=3.635683
DEBUG visual concept usage [stage1] top 10:
  concept 168: 643 patches (5.98%)
  concept 484: 592 patches (5.51%)
  concept 289: 376 patches (3.50%)
  concept 403: 293 patches (2.73%)
  concept 83: 217 patches (2.02%)
  concept 193: 184 patches (1.71%)
  concept 143: 149 patches (1.39%)
  concept 177: 145 patches (1.35%)
  concept 57: 136 patches (1.26%)
  concept 84: 136 patches (1.26%)
  normalized usage entropy: 0.8266
DEBUG visual concept usage [stage2] top 10:
  concept 66: 2688 patches (100.00%)
  normalized usage entropy: 0.8287
DEBUG visual concept usage [stage3] top 10:
  concept 35: 304 patches (45.24%)
  concept 278: 210 patches (31.25%)
  concept 92: 148 patches (22.02%)
  concept 51: 6 patches (0.89%)
  concept 96: 4 patches (0.60%)
  normalized usage entropy: 0.6982
DEBUG visual concept usage [stage4] top 10:
  concept 184: 87 patches (51.79%)
  concept 322: 29 patches (17.26%)
  concept 341: 21 patches (12.50%)
  concept 53: 15 patches (8.93%)
  concept 78: 6 patches (3.57%)
  concept 121: 6 patches (3.57%)
  concept 23: 3 patches (1.79%)
  concept 362: 1 patches (0.60%)
  normalized usage entropy: 0.6018
DEBUG pred min/max/mean/std: -4.0 47.0 -2.96875 3.796875
DEBUG target min/max/mean/std: 0.0 1.0 0.013656549155712128 0.07344958931207657
DEBUG fixation pixels per sample: [138.0, 104.0]
DEBUG fix_batch min/max/mean/std: 0.0 1.0 0.0005251736147329211 0.022910673171281815
DEBUG losses: {'loss_total': -0.009309962391853333, 'loss_fid': 25.21209716796875, 'loss_patch_fid': 4.019387245178223, 'loss_dense_fid': 4.065031051635742, 'loss_dense_bce': -0.0, 'loss_dense_kl': 17.12767791748047, 'loss_topk': -0.0, 'loss_delta': -0.0, 'loss_cc': 0.334842324256897, 'loss_nss': -5.25014591217041, 'loss_sim': 0.4982461929321289, 'loss_concept_dense': 0.0, 'loss_concept_kl': 0.0, 'loss_align': 0.0, 'loss_sparse': 0.0, 'loss_div': 0.0, 'loss_gate': 0.0, 'loss_visual_entropy': 0.5892037153244019, 'loss_visual_equiv': 0.0, 'loss_visual_usage': 0.26115500926971436, 'loss_temporal_attention_entropy': 0.0, 'loss_total_concept': 0.043816544115543365, 'loss_decoder_side_aux': -0.09090025722980499, 'loss_priority_map': 1.4905987977981567, 'loss_priority_map_weighted': 0.14905987679958344, 'priority_map_loss': 1.4905987977981567, 'weighted_priority_map_loss': 0.14905987679958344, 'loss_priority_map_stage3': 1.2682921886444092, 'loss_priority_map_stage4': 1.7129054069519043, 'loss_side_stage4': -0.22134160995483398, 'loss_side_stage3': -0.15049833059310913, 'loss_side_stage2': -0.17954427003860474, 'loss_side_stage1': -0.18925851583480835}
DEBUG decoder visual FiLM [stage1] | film_gamma=unavailable (pass return_decoder_diagnostics=True)
DEBUG decoder visual FiLM [stage2] | film_gamma=unavailable (pass return_decoder_diagnostics=True)
DEBUG decoder visual FiLM [stage3] | film_gamma mean/std/min/max=0.0625/1.1224/0.0000/54.9672 | prototype_bottleneck_strength=0.4000
DEBUG decoder visual FiLM [stage4] | film_gamma mean/std/min/max=0.0625/1.0711/0.0000/41.3929 | prototype_bottleneck_strength=0.4000
DEBUG factorized comparison [stage3] | query_norm_mean=1.1211 | key_norm_mean=0.7947 | context_mean=0.0000 | context_std=0.0861 | context_min=-0.1925 | context_max=0.2537 | total_candidate_weight=336.0000 | spatial_strength=0.0991 | spatial_freq_entropy=2.7726 | spatial_freq_weight_mean=0.6933 | rank=32
DEBUG factorized comparison [stage4] | query_norm_mean=0.8196 | key_norm_mean=0.7918 | context_mean=-0.0000 | context_std=0.0673 | context_min=-0.1416 | context_max=0.1958 | total_candidate_weight=84.0000 | spatial_strength=0.0991 | spatial_freq_entropy=2.7725 | spatial_freq_weight_mean=0.6959 | rank=32
patch-priority map [stage3] | mean=0.062500 | std=1.122436 | min=0.000000 | max=54.967194 | prototype_bottleneck_strength=0.400000 | prototype_to_film_norm_ratio=3.456563
patch-priority map [stage4] | mean=0.062500 | std=1.071050 | min=0.000000 | max=41.392868 | prototype_bottleneck_strength=0.400000 | prototype_to_film_norm_ratio=4.334080
Epoch 63/200
  Mean train loss: 0.153252
  Mean val loss:   0.424692
  Current LR:      3.90e-05
Val metrics   | CC: 0.5371 | SIM: 0.4280 | NSS: 3.1342
  Saved checkpoint: training_outputs/ckpts/20260917_231452/epoch_063.pth

Epoch 64/200
pred_saliency: shape=(2, 1, 224, 384) min=-4.0000 max=43.5000 mean=-2.8425 std=3.8521
sal_batch: shape=(2, 1, 360, 640) min=0.0000 max=1.0000 mean=0.0143 std=0.0769
DEBUG features_shape: {'stage1': (2, 96, 16, 56, 96), 'stage2': (2, 192, 16, 28, 48), 'stage3': (2, 384, 16, 14, 24), 'stage4': (2, 768, 16, 7, 12)}
DEBUG gate: no gate_debug available. This usually means return_concept_losses=False or lambda_gate=0.
DEBUG decoder visual FiLM [stage1] | film_gamma=unavailable (pass return_decoder_diagnostics=True)
DEBUG decoder visual FiLM [stage2] | film_gamma=unavailable (pass return_decoder_diagnostics=True)
DEBUG decoder visual FiLM [stage3] | film_gamma mean/std/min/max=0.0625/0.7557/0.0000/27.9297 | prototype_bottleneck_strength=0.4000
DEBUG decoder visual FiLM [stage4] | film_gamma mean/std/min/max=0.0625/0.8946/0.0000/30.9962 | prototype_bottleneck_strength=0.4000
DEBUG factorized comparison [stage3] | query_norm_mean=1.1162 | key_norm_mean=0.7807 | context_mean=0.0000 | context_std=0.0810 | context_min=-0.1866 | context_max=0.2433 | total_candidate_weight=336.0000 | spatial_strength=0.0991 | spatial_freq_entropy=2.7726 | spatial_freq_weight_mean=0.6933 | rank=32
DEBUG factorized comparison [stage4] | query_norm_mean=0.8071 | key_norm_mean=0.8022 | context_mean=-0.0001 | context_std=0.0615 | context_min=-0.1393 | context_max=0.1717 | total_candidate_weight=84.0000 | spatial_strength=0.0991 | spatial_freq_entropy=2.7725 | spatial_freq_weight_mean=0.6959 | rank=32
patch-priority map [stage3] | mean=0.062500 | std=0.755672 | min=0.000000 | max=27.929745 | prototype_bottleneck_strength=0.400000 | prototype_to_film_norm_ratio=2.623526
patch-priority map [stage4] | mean=0.062500 | std=0.894645 | min=0.000000 | max=30.996176 | prototype_bottleneck_strength=0.400000 | prototype_to_film_norm_ratio=3.065767
DEBUG visual concept usage [stage1] top 10:
  concept 22: 2681 patches (24.93%)
  concept 458: 552 patches (5.13%)
  concept 58: 394 patches (3.66%)
  concept 481: 294 patches (2.73%)
  concept 291: 165 patches (1.53%)
  concept 96: 105 patches (0.98%)
  concept 131: 102 patches (0.95%)
  concept 394: 102 patches (0.95%)
  concept 144: 89 patches (0.83%)
  concept 166: 89 patches (0.83%)
  normalized usage entropy: 0.7893
DEBUG visual concept usage [stage2] top 10:
  concept 66: 2688 patches (100.00%)
  normalized usage entropy: 0.8288
DEBUG visual concept usage [stage3] top 10:
  concept 278: 239 patches (35.57%)
  concept 35: 236 patches (35.12%)
  concept 92: 176 patches (26.19%)
  concept 51: 14 patches (2.08%)
  concept 96: 7 patches (1.04%)
  normalized usage entropy: 0.7004
DEBUG visual concept usage [stage4] top 10:
  concept 184: 73 patches (43.45%)
  concept 341: 41 patches (24.40%)
  concept 322: 24 patches (14.29%)
  concept 121: 9 patches (5.36%)
  concept 53: 6 patches (3.57%)
  concept 78: 5 patches (2.98%)
  concept 362: 4 patches (2.38%)
  concept 299: 3 patches (1.79%)
  concept 23: 2 patches (1.19%)
  concept 441: 1 patches (0.60%)
  normalized usage entropy: 0.6119
DEBUG pred min/max/mean/std: -4.0 43.5 -2.84375 3.859375
DEBUG target min/max/mean/std: 0.0 1.0 0.014289089478552341 0.07693946361541748
DEBUG fixation pixels per sample: [224.0, 118.0]
DEBUG fix_batch min/max/mean/std: 0.0 1.0 0.0007421874906867743 0.02723303623497486
DEBUG losses: {'loss_total': 0.24279853701591492, 'loss_fid': 23.975788116455078, 'loss_patch_fid': 3.944276809692383, 'loss_dense_fid': 4.074070453643799, 'loss_dense_bce': -0.0, 'loss_dense_kl': 15.957441329956055, 'loss_topk': -0.0, 'loss_delta': -0.0, 'loss_cc': 0.4061166048049927, 'loss_nss': -4.190697193145752, 'loss_sim': 0.5513977408409119, 'loss_concept_dense': 0.0, 'loss_concept_kl': 0.0, 'loss_align': 0.0, 'loss_sparse': 0.0, 'loss_div': 0.0, 'loss_gate': 0.0, 'loss_visual_entropy': 0.5909668803215027, 'loss_visual_equiv': 0.0, 'loss_visual_usage': 0.26740384101867676, 'loss_temporal_attention_entropy': 0.0, 'loss_total_concept': 0.04423575848340988, 'loss_decoder_side_aux': -0.00816075224429369, 'loss_priority_map': 1.3484166860580444, 'loss_priority_map_weighted': 0.1348416656255722, 'priority_map_loss': 1.3484166860580444, 'weighted_priority_map_loss': 0.1348416656255722, 'loss_priority_map_stage3': 1.4363536834716797, 'loss_priority_map_stage4': 1.2604796886444092, 'loss_side_stage4': 0.0015776455402374268, 'loss_side_stage3': -0.01948314905166626, 'loss_side_stage2': -0.022662848234176636, 'loss_side_stage1': -0.014459460973739624}
DEBUG decoder visual FiLM [stage1] | film_gamma=unavailable (pass return_decoder_diagnostics=True)
DEBUG decoder visual FiLM [stage2] | film_gamma=unavailable (pass return_decoder_diagnostics=True)
DEBUG decoder visual FiLM [stage3] | film_gamma mean/std/min/max=0.0625/1.1921/0.0000/60.7216 | prototype_bottleneck_strength=0.4000
DEBUG decoder visual FiLM [stage4] | film_gamma mean/std/min/max=0.0625/1.0595/0.0000/40.3807 | prototype_bottleneck_strength=0.4000
DEBUG factorized comparison [stage3] | query_norm_mean=1.0721 | key_norm_mean=0.7748 | context_mean=0.0000 | context_std=0.0817 | context_min=-0.1836 | context_max=0.2403 | total_candidate_weight=336.0000 | spatial_strength=0.0991 | spatial_freq_entropy=2.7726 | spatial_freq_weight_mean=0.6933 | rank=32
DEBUG factorized comparison [stage4] | query_norm_mean=0.8131 | key_norm_mean=0.8222 | context_mean=-0.0000 | context_std=0.0676 | context_min=-0.1461 | context_max=0.1988 | total_candidate_weight=84.0000 | spatial_strength=0.0991 | spatial_freq_entropy=2.7725 | spatial_freq_weight_mean=0.6959 | rank=32
patch-priority map [stage3] | mean=0.062500 | std=1.192148 | min=0.000000 | max=60.721554 | prototype_bottleneck_strength=0.400000 | prototype_to_film_norm_ratio=3.531330
patch-priority map [stage4] | mean=0.062500 | std=1.059537 | min=0.000000 | max=40.380684 | prototype_bottleneck_strength=0.400000 | prototype_to_film_norm_ratio=3.739729
Epoch 64/200
  Mean train loss: 0.171170
  Mean val loss:   0.420925
  Current LR:      3.86e-05
Val metrics   | CC: 0.5395 | SIM: 0.4271 | NSS: 3.1397
  Saved checkpoint: training_outputs/ckpts/20260917_231452/epoch_064.pth

Epoch 65/200
pred_saliency: shape=(2, 1, 224, 384) min=-4.0000 max=50.5000 mean=-3.1178 std=3.9037
sal_batch: shape=(2, 1, 360, 640) min=0.0000 max=1.0000 mean=0.0140 std=0.0766
DEBUG features_shape: {'stage1': (2, 96, 16, 56, 96), 'stage2': (2, 192, 16, 28, 48), 'stage3': (2, 384, 16, 14, 24), 'stage4': (2, 768, 16, 7, 12)}
DEBUG gate: no gate_debug available. This usually means return_concept_losses=False or lambda_gate=0.
DEBUG decoder visual FiLM [stage1] | film_gamma=unavailable (pass return_decoder_diagnostics=True)
DEBUG decoder visual FiLM [stage2] | film_gamma=unavailable (pass return_decoder_diagnostics=True)
DEBUG decoder visual FiLM [stage3] | film_gamma mean/std/min/max=0.0625/1.0701/0.0000/68.8705 | prototype_bottleneck_strength=0.4000
DEBUG decoder visual FiLM [stage4] | film_gamma mean/std/min/max=0.0625/0.9687/0.0000/32.4321 | prototype_bottleneck_strength=0.4000
DEBUG factorized comparison [stage3] | query_norm_mean=1.0718 | key_norm_mean=0.7713 | context_mean=0.0000 | context_std=0.0829 | context_min=-0.1828 | context_max=0.2254 | total_candidate_weight=336.0000 | spatial_strength=0.0991 | spatial_freq_entropy=2.7726 | spatial_freq_weight_mean=0.6933 | rank=32
DEBUG factorized comparison [stage4] | query_norm_mean=0.8143 | key_norm_mean=0.8264 | context_mean=-0.0001 | context_std=0.0671 | context_min=-0.1416 | context_max=0.1845 | total_candidate_weight=84.0000 | spatial_strength=0.0991 | spatial_freq_entropy=2.7725 | spatial_freq_weight_mean=0.6959 | rank=32
patch-priority map [stage3] | mean=0.062500 | std=1.070099 | min=0.000000 | max=68.870529 | prototype_bottleneck_strength=0.400000 | prototype_to_film_norm_ratio=3.217184
patch-priority map [stage4] | mean=0.062500 | std=0.968716 | min=0.000000 | max=32.432095 | prototype_bottleneck_strength=0.400000 | prototype_to_film_norm_ratio=2.907773
DEBUG visual concept usage [stage1] top 10:
  concept 224: 728 patches (6.77%)
  concept 105: 319 patches (2.97%)
  concept 91: 246 patches (2.29%)
  concept 291: 181 patches (1.68%)
  concept 37: 177 patches (1.65%)
  concept 481: 153 patches (1.42%)
  concept 152: 136 patches (1.26%)
  concept 58: 127 patches (1.18%)
  concept 348: 125 patches (1.16%)
  concept 32: 117 patches (1.09%)
  normalized usage entropy: 0.8465
DEBUG visual concept usage [stage2] top 10:
  concept 66: 2688 patches (100.00%)
  normalized usage entropy: 0.8288
DEBUG visual concept usage [stage3] top 10:
  concept 35: 250 patches (37.20%)
  concept 278: 211 patches (31.40%)
  concept 92: 166 patches (24.70%)
  concept 51: 24 patches (3.57%)
  concept 96: 21 patches (3.12%)
  normalized usage entropy: 0.7046
DEBUG visual concept usage [stage4] top 10:
  concept 184: 70 patches (41.67%)
  concept 341: 40 patches (23.81%)
  concept 322: 22 patches (13.10%)
  concept 53: 14 patches (8.33%)
  concept 23: 9 patches (5.36%)
  concept 121: 5 patches (2.98%)
  concept 78: 4 patches (2.38%)
  concept 299: 4 patches (2.38%)
  normalized usage entropy: 0.6147
DEBUG pred min/max/mean/std: -4.0 50.5 -3.125 3.90625
DEBUG target min/max/mean/std: 0.0 1.0 0.014011370949447155 0.07660023123025894
DEBUG fixation pixels per sample: [152.0, 162.0]
DEBUG fix_batch min/max/mean/std: 0.0 1.0 0.0006814236403442919 0.026095224544405937
DEBUG losses: {'loss_total': 0.1297580897808075, 'loss_fid': 34.51508712768555, 'loss_patch_fid': 4.0243682861328125, 'loss_dense_fid': 4.147365093231201, 'loss_dense_bce': -0.0, 'loss_dense_kl': 26.343353271484375, 'loss_topk': -0.0, 'loss_delta': -0.0, 'loss_cc': 0.3824223279953003, 'loss_nss': -4.37399959564209, 'loss_sim': 0.4668921232223511, 'loss_concept_dense': 0.0, 'loss_concept_kl': 0.0, 'loss_align': 0.0, 'loss_sparse': 0.0, 'loss_div': 0.0, 'loss_gate': 0.0, 'loss_visual_entropy': 0.5912624597549438, 'loss_visual_equiv': 0.0, 'loss_visual_usage': 0.25135284662246704, 'loss_temporal_attention_entropy': 0.0, 'loss_total_concept': 0.043714117258787155, 'loss_decoder_side_aux': -0.024148177355527878, 'loss_priority_map': 0.9038896560668945, 'loss_priority_map_weighted': 0.09038896858692169, 'priority_map_loss': 0.9038896560668945, 'weighted_priority_map_loss': 0.09038896858692169, 'loss_priority_map_stage3': 0.963688850402832, 'loss_priority_map_stage4': 0.844090461730957, 'loss_side_stage4': -0.04323786497116089, 'loss_side_stage3': -0.03877288103103638, 'loss_side_stage2': -0.049678415060043335, 'loss_side_stage1': -0.05328616499900818}
DEBUG decoder visual FiLM [stage1] | film_gamma=unavailable (pass return_decoder_diagnostics=True)
DEBUG decoder visual FiLM [stage2] | film_gamma=unavailable (pass return_decoder_diagnostics=True)
DEBUG decoder visual FiLM [stage3] | film_gamma mean/std/min/max=0.0625/1.4015/0.0000/62.2531 | prototype_bottleneck_strength=0.4000
DEBUG decoder visual FiLM [stage4] | film_gamma mean/std/min/max=0.0625/1.2725/0.0000/48.0314 | prototype_bottleneck_strength=0.4000
DEBUG factorized comparison [stage3] | query_norm_mean=1.0727 | key_norm_mean=0.7572 | context_mean=0.0000 | context_std=0.0780 | context_min=-0.1754 | context_max=0.2582 | total_candidate_weight=336.0000 | spatial_strength=0.0991 | spatial_freq_entropy=2.7726 | spatial_freq_weight_mean=0.6933 | rank=32
DEBUG factorized comparison [stage4] | query_norm_mean=0.7851 | key_norm_mean=0.8342 | context_mean=-0.0001 | context_std=0.0652 | context_min=-0.1370 | context_max=0.2139 | total_candidate_weight=84.0000 | spatial_strength=0.0991 | spatial_freq_entropy=2.7725 | spatial_freq_weight_mean=0.6959 | rank=32
patch-priority map [stage3] | mean=0.062500 | std=1.401535 | min=0.000000 | max=62.253052 | prototype_bottleneck_strength=0.400000 | prototype_to_film_norm_ratio=4.706843
patch-priority map [stage4] | mean=0.062500 | std=1.272500 | min=0.000000 | max=48.031361 | prototype_bottleneck_strength=0.400000 | prototype_to_film_norm_ratio=4.845176
Epoch 65/200
  Mean train loss: 0.173615
  Mean val loss:   0.426880
  Current LR:      3.83e-05
Val metrics   | CC: 0.5316 | SIM: 0.4379 | NSS: 3.1536
  Saved checkpoint: training_outputs/ckpts/20260917_231452/epoch_065.pth

Epoch 66/200
pred_saliency: shape=(2, 1, 224, 384) min=-4.0000 max=36.2500 mean=-2.8489 std=3.7185
sal_batch: shape=(2, 1, 360, 640) min=0.0000 max=1.0000 mean=0.0207 std=0.0906
DEBUG features_shape: {'stage1': (2, 96, 16, 56, 96), 'stage2': (2, 192, 16, 28, 48), 'stage3': (2, 384, 16, 14, 24), 'stage4': (2, 768, 16, 7, 12)}
DEBUG gate: no gate_debug available. This usually means return_concept_losses=False or lambda_gate=0.
DEBUG decoder visual FiLM [stage1] | film_gamma=unavailable (pass return_decoder_diagnostics=True)
DEBUG decoder visual FiLM [stage2] | film_gamma=unavailable (pass return_decoder_diagnostics=True)
DEBUG decoder visual FiLM [stage3] | film_gamma mean/std/min/max=0.0625/0.7800/0.0000/31.3183 | prototype_bottleneck_strength=0.4000
DEBUG decoder visual FiLM [stage4] | film_gamma mean/std/min/max=0.0625/0.8363/0.0000/29.0661 | prototype_bottleneck_strength=0.4000
DEBUG factorized comparison [stage3] | query_norm_mean=1.0747 | key_norm_mean=0.7652 | context_mean=0.0001 | context_std=0.0819 | context_min=-0.1791 | context_max=0.2343 | total_candidate_weight=336.0000 | spatial_strength=0.0991 | spatial_freq_entropy=2.7726 | spatial_freq_weight_mean=0.6933 | rank=32
DEBUG factorized comparison [stage4] | query_norm_mean=0.7871 | key_norm_mean=0.8320 | context_mean=-0.0000 | context_std=0.0645 | context_min=-0.1393 | context_max=0.1355 | total_candidate_weight=84.0000 | spatial_strength=0.0991 | spatial_freq_entropy=2.7725 | spatial_freq_weight_mean=0.6959 | rank=32
patch-priority map [stage3] | mean=0.062500 | std=0.779958 | min=0.000000 | max=31.318285 | prototype_bottleneck_strength=0.400000 | prototype_to_film_norm_ratio=2.621166
patch-priority map [stage4] | mean=0.062500 | std=0.836259 | min=0.000000 | max=29.066103 | prototype_bottleneck_strength=0.400000 | prototype_to_film_norm_ratio=2.616282
DEBUG visual concept usage [stage1] top 10:
  concept 291: 260 patches (2.42%)
  concept 458: 243 patches (2.26%)
  concept 356: 201 patches (1.87%)
  concept 367: 197 patches (1.83%)
  concept 84: 184 patches (1.71%)
  concept 272: 178 patches (1.66%)
  concept 65: 165 patches (1.53%)
  concept 174: 164 patches (1.53%)
  concept 338: 161 patches (1.50%)
  concept 131: 151 patches (1.40%)
  normalized usage entropy: 0.8427
DEBUG visual concept usage [stage2] top 10:
  concept 66: 2688 patches (100.00%)
  normalized usage entropy: 0.8288
DEBUG visual concept usage [stage3] top 10:
  concept 35: 288 patches (42.86%)
  concept 278: 209 patches (31.10%)
  concept 92: 159 patches (23.66%)
  concept 51: 12 patches (1.79%)
  concept 96: 4 patches (0.60%)
  normalized usage entropy: 0.7054
DEBUG visual concept usage [stage4] top 10:
  concept 184: 78 patches (46.43%)
  concept 341: 38 patches (22.62%)
  concept 322: 25 patches (14.88%)
  concept 78: 10 patches (5.95%)
  concept 53: 5 patches (2.98%)
  concept 362: 4 patches (2.38%)
  concept 299: 3 patches (1.79%)
  concept 23: 2 patches (1.19%)
  concept 121: 2 patches (1.19%)
  concept 38: 1 patches (0.60%)
  normalized usage entropy: 0.6205
DEBUG pred min/max/mean/std: -4.0 36.25 -2.84375 3.71875
DEBUG target min/max/mean/std: 0.0 1.0 0.020715858787298203 0.09057904779911041
DEBUG fixation pixels per sample: [136.0, 72.0]
DEBUG fix_batch min/max/mean/std: 0.0 1.0 0.0004513888852670789 0.021241141483187675
DEBUG losses: {'loss_total': 0.5268084406852722, 'loss_fid': 24.202543258666992, 'loss_patch_fid': 3.803710699081421, 'loss_dense_fid': 4.076679229736328, 'loss_dense_bce': -0.0, 'loss_dense_kl': 16.322153091430664, 'loss_topk': -0.0, 'loss_delta': -0.0, 'loss_cc': 0.4599250555038452, 'loss_nss': -2.487138271331787, 'loss_sim': 0.5271662473678589, 'loss_concept_dense': 0.0, 'loss_concept_kl': 0.0, 'loss_align': 0.0, 'loss_sparse': 0.0, 'loss_div': 0.0, 'loss_gate': 0.0, 'loss_visual_entropy': 0.5933651924133301, 'loss_visual_equiv': 0.0, 'loss_visual_usage': 0.2506592273712158, 'loss_temporal_attention_entropy': 0.0, 'loss_total_concept': 0.04503335803747177, 'loss_decoder_side_aux': 0.09664291143417358, 'loss_priority_map': 0.931715726852417, 'loss_priority_map_weighted': 0.09317157417535782, 'priority_map_loss': 0.931715726852417, 'weighted_priority_map_loss': 0.09317157417535782, 'loss_priority_map_stage3': 1.0633316040039062, 'loss_priority_map_stage4': 0.800099790096283, 'loss_side_stage4': 0.16425341367721558, 'loss_side_stage3': 0.1849375069141388, 'loss_side_stage2': 0.19188538193702698, 'loss_side_stage1': 0.2057683765888214}
DEBUG decoder visual FiLM [stage1] | film_gamma=unavailable (pass return_decoder_diagnostics=True)
DEBUG decoder visual FiLM [stage2] | film_gamma=unavailable (pass return_decoder_diagnostics=True)
DEBUG decoder visual FiLM [stage3] | film_gamma mean/std/min/max=0.0625/1.3231/0.0000/61.6257 | prototype_bottleneck_strength=0.4000
DEBUG decoder visual FiLM [stage4] | film_gamma mean/std/min/max=0.0625/1.1510/0.0000/45.0440 | prototype_bottleneck_strength=0.4000
DEBUG factorized comparison [stage3] | query_norm_mean=1.0938 | key_norm_mean=0.7824 | context_mean=0.0000 | context_std=0.0821 | context_min=-0.1955 | context_max=0.2552 | total_candidate_weight=336.0000 | spatial_strength=0.0991 | spatial_freq_entropy=2.7726 | spatial_freq_weight_mean=0.6933 | rank=32
DEBUG factorized comparison [stage4] | query_norm_mean=0.7941 | key_norm_mean=0.7889 | context_mean=-0.0001 | context_std=0.0610 | context_min=-0.1348 | context_max=0.1928 | total_candidate_weight=84.0000 | spatial_strength=0.0992 | spatial_freq_entropy=2.7725 | spatial_freq_weight_mean=0.6960 | rank=32
patch-priority map [stage3] | mean=0.062500 | std=1.323122 | min=0.000000 | max=61.625675 | prototype_bottleneck_strength=0.400000 | prototype_to_film_norm_ratio=4.445628
patch-priority map [stage4] | mean=0.062500 | std=1.151003 | min=0.000000 | max=45.043999 | prototype_bottleneck_strength=0.400000 | prototype_to_film_norm_ratio=4.494961
Epoch 66/200
  Mean train loss: 0.169413
  Mean val loss:   0.413124
  Current LR:      3.80e-05
Val metrics   | CC: 0.5443 | SIM: 0.4260 | NSS: 3.1566
  Saved checkpoint: training_outputs/ckpts/20260917_231452/epoch_066.pth
  New best val loss: 0.413124 (saved training_outputs/ckpts/20260917_231452/best_checkpoint.pth)

Epoch 67/200
pred_saliency: shape=(2, 1, 224, 384) min=-4.0000 max=42.7500 mean=-2.6088 std=3.9339
sal_batch: shape=(2, 1, 360, 640) min=0.0000 max=1.0000 mean=0.0130 std=0.0719
DEBUG features_shape: {'stage1': (2, 96, 16, 56, 96), 'stage2': (2, 192, 16, 28, 48), 'stage3': (2, 384, 16, 14, 24), 'stage4': (2, 768, 16, 7, 12)}
DEBUG gate: no gate_debug available. This usually means return_concept_losses=False or lambda_gate=0.
DEBUG decoder visual FiLM [stage1] | film_gamma=unavailable (pass return_decoder_diagnostics=True)
DEBUG decoder visual FiLM [stage2] | film_gamma=unavailable (pass return_decoder_diagnostics=True)
DEBUG decoder visual FiLM [stage3] | film_gamma mean/std/min/max=0.0625/0.8587/0.0000/37.7263 | prototype_bottleneck_strength=0.4000
DEBUG decoder visual FiLM [stage4] | film_gamma mean/std/min/max=0.0625/0.9377/0.0000/31.9365 | prototype_bottleneck_strength=0.4000
DEBUG factorized comparison [stage3] | query_norm_mean=1.0955 | key_norm_mean=0.7944 | context_mean=0.0000 | context_std=0.0869 | context_min=-0.2015 | context_max=0.2433 | total_candidate_weight=336.0000 | spatial_strength=0.0991 | spatial_freq_entropy=2.7726 | spatial_freq_weight_mean=0.6933 | rank=32
DEBUG factorized comparison [stage4] | query_norm_mean=0.8216 | key_norm_mean=0.7759 | context_mean=-0.0000 | context_std=0.0679 | context_min=-0.1491 | context_max=0.1973 | total_candidate_weight=84.0000 | spatial_strength=0.0992 | spatial_freq_entropy=2.7725 | spatial_freq_weight_mean=0.6960 | rank=32
patch-priority map [stage3] | mean=0.062500 | std=0.858676 | min=0.000000 | max=37.726273 | prototype_bottleneck_strength=0.400000 | prototype_to_film_norm_ratio=3.415784
patch-priority map [stage4] | mean=0.062500 | std=0.937717 | min=0.000000 | max=31.936474 | prototype_bottleneck_strength=0.400000 | prototype_to_film_norm_ratio=3.777277
DEBUG visual concept usage [stage1] top 10:
  concept 152: 206 patches (1.92%)
  concept 232: 190 patches (1.77%)
  concept 348: 155 patches (1.44%)
  concept 327: 142 patches (1.32%)
  concept 102: 139 patches (1.29%)
  concept 176: 139 patches (1.29%)
  concept 84: 131 patches (1.22%)
  concept 15: 125 patches (1.16%)
  concept 60: 124 patches (1.15%)
  concept 128: 122 patches (1.13%)
  normalized usage entropy: 0.8547
DEBUG visual concept usage [stage2] top 10:
  concept 66: 2688 patches (100.00%)
  normalized usage entropy: 0.8287
DEBUG visual concept usage [stage3] top 10:
  concept 278: 269 patches (40.03%)
  concept 35: 221 patches (32.89%)
  concept 92: 160 patches (23.81%)
  concept 51: 11 patches (1.64%)
  concept 96: 11 patches (1.64%)
  normalized usage entropy: 0.7068
DEBUG visual concept usage [stage4] top 10:
  concept 184: 63 patches (37.50%)
  concept 341: 36 patches (21.43%)
  concept 322: 21 patches (12.50%)
  concept 121: 19 patches (11.31%)
  concept 53: 15 patches (8.93%)
  concept 23: 3 patches (1.79%)
  concept 78: 3 patches (1.79%)
  concept 262: 3 patches (1.79%)
  concept 362: 3 patches (1.79%)
  concept 441: 2 patches (1.19%)
  normalized usage entropy: 0.6383
DEBUG pred min/max/mean/std: -4.0 42.75 -2.609375 3.9375
DEBUG target min/max/mean/std: 0.0 1.0 0.012990801595151424 0.0719180479645729
DEBUG fixation pixels per sample: [184.0, 237.0]
DEBUG fix_batch min/max/mean/std: 0.0 1.0 0.0009136284934356809 0.030212510377168655
DEBUG losses: {'loss_total': -0.14719760417938232, 'loss_fid': 20.311328887939453, 'loss_patch_fid': 3.9782629013061523, 'loss_dense_fid': 3.9931278228759766, 'loss_dense_bce': -0.0, 'loss_dense_kl': 12.339938163757324, 'loss_topk': -0.0, 'loss_delta': -0.0, 'loss_cc': 0.2601844072341919, 'loss_nss': -5.060133457183838, 'loss_sim': 0.5019422769546509, 'loss_concept_dense': 0.0, 'loss_concept_kl': 0.0, 'loss_align': 0.0, 'loss_sparse': 0.0, 'loss_div': 0.0, 'loss_gate': 0.0, 'loss_visual_entropy': 0.5972153544425964, 'loss_visual_equiv': 0.0, 'loss_visual_usage': 0.24286095798015594, 'loss_temporal_attention_entropy': 0.0, 'loss_total_concept': 0.044473178684711456, 'loss_decoder_side_aux': -0.12526975572109222, 'loss_priority_map': 1.019614815711975, 'loss_priority_map_weighted': 0.10196148604154587, 'priority_map_loss': 1.019614815711975, 'weighted_priority_map_loss': 0.10196148604154587, 'loss_priority_map_stage3': 0.9654267430305481, 'loss_priority_map_stage4': 1.0738029479980469, 'loss_side_stage4': -0.261851966381073, 'loss_side_stage3': -0.25921863317489624, 'loss_side_stage2': -0.25557976961135864, 'loss_side_stage1': -0.23959165811538696}
DEBUG decoder visual FiLM [stage1] | film_gamma=unavailable (pass return_decoder_diagnostics=True)
DEBUG decoder visual FiLM [stage2] | film_gamma=unavailable (pass return_decoder_diagnostics=True)
DEBUG decoder visual FiLM [stage3] | film_gamma mean/std/min/max=0.0625/1.2073/0.0000/50.0272 | prototype_bottleneck_strength=0.4000
DEBUG decoder visual FiLM [stage4] | film_gamma mean/std/min/max=0.0625/1.1573/0.0000/44.5605 | prototype_bottleneck_strength=0.4000
DEBUG factorized comparison [stage3] | query_norm_mean=1.0695 | key_norm_mean=0.7743 | context_mean=0.0000 | context_std=0.0811 | context_min=-0.1881 | context_max=0.2507 | total_candidate_weight=336.0000 | spatial_strength=0.0991 | spatial_freq_entropy=2.7726 | spatial_freq_weight_mean=0.6934 | rank=32
DEBUG factorized comparison [stage4] | query_norm_mean=0.7971 | key_norm_mean=0.7911 | context_mean=-0.0000 | context_std=0.0642 | context_min=-0.1431 | context_max=0.1973 | total_candidate_weight=84.0000 | spatial_strength=0.0991 | spatial_freq_entropy=2.7725 | spatial_freq_weight_mean=0.6960 | rank=32
patch-priority map [stage3] | mean=0.062500 | std=1.207274 | min=0.000000 | max=50.027210 | prototype_bottleneck_strength=0.400000 | prototype_to_film_norm_ratio=4.061325
patch-priority map [stage4] | mean=0.062500 | std=1.157281 | min=0.000000 | max=44.560493 | prototype_bottleneck_strength=0.400000 | prototype_to_film_norm_ratio=4.341156
Epoch 67/200
  Mean train loss: 0.157329
  Mean val loss:   0.415211
  Current LR:      3.76e-05
Val metrics   | CC: 0.5411 | SIM: 0.4292 | NSS: 3.1749
  Saved checkpoint: training_outputs/ckpts/20260917_231452/epoch_067.pth

Epoch 68/200
pred_saliency: shape=(2, 1, 224, 384) min=-4.0000 max=64.0000 mean=-2.8367 std=4.1755
sal_batch: shape=(2, 1, 360, 640) min=0.0000 max=1.0000 mean=0.0153 std=0.0818
DEBUG features_shape: {'stage1': (2, 96, 16, 56, 96), 'stage2': (2, 192, 16, 28, 48), 'stage3': (2, 384, 16, 14, 24), 'stage4': (2, 768, 16, 7, 12)}
DEBUG gate: no gate_debug available. This usually means return_concept_losses=False or lambda_gate=0.
DEBUG decoder visual FiLM [stage1] | film_gamma=unavailable (pass return_decoder_diagnostics=True)
DEBUG decoder visual FiLM [stage2] | film_gamma=unavailable (pass return_decoder_diagnostics=True)
DEBUG decoder visual FiLM [stage3] | film_gamma mean/std/min/max=0.0625/0.8653/0.0000/47.1240 | prototype_bottleneck_strength=0.4000
DEBUG decoder visual FiLM [stage4] | film_gamma mean/std/min/max=0.0625/0.9112/0.0000/31.8316 | prototype_bottleneck_strength=0.4000
DEBUG factorized comparison [stage3] | query_norm_mean=1.0670 | key_norm_mean=0.7705 | context_mean=0.0001 | context_std=0.0792 | context_min=-0.1881 | context_max=0.2388 | total_candidate_weight=336.0000 | spatial_strength=0.0991 | spatial_freq_entropy=2.7726 | spatial_freq_weight_mean=0.6934 | rank=32
DEBUG factorized comparison [stage4] | query_norm_mean=0.8041 | key_norm_mean=0.7876 | context_mean=-0.0001 | context_std=0.0622 | context_min=-0.1431 | context_max=0.1747 | total_candidate_weight=84.0000 | spatial_strength=0.0991 | spatial_freq_entropy=2.7725 | spatial_freq_weight_mean=0.6960 | rank=32
patch-priority map [stage3] | mean=0.062500 | std=0.865253 | min=0.000000 | max=47.123959 | prototype_bottleneck_strength=0.400000 | prototype_to_film_norm_ratio=3.161281
patch-priority map [stage4] | mean=0.062500 | std=0.911204 | min=0.000000 | max=31.831635 | prototype_bottleneck_strength=0.400000 | prototype_to_film_norm_ratio=3.230470
DEBUG visual concept usage [stage1] top 10:
  concept 403: 440 patches (4.09%)
  concept 289: 297 patches (2.76%)
  concept 84: 161 patches (1.50%)
  concept 83: 159 patches (1.48%)
  concept 143: 152 patches (1.41%)
  concept 30: 131 patches (1.22%)
  concept 266: 129 patches (1.20%)
  concept 65: 125 patches (1.16%)
  concept 203: 123 patches (1.14%)
  concept 484: 120 patches (1.12%)
  normalized usage entropy: 0.8476
DEBUG visual concept usage [stage2] top 10:
  concept 66: 2688 patches (100.00%)
  normalized usage entropy: 0.8288
DEBUG visual concept usage [stage3] top 10:
  concept 278: 255 patches (37.95%)
  concept 35: 227 patches (33.78%)
  concept 92: 172 patches (25.60%)
  concept 51: 11 patches (1.64%)
  concept 96: 7 patches (1.04%)
  normalized usage entropy: 0.7076
DEBUG visual concept usage [stage4] top 10:
  concept 184: 62 patches (36.90%)
  concept 341: 39 patches (23.21%)
  concept 322: 24 patches (14.29%)
  concept 53: 12 patches (7.14%)
  concept 121: 9 patches (5.36%)
  concept 362: 6 patches (3.57%)
  concept 23: 5 patches (2.98%)
  concept 441: 5 patches (2.98%)
  concept 78: 3 patches (1.79%)
  concept 262: 3 patches (1.79%)
  normalized usage entropy: 0.6373
DEBUG pred min/max/mean/std: -4.0 64.0 -2.84375 4.1875
DEBUG target min/max/mean/std: 0.0 1.0 0.015328389592468739 0.08178950846195221
DEBUG fixation pixels per sample: [160.0, 183.0]
DEBUG fix_batch min/max/mean/std: 0.0 1.0 0.0007443576469086111 0.027272790670394897
DEBUG losses: {'loss_total': -0.1016838476061821, 'loss_fid': 37.107425689697266, 'loss_patch_fid': 3.8937320709228516, 'loss_dense_fid': 3.907759189605713, 'loss_dense_bce': -0.0, 'loss_dense_kl': 29.30593490600586, 'loss_topk': -0.0, 'loss_delta': -0.0, 'loss_cc': 0.22618091106414795, 'loss_nss': -4.463500022888184, 'loss_sim': 0.4941485524177551, 'loss_concept_dense': 0.0, 'loss_concept_kl': 0.0, 'loss_align': 0.0, 'loss_sparse': 0.0, 'loss_div': 0.0, 'loss_gate': 0.0, 'loss_visual_entropy': 0.594822108745575, 'loss_visual_equiv': 0.0, 'loss_visual_usage': 0.2446795105934143, 'loss_temporal_attention_entropy': 0.0, 'loss_total_concept': 0.044382523745298386, 'loss_decoder_side_aux': -0.10677885264158249, 'loss_priority_map': 1.0402467250823975, 'loss_priority_map_weighted': 0.10402467101812363, 'priority_map_loss': 1.0402467250823975, 'weighted_priority_map_loss': 0.10402467101812363, 'loss_priority_map_stage3': 1.059037685394287, 'loss_priority_map_stage4': 1.0214558839797974, 'loss_side_stage4': -0.18065816164016724, 'loss_side_stage3': -0.21464970707893372, 'loss_side_stage2': -0.21696814894676208, 'loss_side_stage1': -0.21867874264717102}
DEBUG decoder visual FiLM [stage1] | film_gamma=unavailable (pass return_decoder_diagnostics=True)
DEBUG decoder visual FiLM [stage2] | film_gamma=unavailable (pass return_decoder_diagnostics=True)
DEBUG decoder visual FiLM [stage3] | film_gamma mean/std/min/max=0.0625/1.3326/0.0000/62.7472 | prototype_bottleneck_strength=0.4000
DEBUG decoder visual FiLM [stage4] | film_gamma mean/std/min/max=0.0625/1.2769/0.0000/51.3723 | prototype_bottleneck_strength=0.4000
DEBUG factorized comparison [stage3] | query_norm_mean=1.0290 | key_norm_mean=0.7484 | context_mean=0.0000 | context_std=0.0761 | context_min=-0.1784 | context_max=0.2478 | total_candidate_weight=336.0000 | spatial_strength=0.0992 | spatial_freq_entropy=2.7726 | spatial_freq_weight_mean=0.6934 | rank=32
DEBUG factorized comparison [stage4] | query_norm_mean=0.7541 | key_norm_mean=0.7889 | context_mean=-0.0000 | context_std=0.0611 | context_min=-0.1273 | context_max=0.1988 | total_candidate_weight=84.0000 | spatial_strength=0.0992 | spatial_freq_entropy=2.7725 | spatial_freq_weight_mean=0.6961 | rank=32
patch-priority map [stage3] | mean=0.062500 | std=1.332560 | min=0.000000 | max=62.747181 | prototype_bottleneck_strength=0.400000 | prototype_to_film_norm_ratio=4.356269
patch-priority map [stage4] | mean=0.062500 | std=1.276872 | min=0.000000 | max=51.372326 | prototype_bottleneck_strength=0.400000 | prototype_to_film_norm_ratio=5.241442
Epoch 68/200
  Mean train loss: 0.161764
  Mean val loss:   0.413765
  Current LR:      3.73e-05
Val metrics   | CC: 0.5410 | SIM: 0.4374 | NSS: 3.1759
  Saved checkpoint: training_outputs/ckpts/20260917_231452/epoch_068.pth

Epoch 69/200
pred_saliency: shape=(2, 1, 224, 384) min=-4.0000 max=39.0000 mean=-2.5908 std=4.2134
sal_batch: shape=(2, 1, 360, 640) min=0.0000 max=1.0000 mean=0.0191 std=0.0772
DEBUG features_shape: {'stage1': (2, 96, 16, 56, 96), 'stage2': (2, 192, 16, 28, 48), 'stage3': (2, 384, 16, 14, 24), 'stage4': (2, 768, 16, 7, 12)}
DEBUG gate: no gate_debug available. This usually means return_concept_losses=False or lambda_gate=0.
DEBUG decoder visual FiLM [stage1] | film_gamma=unavailable (pass return_decoder_diagnostics=True)
DEBUG decoder visual FiLM [stage2] | film_gamma=unavailable (pass return_decoder_diagnostics=True)
DEBUG decoder visual FiLM [stage3] | film_gamma mean/std/min/max=0.0625/0.6105/0.0000/25.6517 | prototype_bottleneck_strength=0.4000
DEBUG decoder visual FiLM [stage4] | film_gamma mean/std/min/max=0.0625/0.6956/0.0000/19.4048 | prototype_bottleneck_strength=0.4000
DEBUG factorized comparison [stage3] | query_norm_mean=1.0229 | key_norm_mean=0.7436 | context_mean=0.0000 | context_std=0.0711 | context_min=-0.1813 | context_max=0.2075 | total_candidate_weight=336.0000 | spatial_strength=0.0992 | spatial_freq_entropy=2.7726 | spatial_freq_weight_mean=0.6934 | rank=32
DEBUG factorized comparison [stage4] | query_norm_mean=0.7742 | key_norm_mean=0.7726 | context_mean=-0.0001 | context_std=0.0616 | context_min=-0.1333 | context_max=0.1438 | total_candidate_weight=84.0000 | spatial_strength=0.0992 | spatial_freq_entropy=2.7725 | spatial_freq_weight_mean=0.6961 | rank=32
patch-priority map [stage3] | mean=0.062500 | std=0.610507 | min=0.000000 | max=25.651691 | prototype_bottleneck_strength=0.400000 | prototype_to_film_norm_ratio=2.265601
patch-priority map [stage4] | mean=0.062500 | std=0.695559 | min=0.000000 | max=19.404814 | prototype_bottleneck_strength=0.400000 | prototype_to_film_norm_ratio=2.223286
DEBUG visual concept usage [stage1] top 10:
  concept 57: 146 patches (1.36%)
  concept 135: 137 patches (1.27%)
  concept 416: 127 patches (1.18%)
  concept 174: 119 patches (1.11%)
  concept 169: 118 patches (1.10%)
  concept 37: 114 patches (1.06%)
  concept 58: 109 patches (1.01%)
  concept 118: 109 patches (1.01%)
  concept 249: 107 patches (1.00%)
  concept 104: 105 patches (0.98%)
  normalized usage entropy: 0.8607
DEBUG visual concept usage [stage2] top 10:
  concept 66: 2688 patches (100.00%)
  normalized usage entropy: 0.8287
DEBUG visual concept usage [stage3] top 10:
  concept 35: 264 patches (39.29%)
  concept 278: 205 patches (30.51%)
  concept 92: 187 patches (27.83%)
  concept 96: 9 patches (1.34%)
  concept 51: 7 patches (1.04%)
  normalized usage entropy: 0.7088
DEBUG visual concept usage [stage4] top 10:
  concept 184: 78 patches (46.43%)
  concept 341: 25 patches (14.88%)
  concept 322: 22 patches (13.10%)
  concept 121: 13 patches (7.74%)
  concept 53: 8 patches (4.76%)
  concept 23: 6 patches (3.57%)
  concept 441: 5 patches (2.98%)
  concept 262: 4 patches (2.38%)
  concept 78: 3 patches (1.79%)
  concept 362: 2 patches (1.19%)
  normalized usage entropy: 0.6412
DEBUG pred min/max/mean/std: -4.0 39.0 -2.59375 4.21875
DEBUG target min/max/mean/std: 0.0 1.0 0.01912044547498226 0.07724377512931824
DEBUG fixation pixels per sample: [124.0, 237.0]
DEBUG fix_batch min/max/mean/std: 0.0 1.0 0.000783420167863369 0.02797870896756649
DEBUG losses: {'loss_total': 0.6385094523429871, 'loss_fid': 32.79848861694336, 'loss_patch_fid': 4.110015392303467, 'loss_dense_fid': 4.0190300941467285, 'loss_dense_bce': -0.0, 'loss_dense_kl': 24.669443130493164, 'loss_topk': -0.0, 'loss_delta': -0.0, 'loss_cc': 0.48330920934677124, 'loss_nss': -2.304529905319214, 'loss_sim': 0.5591151118278503, 'loss_concept_dense': 0.0, 'loss_concept_kl': 0.0, 'loss_align': 0.0, 'loss_sparse': 0.0, 'loss_div': 0.0, 'loss_gate': 0.0, 'loss_visual_entropy': 0.5974048972129822, 'loss_visual_equiv': 0.0, 'loss_visual_usage': 0.2401343733072281, 'loss_temporal_attention_entropy': 0.0, 'loss_total_concept': 0.04585598036646843, 'loss_decoder_side_aux': 0.12609551846981049, 'loss_priority_map': 1.3078975677490234, 'loss_priority_map_weighted': 0.13078975677490234, 'priority_map_loss': 1.3078975677490234, 'weighted_priority_map_loss': 0.13078975677490234, 'loss_priority_map_stage3': 1.4332842826843262, 'loss_priority_map_stage4': 1.1825107336044312, 'loss_side_stage4': 0.2952140271663666, 'loss_side_stage3': 0.257118821144104, 'loss_side_stage2': 0.23951758444309235, 'loss_side_stage1': 0.24847647547721863}
DEBUG decoder visual FiLM [stage1] | film_gamma=unavailable (pass return_decoder_diagnostics=True)
DEBUG decoder visual FiLM [stage2] | film_gamma=unavailable (pass return_decoder_diagnostics=True)
DEBUG decoder visual FiLM [stage3] | film_gamma mean/std/min/max=0.0625/1.1424/0.0000/53.3713 | prototype_bottleneck_strength=0.4000
DEBUG decoder visual FiLM [stage4] | film_gamma mean/std/min/max=0.0625/1.1256/0.0000/46.7230 | prototype_bottleneck_strength=0.4000
DEBUG factorized comparison [stage3] | query_norm_mean=1.0158 | key_norm_mean=0.7455 | context_mean=0.0000 | context_std=0.0761 | context_min=-0.1791 | context_max=0.2313 | total_candidate_weight=336.0000 | spatial_strength=0.0992 | spatial_freq_entropy=2.7726 | spatial_freq_weight_mean=0.6934 | rank=32
DEBUG factorized comparison [stage4] | query_norm_mean=0.7611 | key_norm_mean=0.7717 | context_mean=-0.0000 | context_std=0.0611 | context_min=-0.1333 | context_max=0.1875 | total_candidate_weight=84.0000 | spatial_strength=0.0992 | spatial_freq_entropy=2.7725 | spatial_freq_weight_mean=0.6962 | rank=32
patch-priority map [stage3] | mean=0.062500 | std=1.142363 | min=0.000000 | max=53.371334 | prototype_bottleneck_strength=0.400000 | prototype_to_film_norm_ratio=3.218875
patch-priority map [stage4] | mean=0.062500 | std=1.125625 | min=0.000000 | max=46.723026 | prototype_bottleneck_strength=0.400000 | prototype_to_film_norm_ratio=3.709330
Epoch 69/200
  Mean train loss: 0.166146
  Mean val loss:   0.410018
  Current LR:      3.70e-05
Val metrics   | CC: 0.5429 | SIM: 0.4353 | NSS: 3.1878
  Saved checkpoint: training_outputs/ckpts/20260917_231452/epoch_069.pth
  New best val loss: 0.410018 (saved training_outputs/ckpts/20260917_231452/best_checkpoint.pth)

Epoch 70/200
pred_saliency: shape=(2, 1, 224, 384) min=-4.0000 max=40.7500 mean=-2.3892 std=4.1121
sal_batch: shape=(2, 1, 360, 640) min=0.0000 max=1.0000 mean=0.0173 std=0.0843
DEBUG features_shape: {'stage1': (2, 96, 16, 56, 96), 'stage2': (2, 192, 16, 28, 48), 'stage3': (2, 384, 16, 14, 24), 'stage4': (2, 768, 16, 7, 12)}
DEBUG gate: no gate_debug available. This usually means return_concept_losses=False or lambda_gate=0.
DEBUG decoder visual FiLM [stage1] | film_gamma=unavailable (pass return_decoder_diagnostics=True)
DEBUG decoder visual FiLM [stage2] | film_gamma=unavailable (pass return_decoder_diagnostics=True)
DEBUG decoder visual FiLM [stage3] | film_gamma mean/std/min/max=0.0625/0.5982/0.0000/22.6114 | prototype_bottleneck_strength=0.4000
DEBUG decoder visual FiLM [stage4] | film_gamma mean/std/min/max=0.0625/0.5625/0.0000/11.6328 | prototype_bottleneck_strength=0.4000
DEBUG factorized comparison [stage3] | query_norm_mean=1.0159 | key_norm_mean=0.7450 | context_mean=0.0001 | context_std=0.0769 | context_min=-0.1784 | context_max=0.1925 | total_candidate_weight=336.0000 | spatial_strength=0.0992 | spatial_freq_entropy=2.7726 | spatial_freq_weight_mean=0.6934 | rank=32
DEBUG factorized comparison [stage4] | query_norm_mean=0.7591 | key_norm_mean=0.7773 | context_mean=-0.0000 | context_std=0.0570 | context_min=-0.1340 | context_max=0.1197 | total_candidate_weight=84.0000 | spatial_strength=0.0992 | spatial_freq_entropy=2.7725 | spatial_freq_weight_mean=0.6962 | rank=32
patch-priority map [stage3] | mean=0.062500 | std=0.598165 | min=0.000000 | max=22.611412 | prototype_bottleneck_strength=0.400000 | prototype_to_film_norm_ratio=1.973179
patch-priority map [stage4] | mean=0.062500 | std=0.562539 | min=0.000000 | max=11.632828 | prototype_bottleneck_strength=0.400000 | prototype_to_film_norm_ratio=1.770118
DEBUG visual concept usage [stage1] top 10:
  concept 81: 167 patches (1.55%)
  concept 171: 166 patches (1.54%)
  concept 324: 164 patches (1.53%)
  concept 131: 158 patches (1.47%)
  concept 39: 154 patches (1.43%)
  concept 135: 136 patches (1.26%)
  concept 112: 135 patches (1.26%)
  concept 57: 133 patches (1.24%)
  concept 347: 126 patches (1.17%)
  concept 266: 123 patches (1.14%)
  normalized usage entropy: 0.8560
DEBUG visual concept usage [stage2] top 10:
  concept 66: 2688 patches (100.00%)
  normalized usage entropy: 0.8287
DEBUG visual concept usage [stage3] top 10:
  concept 35: 253 patches (37.65%)
  concept 278: 201 patches (29.91%)
  concept 92: 198 patches (29.46%)
  concept 51: 14 patches (2.08%)
  concept 96: 6 patches (0.89%)
  normalized usage entropy: 0.7106
DEBUG visual concept usage [stage4] top 10:
  concept 184: 72 patches (42.86%)
  concept 322: 29 patches (17.26%)
  concept 341: 25 patches (14.88%)
  concept 53: 11 patches (6.55%)
  concept 121: 10 patches (5.95%)
  concept 78: 8 patches (4.76%)
  concept 362: 7 patches (4.17%)
  concept 299: 4 patches (2.38%)
  concept 23: 2 patches (1.19%)
  normalized usage entropy: 0.6339
DEBUG pred min/max/mean/std: -4.0 40.75 -2.390625 4.125
DEBUG target min/max/mean/std: 0.0 1.0 0.017268246039748192 0.08431695401668549
DEBUG fixation pixels per sample: [113.0, 199.0]
DEBUG fix_batch min/max/mean/std: 0.0 1.0 0.0006770833279006183 0.026012040674686432
DEBUG losses: {'loss_total': 0.307306170463562, 'loss_fid': 30.16949462890625, 'loss_patch_fid': 4.035918235778809, 'loss_dense_fid': 4.0336761474609375, 'loss_dense_bce': -0.0, 'loss_dense_kl': 22.099899291992188, 'loss_topk': -0.0, 'loss_delta': -0.0, 'loss_cc': 0.3699362277984619, 'loss_nss': -3.5695276260375977, 'loss_sim': 0.5543873310089111, 'loss_concept_dense': 0.0, 'loss_concept_kl': 0.0, 'loss_align': 0.0, 'loss_sparse': 0.0, 'loss_div': 0.0, 'loss_gate': 0.0, 'loss_visual_entropy': 0.6008456945419312, 'loss_visual_equiv': 0.0, 'loss_visual_usage': 0.2426750659942627, 'loss_temporal_attention_entropy': 0.0, 'loss_total_concept': 0.045043714344501495, 'loss_decoder_side_aux': 0.0154953021556139, 'loss_priority_map': 1.5107320547103882, 'loss_priority_map_weighted': 0.15107320249080658, 'priority_map_loss': 1.5107320547103882, 'weighted_priority_map_loss': 0.15107320249080658, 'loss_priority_map_stage3': 1.5809416770935059, 'loss_priority_map_stage4': 1.4405224323272705, 'loss_side_stage4': 0.05386790633201599, 'loss_side_stage3': 0.060842692852020264, 'loss_side_stage2': 0.025467336177825928, 'loss_side_stage1': 0.014487683773040771}
DEBUG decoder visual FiLM [stage1] | film_gamma=unavailable (pass return_decoder_diagnostics=True)
DEBUG decoder visual FiLM [stage2] | film_gamma=unavailable (pass return_decoder_diagnostics=True)
DEBUG decoder visual FiLM [stage3] | film_gamma mean/std/min/max=0.0625/1.1544/0.0000/51.4060 | prototype_bottleneck_strength=0.4000
DEBUG decoder visual FiLM [stage4] | film_gamma mean/std/min/max=0.0625/1.1599/0.0000/47.9129 | prototype_bottleneck_strength=0.4000
DEBUG factorized comparison [stage3] | query_norm_mean=1.0273 | key_norm_mean=0.7453 | context_mean=0.0000 | context_std=0.0778 | context_min=-0.1836 | context_max=0.2358 | total_candidate_weight=336.0000 | spatial_strength=0.0992 | spatial_freq_entropy=2.7726 | spatial_freq_weight_mean=0.6935 | rank=32
DEBUG factorized comparison [stage4] | query_norm_mean=0.7528 | key_norm_mean=0.7567 | context_mean=-0.0000 | context_std=0.0590 | context_min=-0.1303 | context_max=0.1845 | total_candidate_weight=84.0000 | spatial_strength=0.0992 | spatial_freq_entropy=2.7725 | spatial_freq_weight_mean=0.6962 | rank=32
patch-priority map [stage3] | mean=0.062500 | std=1.154405 | min=0.000000 | max=51.406040 | prototype_bottleneck_strength=0.400000 | prototype_to_film_norm_ratio=3.304803
patch-priority map [stage4] | mean=0.062500 | std=1.159915 | min=0.000000 | max=47.912945 | prototype_bottleneck_strength=0.400000 | prototype_to_film_norm_ratio=4.278488
Epoch 70/200
  Mean train loss: 0.146308
  Mean val loss:   0.418556
  Current LR:      3.66e-05
Val metrics   | CC: 0.5392 | SIM: 0.4350 | NSS: 3.1507
  Saved checkpoint: training_outputs/ckpts/20260917_231452/epoch_070.pth

Epoch 71/200
pred_saliency: shape=(2, 1, 224, 384) min=-4.0000 max=47.0000 mean=-2.8861 std=4.5850
sal_batch: shape=(2, 1, 360, 640) min=0.0000 max=1.0000 mean=0.0186 std=0.0836
DEBUG features_shape: {'stage1': (2, 96, 16, 56, 96), 'stage2': (2, 192, 16, 28, 48), 'stage3': (2, 384, 16, 14, 24), 'stage4': (2, 768, 16, 7, 12)}
DEBUG gate: no gate_debug available. This usually means return_concept_losses=False or lambda_gate=0.
DEBUG decoder visual FiLM [stage1] | film_gamma=unavailable (pass return_decoder_diagnostics=True)
DEBUG decoder visual FiLM [stage2] | film_gamma=unavailable (pass return_decoder_diagnostics=True)
DEBUG decoder visual FiLM [stage3] | film_gamma mean/std/min/max=0.0625/0.8360/0.0000/28.8543 | prototype_bottleneck_strength=0.4000
DEBUG decoder visual FiLM [stage4] | film_gamma mean/std/min/max=0.0625/0.9556/0.0000/34.5252 | prototype_bottleneck_strength=0.4000
DEBUG factorized comparison [stage3] | query_norm_mean=1.0262 | key_norm_mean=0.7470 | context_mean=0.0000 | context_std=0.0789 | context_min=-0.1836 | context_max=0.2254 | total_candidate_weight=336.0000 | spatial_strength=0.0992 | spatial_freq_entropy=2.7726 | spatial_freq_weight_mean=0.6935 | rank=32
DEBUG factorized comparison [stage4] | query_norm_mean=0.7652 | key_norm_mean=0.7533 | context_mean=-0.0000 | context_std=0.0602 | context_min=-0.1355 | context_max=0.1619 | total_candidate_weight=84.0000 | spatial_strength=0.0992 | spatial_freq_entropy=2.7725 | spatial_freq_weight_mean=0.6962 | rank=32
patch-priority map [stage3] | mean=0.062500 | std=0.836013 | min=0.000000 | max=28.854269 | prototype_bottleneck_strength=0.400000 | prototype_to_film_norm_ratio=2.368154
patch-priority map [stage4] | mean=0.062500 | std=0.955629 | min=0.000000 | max=34.525177 | prototype_bottleneck_strength=0.400000 | prototype_to_film_norm_ratio=3.221259
DEBUG visual concept usage [stage1] top 10:
  concept 84: 159 patches (1.48%)
  concept 65: 158 patches (1.47%)
  concept 97: 133 patches (1.24%)
  concept 6: 131 patches (1.22%)
  concept 247: 119 patches (1.11%)
  concept 162: 118 patches (1.10%)
  concept 163: 118 patches (1.10%)
  concept 207: 118 patches (1.10%)
  concept 340: 118 patches (1.10%)
  concept 272: 115 patches (1.07%)
  normalized usage entropy: 0.8535
DEBUG visual concept usage [stage2] top 10:
  concept 66: 2688 patches (100.00%)
  normalized usage entropy: 0.8287
DEBUG visual concept usage [stage3] top 10:
  concept 35: 236 patches (35.12%)
  concept 92: 205 patches (30.51%)
  concept 278: 202 patches (30.06%)
  concept 96: 19 patches (2.83%)
  concept 51: 10 patches (1.49%)
  normalized usage entropy: 0.7128
DEBUG visual concept usage [stage4] top 10:
  concept 184: 67 patches (39.88%)
  concept 322: 34 patches (20.24%)
  concept 341: 30 patches (17.86%)
  concept 78: 10 patches (5.95%)
  concept 121: 10 patches (5.95%)
  concept 53: 5 patches (2.98%)
  concept 23: 4 patches (2.38%)
  concept 362: 4 patches (2.38%)
  concept 262: 2 patches (1.19%)
  concept 299: 2 patches (1.19%)
  normalized usage entropy: 0.6455
DEBUG pred min/max/mean/std: -4.0 47.0 -2.890625 4.59375
DEBUG target min/max/mean/std: 0.0 1.0 0.01863992027938366 0.08356569707393646
DEBUG fixation pixels per sample: [207.0, 201.0]
DEBUG fix_batch min/max/mean/std: 0.0 1.0 0.000885416695382446 0.029742807149887085
DEBUG losses: {'loss_total': 0.0033737868070602417, 'loss_fid': 33.3958854675293, 'loss_patch_fid': 4.1067118644714355, 'loss_dense_fid': 4.278173446655273, 'loss_dense_bce': -0.0, 'loss_dense_kl': 25.01099967956543, 'loss_topk': -0.0, 'loss_delta': -0.0, 'loss_cc': 0.24208253622055054, 'loss_nss': -3.8452186584472656, 'loss_sim': 0.4288836717605591, 'loss_concept_dense': 0.0, 'loss_concept_kl': 0.0, 'loss_align': 0.0, 'loss_sparse': 0.0, 'loss_div': 0.0, 'loss_gate': 0.0, 'loss_visual_entropy': 0.597102165222168, 'loss_visual_equiv': 0.0, 'loss_visual_usage': 0.23989304900169373, 'loss_temporal_attention_entropy': 0.0, 'loss_total_concept': 0.04494040459394455, 'loss_decoder_side_aux': -0.07062624394893646, 'loss_priority_map': 1.0163577795028687, 'loss_priority_map_weighted': 0.10163577646017075, 'priority_map_loss': 1.0163577795028687, 'weighted_priority_map_loss': 0.10163577646017075, 'loss_priority_map_stage3': 1.2004008293151855, 'loss_priority_map_stage4': 0.8323147296905518, 'loss_side_stage4': -0.1582910120487213, 'loss_side_stage3': -0.1316128671169281, 'loss_side_stage2': -0.1374821662902832, 'loss_side_stage1': -0.14464038610458374}
DEBUG decoder visual FiLM [stage1] | film_gamma=unavailable (pass return_decoder_diagnostics=True)
DEBUG decoder visual FiLM [stage2] | film_gamma=unavailable (pass return_decoder_diagnostics=True)
DEBUG decoder visual FiLM [stage3] | film_gamma mean/std/min/max=0.0625/1.3114/0.0000/69.8841 | prototype_bottleneck_strength=0.4000
DEBUG decoder visual FiLM [stage4] | film_gamma mean/std/min/max=0.0625/1.2210/0.0000/52.5473 | prototype_bottleneck_strength=0.4000
DEBUG factorized comparison [stage3] | query_norm_mean=0.9987 | key_norm_mean=0.7179 | context_mean=0.0000 | context_std=0.0723 | context_min=-0.1761 | context_max=0.2358 | total_candidate_weight=336.0000 | spatial_strength=0.0992 | spatial_freq_entropy=2.7726 | spatial_freq_weight_mean=0.6935 | rank=32
DEBUG factorized comparison [stage4] | query_norm_mean=0.7433 | key_norm_mean=0.7604 | context_mean=-0.0001 | context_std=0.0584 | context_min=-0.1310 | context_max=0.1852 | total_candidate_weight=84.0000 | spatial_strength=0.0992 | spatial_freq_entropy=2.7725 | spatial_freq_weight_mean=0.6963 | rank=32
patch-priority map [stage3] | mean=0.062500 | std=1.311397 | min=0.000000 | max=69.884117 | prototype_bottleneck_strength=0.400000 | prototype_to_film_norm_ratio=3.860305
patch-priority map [stage4] | mean=0.062500 | std=1.221021 | min=0.000000 | max=52.547337 | prototype_bottleneck_strength=0.400000 | prototype_to_film_norm_ratio=4.632713
Epoch 71/200
  Mean train loss: 0.157916
  Mean val loss:   0.425912
  Current LR:      3.63e-05
Val metrics   | CC: 0.5343 | SIM: 0.4346 | NSS: 3.1474
  Saved checkpoint: training_outputs/ckpts/20260917_231452/epoch_071.pth

Epoch 72/200
pred_saliency: shape=(2, 1, 224, 384) min=-4.0000 max=54.2500 mean=-2.8951 std=4.5283
sal_batch: shape=(2, 1, 360, 640) min=0.0000 max=1.0000 mean=0.0183 std=0.0839
DEBUG features_shape: {'stage1': (2, 96, 16, 56, 96), 'stage2': (2, 192, 16, 28, 48), 'stage3': (2, 384, 16, 14, 24), 'stage4': (2, 768, 16, 7, 12)}
DEBUG gate: no gate_debug available. This usually means return_concept_losses=False or lambda_gate=0.
DEBUG decoder visual FiLM [stage1] | film_gamma=unavailable (pass return_decoder_diagnostics=True)
DEBUG decoder visual FiLM [stage2] | film_gamma=unavailable (pass return_decoder_diagnostics=True)
DEBUG decoder visual FiLM [stage3] | film_gamma mean/std/min/max=0.0625/0.8129/0.0000/34.4474 | prototype_bottleneck_strength=0.4000
DEBUG decoder visual FiLM [stage4] | film_gamma mean/std/min/max=0.0625/0.8798/0.0000/28.1639 | prototype_bottleneck_strength=0.4000
DEBUG factorized comparison [stage3] | query_norm_mean=0.9944 | key_norm_mean=0.7108 | context_mean=0.0000 | context_std=0.0682 | context_min=-0.1754 | context_max=0.2045 | total_candidate_weight=336.0000 | spatial_strength=0.0992 | spatial_freq_entropy=2.7726 | spatial_freq_weight_mean=0.6935 | rank=32
DEBUG factorized comparison [stage4] | query_norm_mean=0.7432 | key_norm_mean=0.7574 | context_mean=-0.0000 | context_std=0.0566 | context_min=-0.1288 | context_max=0.1498 | total_candidate_weight=84.0000 | spatial_strength=0.0992 | spatial_freq_entropy=2.7725 | spatial_freq_weight_mean=0.6963 | rank=32
patch-priority map [stage3] | mean=0.062500 | std=0.812858 | min=0.000000 | max=34.447388 | prototype_bottleneck_strength=0.400000 | prototype_to_film_norm_ratio=2.737880
patch-priority map [stage4] | mean=0.062500 | std=0.879815 | min=0.000000 | max=28.163940 | prototype_bottleneck_strength=0.400000 | prototype_to_film_norm_ratio=2.865517
DEBUG visual concept usage [stage1] top 10:
  concept 22: 200 patches (1.86%)
  concept 458: 187 patches (1.74%)
  concept 131: 167 patches (1.55%)
  concept 84: 127 patches (1.18%)
  concept 68: 114 patches (1.06%)
  concept 57: 113 patches (1.05%)
  concept 32: 110 patches (1.02%)
  concept 174: 102 patches (0.95%)
  concept 164: 98 patches (0.91%)
  concept 65: 95 patches (0.88%)
  normalized usage entropy: 0.8629
DEBUG visual concept usage [stage2] top 10:
  concept 66: 2688 patches (100.00%)
  normalized usage entropy: 0.8287
DEBUG visual concept usage [stage3] top 10:
  concept 92: 262 patches (38.99%)
  concept 278: 207 patches (30.80%)
  concept 35: 157 patches (23.36%)
  concept 51: 36 patches (5.36%)
  concept 96: 10 patches (1.49%)
  normalized usage entropy: 0.7044
DEBUG visual concept usage [stage4] top 10:
  concept 322: 56 patches (33.33%)
  concept 184: 46 patches (27.38%)
  concept 341: 31 patches (18.45%)
  concept 53: 8 patches (4.76%)
  concept 299: 8 patches (4.76%)
  concept 121: 7 patches (4.17%)
  concept 362: 5 patches (2.98%)
  concept 23: 4 patches (2.38%)
  concept 78: 3 patches (1.79%)
  normalized usage entropy: 0.6403
DEBUG pred min/max/mean/std: -4.0 54.25 -2.890625 4.53125
DEBUG target min/max/mean/std: 0.0 1.0 0.01830284111201763 0.0839129388332367
DEBUG fixation pixels per sample: [190.0, 98.0]
DEBUG fix_batch min/max/mean/std: 0.0 1.0 0.0006249999860301614 0.024992214515805244
DEBUG losses: {'loss_total': 0.12111755460500717, 'loss_fid': 44.529563903808594, 'loss_patch_fid': 4.066187381744385, 'loss_dense_fid': 4.135854244232178, 'loss_dense_bce': -0.0, 'loss_dense_kl': 36.32752227783203, 'loss_topk': -0.0, 'loss_delta': -0.0, 'loss_cc': 0.3221452832221985, 'loss_nss': -3.91367506980896, 'loss_sim': 0.4670490026473999, 'loss_concept_dense': 0.0, 'loss_concept_kl': 0.0, 'loss_align': 0.0, 'loss_sparse': 0.0, 'loss_div': 0.0, 'loss_gate': 0.0, 'loss_visual_entropy': 0.6019009351730347, 'loss_visual_equiv': 0.0, 'loss_visual_usage': 0.24089884757995605, 'loss_temporal_attention_entropy': 0.0, 'loss_total_concept': 0.04523629695177078, 'loss_decoder_side_aux': -0.028650570660829544, 'loss_priority_map': 0.9994977712631226, 'loss_priority_map_weighted': 0.09994977712631226, 'priority_map_loss': 0.9994977712631226, 'weighted_priority_map_loss': 0.09994977712631226, 'loss_priority_map_stage3': 1.0033888816833496, 'loss_priority_map_stage4': 0.9956066608428955, 'loss_side_stage4': -0.008601933717727661, 'loss_side_stage3': -0.03970983624458313, 'loss_side_stage2': -0.06686767935752869, 'loss_side_stage1': -0.07109668850898743}
DEBUG decoder visual FiLM [stage1] | film_gamma=unavailable (pass return_decoder_diagnostics=True)
DEBUG decoder visual FiLM [stage2] | film_gamma=unavailable (pass return_decoder_diagnostics=True)
DEBUG decoder visual FiLM [stage3] | film_gamma mean/std/min/max=0.0625/1.1207/0.0000/59.6347 | prototype_bottleneck_strength=0.4000
DEBUG decoder visual FiLM [stage4] | film_gamma mean/std/min/max=0.0625/0.9998/0.0000/42.8680 | prototype_bottleneck_strength=0.4000
DEBUG factorized comparison [stage3] | query_norm_mean=1.0680 | key_norm_mean=0.7662 | context_mean=0.0001 | context_std=0.0831 | context_min=-0.1970 | context_max=0.2478 | total_candidate_weight=336.0000 | spatial_strength=0.0991 | spatial_freq_entropy=2.7726 | spatial_freq_weight_mean=0.6934 | rank=32
DEBUG factorized comparison [stage4] | query_norm_mean=0.7524 | key_norm_mean=0.7427 | context_mean=-0.0000 | context_std=0.0593 | context_min=-0.1303 | context_max=0.1755 | total_candidate_weight=84.0000 | spatial_strength=0.0992 | spatial_freq_entropy=2.7725 | spatial_freq_weight_mean=0.6963 | rank=32
patch-priority map [stage3] | mean=0.062500 | std=1.120731 | min=0.000000 | max=59.634655 | prototype_bottleneck_strength=0.400000 | prototype_to_film_norm_ratio=3.145655
patch-priority map [stage4] | mean=0.062500 | std=0.999762 | min=0.000000 | max=42.867970 | prototype_bottleneck_strength=0.400000 | prototype_to_film_norm_ratio=3.836811
Epoch 72/200
  Mean train loss: 0.148818
  Mean val loss:   0.410594
  Current LR:      3.59e-05
Val metrics   | CC: 0.5452 | SIM: 0.4315 | NSS: 3.1568
  Saved checkpoint: training_outputs/ckpts/20260917_231452/epoch_072.pth

Epoch 73/200
pred_saliency: shape=(2, 1, 224, 384) min=-4.0000 max=51.7500 mean=-2.6629 std=4.7281
sal_batch: shape=(2, 1, 360, 640) min=0.0000 max=1.0000 mean=0.0162 std=0.0814
DEBUG features_shape: {'stage1': (2, 96, 16, 56, 96), 'stage2': (2, 192, 16, 28, 48), 'stage3': (2, 384, 16, 14, 24), 'stage4': (2, 768, 16, 7, 12)}
DEBUG gate: no gate_debug available. This usually means return_concept_losses=False or lambda_gate=0.
DEBUG decoder visual FiLM [stage1] | film_gamma=unavailable (pass return_decoder_diagnostics=True)
DEBUG decoder visual FiLM [stage2] | film_gamma=unavailable (pass return_decoder_diagnostics=True)
DEBUG decoder visual FiLM [stage3] | film_gamma mean/std/min/max=0.0625/0.8079/0.0000/28.7187 | prototype_bottleneck_strength=0.4000
DEBUG decoder visual FiLM [stage4] | film_gamma mean/std/min/max=0.0625/0.7936/0.0000/24.6824 | prototype_bottleneck_strength=0.4000
DEBUG factorized comparison [stage3] | query_norm_mean=1.0701 | key_norm_mean=0.7784 | context_mean=0.0001 | context_std=0.0886 | context_min=-0.2075 | context_max=0.2493 | total_candidate_weight=336.0000 | spatial_strength=0.0991 | spatial_freq_entropy=2.7726 | spatial_freq_weight_mean=0.6934 | rank=32
DEBUG factorized comparison [stage4] | query_norm_mean=0.7522 | key_norm_mean=0.7458 | context_mean=-0.0000 | context_std=0.0602 | context_min=-0.1295 | context_max=0.1521 | total_candidate_weight=84.0000 | spatial_strength=0.0992 | spatial_freq_entropy=2.7725 | spatial_freq_weight_mean=0.6963 | rank=32
patch-priority map [stage3] | mean=0.062500 | std=0.807903 | min=0.000000 | max=28.718687 | prototype_bottleneck_strength=0.400000 | prototype_to_film_norm_ratio=2.491361
patch-priority map [stage4] | mean=0.062500 | std=0.793582 | min=0.000000 | max=24.682419 | prototype_bottleneck_strength=0.400000 | prototype_to_film_norm_ratio=2.676316
DEBUG visual concept usage [stage1] top 10:
  concept 84: 154 patches (1.43%)
  concept 63: 152 patches (1.41%)
  concept 65: 143 patches (1.33%)
  concept 207: 118 patches (1.10%)
  concept 206: 110 patches (1.02%)
  concept 161: 109 patches (1.01%)
  concept 143: 106 patches (0.99%)
  concept 356: 104 patches (0.97%)
  concept 333: 100 patches (0.93%)
  concept 164: 94 patches (0.87%)
  normalized usage entropy: 0.8584
DEBUG visual concept usage [stage2] top 10:
  concept 66: 2688 patches (100.00%)
  normalized usage entropy: 0.8288
DEBUG visual concept usage [stage3] top 10:
  concept 278: 223 patches (33.18%)
  concept 92: 205 patches (30.51%)
  concept 35: 202 patches (30.06%)
  concept 51: 27 patches (4.02%)
  concept 96: 15 patches (2.23%)
  normalized usage entropy: 0.7159
DEBUG visual concept usage [stage4] top 10:
  concept 184: 65 patches (38.69%)
  concept 322: 55 patches (32.74%)
  concept 341: 25 patches (14.88%)
  concept 299: 5 patches (2.98%)
  concept 23: 4 patches (2.38%)
  concept 78: 4 patches (2.38%)
  concept 121: 4 patches (2.38%)
  concept 53: 3 patches (1.79%)
  concept 362: 3 patches (1.79%)
  normalized usage entropy: 0.6488
DEBUG pred min/max/mean/std: -4.0 51.75 -2.65625 4.71875
DEBUG target min/max/mean/std: 0.0 1.0 0.016154387965798378 0.08143360167741776
DEBUG fixation pixels per sample: [109.0, 92.0]
DEBUG fix_batch min/max/mean/std: 0.0 1.0 0.0004361979372333735 0.020880818367004395
DEBUG losses: {'loss_total': 0.7221968173980713, 'loss_fid': 37.74271011352539, 'loss_patch_fid': 4.111335277557373, 'loss_dense_fid': 4.231960773468018, 'loss_dense_bce': -0.0, 'loss_dense_kl': 29.3994140625, 'loss_topk': -0.0, 'loss_delta': -0.0, 'loss_cc': 0.5457720756530762, 'loss_nss': -2.5892534255981445, 'loss_sim': 0.6194781064987183, 'loss_concept_dense': 0.0, 'loss_concept_kl': 0.0, 'loss_align': 0.0, 'loss_sparse': 0.0, 'loss_div': 0.0, 'loss_gate': 0.0, 'loss_visual_entropy': 0.603931188583374, 'loss_visual_equiv': 0.0, 'loss_visual_usage': 0.23704040050506592, 'loss_temporal_attention_entropy': 0.0, 'loss_total_concept': 0.044889725744724274, 'loss_decoder_side_aux': 0.14109563827514648, 'loss_priority_map': 1.6069316864013672, 'loss_priority_map_weighted': 0.16069316864013672, 'priority_map_loss': 1.6069316864013672, 'weighted_priority_map_loss': 0.16069316864013672, 'loss_priority_map_stage3': 1.8731722831726074, 'loss_priority_map_stage4': 1.340691089630127, 'loss_side_stage4': 0.23846471309661865, 'loss_side_stage3': 0.30213066935539246, 'loss_side_stage2': 0.28214552998542786, 'loss_side_stage1': 0.28318747878074646}
DEBUG decoder visual FiLM [stage1] | film_gamma=unavailable (pass return_decoder_diagnostics=True)
DEBUG decoder visual FiLM [stage2] | film_gamma=unavailable (pass return_decoder_diagnostics=True)
DEBUG decoder visual FiLM [stage3] | film_gamma mean/std/min/max=0.0625/1.1687/0.0000/49.7162 | prototype_bottleneck_strength=0.4000
DEBUG decoder visual FiLM [stage4] | film_gamma mean/std/min/max=0.0625/1.1969/0.0000/50.5947 | prototype_bottleneck_strength=0.4000
DEBUG factorized comparison [stage3] | query_norm_mean=1.0628 | key_norm_mean=0.7577 | context_mean=0.0000 | context_std=0.0813 | context_min=-0.1881 | context_max=0.2537 | total_candidate_weight=336.0000 | spatial_strength=0.0992 | spatial_freq_entropy=2.7726 | spatial_freq_weight_mean=0.6934 | rank=32
DEBUG factorized comparison [stage4] | query_norm_mean=0.7653 | key_norm_mean=0.7677 | context_mean=-0.0000 | context_std=0.0624 | context_min=-0.1370 | context_max=0.1920 | total_candidate_weight=84.0000 | spatial_strength=0.0992 | spatial_freq_entropy=2.7725 | spatial_freq_weight_mean=0.6963 | rank=32
patch-priority map [stage3] | mean=0.062500 | std=1.168654 | min=0.000000 | max=49.716160 | prototype_bottleneck_strength=0.400000 | prototype_to_film_norm_ratio=3.580134
patch-priority map [stage4] | mean=0.062500 | std=1.196946 | min=0.000000 | max=50.594719 | prototype_bottleneck_strength=0.400000 | prototype_to_film_norm_ratio=4.344100
Epoch 73/200
  Mean train loss: 0.150915
  Mean val loss:   0.415859
  Current LR:      3.56e-05
Val metrics   | CC: 0.5415 | SIM: 0.4372 | NSS: 3.1503
  Saved checkpoint: training_outputs/ckpts/20260917_231452/epoch_073.pth

Epoch 74/200
pred_saliency: shape=(2, 1, 224, 384) min=-4.0000 max=68.5000 mean=-2.8503 std=4.7327
sal_batch: shape=(2, 1, 360, 640) min=0.0000 max=1.0000 mean=0.0113 std=0.0675
DEBUG features_shape: {'stage1': (2, 96, 16, 56, 96), 'stage2': (2, 192, 16, 28, 48), 'stage3': (2, 384, 16, 14, 24), 'stage4': (2, 768, 16, 7, 12)}
DEBUG gate: no gate_debug available. This usually means return_concept_losses=False or lambda_gate=0.
DEBUG decoder visual FiLM [stage1] | film_gamma=unavailable (pass return_decoder_diagnostics=True)
DEBUG decoder visual FiLM [stage2] | film_gamma=unavailable (pass return_decoder_diagnostics=True)
DEBUG decoder visual FiLM [stage3] | film_gamma mean/std/min/max=0.0625/0.9904/0.0000/57.2919 | prototype_bottleneck_strength=0.4000
DEBUG decoder visual FiLM [stage4] | film_gamma mean/std/min/max=0.0625/0.8898/0.0000/29.6663 | prototype_bottleneck_strength=0.4000
DEBUG factorized comparison [stage3] | query_norm_mean=1.0603 | key_norm_mean=0.7577 | context_mean=0.0000 | context_std=0.0822 | context_min=-0.1858 | context_max=0.2403 | total_candidate_weight=336.0000 | spatial_strength=0.0992 | spatial_freq_entropy=2.7726 | spatial_freq_weight_mean=0.6934 | rank=32
DEBUG factorized comparison [stage4] | query_norm_mean=0.7773 | key_norm_mean=0.7631 | context_mean=-0.0001 | context_std=0.0623 | context_min=-0.1340 | context_max=0.1679 | total_candidate_weight=84.0000 | spatial_strength=0.0992 | spatial_freq_entropy=2.7725 | spatial_freq_weight_mean=0.6963 | rank=32
patch-priority map [stage3] | mean=0.062500 | std=0.990404 | min=0.000000 | max=57.291882 | prototype_bottleneck_strength=0.400000 | prototype_to_film_norm_ratio=4.339089
patch-priority map [stage4] | mean=0.062500 | std=0.889778 | min=0.000000 | max=29.666349 | prototype_bottleneck_strength=0.400000 | prototype_to_film_norm_ratio=2.843036
DEBUG visual concept usage [stage1] top 10:
  concept 327: 192 patches (1.79%)
  concept 388: 177 patches (1.65%)
  concept 166: 142 patches (1.32%)
  concept 348: 127 patches (1.18%)
  concept 22: 123 patches (1.14%)
  concept 281: 122 patches (1.13%)
  concept 32: 117 patches (1.09%)
  concept 64: 108 patches (1.00%)
  concept 270: 108 patches (1.00%)
  concept 346: 108 patches (1.00%)
  normalized usage entropy: 0.8608
DEBUG visual concept usage [stage2] top 10:
  concept 66: 2688 patches (100.00%)
  normalized usage entropy: 0.8288
DEBUG visual concept usage [stage3] top 10:
  concept 35: 243 patches (36.16%)
  concept 92: 214 patches (31.85%)
  concept 278: 172 patches (25.60%)
  concept 51: 23 patches (3.42%)
  concept 96: 19 patches (2.83%)
  concept 475: 1 patches (0.15%)
  normalized usage entropy: 0.7202
DEBUG visual concept usage [stage4] top 10:
  concept 184: 69 patches (41.07%)
  concept 322: 42 patches (25.00%)
  concept 341: 19 patches (11.31%)
  concept 23: 7 patches (4.17%)
  concept 121: 7 patches (4.17%)
  concept 53: 6 patches (3.57%)
  concept 78: 6 patches (3.57%)
  concept 362: 5 patches (2.98%)
  concept 299: 3 patches (1.79%)
  concept 262: 2 patches (1.19%)
  normalized usage entropy: 0.6518
DEBUG pred min/max/mean/std: -4.0 68.5 -2.84375 4.71875
DEBUG target min/max/mean/std: 0.0 1.0 0.011326465755701065 0.06752656400203705
DEBUG fixation pixels per sample: [228.0, 156.0]
DEBUG fix_batch min/max/mean/std: 0.0 1.0 0.0008333333535119891 0.028855513781309128
DEBUG losses: {'loss_total': -0.29168209433555603, 'loss_fid': 32.40581512451172, 'loss_patch_fid': 4.002466678619385, 'loss_dense_fid': 4.319917678833008, 'loss_dense_bce': -0.0, 'loss_dense_kl': 24.083433151245117, 'loss_topk': -0.0, 'loss_delta': -0.0, 'loss_cc': 0.2671462297439575, 'loss_nss': -5.841249942779541, 'loss_sim': 0.40125393867492676, 'loss_concept_dense': 0.0, 'loss_concept_kl': 0.0, 'loss_align': 0.0, 'loss_sparse': 0.0, 'loss_div': 0.0, 'loss_gate': 0.0, 'loss_visual_entropy': 0.601325273513794, 'loss_visual_equiv': 0.0, 'loss_visual_usage': 0.23460699617862701, 'loss_temporal_attention_entropy': 0.0, 'loss_total_concept': 0.04367445036768913, 'loss_decoder_side_aux': -0.15904052555561066, 'loss_priority_map': 0.740700364112854, 'loss_priority_map_weighted': 0.0740700364112854, 'priority_map_loss': 0.740700364112854, 'weighted_priority_map_loss': 0.0740700364112854, 'loss_priority_map_stage3': 0.7100628018379211, 'loss_priority_map_stage4': 0.7713378667831421, 'loss_side_stage4': -0.2461833953857422, 'loss_side_stage3': -0.3523769974708557, 'loss_side_stage2': -0.3220061659812927, 'loss_side_stage1': -0.31596362590789795}
DEBUG decoder visual FiLM [stage1] | film_gamma=unavailable (pass return_decoder_diagnostics=True)
DEBUG decoder visual FiLM [stage2] | film_gamma=unavailable (pass return_decoder_diagnostics=True)
DEBUG decoder visual FiLM [stage3] | film_gamma mean/std/min/max=0.0625/1.3280/0.0000/59.6196 | prototype_bottleneck_strength=0.4000
DEBUG decoder visual FiLM [stage4] | film_gamma mean/std/min/max=0.0625/1.3330/0.0000/55.9541 | prototype_bottleneck_strength=0.4000
DEBUG factorized comparison [stage3] | query_norm_mean=1.0362 | key_norm_mean=0.7347 | context_mean=0.0000 | context_std=0.0775 | context_min=-0.1836 | context_max=0.2552 | total_candidate_weight=336.0000 | spatial_strength=0.0992 | spatial_freq_entropy=2.7726 | spatial_freq_weight_mean=0.6935 | rank=32
DEBUG factorized comparison [stage4] | query_norm_mean=0.7598 | key_norm_mean=0.7561 | context_mean=-0.0001 | context_std=0.0590 | context_min=-0.1333 | context_max=0.1898 | total_candidate_weight=84.0000 | spatial_strength=0.0992 | spatial_freq_entropy=2.7725 | spatial_freq_weight_mean=0.6964 | rank=32
patch-priority map [stage3] | mean=0.062500 | std=1.327959 | min=0.000000 | max=59.619640 | prototype_bottleneck_strength=0.400000 | prototype_to_film_norm_ratio=4.252654
patch-priority map [stage4] | mean=0.062500 | std=1.333007 | min=0.000000 | max=55.954124 | prototype_bottleneck_strength=0.400000 | prototype_to_film_norm_ratio=5.128322
Epoch 74/200
  Mean train loss: 0.136216
  Mean val loss:   0.417023
  Current LR:      3.52e-05
Val metrics   | CC: 0.5379 | SIM: 0.4369 | NSS: 3.1673
  Saved checkpoint: training_outputs/ckpts/20260917_231452/epoch_074.pth

Epoch 75/200
pred_saliency: shape=(2, 1, 224, 384) min=-4.0000 max=47.7500 mean=-2.9277 std=4.6603
sal_batch: shape=(2, 1, 360, 640) min=0.0000 max=1.0000 mean=0.0149 std=0.0782
DEBUG features_shape: {'stage1': (2, 96, 16, 56, 96), 'stage2': (2, 192, 16, 28, 48), 'stage3': (2, 384, 16, 14, 24), 'stage4': (2, 768, 16, 7, 12)}
DEBUG gate: no gate_debug available. This usually means return_concept_losses=False or lambda_gate=0.
DEBUG decoder visual FiLM [stage1] | film_gamma=unavailable (pass return_decoder_diagnostics=True)
DEBUG decoder visual FiLM [stage2] | film_gamma=unavailable (pass return_decoder_diagnostics=True)
DEBUG decoder visual FiLM [stage3] | film_gamma mean/std/min/max=0.0625/0.8163/0.0000/31.8498 | prototype_bottleneck_strength=0.4000
DEBUG decoder visual FiLM [stage4] | film_gamma mean/std/min/max=0.0625/0.8394/0.0000/28.5522 | prototype_bottleneck_strength=0.4000
DEBUG factorized comparison [stage3] | query_norm_mean=1.0317 | key_norm_mean=0.7307 | context_mean=0.0000 | context_std=0.0745 | context_min=-0.1776 | context_max=0.2254 | total_candidate_weight=336.0000 | spatial_strength=0.0992 | spatial_freq_entropy=2.7726 | spatial_freq_weight_mean=0.6935 | rank=32
DEBUG factorized comparison [stage4] | query_norm_mean=0.7714 | key_norm_mean=0.7462 | context_mean=0.0000 | context_std=0.0549 | context_min=-0.1280 | context_max=0.1739 | total_candidate_weight=84.0000 | spatial_strength=0.0992 | spatial_freq_entropy=2.7725 | spatial_freq_weight_mean=0.6964 | rank=32
patch-priority map [stage3] | mean=0.062500 | std=0.816271 | min=0.000000 | max=31.849794 | prototype_bottleneck_strength=0.400000 | prototype_to_film_norm_ratio=2.639011
patch-priority map [stage4] | mean=0.062500 | std=0.839395 | min=0.000000 | max=28.552206 | prototype_bottleneck_strength=0.400000 | prototype_to_film_norm_ratio=2.747391
DEBUG visual concept usage [stage1] top 10:
  concept 58: 446 patches (4.15%)
  concept 324: 154 patches (1.43%)
  concept 209: 135 patches (1.26%)
  concept 352: 130 patches (1.21%)
  concept 37: 128 patches (1.19%)
  concept 77: 125 patches (1.16%)
  concept 249: 114 patches (1.06%)
  concept 99: 113 patches (1.05%)
  concept 75: 111 patches (1.03%)
  concept 84: 110 patches (1.02%)
  normalized usage entropy: 0.8589
DEBUG visual concept usage [stage2] top 10:
  concept 66: 2688 patches (100.00%)
  normalized usage entropy: 0.8288
DEBUG visual concept usage [stage3] top 10:
  concept 35: 218 patches (32.44%)
  concept 92: 211 patches (31.40%)
  concept 278: 210 patches (31.25%)
  concept 96: 17 patches (2.53%)
  concept 51: 16 patches (2.38%)
  normalized usage entropy: 0.7209
DEBUG visual concept usage [stage4] top 10:
  concept 184: 68 patches (40.48%)
  concept 322: 40 patches (23.81%)
  concept 341: 25 patches (14.88%)
  concept 78: 11 patches (6.55%)
  concept 121: 8 patches (4.76%)
  concept 53: 7 patches (4.17%)
  concept 23: 3 patches (1.79%)
  concept 262: 3 patches (1.79%)
  concept 441: 2 patches (1.19%)
  concept 299: 1 patches (0.60%)
  normalized usage entropy: 0.6535
DEBUG pred min/max/mean/std: -4.0 47.75 -2.921875 4.65625
DEBUG target min/max/mean/std: 0.0 1.0 0.01488855853676796 0.07818449288606644
DEBUG fixation pixels per sample: [294.0, 113.0]
DEBUG fix_batch min/max/mean/std: 0.0 1.0 0.0008832465391606092 0.02970636636018753
DEBUG losses: {'loss_total': -0.3868093490600586, 'loss_fid': 31.984630584716797, 'loss_patch_fid': 3.8454859256744385, 'loss_dense_fid': 4.280879020690918, 'loss_dense_bce': -0.0, 'loss_dense_kl': 23.858264923095703, 'loss_topk': -0.0, 'loss_delta': -0.0, 'loss_cc': 0.15490180253982544, 'loss_nss': -5.31051778793335, 'loss_sim': 0.37085139751434326, 'loss_concept_dense': 0.0, 'loss_concept_kl': 0.0, 'loss_align': 0.0, 'loss_sparse': 0.0, 'loss_div': 0.0, 'loss_gate': 0.0, 'loss_visual_entropy': 0.6026091575622559, 'loss_visual_equiv': 0.0, 'loss_visual_usage': 0.23447555303573608, 'loss_temporal_attention_entropy': 0.0, 'loss_total_concept': 0.04431479796767235, 'loss_decoder_side_aux': -0.18416500091552734, 'loss_priority_map': 0.656451404094696, 'loss_priority_map_weighted': 0.06564514338970184, 'priority_map_loss': 0.656451404094696, 'weighted_priority_map_loss': 0.06564514338970184, 'loss_priority_map_stage3': 0.75758296251297, 'loss_priority_map_stage4': 0.5553198456764221, 'loss_side_stage4': -0.3714064955711365, 'loss_side_stage3': -0.3622426986694336, 'loss_side_stage2': -0.36400771141052246, 'loss_side_stage1': -0.373846173286438}
DEBUG decoder visual FiLM [stage1] | film_gamma=unavailable (pass return_decoder_diagnostics=True)
DEBUG decoder visual FiLM [stage2] | film_gamma=unavailable (pass return_decoder_diagnostics=True)
DEBUG decoder visual FiLM [stage3] | film_gamma mean/std/min/max=0.0625/1.4186/0.0000/69.9724 | prototype_bottleneck_strength=0.4000
DEBUG decoder visual FiLM [stage4] | film_gamma mean/std/min/max=0.0625/1.3059/0.0000/56.7774 | prototype_bottleneck_strength=0.4000
DEBUG factorized comparison [stage3] | query_norm_mean=1.0438 | key_norm_mean=0.7257 | context_mean=0.0000 | context_std=0.0764 | context_min=-0.1784 | context_max=0.2582 | total_candidate_weight=336.0000 | spatial_strength=0.0992 | spatial_freq_entropy=2.7726 | spatial_freq_weight_mean=0.6935 | rank=32
DEBUG factorized comparison [stage4] | query_norm_mean=0.7668 | key_norm_mean=0.7920 | context_mean=-0.0000 | context_std=0.0600 | context_min=-0.1333 | context_max=0.1988 | total_candidate_weight=84.0000 | spatial_strength=0.0992 | spatial_freq_entropy=2.7725 | spatial_freq_weight_mean=0.6964 | rank=32
patch-priority map [stage3] | mean=0.062500 | std=1.418578 | min=0.000000 | max=69.972359 | prototype_bottleneck_strength=0.400000 | prototype_to_film_norm_ratio=4.474964
patch-priority map [stage4] | mean=0.062500 | std=1.305918 | min=0.000000 | max=56.777420 | prototype_bottleneck_strength=0.400000 | prototype_to_film_norm_ratio=4.449785
Epoch 75/200
  Mean train loss: 0.117182
  Mean val loss:   0.430091
  Current LR:      3.49e-05
Val metrics   | CC: 0.5315 | SIM: 0.4348 | NSS: 3.1295
  Saved checkpoint: training_outputs/ckpts/20260917_231452/epoch_075.pth

Epoch 76/200
pred_saliency: shape=(2, 1, 224, 384) min=-4.0000 max=68.0000 mean=-3.0931 std=4.9892
sal_batch: shape=(2, 1, 360, 640) min=0.0000 max=1.0000 mean=0.0128 std=0.0754
DEBUG features_shape: {'stage1': (2, 96, 16, 56, 96), 'stage2': (2, 192, 16, 28, 48), 'stage3': (2, 384, 16, 14, 24), 'stage4': (2, 768, 16, 7, 12)}
DEBUG gate: no gate_debug available. This usually means return_concept_losses=False or lambda_gate=0.
DEBUG decoder visual FiLM [stage1] | film_gamma=unavailable (pass return_decoder_diagnostics=True)
DEBUG decoder visual FiLM [stage2] | film_gamma=unavailable (pass return_decoder_diagnostics=True)
DEBUG decoder visual FiLM [stage3] | film_gamma mean/std/min/max=0.0625/0.9785/0.0000/42.4279 | prototype_bottleneck_strength=0.4000
DEBUG decoder visual FiLM [stage4] | film_gamma mean/std/min/max=0.0625/1.0132/0.0000/29.1584 | prototype_bottleneck_strength=0.4000
DEBUG factorized comparison [stage3] | query_norm_mean=1.0420 | key_norm_mean=0.7262 | context_mean=0.0000 | context_std=0.0755 | context_min=-0.1776 | context_max=0.1970 | total_candidate_weight=336.0000 | spatial_strength=0.0992 | spatial_freq_entropy=2.7726 | spatial_freq_weight_mean=0.6935 | rank=32
DEBUG factorized comparison [stage4] | query_norm_mean=0.7723 | key_norm_mean=0.7888 | context_mean=-0.0000 | context_std=0.0590 | context_min=-0.1295 | context_max=0.1739 | total_candidate_weight=84.0000 | spatial_strength=0.0992 | spatial_freq_entropy=2.7725 | spatial_freq_weight_mean=0.6964 | rank=32
patch-priority map [stage3] | mean=0.062500 | std=0.978473 | min=0.000000 | max=42.427883 | prototype_bottleneck_strength=0.400000 | prototype_to_film_norm_ratio=3.296457
patch-priority map [stage4] | mean=0.062500 | std=1.013222 | min=0.000000 | max=29.158407 | prototype_bottleneck_strength=0.400000 | prototype_to_film_norm_ratio=3.606844
DEBUG visual concept usage [stage1] top 10:
  concept 58: 143 patches (1.33%)
  concept 20: 122 patches (1.13%)
  concept 57: 118 patches (1.10%)
  concept 30: 111 patches (1.03%)
  concept 32: 107 patches (1.00%)
  concept 22: 106 patches (0.99%)
  concept 84: 106 patches (0.99%)
  concept 272: 105 patches (0.98%)
  concept 6: 104 patches (0.97%)
  concept 143: 103 patches (0.96%)
  normalized usage entropy: 0.8615
DEBUG visual concept usage [stage2] top 10:
  concept 66: 2688 patches (100.00%)
  normalized usage entropy: 0.8288
DEBUG visual concept usage [stage3] top 10:
  concept 92: 249 patches (37.05%)
  concept 35: 246 patches (36.61%)
  concept 278: 142 patches (21.13%)
  concept 96: 25 patches (3.72%)
  concept 51: 10 patches (1.49%)
  normalized usage entropy: 0.7221
DEBUG visual concept usage [stage4] top 10:
  concept 184: 77 patches (45.83%)
  concept 322: 45 patches (26.79%)
  concept 341: 19 patches (11.31%)
  concept 53: 10 patches (5.95%)
  concept 23: 8 patches (4.76%)
  concept 362: 3 patches (1.79%)
  concept 121: 2 patches (1.19%)
  concept 441: 2 patches (1.19%)
  concept 78: 1 patches (0.60%)
  concept 262: 1 patches (0.60%)
  normalized usage entropy: 0.6535
DEBUG pred min/max/mean/std: -4.0 68.0 -3.09375 5.0
DEBUG target min/max/mean/std: 0.0 1.0 0.012751889415085316 0.07536577433347702
DEBUG fixation pixels per sample: [113.0, 198.0]
DEBUG fix_batch min/max/mean/std: 0.0 1.0 0.0006749132298864424 0.025970352813601494
DEBUG losses: {'loss_total': -0.5369840264320374, 'loss_fid': 43.617958068847656, 'loss_patch_fid': 3.944762945175171, 'loss_dense_fid': 4.320169448852539, 'loss_dense_bce': -0.0, 'loss_dense_kl': 35.35302734375, 'loss_topk': -0.0, 'loss_delta': -0.0, 'loss_cc': 0.15455090999603271, 'loss_nss': -6.342061996459961, 'loss_sim': 0.31576037406921387, 'loss_concept_dense': 0.0, 'loss_concept_kl': 0.0, 'loss_align': 0.0, 'loss_sparse': 0.0, 'loss_div': 0.0, 'loss_gate': 0.0, 'loss_visual_entropy': 0.601569414138794, 'loss_visual_equiv': 0.0, 'loss_visual_usage': 0.2335381805896759, 'loss_temporal_attention_entropy': 0.0, 'loss_total_concept': 0.04375077039003372, 'loss_decoder_side_aux': -0.2386188805103302, 'loss_priority_map': 0.7960169315338135, 'loss_priority_map_weighted': 0.0796016976237297, 'priority_map_loss': 0.7960169315338135, 'weighted_priority_map_loss': 0.0796016976237297, 'loss_priority_map_stage3': 0.848167359828949, 'loss_priority_map_stage4': 0.7438665628433228, 'loss_side_stage4': -0.4758649468421936, 'loss_side_stage3': -0.47810590267181396, 'loss_side_stage2': -0.47666484117507935, 'loss_side_stage1': -0.4775765538215637}
DEBUG decoder visual FiLM [stage1] | film_gamma=unavailable (pass return_decoder_diagnostics=True)
DEBUG decoder visual FiLM [stage2] | film_gamma=unavailable (pass return_decoder_diagnostics=True)
DEBUG decoder visual FiLM [stage3] | film_gamma mean/std/min/max=0.0625/1.4241/0.0000/62.4104 | prototype_bottleneck_strength=0.4000
DEBUG decoder visual FiLM [stage4] | film_gamma mean/std/min/max=0.0625/1.4531/0.0000/59.5444 | prototype_bottleneck_strength=0.4000
DEBUG factorized comparison [stage3] | query_norm_mean=1.0489 | key_norm_mean=0.7305 | context_mean=0.0000 | context_std=0.0777 | context_min=-0.1791 | context_max=0.2642 | total_candidate_weight=336.0000 | spatial_strength=0.0992 | spatial_freq_entropy=2.7726 | spatial_freq_weight_mean=0.6935 | rank=32
DEBUG factorized comparison [stage4] | query_norm_mean=0.7604 | key_norm_mean=0.7829 | context_mean=-0.0001 | context_std=0.0609 | context_min=-0.1318 | context_max=0.2048 | total_candidate_weight=84.0000 | spatial_strength=0.0992 | spatial_freq_entropy=2.7725 | spatial_freq_weight_mean=0.6964 | rank=32
patch-priority map [stage3] | mean=0.062500 | std=1.424109 | min=0.000000 | max=62.410393 | prototype_bottleneck_strength=0.400000 | prototype_to_film_norm_ratio=4.954732
patch-priority map [stage4] | mean=0.062500 | std=1.453139 | min=0.000000 | max=59.544392 | prototype_bottleneck_strength=0.400000 | prototype_to_film_norm_ratio=5.245843
Epoch 76/200
  Mean train loss: 0.163836
  Mean val loss:   0.418979
  Current LR:      3.45e-05
Val metrics   | CC: 0.5372 | SIM: 0.4372 | NSS: 3.1623
  Saved checkpoint: training_outputs/ckpts/20260917_231452/epoch_076.pth

Epoch 77/200
pred_saliency: shape=(2, 1, 224, 384) min=-4.0000 max=43.5000 mean=-2.5050 std=5.0198
sal_batch: shape=(2, 1, 360, 640) min=0.0000 max=1.0000 mean=0.0148 std=0.0811
DEBUG features_shape: {'stage1': (2, 96, 16, 56, 96), 'stage2': (2, 192, 16, 28, 48), 'stage3': (2, 384, 16, 14, 24), 'stage4': (2, 768, 16, 7, 12)}
DEBUG gate: no gate_debug available. This usually means return_concept_losses=False or lambda_gate=0.
DEBUG decoder visual FiLM [stage1] | film_gamma=unavailable (pass return_decoder_diagnostics=True)
DEBUG decoder visual FiLM [stage2] | film_gamma=unavailable (pass return_decoder_diagnostics=True)
DEBUG decoder visual FiLM [stage3] | film_gamma mean/std/min/max=0.0625/0.7616/0.0000/22.6036 | prototype_bottleneck_strength=0.4000
DEBUG decoder visual FiLM [stage4] | film_gamma mean/std/min/max=0.0625/0.7464/0.0000/18.2445 | prototype_bottleneck_strength=0.4000
DEBUG factorized comparison [stage3] | query_norm_mean=1.0521 | key_norm_mean=0.7433 | context_mean=0.0000 | context_std=0.0833 | context_min=-0.1843 | context_max=0.2299 | total_candidate_weight=336.0000 | spatial_strength=0.0992 | spatial_freq_entropy=2.7726 | spatial_freq_weight_mean=0.6935 | rank=32
DEBUG factorized comparison [stage4] | query_norm_mean=0.7890 | key_norm_mean=0.7591 | context_mean=-0.0000 | context_std=0.0625 | context_min=-0.1370 | context_max=0.1514 | total_candidate_weight=84.0000 | spatial_strength=0.0992 | spatial_freq_entropy=2.7725 | spatial_freq_weight_mean=0.6964 | rank=32
patch-priority map [stage3] | mean=0.062500 | std=0.761617 | min=0.000000 | max=22.603609 | prototype_bottleneck_strength=0.400000 | prototype_to_film_norm_ratio=2.452088
patch-priority map [stage4] | mean=0.062500 | std=0.746352 | min=0.000000 | max=18.244490 | prototype_bottleneck_strength=0.400000 | prototype_to_film_norm_ratio=2.006498
DEBUG visual concept usage [stage1] top 10:
  concept 32: 172 patches (1.60%)
  concept 348: 163 patches (1.52%)
  concept 20: 147 patches (1.37%)
  concept 218: 130 patches (1.21%)
  concept 116: 128 patches (1.19%)
  concept 28: 124 patches (1.15%)
  concept 30: 124 patches (1.15%)
  concept 131: 124 patches (1.15%)
  concept 185: 120 patches (1.12%)
  concept 327: 120 patches (1.12%)
  normalized usage entropy: 0.8518
DEBUG visual concept usage [stage2] top 10:
  concept 66: 2688 patches (100.00%)
  normalized usage entropy: 0.8288
DEBUG visual concept usage [stage3] top 10:
  concept 35: 251 patches (37.35%)
  concept 92: 218 patches (32.44%)
  concept 278: 177 patches (26.34%)
  concept 51: 17 patches (2.53%)
  concept 96: 9 patches (1.34%)
  normalized usage entropy: 0.7248
DEBUG visual concept usage [stage4] top 10:
  concept 184: 70 patches (41.67%)
  concept 341: 27 patches (16.07%)
  concept 322: 26 patches (15.48%)
  concept 78: 10 patches (5.95%)
  concept 121: 10 patches (5.95%)
  concept 53: 7 patches (4.17%)
  concept 362: 6 patches (3.57%)
  concept 23: 5 patches (2.98%)
  concept 299: 4 patches (2.38%)
  concept 441: 3 patches (1.79%)
  normalized usage entropy: 0.6629
DEBUG pred min/max/mean/std: -4.0 43.5 -2.5 5.03125
DEBUG target min/max/mean/std: 0.0 1.0 0.014807557687163353 0.08109337091445923
DEBUG fixation pixels per sample: [138.0, 255.0]
DEBUG fix_batch min/max/mean/std: 0.0 1.0 0.0008528645848855376 0.02919141948223114
DEBUG losses: {'loss_total': 0.10841736942529678, 'loss_fid': 26.259693145751953, 'loss_patch_fid': 4.007508277893066, 'loss_dense_fid': 4.39093017578125, 'loss_dense_bce': -0.0, 'loss_dense_kl': 17.861255645751953, 'loss_topk': -0.0, 'loss_delta': -0.0, 'loss_cc': 0.35297930240631104, 'loss_nss': -4.583946704864502, 'loss_sim': 0.5027115941047668, 'loss_concept_dense': 0.0, 'loss_concept_kl': 0.0, 'loss_align': 0.0, 'loss_sparse': 0.0, 'loss_div': 0.0, 'loss_gate': 0.0, 'loss_visual_entropy': 0.6053329706192017, 'loss_visual_equiv': 0.0, 'loss_visual_usage': 0.23293741047382355, 'loss_temporal_attention_entropy': 0.0, 'loss_total_concept': 0.044588975608348846, 'loss_decoder_side_aux': -0.03804324194788933, 'loss_priority_map': 1.3069543838500977, 'loss_priority_map_weighted': 0.13069544732570648, 'priority_map_loss': 1.3069543838500977, 'weighted_priority_map_loss': 0.13069544732570648, 'loss_priority_map_stage3': 1.1883175373077393, 'loss_priority_map_stage4': 1.425591230392456, 'loss_side_stage4': 0.05329102277755737, 'loss_side_stage3': -0.050130486488342285, 'loss_side_stage2': -0.10184189677238464, 'loss_side_stage1': -0.10209229588508606}
DEBUG decoder visual FiLM [stage1] | film_gamma=unavailable (pass return_decoder_diagnostics=True)
DEBUG decoder visual FiLM [stage2] | film_gamma=unavailable (pass return_decoder_diagnostics=True)
DEBUG decoder visual FiLM [stage3] | film_gamma mean/std/min/max=0.0625/1.4963/0.0000/69.4521 | prototype_bottleneck_strength=0.4000
DEBUG decoder visual FiLM [stage4] | film_gamma mean/std/min/max=0.0625/1.5344/0.0000/62.2634 | prototype_bottleneck_strength=0.4000
DEBUG factorized comparison [stage3] | query_norm_mean=1.0548 | key_norm_mean=0.7237 | context_mean=0.0000 | context_std=0.0745 | context_min=-0.1776 | context_max=0.2612 | total_candidate_weight=336.0000 | spatial_strength=0.0992 | spatial_freq_entropy=2.7726 | spatial_freq_weight_mean=0.6935 | rank=32
DEBUG factorized comparison [stage4] | query_norm_mean=0.7330 | key_norm_mean=0.7838 | context_mean=-0.0000 | context_std=0.0567 | context_min=-0.1235 | context_max=0.2018 | total_candidate_weight=84.0000 | spatial_strength=0.0992 | spatial_freq_entropy=2.7725 | spatial_freq_weight_mean=0.6965 | rank=32
patch-priority map [stage3] | mean=0.062500 | std=1.496295 | min=0.000000 | max=69.452087 | prototype_bottleneck_strength=0.400000 | prototype_to_film_norm_ratio=5.087665
patch-priority map [stage4] | mean=0.062500 | std=1.534353 | min=0.000000 | max=62.263435 | prototype_bottleneck_strength=0.400000 | prototype_to_film_norm_ratio=6.039528
Epoch 77/200
  Mean train loss: 0.105707
  Mean val loss:   0.433595
  Current LR:      3.42e-05
Val metrics   | CC: 0.5297 | SIM: 0.4320 | NSS: 3.1235
  Saved checkpoint: training_outputs/ckpts/20260917_231452/epoch_077.pth

Epoch 78/200
pred_saliency: shape=(2, 1, 224, 384) min=-4.0000 max=73.5000 mean=-3.0186 std=5.2311
sal_batch: shape=(2, 1, 360, 640) min=0.0000 max=1.0000 mean=0.0158 std=0.0837
DEBUG features_shape: {'stage1': (2, 96, 16, 56, 96), 'stage2': (2, 192, 16, 28, 48), 'stage3': (2, 384, 16, 14, 24), 'stage4': (2, 768, 16, 7, 12)}
DEBUG gate: no gate_debug available. This usually means return_concept_losses=False or lambda_gate=0.
DEBUG decoder visual FiLM [stage1] | film_gamma=unavailable (pass return_decoder_diagnostics=True)
DEBUG decoder visual FiLM [stage2] | film_gamma=unavailable (pass return_decoder_diagnostics=True)
DEBUG decoder visual FiLM [stage3] | film_gamma mean/std/min/max=0.0625/1.1077/0.0000/50.5928 | prototype_bottleneck_strength=0.4000
DEBUG decoder visual FiLM [stage4] | film_gamma mean/std/min/max=0.0625/1.2731/0.0000/50.2811 | prototype_bottleneck_strength=0.4000
DEBUG factorized comparison [stage3] | query_norm_mean=1.0597 | key_norm_mean=0.7420 | context_mean=0.0000 | context_std=0.0828 | context_min=-0.1866 | context_max=0.2612 | total_candidate_weight=336.0000 | spatial_strength=0.0992 | spatial_freq_entropy=2.7726 | spatial_freq_weight_mean=0.6935 | rank=32
DEBUG factorized comparison [stage4] | query_norm_mean=0.7547 | key_norm_mean=0.7742 | context_mean=-0.0000 | context_std=0.0611 | context_min=-0.1265 | context_max=0.1943 | total_candidate_weight=84.0000 | spatial_strength=0.0992 | spatial_freq_entropy=2.7725 | spatial_freq_weight_mean=0.6965 | rank=32
patch-priority map [stage3] | mean=0.062500 | std=1.107665 | min=0.000000 | max=50.592796 | prototype_bottleneck_strength=0.400000 | prototype_to_film_norm_ratio=4.598617
patch-priority map [stage4] | mean=0.062500 | std=1.273106 | min=0.000000 | max=50.281120 | prototype_bottleneck_strength=0.400000 | prototype_to_film_norm_ratio=4.507299
DEBUG visual concept usage [stage1] top 10:
  concept 84: 140 patches (1.30%)
  concept 174: 130 patches (1.21%)
  concept 116: 126 patches (1.17%)
  concept 65: 122 patches (1.13%)
  concept 177: 119 patches (1.11%)
  concept 228: 116 patches (1.08%)
  concept 168: 110 patches (1.02%)
  concept 164: 109 patches (1.01%)
  concept 442: 105 patches (0.98%)
  concept 226: 103 patches (0.96%)
  normalized usage entropy: 0.8578
DEBUG visual concept usage [stage2] top 10:
  concept 66: 2688 patches (100.00%)
  normalized usage entropy: 0.8287
DEBUG visual concept usage [stage3] top 10:
  concept 35: 236 patches (35.12%)
  concept 92: 236 patches (35.12%)
  concept 278: 166 patches (24.70%)
  concept 51: 21 patches (3.12%)
  concept 96: 13 patches (1.93%)
  normalized usage entropy: 0.7265
DEBUG visual concept usage [stage4] top 10:
  concept 184: 72 patches (42.86%)
  concept 322: 38 patches (22.62%)
  concept 341: 23 patches (13.69%)
  concept 299: 7 patches (4.17%)
  concept 53: 6 patches (3.57%)
  concept 121: 6 patches (3.57%)
  concept 362: 6 patches (3.57%)
  concept 23: 4 patches (2.38%)
  concept 78: 4 patches (2.38%)
  concept 9: 1 patches (0.60%)
  normalized usage entropy: 0.6676
DEBUG pred min/max/mean/std: -4.0 73.5 -3.015625 5.21875
DEBUG target min/max/mean/std: 0.0 1.0 0.015798628330230713 0.08374635130167007
DEBUG fixation pixels per sample: [172.0, 159.0]
DEBUG fix_batch min/max/mean/std: 0.0 1.0 0.000718316005077213 0.02679181843996048
DEBUG losses: {'loss_total': -0.2811300754547119, 'loss_fid': 49.555885314941406, 'loss_patch_fid': 3.870009660720825, 'loss_dense_fid': 4.2960309982299805, 'loss_dense_bce': -0.0, 'loss_dense_kl': 41.38984680175781, 'loss_topk': -0.0, 'loss_delta': -0.0, 'loss_cc': 0.18434011936187744, 'loss_nss': -5.036530494689941, 'loss_sim': 0.3561438322067261, 'loss_concept_dense': 0.0, 'loss_concept_kl': 0.0, 'loss_align': 0.0, 'loss_sparse': 0.0, 'loss_div': 0.0, 'loss_gate': 0.0, 'loss_visual_entropy': 0.6065107583999634, 'loss_visual_equiv': 0.0, 'loss_visual_usage': 0.229842409491539, 'loss_temporal_attention_entropy': 0.0, 'loss_total_concept': 0.044606078416109085, 'loss_decoder_side_aux': -0.1519404500722885, 'loss_priority_map': 0.838860273361206, 'loss_priority_map_weighted': 0.0838860273361206, 'priority_map_loss': 0.838860273361206, 'weighted_priority_map_loss': 0.0838860273361206, 'loss_priority_map_stage3': 0.8658289909362793, 'loss_priority_map_stage4': 0.811891496181488, 'loss_side_stage4': -0.2440285086631775, 'loss_side_stage3': -0.28413650393486023, 'loss_side_stage2': -0.31224387884140015, 'loss_side_stage1': -0.3224439024925232}
DEBUG decoder visual FiLM [stage1] | film_gamma=unavailable (pass return_decoder_diagnostics=True)
DEBUG decoder visual FiLM [stage2] | film_gamma=unavailable (pass return_decoder_diagnostics=True)
DEBUG decoder visual FiLM [stage3] | film_gamma mean/std/min/max=0.0625/1.5399/0.0000/66.7390 | prototype_bottleneck_strength=0.4000
DEBUG decoder visual FiLM [stage4] | film_gamma mean/std/min/max=0.0625/1.4237/0.0000/56.8743 | prototype_bottleneck_strength=0.4000
DEBUG factorized comparison [stage3] | query_norm_mean=1.0925 | key_norm_mean=0.7537 | context_mean=0.0001 | context_std=0.0806 | context_min=-0.1925 | context_max=0.2806 | total_candidate_weight=336.0000 | spatial_strength=0.0991 | spatial_freq_entropy=2.7726 | spatial_freq_weight_mean=0.6935 | rank=32
DEBUG factorized comparison [stage4] | query_norm_mean=0.7373 | key_norm_mean=0.7390 | context_mean=-0.0001 | context_std=0.0553 | context_min=-0.1205 | context_max=0.1905 | total_candidate_weight=84.0000 | spatial_strength=0.0992 | spatial_freq_entropy=2.7725 | spatial_freq_weight_mean=0.6965 | rank=32
patch-priority map [stage3] | mean=0.062500 | std=1.539936 | min=0.000000 | max=66.739014 | prototype_bottleneck_strength=0.400000 | prototype_to_film_norm_ratio=5.390224
patch-priority map [stage4] | mean=0.062500 | std=1.423669 | min=0.000000 | max=56.874260 | prototype_bottleneck_strength=0.400000 | prototype_to_film_norm_ratio=5.492788
Epoch 78/200
  Mean train loss: 0.125460
  Mean val loss:   0.432822
  Current LR:      3.38e-05
Val metrics   | CC: 0.5281 | SIM: 0.4354 | NSS: 3.1277
  Saved checkpoint: training_outputs/ckpts/20260917_231452/epoch_078.pth

Epoch 79/200
pred_saliency: shape=(2, 1, 224, 384) min=-4.0000 max=60.0000 mean=-2.8067 std=5.0702
sal_batch: shape=(2, 1, 360, 640) min=0.0000 max=1.0000 mean=0.0195 std=0.0895
DEBUG features_shape: {'stage1': (2, 96, 16, 56, 96), 'stage2': (2, 192, 16, 28, 48), 'stage3': (2, 384, 16, 14, 24), 'stage4': (2, 768, 16, 7, 12)}
DEBUG gate: no gate_debug available. This usually means return_concept_losses=False or lambda_gate=0.
DEBUG decoder visual FiLM [stage1] | film_gamma=unavailable (pass return_decoder_diagnostics=True)
DEBUG decoder visual FiLM [stage2] | film_gamma=unavailable (pass return_decoder_diagnostics=True)
DEBUG decoder visual FiLM [stage3] | film_gamma mean/std/min/max=0.0625/1.0539/0.0000/41.2134 | prototype_bottleneck_strength=0.4000
DEBUG decoder visual FiLM [stage4] | film_gamma mean/std/min/max=0.0625/0.8994/0.0000/21.9374 | prototype_bottleneck_strength=0.4000
DEBUG factorized comparison [stage3] | query_norm_mean=1.0922 | key_norm_mean=0.7516 | context_mean=-0.0000 | context_std=0.0807 | context_min=-0.1910 | context_max=0.2612 | total_candidate_weight=336.0000 | spatial_strength=0.0991 | spatial_freq_entropy=2.7726 | spatial_freq_weight_mean=0.6935 | rank=32
DEBUG factorized comparison [stage4] | query_norm_mean=0.7414 | key_norm_mean=0.7431 | context_mean=-0.0000 | context_std=0.0543 | context_min=-0.1258 | context_max=0.1642 | total_candidate_weight=84.0000 | spatial_strength=0.0992 | spatial_freq_entropy=2.7725 | spatial_freq_weight_mean=0.6965 | rank=32
patch-priority map [stage3] | mean=0.062500 | std=1.053878 | min=0.000000 | max=41.213371 | prototype_bottleneck_strength=0.400000 | prototype_to_film_norm_ratio=3.902902
patch-priority map [stage4] | mean=0.062500 | std=0.899426 | min=0.000000 | max=21.937426 | prototype_bottleneck_strength=0.400000 | prototype_to_film_norm_ratio=3.030220
DEBUG visual concept usage [stage1] top 10:
  concept 189: 113 patches (1.05%)
  concept 324: 96 patches (0.89%)
  concept 72: 90 patches (0.84%)
  concept 135: 90 patches (0.84%)
  concept 20: 89 patches (0.83%)
  concept 63: 88 patches (0.82%)
  concept 249: 88 patches (0.82%)
  concept 65: 87 patches (0.81%)
  concept 116: 87 patches (0.81%)
  concept 207: 87 patches (0.81%)
  normalized usage entropy: 0.8638
DEBUG visual concept usage [stage2] top 10:
  concept 66: 2688 patches (100.00%)
  normalized usage entropy: 0.8288
DEBUG visual concept usage [stage3] top 10:
  concept 92: 286 patches (42.56%)
  concept 35: 267 patches (39.73%)
  concept 278: 95 patches (14.14%)
  concept 51: 14 patches (2.08%)
  concept 96: 9 patches (1.34%)
  concept 481: 1 patches (0.15%)
  normalized usage entropy: 0.7248
DEBUG visual concept usage [stage4] top 10:
  concept 184: 74 patches (44.05%)
  concept 322: 35 patches (20.83%)
  concept 341: 19 patches (11.31%)
  concept 53: 10 patches (5.95%)
  concept 362: 6 patches (3.57%)
  concept 441: 6 patches (3.57%)
  concept 23: 4 patches (2.38%)
  concept 121: 4 patches (2.38%)
  concept 78: 3 patches (1.79%)
  concept 262: 3 patches (1.79%)
  normalized usage entropy: 0.6632
DEBUG pred min/max/mean/std: -4.0 60.0 -2.8125 5.0625
DEBUG target min/max/mean/std: 0.0 1.0 0.019503967836499214 0.08951707929372787
DEBUG fixation pixels per sample: [234.0, 174.0]
DEBUG fix_batch min/max/mean/std: 0.0 1.0 0.000885416695382446 0.029742807149887085
DEBUG losses: {'loss_total': 0.37767335772514343, 'loss_fid': 47.851985931396484, 'loss_patch_fid': 3.853914499282837, 'loss_dense_fid': 4.328234672546387, 'loss_dense_bce': -0.0, 'loss_dense_kl': 39.669837951660156, 'loss_topk': -0.0, 'loss_delta': -0.0, 'loss_cc': 0.4258676767349243, 'loss_nss': -3.1475629806518555, 'loss_sim': 0.4882240295410156, 'loss_concept_dense': 0.0, 'loss_concept_kl': 0.0, 'loss_align': 0.0, 'loss_sparse': 0.0, 'loss_div': 0.0, 'loss_gate': 0.0, 'loss_visual_entropy': 0.6060353517532349, 'loss_visual_equiv': 0.0, 'loss_visual_usage': 0.2298624962568283, 'loss_temporal_attention_entropy': 0.0, 'loss_total_concept': 0.04528312385082245, 'loss_decoder_side_aux': 0.0514049157500267, 'loss_priority_map': 0.9503509998321533, 'loss_priority_map_weighted': 0.09503509849309921, 'priority_map_loss': 0.9503509998321533, 'weighted_priority_map_loss': 0.09503509849309921, 'loss_priority_map_stage3': 0.9633245468139648, 'loss_priority_map_stage4': 0.9373775124549866, 'loss_side_stage4': 0.0538354218006134, 'loss_side_stage3': 0.09346720576286316, 'loss_side_stage2': 0.12070205807685852, 'loss_side_stage1': 0.1063055694103241}
DEBUG decoder visual FiLM [stage1] | film_gamma=unavailable (pass return_decoder_diagnostics=True)
DEBUG decoder visual FiLM [stage2] | film_gamma=unavailable (pass return_decoder_diagnostics=True)
DEBUG decoder visual FiLM [stage3] | film_gamma mean/std/min/max=0.0625/1.3066/0.0000/50.8645 | prototype_bottleneck_strength=0.4000
DEBUG decoder visual FiLM [stage4] | film_gamma mean/std/min/max=0.0625/1.1609/0.0000/45.2369 | prototype_bottleneck_strength=0.4000
DEBUG factorized comparison [stage3] | query_norm_mean=1.0164 | key_norm_mean=0.7313 | context_mean=0.0000 | context_std=0.0764 | context_min=-0.1791 | context_max=0.2463 | total_candidate_weight=336.0000 | spatial_strength=0.0992 | spatial_freq_entropy=2.7726 | spatial_freq_weight_mean=0.6936 | rank=32
DEBUG factorized comparison [stage4] | query_norm_mean=0.7665 | key_norm_mean=0.7541 | context_mean=-0.0001 | context_std=0.0618 | context_min=-0.1355 | context_max=0.1898 | total_candidate_weight=84.0000 | spatial_strength=0.0992 | spatial_freq_entropy=2.7725 | spatial_freq_weight_mean=0.6965 | rank=32
patch-priority map [stage3] | mean=0.062500 | std=1.306607 | min=0.000000 | max=50.864491 | prototype_bottleneck_strength=0.400000 | prototype_to_film_norm_ratio=4.540749
patch-priority map [stage4] | mean=0.062500 | std=1.160892 | min=0.000000 | max=45.236858 | prototype_bottleneck_strength=0.400000 | prototype_to_film_norm_ratio=4.339094
Epoch 79/200
  Mean train loss: 0.177974
  Mean val loss:   0.420769
  Current LR:      3.34e-05
Val metrics   | CC: 0.5370 | SIM: 0.4295 | NSS: 3.1432
  Saved checkpoint: training_outputs/ckpts/20260917_231452/epoch_079.pth

Epoch 80/200
pred_saliency: shape=(2, 1, 224, 384) min=-4.0000 max=42.5000 mean=-2.0957 std=4.8867
sal_batch: shape=(2, 1, 360, 640) min=0.0000 max=1.0000 mean=0.0234 std=0.0936
DEBUG features_shape: {'stage1': (2, 96, 16, 56, 96), 'stage2': (2, 192, 16, 28, 48), 'stage3': (2, 384, 16, 14, 24), 'stage4': (2, 768, 16, 7, 12)}
DEBUG gate: no gate_debug available. This usually means return_concept_losses=False or lambda_gate=0.
DEBUG decoder visual FiLM [stage1] | film_gamma=unavailable (pass return_decoder_diagnostics=True)
DEBUG decoder visual FiLM [stage2] | film_gamma=unavailable (pass return_decoder_diagnostics=True)
DEBUG decoder visual FiLM [stage3] | film_gamma mean/std/min/max=0.0625/0.5758/0.0000/17.6920 | prototype_bottleneck_strength=0.4000
DEBUG decoder visual FiLM [stage4] | film_gamma mean/std/min/max=0.0625/0.6026/0.0000/17.0456 | prototype_bottleneck_strength=0.4000
DEBUG factorized comparison [stage3] | query_norm_mean=1.0172 | key_norm_mean=0.7537 | context_mean=0.0000 | context_std=0.0822 | context_min=-0.1925 | context_max=0.1970 | total_candidate_weight=336.0000 | spatial_strength=0.0992 | spatial_freq_entropy=2.7726 | spatial_freq_weight_mean=0.6936 | rank=32
DEBUG factorized comparison [stage4] | query_norm_mean=0.8141 | key_norm_mean=0.7181 | context_mean=-0.0000 | context_std=0.0657 | context_min=-0.1431 | context_max=0.1664 | total_candidate_weight=84.0000 | spatial_strength=0.0992 | spatial_freq_entropy=2.7725 | spatial_freq_weight_mean=0.6965 | rank=32
patch-priority map [stage3] | mean=0.062500 | std=0.575774 | min=0.000000 | max=17.691994 | prototype_bottleneck_strength=0.400000 | prototype_to_film_norm_ratio=2.142584
patch-priority map [stage4] | mean=0.062500 | std=0.602616 | min=0.000000 | max=17.045645 | prototype_bottleneck_strength=0.400000 | prototype_to_film_norm_ratio=1.958896
DEBUG visual concept usage [stage1] top 10:
  concept 199: 114 patches (1.06%)
  concept 29: 105 patches (0.98%)
  concept 37: 103 patches (0.96%)
  concept 161: 101 patches (0.94%)
  concept 118: 95 patches (0.88%)
  concept 168: 94 patches (0.87%)
  concept 77: 92 patches (0.86%)
  concept 143: 92 patches (0.86%)
  concept 189: 92 patches (0.86%)
  concept 155: 91 patches (0.85%)
  normalized usage entropy: 0.8632
DEBUG visual concept usage [stage2] top 10:
  concept 66: 2688 patches (100.00%)
  normalized usage entropy: 0.8288
DEBUG visual concept usage [stage3] top 10:
  concept 278: 284 patches (42.26%)
  concept 35: 218 patches (32.44%)
  concept 92: 144 patches (21.43%)
  concept 96: 15 patches (2.23%)
  concept 51: 11 patches (1.64%)
  normalized usage entropy: 0.7269
DEBUG visual concept usage [stage4] top 10:
  concept 184: 55 patches (32.74%)
  concept 121: 30 patches (17.86%)
  concept 341: 25 patches (14.88%)
  concept 322: 21 patches (12.50%)
  concept 441: 9 patches (5.36%)
  concept 362: 7 patches (4.17%)
  concept 53: 6 patches (3.57%)
  concept 78: 6 patches (3.57%)
  concept 23: 5 patches (2.98%)
  concept 262: 2 patches (1.19%)
  normalized usage entropy: 0.6815
DEBUG pred min/max/mean/std: -4.0 42.5 -2.09375 4.875
DEBUG target min/max/mean/std: 0.0 1.0 0.023413706570863724 0.09362940490245819
DEBUG fixation pixels per sample: [123.0, 186.0]
DEBUG fix_batch min/max/mean/std: 0.0 1.0 0.0006705729174427688 0.025886766612529755
DEBUG losses: {'loss_total': 0.9004579782485962, 'loss_fid': 31.770442962646484, 'loss_patch_fid': 3.895310163497925, 'loss_dense_fid': 4.279836654663086, 'loss_dense_bce': -0.0, 'loss_dense_kl': 23.595294952392578, 'loss_topk': -0.0, 'loss_delta': -0.0, 'loss_cc': 0.5813114047050476, 'loss_nss': -1.6768929958343506, 'loss_sim': 0.6149256229400635, 'loss_concept_dense': 0.0, 'loss_concept_kl': 0.0, 'loss_align': 0.0, 'loss_sparse': 0.0, 'loss_div': 0.0, 'loss_gate': 0.0, 'loss_visual_entropy': 0.6087941527366638, 'loss_visual_equiv': 0.0, 'loss_visual_usage': 0.2249027043581009, 'loss_temporal_attention_entropy': 0.0, 'loss_total_concept': 0.04692169278860092, 'loss_decoder_side_aux': 0.20735210180282593, 'loss_priority_map': 1.455352783203125, 'loss_priority_map_weighted': 0.14553527534008026, 'priority_map_loss': 1.455352783203125, 'weighted_priority_map_loss': 0.14553527534008026, 'loss_priority_map_stage3': 1.4882265329360962, 'loss_priority_map_stage4': 1.4224789142608643, 'loss_side_stage4': 0.44964760541915894, 'loss_side_stage3': 0.41100600361824036, 'loss_side_stage2': 0.4115307927131653, 'loss_side_stage1': 0.4101974368095398}
DEBUG decoder visual FiLM [stage1] | film_gamma=unavailable (pass return_decoder_diagnostics=True)
DEBUG decoder visual FiLM [stage2] | film_gamma=unavailable (pass return_decoder_diagnostics=True)
DEBUG decoder visual FiLM [stage3] | film_gamma mean/std/min/max=0.0625/1.3430/0.0000/59.3899 | prototype_bottleneck_strength=0.4000
DEBUG decoder visual FiLM [stage4] | film_gamma mean/std/min/max=0.0625/1.3095/0.0000/51.7268 | prototype_bottleneck_strength=0.4000
DEBUG factorized comparison [stage3] | query_norm_mean=1.0580 | key_norm_mean=0.7326 | context_mean=0.0000 | context_std=0.0800 | context_min=-0.1836 | context_max=0.2582 | total_candidate_weight=336.0000 | spatial_strength=0.0992 | spatial_freq_entropy=2.7726 | spatial_freq_weight_mean=0.6935 | rank=32
DEBUG factorized comparison [stage4] | query_norm_mean=0.7587 | key_norm_mean=0.7404 | context_mean=-0.0000 | context_std=0.0608 | context_min=-0.1280 | context_max=0.1943 | total_candidate_weight=84.0000 | spatial_strength=0.0992 | spatial_freq_entropy=2.7725 | spatial_freq_weight_mean=0.6966 | rank=32
patch-priority map [stage3] | mean=0.062500 | std=1.342983 | min=0.000000 | max=59.389904 | prototype_bottleneck_strength=0.400000 | prototype_to_film_norm_ratio=4.853675
patch-priority map [stage4] | mean=0.062500 | std=1.309488 | min=0.000000 | max=51.726757 | prototype_bottleneck_strength=0.400000 | prototype_to_film_norm_ratio=4.398735
Epoch 80/200
  Mean train loss: 0.144693
  Mean val loss:   0.423511
  Current LR:      3.31e-05
Val metrics   | CC: 0.5358 | SIM: 0.4358 | NSS: 3.1367
  Saved checkpoint: training_outputs/ckpts/20260917_231452/epoch_080.pth

Epoch 81/200
pred_saliency: shape=(2, 1, 224, 384) min=-4.0000 max=66.5000 mean=-2.2580 std=5.1346
sal_batch: shape=(2, 1, 360, 640) min=0.0000 max=1.0000 mean=0.0121 std=0.0667
DEBUG features_shape: {'stage1': (2, 96, 16, 56, 96), 'stage2': (2, 192, 16, 28, 48), 'stage3': (2, 384, 16, 14, 24), 'stage4': (2, 768, 16, 7, 12)}
DEBUG gate: no gate_debug available. This usually means return_concept_losses=False or lambda_gate=0.
DEBUG decoder visual FiLM [stage1] | film_gamma=unavailable (pass return_decoder_diagnostics=True)
DEBUG decoder visual FiLM [stage2] | film_gamma=unavailable (pass return_decoder_diagnostics=True)
DEBUG decoder visual FiLM [stage3] | film_gamma mean/std/min/max=0.0625/0.8511/0.0000/45.7656 | prototype_bottleneck_strength=0.4000
DEBUG decoder visual FiLM [stage4] | film_gamma mean/std/min/max=0.0625/0.9383/0.0000/28.4689 | prototype_bottleneck_strength=0.4000
DEBUG factorized comparison [stage3] | query_norm_mean=1.0561 | key_norm_mean=0.7274 | context_mean=0.0000 | context_std=0.0777 | context_min=-0.1813 | context_max=0.2612 | total_candidate_weight=336.0000 | spatial_strength=0.0992 | spatial_freq_entropy=2.7726 | spatial_freq_weight_mean=0.6935 | rank=32
DEBUG factorized comparison [stage4] | query_norm_mean=0.7626 | key_norm_mean=0.7296 | context_mean=0.0000 | context_std=0.0574 | context_min=-0.1318 | context_max=0.1694 | total_candidate_weight=84.0000 | spatial_strength=0.0992 | spatial_freq_entropy=2.7725 | spatial_freq_weight_mean=0.6966 | rank=32
patch-priority map [stage3] | mean=0.062500 | std=0.851120 | min=0.000000 | max=45.765602 | prototype_bottleneck_strength=0.400000 | prototype_to_film_norm_ratio=3.128078
patch-priority map [stage4] | mean=0.062500 | std=0.938266 | min=0.000000 | max=28.468889 | prototype_bottleneck_strength=0.400000 | prototype_to_film_norm_ratio=3.481085
DEBUG visual concept usage [stage1] top 10:
  concept 481: 229 patches (2.13%)
  concept 37: 173 patches (1.61%)
  concept 58: 167 patches (1.55%)
  concept 77: 138 patches (1.28%)
  concept 117: 138 patches (1.28%)
  concept 22: 126 patches (1.17%)
  concept 464: 125 patches (1.16%)
  concept 144: 117 patches (1.09%)
  concept 96: 110 patches (1.02%)
  concept 131: 110 patches (1.02%)
  normalized usage entropy: 0.8506
DEBUG visual concept usage [stage2] top 10:
  concept 66: 2688 patches (100.00%)
  normalized usage entropy: 0.8288
DEBUG visual concept usage [stage3] top 10:
  concept 92: 305 patches (45.39%)
  concept 278: 165 patches (24.55%)
  concept 35: 160 patches (23.81%)
  concept 51: 33 patches (4.91%)
  concept 96: 8 patches (1.19%)
  concept 199: 1 patches (0.15%)
  normalized usage entropy: 0.7240
DEBUG visual concept usage [stage4] top 10:
  concept 322: 50 patches (29.76%)
  concept 184: 42 patches (25.00%)
  concept 341: 35 patches (20.83%)
  concept 53: 11 patches (6.55%)
  concept 299: 9 patches (5.36%)
  concept 362: 7 patches (4.17%)
  concept 121: 6 patches (3.57%)
  concept 23: 4 patches (2.38%)
  concept 78: 2 patches (1.19%)
  concept 262: 1 patches (0.60%)
  normalized usage entropy: 0.6808
DEBUG pred min/max/mean/std: -4.0 66.5 -2.265625 5.125
DEBUG target min/max/mean/std: 0.0 1.0 0.012081308290362358 0.06669145822525024
DEBUG fixation pixels per sample: [251.0, 125.0]
DEBUG fix_batch min/max/mean/std: 0.0 1.0 0.0008159722201526165 0.02855360135436058
DEBUG losses: {'loss_total': 0.8278915286064148, 'loss_fid': 35.607322692871094, 'loss_patch_fid': 3.832993268966675, 'loss_dense_fid': 4.361092567443848, 'loss_dense_bce': -0.0, 'loss_dense_kl': 27.413236618041992, 'loss_topk': -0.0, 'loss_delta': -0.0, 'loss_cc': 0.5719397068023682, 'loss_nss': -2.6452808380126953, 'loss_sim': 0.6111984252929688, 'loss_concept_dense': 0.0, 'loss_concept_kl': 0.0, 'loss_align': 0.0, 'loss_sparse': 0.0, 'loss_div': 0.0, 'loss_gate': 0.0, 'loss_visual_entropy': 0.6149301528930664, 'loss_visual_equiv': 0.0, 'loss_visual_usage': 0.2289600521326065, 'loss_temporal_attention_entropy': 0.0, 'loss_total_concept': 0.045568156987428665, 'loss_decoder_side_aux': 0.15660534799098969, 'loss_priority_map': 2.3121590614318848, 'loss_priority_map_weighted': 0.23121590912342072, 'priority_map_loss': 2.3121590614318848, 'weighted_priority_map_loss': 0.23121590912342072, 'loss_priority_map_stage3': 2.1752233505249023, 'loss_priority_map_stage4': 2.449094772338867, 'loss_side_stage4': 0.3364960849285126, 'loss_side_stage3': 0.3076717257499695, 'loss_side_stage2': 0.30982455611228943, 'loss_side_stage1': 0.3126983940601349}
DEBUG decoder visual FiLM [stage1] | film_gamma=unavailable (pass return_decoder_diagnostics=True)
DEBUG decoder visual FiLM [stage2] | film_gamma=unavailable (pass return_decoder_diagnostics=True)
DEBUG decoder visual FiLM [stage3] | film_gamma mean/std/min/max=0.0625/1.2649/0.0000/49.8969 | prototype_bottleneck_strength=0.4000
DEBUG decoder visual FiLM [stage4] | film_gamma mean/std/min/max=0.0625/1.3591/0.0000/55.2737 | prototype_bottleneck_strength=0.4000
DEBUG factorized comparison [stage3] | query_norm_mean=1.0357 | key_norm_mean=0.7184 | context_mean=0.0000 | context_std=0.0769 | context_min=-0.1761 | context_max=0.2507 | total_candidate_weight=336.0000 | spatial_strength=0.0992 | spatial_freq_entropy=2.7726 | spatial_freq_weight_mean=0.6936 | rank=32
DEBUG factorized comparison [stage4] | query_norm_mean=0.7387 | key_norm_mean=0.7107 | context_mean=-0.0000 | context_std=0.0559 | context_min=-0.1197 | context_max=0.1845 | total_candidate_weight=84.0000 | spatial_strength=0.0992 | spatial_freq_entropy=2.7725 | spatial_freq_weight_mean=0.6967 | rank=32
patch-priority map [stage3] | mean=0.062500 | std=1.264906 | min=0.000000 | max=49.896862 | prototype_bottleneck_strength=0.400000 | prototype_to_film_norm_ratio=4.083210
patch-priority map [stage4] | mean=0.062500 | std=1.359130 | min=0.000000 | max=55.273670 | prototype_bottleneck_strength=0.400000 | prototype_to_film_norm_ratio=4.995178
Epoch 81/200
  Mean train loss: 0.125953
  Mean val loss:   0.418961
  Current LR:      3.27e-05
Val metrics   | CC: 0.5370 | SIM: 0.4371 | NSS: 3.1573
  Saved checkpoint: training_outputs/ckpts/20260917_231452/epoch_081.pth

Epoch 82/200
pred_saliency: shape=(2, 1, 224, 384) min=-4.0000 max=61.5000 mean=-2.5909 std=5.4789
sal_batch: shape=(2, 1, 360, 640) min=0.0000 max=1.0000 mean=0.0159 std=0.0776
DEBUG features_shape: {'stage1': (2, 96, 16, 56, 96), 'stage2': (2, 192, 16, 28, 48), 'stage3': (2, 384, 16, 14, 24), 'stage4': (2, 768, 16, 7, 12)}
DEBUG gate: no gate_debug available. This usually means return_concept_losses=False or lambda_gate=0.
DEBUG decoder visual FiLM [stage1] | film_gamma=unavailable (pass return_decoder_diagnostics=True)
DEBUG decoder visual FiLM [stage2] | film_gamma=unavailable (pass return_decoder_diagnostics=True)
DEBUG decoder visual FiLM [stage3] | film_gamma mean/std/min/max=0.0625/0.8737/0.0000/34.3146 | prototype_bottleneck_strength=0.4000
DEBUG decoder visual FiLM [stage4] | film_gamma mean/std/min/max=0.0625/0.7423/0.0000/18.7554 | prototype_bottleneck_strength=0.4000
DEBUG factorized comparison [stage3] | query_norm_mean=1.0399 | key_norm_mean=0.7316 | context_mean=0.0000 | context_std=0.0829 | context_min=-0.1806 | context_max=0.2403 | total_candidate_weight=336.0000 | spatial_strength=0.0992 | spatial_freq_entropy=2.7726 | spatial_freq_weight_mean=0.6936 | rank=32
DEBUG factorized comparison [stage4] | query_norm_mean=0.7599 | key_norm_mean=0.7041 | context_mean=-0.0000 | context_std=0.0602 | context_min=-0.1265 | context_max=0.1461 | total_candidate_weight=84.0000 | spatial_strength=0.0992 | spatial_freq_entropy=2.7725 | spatial_freq_weight_mean=0.6967 | rank=32
patch-priority map [stage3] | mean=0.062500 | std=0.873699 | min=0.000000 | max=34.314621 | prototype_bottleneck_strength=0.400000 | prototype_to_film_norm_ratio=2.923829
patch-priority map [stage4] | mean=0.062500 | std=0.742287 | min=0.000000 | max=18.755375 | prototype_bottleneck_strength=0.400000 | prototype_to_film_norm_ratio=2.687226
DEBUG visual concept usage [stage1] top 10:
  concept 77: 169 patches (1.57%)
  concept 63: 94 patches (0.87%)
  concept 58: 91 patches (0.85%)
  concept 208: 90 patches (0.84%)
  concept 319: 90 patches (0.84%)
  concept 296: 88 patches (0.82%)
  concept 64: 86 patches (0.80%)
  concept 111: 86 patches (0.80%)
  concept 106: 85 patches (0.79%)
  concept 189: 84 patches (0.78%)
  normalized usage entropy: 0.8651
DEBUG visual concept usage [stage2] top 10:
  concept 66: 2688 patches (100.00%)
  normalized usage entropy: 0.8288
DEBUG visual concept usage [stage3] top 10:
  concept 35: 258 patches (38.39%)
  concept 92: 197 patches (29.32%)
  concept 278: 158 patches (23.51%)
  concept 51: 29 patches (4.32%)
  concept 96: 25 patches (3.72%)
  concept 481: 5 patches (0.74%)
  normalized usage entropy: 0.7301
DEBUG visual concept usage [stage4] top 10:
  concept 184: 66 patches (39.29%)
  concept 322: 33 patches (19.64%)
  concept 121: 20 patches (11.90%)
  concept 341: 18 patches (10.71%)
  concept 53: 9 patches (5.36%)
  concept 262: 6 patches (3.57%)
  concept 78: 4 patches (2.38%)
  concept 299: 4 patches (2.38%)
  concept 362: 4 patches (2.38%)
  concept 441: 3 patches (1.79%)
  normalized usage entropy: 0.6865
DEBUG pred min/max/mean/std: -4.0 61.5 -2.59375 5.46875
DEBUG target min/max/mean/std: 0.0 1.0 0.015901654958724976 0.0776037648320198
DEBUG fixation pixels per sample: [108.0, 211.0]
DEBUG fix_batch min/max/mean/std: 0.0 1.0 0.0006922743050381541 0.026302026584744453
DEBUG losses: {'loss_total': -0.1521623432636261, 'loss_fid': 34.171993255615234, 'loss_patch_fid': 3.9747321605682373, 'loss_dense_fid': 4.486002445220947, 'loss_dense_bce': -0.0, 'loss_dense_kl': 25.711259841918945, 'loss_topk': -0.0, 'loss_delta': -0.0, 'loss_cc': 0.2219078540802002, 'loss_nss': -4.3481903076171875, 'loss_sim': 0.36854034662246704, 'loss_concept_dense': 0.0, 'loss_concept_kl': 0.0, 'loss_align': 0.0, 'loss_sparse': 0.0, 'loss_div': 0.0, 'loss_gate': 0.0, 'loss_visual_entropy': 0.610630989074707, 'loss_visual_equiv': 0.0, 'loss_visual_usage': 0.2223970741033554, 'loss_temporal_attention_entropy': 0.0, 'loss_total_concept': 0.045011136680841446, 'loss_decoder_side_aux': -0.10626049339771271, 'loss_priority_map': 0.5985129475593567, 'loss_priority_map_weighted': 0.05985129624605179, 'priority_map_loss': 0.5985129475593567, 'weighted_priority_map_loss': 0.05985129624605179, 'loss_priority_map_stage3': 0.5710269212722778, 'loss_priority_map_stage4': 0.6259989738464355, 'loss_side_stage4': -0.19102329015731812, 'loss_side_stage3': -0.22595030069351196, 'loss_side_stage2': -0.20995327830314636, 'loss_side_stage1': -0.21310648322105408}
DEBUG decoder visual FiLM [stage1] | film_gamma=unavailable (pass return_decoder_diagnostics=True)
DEBUG decoder visual FiLM [stage2] | film_gamma=unavailable (pass return_decoder_diagnostics=True)
DEBUG decoder visual FiLM [stage3] | film_gamma mean/std/min/max=0.0625/1.3645/0.0000/56.6238 | prototype_bottleneck_strength=0.4000
DEBUG decoder visual FiLM [stage4] | film_gamma mean/std/min/max=0.0625/1.3288/0.0000/54.1043 | prototype_bottleneck_strength=0.4000
DEBUG factorized comparison [stage3] | query_norm_mean=1.0449 | key_norm_mean=0.7413 | context_mean=-0.0000 | context_std=0.0802 | context_min=-0.1903 | context_max=0.2612 | total_candidate_weight=336.0000 | spatial_strength=0.0992 | spatial_freq_entropy=2.7726 | spatial_freq_weight_mean=0.6936 | rank=32
DEBUG factorized comparison [stage4] | query_norm_mean=0.7351 | key_norm_mean=0.6925 | context_mean=-0.0000 | context_std=0.0571 | context_min=-0.1227 | context_max=0.1852 | total_candidate_weight=84.0000 | spatial_strength=0.0992 | spatial_freq_entropy=2.7725 | spatial_freq_weight_mean=0.6967 | rank=32
patch-priority map [stage3] | mean=0.062500 | std=1.364479 | min=0.000000 | max=56.623840 | prototype_bottleneck_strength=0.400000 | prototype_to_film_norm_ratio=4.374507
patch-priority map [stage4] | mean=0.062500 | std=1.328751 | min=0.000000 | max=54.104343 | prototype_bottleneck_strength=0.400000 | prototype_to_film_norm_ratio=5.572680
Epoch 82/200
  Mean train loss: 0.157153
  Mean val loss:   0.425826
  Current LR:      3.23e-05
Val metrics   | CC: 0.5323 | SIM: 0.4363 | NSS: 3.1515
  Saved checkpoint: training_outputs/ckpts/20260917_231452/epoch_082.pth

Epoch 83/200
pred_saliency: shape=(2, 1, 224, 384) min=-4.0000 max=46.2500 mean=-2.3874 std=5.5065
sal_batch: shape=(2, 1, 360, 640) min=0.0000 max=1.0000 mean=0.0214 std=0.0863
DEBUG features_shape: {'stage1': (2, 96, 16, 56, 96), 'stage2': (2, 192, 16, 28, 48), 'stage3': (2, 384, 16, 14, 24), 'stage4': (2, 768, 16, 7, 12)}
DEBUG gate: no gate_debug available. This usually means return_concept_losses=False or lambda_gate=0.
DEBUG decoder visual FiLM [stage1] | film_gamma=unavailable (pass return_decoder_diagnostics=True)
DEBUG decoder visual FiLM [stage2] | film_gamma=unavailable (pass return_decoder_diagnostics=True)
DEBUG decoder visual FiLM [stage3] | film_gamma mean/std/min/max=0.0625/0.7326/0.0000/27.8232 | prototype_bottleneck_strength=0.4000
DEBUG decoder visual FiLM [stage4] | film_gamma mean/std/min/max=0.0625/0.7550/0.0000/19.2718 | prototype_bottleneck_strength=0.4000
DEBUG factorized comparison [stage3] | query_norm_mean=1.0424 | key_norm_mean=0.7356 | context_mean=0.0000 | context_std=0.0785 | context_min=-0.1843 | context_max=0.2284 | total_candidate_weight=336.0000 | spatial_strength=0.0992 | spatial_freq_entropy=2.7726 | spatial_freq_weight_mean=0.6936 | rank=32
DEBUG factorized comparison [stage4] | query_norm_mean=0.7283 | key_norm_mean=0.7085 | context_mean=-0.0001 | context_std=0.0551 | context_min=-0.1190 | context_max=0.1438 | total_candidate_weight=84.0000 | spatial_strength=0.0992 | spatial_freq_entropy=2.7725 | spatial_freq_weight_mean=0.6967 | rank=32
patch-priority map [stage3] | mean=0.062500 | std=0.732561 | min=0.000000 | max=27.823223 | prototype_bottleneck_strength=0.400000 | prototype_to_film_norm_ratio=2.374027
patch-priority map [stage4] | mean=0.062500 | std=0.755041 | min=0.000000 | max=19.271814 | prototype_bottleneck_strength=0.400000 | prototype_to_film_norm_ratio=2.469183
DEBUG visual concept usage [stage1] top 10:
  concept 481: 410 patches (3.81%)
  concept 37: 373 patches (3.47%)
  concept 410: 183 patches (1.70%)
  concept 105: 154 patches (1.43%)
  concept 58: 138 patches (1.28%)
  concept 22: 137 patches (1.27%)
  concept 144: 103 patches (0.96%)
  concept 174: 97 patches (0.90%)
  concept 224: 97 patches (0.90%)
  concept 4: 93 patches (0.86%)
  normalized usage entropy: 0.8512
DEBUG visual concept usage [stage2] top 10:
  concept 66: 2688 patches (100.00%)
  normalized usage entropy: 0.8288
DEBUG visual concept usage [stage3] top 10:
  concept 35: 265 patches (39.43%)
  concept 92: 221 patches (32.89%)
  concept 278: 159 patches (23.66%)
  concept 51: 24 patches (3.57%)
  concept 96: 3 patches (0.45%)
  normalized usage entropy: 0.7298
DEBUG visual concept usage [stage4] top 10:
  concept 184: 63 patches (37.50%)
  concept 322: 31 patches (18.45%)
  concept 341: 16 patches (9.52%)
  concept 53: 13 patches (7.74%)
  concept 121: 12 patches (7.14%)
  concept 362: 11 patches (6.55%)
  concept 262: 10 patches (5.95%)
  concept 9: 3 patches (1.79%)
  concept 23: 3 patches (1.79%)
  concept 78: 3 patches (1.79%)
  normalized usage entropy: 0.6837
DEBUG pred min/max/mean/std: -4.0 46.25 -2.390625 5.5
DEBUG target min/max/mean/std: 0.0 1.0 0.02138131484389305 0.08633608371019363
DEBUG fixation pixels per sample: [160.0, 107.0]
DEBUG fix_batch min/max/mean/std: 0.0 1.0 0.0005794271128252149 0.02406434342265129
DEBUG losses: {'loss_total': 0.6408215761184692, 'loss_fid': 34.37112045288086, 'loss_patch_fid': 4.038055419921875, 'loss_dense_fid': 4.4798197746276855, 'loss_dense_bce': -0.0, 'loss_dense_kl': 25.85324478149414, 'loss_topk': -0.0, 'loss_delta': -0.0, 'loss_cc': 0.46402519941329956, 'loss_nss': -2.3417775630950928, 'loss_sim': 0.550579309463501, 'loss_concept_dense': 0.0, 'loss_concept_kl': 0.0, 'loss_align': 0.0, 'loss_sparse': 0.0, 'loss_div': 0.0, 'loss_gate': 0.0, 'loss_visual_entropy': 0.6098535656929016, 'loss_visual_equiv': 0.0, 'loss_visual_usage': 0.22662566602230072, 'loss_temporal_attention_entropy': 0.0, 'loss_total_concept': 0.04631509631872177, 'loss_decoder_side_aux': 0.1147317886352539, 'loss_priority_map': 1.6915745735168457, 'loss_priority_map_weighted': 0.1691574603319168, 'priority_map_loss': 1.6915745735168457, 'weighted_priority_map_loss': 0.1691574603319168, 'loss_priority_map_stage3': 1.7307676076889038, 'loss_priority_map_stage4': 1.6523816585540771, 'loss_side_stage4': 0.2509263753890991, 'loss_side_stage3': 0.23333299160003662, 'loss_side_stage2': 0.22217096388339996, 'loss_side_stage1': 0.22763261198997498}
DEBUG decoder visual FiLM [stage1] | film_gamma=unavailable (pass return_decoder_diagnostics=True)
DEBUG decoder visual FiLM [stage2] | film_gamma=unavailable (pass return_decoder_diagnostics=True)
DEBUG decoder visual FiLM [stage3] | film_gamma mean/std/min/max=0.0625/1.1786/0.0000/51.6354 | prototype_bottleneck_strength=0.4000
DEBUG decoder visual FiLM [stage4] | film_gamma mean/std/min/max=0.0625/1.1502/0.0000/49.7173 | prototype_bottleneck_strength=0.4000
DEBUG factorized comparison [stage3] | query_norm_mean=0.9854 | key_norm_mean=0.7106 | context_mean=0.0000 | context_std=0.0739 | context_min=-0.1754 | context_max=0.2358 | total_candidate_weight=336.0000 | spatial_strength=0.0992 | spatial_freq_entropy=2.7726 | spatial_freq_weight_mean=0.6936 | rank=32
DEBUG factorized comparison [stage4] | query_norm_mean=0.7233 | key_norm_mean=0.6867 | context_mean=-0.0001 | context_std=0.0555 | context_min=-0.1227 | context_max=0.1747 | total_candidate_weight=84.0000 | spatial_strength=0.0992 | spatial_freq_entropy=2.7725 | spatial_freq_weight_mean=0.6967 | rank=32
patch-priority map [stage3] | mean=0.062500 | std=1.178648 | min=0.000000 | max=51.635361 | prototype_bottleneck_strength=0.400000 | prototype_to_film_norm_ratio=3.524547
patch-priority map [stage4] | mean=0.062500 | std=1.150222 | min=0.000000 | max=49.717274 | prototype_bottleneck_strength=0.400000 | prototype_to_film_norm_ratio=4.151566
Epoch 83/200
  Mean train loss: 0.127655
  Mean val loss:   0.412126
  Current LR:      3.20e-05
Val metrics   | CC: 0.5406 | SIM: 0.4344 | NSS: 3.1696
  Saved checkpoint: training_outputs/ckpts/20260917_231452/epoch_083.pth

Epoch 84/200
pred_saliency: shape=(2, 1, 224, 384) min=-4.0000 max=79.0000 mean=-2.4163 std=5.6613
sal_batch: shape=(2, 1, 360, 640) min=0.0000 max=1.0000 mean=0.0135 std=0.0718
DEBUG features_shape: {'stage1': (2, 96, 16, 56, 96), 'stage2': (2, 192, 16, 28, 48), 'stage3': (2, 384, 16, 14, 24), 'stage4': (2, 768, 16, 7, 12)}
DEBUG gate: no gate_debug available. This usually means return_concept_losses=False or lambda_gate=0.
DEBUG decoder visual FiLM [stage1] | film_gamma=unavailable (pass return_decoder_diagnostics=True)
DEBUG decoder visual FiLM [stage2] | film_gamma=unavailable (pass return_decoder_diagnostics=True)
DEBUG decoder visual FiLM [stage3] | film_gamma mean/std/min/max=0.0625/0.7866/0.0000/37.3054 | prototype_bottleneck_strength=0.4000
DEBUG decoder visual FiLM [stage4] | film_gamma mean/std/min/max=0.0625/0.8130/0.0000/25.5778 | prototype_bottleneck_strength=0.4000
DEBUG factorized comparison [stage3] | query_norm_mean=0.9881 | key_norm_mean=0.7415 | context_mean=-0.0000 | context_std=0.0798 | context_min=-0.1888 | context_max=0.2239 | total_candidate_weight=336.0000 | spatial_strength=0.0992 | spatial_freq_entropy=2.7726 | spatial_freq_weight_mean=0.6936 | rank=32
DEBUG factorized comparison [stage4] | query_norm_mean=0.7898 | key_norm_mean=0.6333 | context_mean=-0.0000 | context_std=0.0630 | context_min=-0.1408 | context_max=0.1596 | total_candidate_weight=84.0000 | spatial_strength=0.0992 | spatial_freq_entropy=2.7725 | spatial_freq_weight_mean=0.6967 | rank=32
patch-priority map [stage3] | mean=0.062500 | std=0.786551 | min=0.000000 | max=37.305447 | prototype_bottleneck_strength=0.400000 | prototype_to_film_norm_ratio=2.894350
patch-priority map [stage4] | mean=0.062500 | std=0.812999 | min=0.000000 | max=25.577835 | prototype_bottleneck_strength=0.400000 | prototype_to_film_norm_ratio=2.103883
DEBUG visual concept usage [stage1] top 10:
  concept 189: 107 patches (1.00%)
  concept 75: 102 patches (0.95%)
  concept 131: 101 patches (0.94%)
  concept 99: 97 patches (0.90%)
  concept 72: 96 patches (0.89%)
  concept 266: 95 patches (0.88%)
  concept 65: 94 patches (0.87%)
  concept 246: 94 patches (0.87%)
  concept 376: 92 patches (0.86%)
  concept 111: 90 patches (0.84%)
  normalized usage entropy: 0.8611
DEBUG visual concept usage [stage2] top 10:
  concept 66: 2688 patches (100.00%)
  normalized usage entropy: 0.8287
DEBUG visual concept usage [stage3] top 10:
  concept 278: 344 patches (51.19%)
  concept 92: 182 patches (27.08%)
  concept 35: 107 patches (15.92%)
  concept 51: 24 patches (3.57%)
  concept 96: 15 patches (2.23%)
  normalized usage entropy: 0.7164
DEBUG visual concept usage [stage4] top 10:
  concept 322: 53 patches (31.55%)
  concept 121: 34 patches (20.24%)
  concept 184: 27 patches (16.07%)
  concept 341: 26 patches (15.48%)
  concept 23: 6 patches (3.57%)
  concept 299: 5 patches (2.98%)
  concept 78: 4 patches (2.38%)
  concept 362: 4 patches (2.38%)
  concept 262: 3 patches (1.79%)
  concept 9: 2 patches (1.19%)
  normalized usage entropy: 0.6947
DEBUG pred min/max/mean/std: -4.0 79.0 -2.421875 5.65625
DEBUG target min/max/mean/std: 0.0 1.0 0.013501626439392567 0.07182890921831131
DEBUG fixation pixels per sample: [156.0, 148.0]
DEBUG fix_batch min/max/mean/std: 0.0 1.0 0.0006597222527489066 0.025676611810922623
DEBUG losses: {'loss_total': 0.26063859462738037, 'loss_fid': 50.3311653137207, 'loss_patch_fid': 3.880653142929077, 'loss_dense_fid': 4.277851104736328, 'loss_dense_bce': -0.0, 'loss_dense_kl': 42.17266082763672, 'loss_topk': -0.0, 'loss_delta': -0.0, 'loss_cc': 0.3809865713119507, 'loss_nss': -3.6493372917175293, 'loss_sim': 0.5271594524383545, 'loss_concept_dense': 0.0, 'loss_concept_kl': 0.0, 'loss_align': 0.0, 'loss_sparse': 0.0, 'loss_div': 0.0, 'loss_gate': 0.0, 'loss_visual_entropy': 0.6173739433288574, 'loss_visual_equiv': 0.0, 'loss_visual_usage': 0.22475364804267883, 'loss_temporal_attention_entropy': 0.0, 'loss_total_concept': 0.04623318836092949, 'loss_decoder_side_aux': 0.005246696062386036, 'loss_priority_map': 1.148276925086975, 'loss_priority_map_weighted': 0.11482769250869751, 'priority_map_loss': 1.148276925086975, 'weighted_priority_map_loss': 0.11482769250869751, 'loss_priority_map_stage3': 1.2525153160095215, 'loss_priority_map_stage4': 1.0440385341644287, 'loss_side_stage4': -0.05071389675140381, 'loss_side_stage3': 0.03665921092033386, 'loss_side_stage2': 0.0012888908386230469, 'loss_side_stage1': 0.01961567997932434}
DEBUG decoder visual FiLM [stage1] | film_gamma=unavailable (pass return_decoder_diagnostics=True)
DEBUG decoder visual FiLM [stage2] | film_gamma=unavailable (pass return_decoder_diagnostics=True)
DEBUG decoder visual FiLM [stage3] | film_gamma mean/std/min/max=0.0625/1.3999/0.0000/66.6525 | prototype_bottleneck_strength=0.4000
DEBUG decoder visual FiLM [stage4] | film_gamma mean/std/min/max=0.0625/1.2969/0.0000/56.0082 | prototype_bottleneck_strength=0.4000
DEBUG factorized comparison [stage3] | query_norm_mean=0.9942 | key_norm_mean=0.7021 | context_mean=0.0001 | context_std=0.0727 | context_min=-0.1724 | context_max=0.2463 | total_candidate_weight=336.0000 | spatial_strength=0.0992 | spatial_freq_entropy=2.7726 | spatial_freq_weight_mean=0.6936 | rank=32
DEBUG factorized comparison [stage4] | query_norm_mean=0.7461 | key_norm_mean=0.7137 | context_mean=-0.0000 | context_std=0.0593 | context_min=-0.1303 | context_max=0.1860 | total_candidate_weight=84.0000 | spatial_strength=0.0992 | spatial_freq_entropy=2.7725 | spatial_freq_weight_mean=0.6967 | rank=32
patch-priority map [stage3] | mean=0.062500 | std=1.399867 | min=0.000000 | max=66.652542 | prototype_bottleneck_strength=0.400000 | prototype_to_film_norm_ratio=4.442956
patch-priority map [stage4] | mean=0.062500 | std=1.296921 | min=0.000000 | max=56.008183 | prototype_bottleneck_strength=0.400000 | prototype_to_film_norm_ratio=5.191919
Epoch 84/200
  Mean train loss: 0.094106
  Mean val loss:   0.419416
  Current LR:      3.16e-05
Val metrics   | CC: 0.5370 | SIM: 0.4376 | NSS: 3.1471
  Saved checkpoint: training_outputs/ckpts/20260917_231452/epoch_084.pth

Epoch 85/200
pred_saliency: shape=(2, 1, 224, 384) min=-4.0000 max=77.5000 mean=-2.7857 std=5.6087
sal_batch: shape=(2, 1, 360, 640) min=0.0000 max=1.0000 mean=0.0147 std=0.0763
DEBUG features_shape: {'stage1': (2, 96, 16, 56, 96), 'stage2': (2, 192, 16, 28, 48), 'stage3': (2, 384, 16, 14, 24), 'stage4': (2, 768, 16, 7, 12)}
DEBUG gate: no gate_debug available. This usually means return_concept_losses=False or lambda_gate=0.
DEBUG decoder visual FiLM [stage1] | film_gamma=unavailable (pass return_decoder_diagnostics=True)
DEBUG decoder visual FiLM [stage2] | film_gamma=unavailable (pass return_decoder_diagnostics=True)
DEBUG decoder visual FiLM [stage3] | film_gamma mean/std/min/max=0.0625/0.8978/0.0000/32.0222 | prototype_bottleneck_strength=0.4000
DEBUG decoder visual FiLM [stage4] | film_gamma mean/std/min/max=0.0625/0.8790/0.0000/25.8447 | prototype_bottleneck_strength=0.4000
DEBUG factorized comparison [stage3] | query_norm_mean=0.9958 | key_norm_mean=0.7109 | context_mean=0.0000 | context_std=0.0770 | context_min=-0.1731 | context_max=0.2284 | total_candidate_weight=336.0000 | spatial_strength=0.0992 | spatial_freq_entropy=2.7726 | spatial_freq_weight_mean=0.6936 | rank=32
DEBUG factorized comparison [stage4] | query_norm_mean=0.7478 | key_norm_mean=0.7209 | context_mean=-0.0000 | context_std=0.0610 | context_min=-0.1280 | context_max=0.1694 | total_candidate_weight=84.0000 | spatial_strength=0.0992 | spatial_freq_entropy=2.7725 | spatial_freq_weight_mean=0.6967 | rank=32
patch-priority map [stage3] | mean=0.062500 | std=0.897775 | min=0.000000 | max=32.022198 | prototype_bottleneck_strength=0.400000 | prototype_to_film_norm_ratio=3.592523
patch-priority map [stage4] | mean=0.062500 | std=0.879024 | min=0.000000 | max=25.844683 | prototype_bottleneck_strength=0.400000 | prototype_to_film_norm_ratio=3.615166
DEBUG visual concept usage [stage1] top 10:
  concept 58: 270 patches (2.51%)
  concept 167: 136 patches (1.26%)
  concept 37: 135 patches (1.26%)
  concept 29: 128 patches (1.19%)
  concept 376: 126 patches (1.17%)
  concept 161: 121 patches (1.13%)
  concept 155: 118 patches (1.10%)
  concept 144: 117 patches (1.09%)
  concept 77: 113 patches (1.05%)
  concept 203: 113 patches (1.05%)
  normalized usage entropy: 0.8604
DEBUG visual concept usage [stage2] top 10:
  concept 66: 2688 patches (100.00%)
  normalized usage entropy: 0.8288
DEBUG visual concept usage [stage3] top 10:
  concept 92: 247 patches (36.76%)
  concept 35: 237 patches (35.27%)
  concept 278: 134 patches (19.94%)
  concept 51: 30 patches (4.46%)
  concept 96: 23 patches (3.42%)
  concept 481: 1 patches (0.15%)
  normalized usage entropy: 0.7320
DEBUG visual concept usage [stage4] top 10:
  concept 184: 58 patches (34.52%)
  concept 322: 43 patches (25.60%)
  concept 341: 22 patches (13.10%)
  concept 362: 11 patches (6.55%)
  concept 121: 8 patches (4.76%)
  concept 78: 7 patches (4.17%)
  concept 23: 6 patches (3.57%)
  concept 53: 6 patches (3.57%)
  concept 299: 3 patches (1.79%)
  concept 441: 2 patches (1.19%)
  normalized usage entropy: 0.6946
DEBUG pred min/max/mean/std: -4.0 77.5 -2.78125 5.59375
DEBUG target min/max/mean/std: 0.0 1.0 0.014681365340948105 0.07632586359977722
DEBUG fixation pixels per sample: [206.0, 134.0]
DEBUG fix_batch min/max/mean/std: 0.0 1.0 0.0007378472364507616 0.02715335041284561
DEBUG losses: {'loss_total': -0.21159890294075012, 'loss_fid': 45.46151351928711, 'loss_patch_fid': 3.975752830505371, 'loss_dense_fid': 4.459171772003174, 'loss_dense_bce': -0.0, 'loss_dense_kl': 37.026588439941406, 'loss_topk': -0.0, 'loss_delta': -0.0, 'loss_cc': 0.2125922441482544, 'loss_nss': -4.76048469543457, 'loss_sim': 0.35382694005966187, 'loss_concept_dense': 0.0, 'loss_concept_kl': 0.0, 'loss_align': 0.0, 'loss_sparse': 0.0, 'loss_div': 0.0, 'loss_gate': 0.0, 'loss_visual_entropy': 0.6112708449363708, 'loss_visual_equiv': 0.0, 'loss_visual_usage': 0.22105352580547333, 'loss_temporal_attention_entropy': 0.0, 'loss_total_concept': 0.04460329934954643, 'loss_decoder_side_aux': -0.11703333258628845, 'loss_priority_map': 0.6374297142028809, 'loss_priority_map_weighted': 0.0637429729104042, 'priority_map_loss': 0.6374297142028809, 'weighted_priority_map_loss': 0.0637429729104042, 'loss_priority_map_stage3': 0.6981819868087769, 'loss_priority_map_stage4': 0.5766775012016296, 'loss_side_stage4': -0.04639497399330139, 'loss_side_stage3': -0.22132787108421326, 'loss_side_stage2': -0.26191744208335876, 'loss_side_stage1': -0.2664658725261688}
DEBUG decoder visual FiLM [stage1] | film_gamma=unavailable (pass return_decoder_diagnostics=True)
DEBUG decoder visual FiLM [stage2] | film_gamma=unavailable (pass return_decoder_diagnostics=True)
DEBUG decoder visual FiLM [stage3] | film_gamma mean/std/min/max=0.0625/1.2462/0.0000/58.4416 | prototype_bottleneck_strength=0.4000
DEBUG decoder visual FiLM [stage4] | film_gamma mean/std/min/max=0.0625/1.1610/0.0000/50.5868 | prototype_bottleneck_strength=0.4000
DEBUG factorized comparison [stage3] | query_norm_mean=0.9644 | key_norm_mean=0.6946 | context_mean=0.0000 | context_std=0.0705 | context_min=-0.1687 | context_max=0.2299 | total_candidate_weight=336.0000 | spatial_strength=0.0992 | spatial_freq_entropy=2.7726 | spatial_freq_weight_mean=0.6937 | rank=32
DEBUG factorized comparison [stage4] | query_norm_mean=0.7354 | key_norm_mean=0.7303 | context_mean=-0.0001 | context_std=0.0587 | context_min=-0.1295 | context_max=0.1807 | total_candidate_weight=84.0000 | spatial_strength=0.0992 | spatial_freq_entropy=2.7725 | spatial_freq_weight_mean=0.6967 | rank=32
patch-priority map [stage3] | mean=0.062500 | std=1.246237 | min=0.000000 | max=58.441570 | prototype_bottleneck_strength=0.400000 | prototype_to_film_norm_ratio=3.518269
patch-priority map [stage4] | mean=0.062500 | std=1.161026 | min=0.000000 | max=50.586781 | prototype_bottleneck_strength=0.400000 | prototype_to_film_norm_ratio=4.419458
Epoch 85/200
  Mean train loss: 0.102647
  Mean val loss:   0.428483
  Current LR:      3.12e-05
Val metrics   | CC: 0.5298 | SIM: 0.4347 | NSS: 3.1281
  Saved checkpoint: training_outputs/ckpts/20260917_231452/epoch_085.pth

Epoch 86/200
pred_saliency: shape=(2, 1, 224, 384) min=-4.0000 max=41.0000 mean=-2.0017 std=5.5462
sal_batch: shape=(2, 1, 360, 640) min=0.0000 max=1.0000 mean=0.0211 std=0.0859
DEBUG features_shape: {'stage1': (2, 96, 16, 56, 96), 'stage2': (2, 192, 16, 28, 48), 'stage3': (2, 384, 16, 14, 24), 'stage4': (2, 768, 16, 7, 12)}
DEBUG gate: no gate_debug available. This usually means return_concept_losses=False or lambda_gate=0.
DEBUG decoder visual FiLM [stage1] | film_gamma=unavailable (pass return_decoder_diagnostics=True)
DEBUG decoder visual FiLM [stage2] | film_gamma=unavailable (pass return_decoder_diagnostics=True)
DEBUG decoder visual FiLM [stage3] | film_gamma mean/std/min/max=0.0625/0.6569/0.0000/20.0063 | prototype_bottleneck_strength=0.4000
DEBUG decoder visual FiLM [stage4] | film_gamma mean/std/min/max=0.0625/0.6370/0.0000/15.7414 | prototype_bottleneck_strength=0.4000
DEBUG factorized comparison [stage3] | query_norm_mean=0.9679 | key_norm_mean=0.7207 | context_mean=0.0000 | context_std=0.0781 | context_min=-0.1791 | context_max=0.2030 | total_candidate_weight=336.0000 | spatial_strength=0.0992 | spatial_freq_entropy=2.7726 | spatial_freq_weight_mean=0.6937 | rank=32
DEBUG factorized comparison [stage4] | query_norm_mean=0.7911 | key_norm_mean=0.6928 | context_mean=-0.0001 | context_std=0.0674 | context_min=-0.1446 | context_max=0.1393 | total_candidate_weight=84.0000 | spatial_strength=0.0992 | spatial_freq_entropy=2.7725 | spatial_freq_weight_mean=0.6967 | rank=32
patch-priority map [stage3] | mean=0.062500 | std=0.656872 | min=0.000000 | max=20.006298 | prototype_bottleneck_strength=0.400000 | prototype_to_film_norm_ratio=2.098837
patch-priority map [stage4] | mean=0.062500 | std=0.637029 | min=0.000000 | max=15.741370 | prototype_bottleneck_strength=0.400000 | prototype_to_film_norm_ratio=2.087980
DEBUG visual concept usage [stage1] top 10:
  concept 189: 128 patches (1.19%)
  concept 246: 112 patches (1.04%)
  concept 72: 104 patches (0.97%)
  concept 167: 102 patches (0.95%)
  concept 296: 99 patches (0.92%)
  concept 99: 97 patches (0.90%)
  concept 207: 97 patches (0.90%)
  concept 75: 94 patches (0.87%)
  concept 111: 89 patches (0.83%)
  concept 270: 88 patches (0.82%)
  normalized usage entropy: 0.8633
DEBUG visual concept usage [stage2] top 10:
  concept 66: 2688 patches (100.00%)
  normalized usage entropy: 0.8287
DEBUG visual concept usage [stage3] top 10:
  concept 278: 254 patches (37.80%)
  concept 92: 223 patches (33.18%)
  concept 35: 161 patches (23.96%)
  concept 96: 17 patches (2.53%)
  concept 51: 16 patches (2.38%)
  concept 481: 1 patches (0.15%)
  normalized usage entropy: 0.7296
DEBUG visual concept usage [stage4] top 10:
  concept 184: 39 patches (23.21%)
  concept 322: 29 patches (17.26%)
  concept 121: 27 patches (16.07%)
  concept 341: 27 patches (16.07%)
  concept 23: 10 patches (5.95%)
  concept 53: 8 patches (4.76%)
  concept 78: 8 patches (4.76%)
  concept 262: 7 patches (4.17%)
  concept 362: 5 patches (2.98%)
  concept 9: 4 patches (2.38%)
  normalized usage entropy: 0.7046
DEBUG pred min/max/mean/std: -4.0 41.0 -2.0 5.53125
DEBUG target min/max/mean/std: 0.0 1.0 0.0211176835000515 0.08589878678321838
DEBUG fixation pixels per sample: [153.0, 153.0]
DEBUG fix_batch min/max/mean/std: 0.0 1.0 0.0006640625069849193 0.02576087974011898
DEBUG losses: {'loss_total': 0.3609651029109955, 'loss_fid': 30.669904708862305, 'loss_patch_fid': 3.8591156005859375, 'loss_dense_fid': 4.461106777191162, 'loss_dense_bce': -0.0, 'loss_dense_kl': 22.349681854248047, 'loss_topk': -0.0, 'loss_delta': -0.0, 'loss_cc': 0.3313450813293457, 'loss_nss': -2.551682472229004, 'loss_sim': 0.5055580139160156, 'loss_concept_dense': 0.0, 'loss_concept_kl': 0.0, 'loss_align': 0.0, 'loss_sparse': 0.0, 'loss_div': 0.0, 'loss_gate': 0.0, 'loss_visual_entropy': 0.6136329174041748, 'loss_visual_equiv': 0.0, 'loss_visual_usage': 0.21844227612018585, 'loss_temporal_attention_entropy': 0.0, 'loss_total_concept': 0.04692763462662697, 'loss_decoder_side_aux': 0.03969890624284744, 'loss_priority_map': 1.2269357442855835, 'loss_priority_map_weighted': 0.12269357591867447, 'priority_map_loss': 1.2269357442855835, 'weighted_priority_map_loss': 0.12269357591867447, 'loss_priority_map_stage3': 1.2962982654571533, 'loss_priority_map_stage4': 1.1575732231140137, 'loss_side_stage4': 0.112516388297081, 'loss_side_stage3': 0.07545509934425354, 'loss_side_stage2': 0.07187357544898987, 'loss_side_stage1': 0.0787326991558075}
DEBUG decoder visual FiLM [stage1] | film_gamma=unavailable (pass return_decoder_diagnostics=True)
DEBUG decoder visual FiLM [stage2] | film_gamma=unavailable (pass return_decoder_diagnostics=True)
DEBUG decoder visual FiLM [stage3] | film_gamma mean/std/min/max=0.0625/1.3787/0.0000/63.7970 | prototype_bottleneck_strength=0.4000
DEBUG decoder visual FiLM [stage4] | film_gamma mean/std/min/max=0.0625/1.2724/0.0000/54.0152 | prototype_bottleneck_strength=0.4000
DEBUG factorized comparison [stage3] | query_norm_mean=1.0003 | key_norm_mean=0.7055 | context_mean=0.0000 | context_std=0.0726 | context_min=-0.1761 | context_max=0.2507 | total_candidate_weight=336.0000 | spatial_strength=0.0992 | spatial_freq_entropy=2.7726 | spatial_freq_weight_mean=0.6937 | rank=32
DEBUG factorized comparison [stage4] | query_norm_mean=0.7286 | key_norm_mean=0.7262 | context_mean=-0.0000 | context_std=0.0577 | context_min=-0.1265 | context_max=0.1875 | total_candidate_weight=84.0000 | spatial_strength=0.0992 | spatial_freq_entropy=2.7725 | spatial_freq_weight_mean=0.6968 | rank=32
patch-priority map [stage3] | mean=0.062500 | std=1.378677 | min=0.000000 | max=63.797047 | prototype_bottleneck_strength=0.400000 | prototype_to_film_norm_ratio=3.733080
patch-priority map [stage4] | mean=0.062500 | std=1.272431 | min=0.000000 | max=54.015247 | prototype_bottleneck_strength=0.400000 | prototype_to_film_norm_ratio=4.164677
Epoch 86/200
  Mean train loss: 0.090558
  Mean val loss:   0.423970
  Current LR:      3.08e-05
Val metrics   | CC: 0.5332 | SIM: 0.4377 | NSS: 3.1374
  Saved checkpoint: training_outputs/ckpts/20260917_231452/epoch_086.pth

Epoch 87/200
pred_saliency: shape=(2, 1, 224, 384) min=-4.0000 max=79.0000 mean=-2.6315 std=6.0791
sal_batch: shape=(2, 1, 360, 640) min=0.0000 max=1.0000 mean=0.0204 std=0.0863
DEBUG features_shape: {'stage1': (2, 96, 16, 56, 96), 'stage2': (2, 192, 16, 28, 48), 'stage3': (2, 384, 16, 14, 24), 'stage4': (2, 768, 16, 7, 12)}
DEBUG gate: no gate_debug available. This usually means return_concept_losses=False or lambda_gate=0.
DEBUG decoder visual FiLM [stage1] | film_gamma=unavailable (pass return_decoder_diagnostics=True)
DEBUG decoder visual FiLM [stage2] | film_gamma=unavailable (pass return_decoder_diagnostics=True)
DEBUG decoder visual FiLM [stage3] | film_gamma mean/std/min/max=0.0625/0.8478/0.0000/34.5837 | prototype_bottleneck_strength=0.4000
DEBUG decoder visual FiLM [stage4] | film_gamma mean/std/min/max=0.0625/0.8006/0.0000/27.7015 | prototype_bottleneck_strength=0.4000
DEBUG factorized comparison [stage3] | query_norm_mean=0.9986 | key_norm_mean=0.7058 | context_mean=0.0000 | context_std=0.0729 | context_min=-0.1739 | context_max=0.2060 | total_candidate_weight=336.0000 | spatial_strength=0.0992 | spatial_freq_entropy=2.7726 | spatial_freq_weight_mean=0.6937 | rank=32
DEBUG factorized comparison [stage4] | query_norm_mean=0.7273 | key_norm_mean=0.7377 | context_mean=-0.0001 | context_std=0.0578 | context_min=-0.1205 | context_max=0.1446 | total_candidate_weight=84.0000 | spatial_strength=0.0992 | spatial_freq_entropy=2.7725 | spatial_freq_weight_mean=0.6968 | rank=32
patch-priority map [stage3] | mean=0.062500 | std=0.847755 | min=0.000000 | max=34.583710 | prototype_bottleneck_strength=0.400000 | prototype_to_film_norm_ratio=2.673525
patch-priority map [stage4] | mean=0.062500 | std=0.800595 | min=0.000000 | max=27.701506 | prototype_bottleneck_strength=0.400000 | prototype_to_film_norm_ratio=2.690907
DEBUG visual concept usage [stage1] top 10:
  concept 167: 116 patches (1.08%)
  concept 185: 110 patches (1.02%)
  concept 189: 101 patches (0.94%)
  concept 66: 100 patches (0.93%)
  concept 118: 99 patches (0.92%)
  concept 27: 98 patches (0.91%)
  concept 20: 94 patches (0.87%)
  concept 22: 94 patches (0.87%)
  concept 161: 91 patches (0.85%)
  concept 394: 91 patches (0.85%)
  normalized usage entropy: 0.8633
DEBUG visual concept usage [stage2] top 10:
  concept 66: 2688 patches (100.00%)
  normalized usage entropy: 0.8288
DEBUG visual concept usage [stage3] top 10:
  concept 35: 271 patches (40.33%)
  concept 92: 259 patches (38.54%)
  concept 278: 120 patches (17.86%)
  concept 96: 10 patches (1.49%)
  concept 51: 9 patches (1.34%)
  concept 481: 2 patches (0.30%)
  concept 90: 1 patches (0.15%)
  normalized usage entropy: 0.7317
DEBUG visual concept usage [stage4] top 10:
  concept 184: 66 patches (39.29%)
  concept 322: 41 patches (24.40%)
  concept 121: 13 patches (7.74%)
  concept 341: 12 patches (7.14%)
  concept 53: 10 patches (5.95%)
  concept 362: 7 patches (4.17%)
  concept 9: 6 patches (3.57%)
  concept 299: 5 patches (2.98%)
  concept 23: 2 patches (1.19%)
  concept 262: 2 patches (1.19%)
  normalized usage entropy: 0.6942
DEBUG pred min/max/mean/std: -4.0 79.0 -2.625 6.09375
DEBUG target min/max/mean/std: 0.0 1.0 0.020442983135581017 0.08631373941898346
DEBUG fixation pixels per sample: [212.0, 124.0]
DEBUG fix_batch min/max/mean/std: 0.0 1.0 0.0007291666697710752 0.026993267238140106
DEBUG losses: {'loss_total': 0.3588135838508606, 'loss_fid': 59.323829650878906, 'loss_patch_fid': 3.9661669731140137, 'loss_dense_fid': 4.418818950653076, 'loss_dense_bce': -0.0, 'loss_dense_kl': 50.9388427734375, 'loss_topk': -0.0, 'loss_delta': -0.0, 'loss_cc': 0.4098970890045166, 'loss_nss': -3.483689308166504, 'loss_sim': 0.533715009689331, 'loss_concept_dense': 0.0, 'loss_concept_kl': 0.0, 'loss_align': 0.0, 'loss_sparse': 0.0, 'loss_div': 0.0, 'loss_gate': 0.0, 'loss_visual_entropy': 0.6138284206390381, 'loss_visual_equiv': 0.0, 'loss_visual_usage': 0.22050663828849792, 'loss_temporal_attention_entropy': 0.0, 'loss_total_concept': 0.045751653611660004, 'loss_decoder_side_aux': 0.029827745631337166, 'loss_priority_map': 1.4321473836898804, 'loss_priority_map_weighted': 0.14321474730968475, 'priority_map_loss': 1.4321473836898804, 'weighted_priority_map_loss': 0.14321474730968475, 'loss_priority_map_stage3': 1.717221975326538, 'loss_priority_map_stage4': 1.1470727920532227, 'loss_side_stage4': 0.04363352060317993, 'loss_side_stage3': 0.07919824123382568, 'loss_side_stage2': 0.05599740147590637, 'loss_side_stage1': 0.056633174419403076}
DEBUG decoder visual FiLM [stage1] | film_gamma=unavailable (pass return_decoder_diagnostics=True)
DEBUG decoder visual FiLM [stage2] | film_gamma=unavailable (pass return_decoder_diagnostics=True)
DEBUG decoder visual FiLM [stage3] | film_gamma mean/std/min/max=0.0625/1.2754/0.0000/57.5622 | prototype_bottleneck_strength=0.4000
DEBUG decoder visual FiLM [stage4] | film_gamma mean/std/min/max=0.0625/1.2568/0.0000/55.9851 | prototype_bottleneck_strength=0.4000
DEBUG factorized comparison [stage3] | query_norm_mean=0.9433 | key_norm_mean=0.6788 | context_mean=0.0000 | context_std=0.0681 | context_min=-0.1679 | context_max=0.2284 | total_candidate_weight=336.0000 | spatial_strength=0.0992 | spatial_freq_entropy=2.7726 | spatial_freq_weight_mean=0.6937 | rank=32
DEBUG factorized comparison [stage4] | query_norm_mean=0.7404 | key_norm_mean=0.7137 | context_mean=-0.0001 | context_std=0.0576 | context_min=-0.1288 | context_max=0.1852 | total_candidate_weight=84.0000 | spatial_strength=0.0992 | spatial_freq_entropy=2.7725 | spatial_freq_weight_mean=0.6968 | rank=32
patch-priority map [stage3] | mean=0.062500 | std=1.275363 | min=0.000000 | max=57.562160 | prototype_bottleneck_strength=0.400000 | prototype_to_film_norm_ratio=3.271350
patch-priority map [stage4] | mean=0.062500 | std=1.256782 | min=0.000000 | max=55.985146 | prototype_bottleneck_strength=0.400000 | prototype_to_film_norm_ratio=3.733937
Epoch 87/200
  Mean train loss: 0.122498
  Mean val loss:   0.421778
  Current LR:      3.05e-05
Val metrics   | CC: 0.5344 | SIM: 0.4311 | NSS: 3.1431
  Saved checkpoint: training_outputs/ckpts/20260917_231452/epoch_087.pth

Epoch 88/200
pred_saliency: shape=(2, 1, 224, 384) min=-4.0000 max=48.7500 mean=-1.7419 std=5.6246
sal_batch: shape=(2, 1, 360, 640) min=0.0000 max=1.0000 mean=0.0188 std=0.0844
DEBUG features_shape: {'stage1': (2, 96, 16, 56, 96), 'stage2': (2, 192, 16, 28, 48), 'stage3': (2, 384, 16, 14, 24), 'stage4': (2, 768, 16, 7, 12)}
DEBUG gate: no gate_debug available. This usually means return_concept_losses=False or lambda_gate=0.
DEBUG decoder visual FiLM [stage1] | film_gamma=unavailable (pass return_decoder_diagnostics=True)
DEBUG decoder visual FiLM [stage2] | film_gamma=unavailable (pass return_decoder_diagnostics=True)
DEBUG decoder visual FiLM [stage3] | film_gamma mean/std/min/max=0.0625/0.7043/0.0000/29.1333 | prototype_bottleneck_strength=0.4000
DEBUG decoder visual FiLM [stage4] | film_gamma mean/std/min/max=0.0625/0.8738/0.0000/34.5222 | prototype_bottleneck_strength=0.4000
DEBUG factorized comparison [stage3] | query_norm_mean=0.9473 | key_norm_mean=0.6934 | context_mean=0.0001 | context_std=0.0734 | context_min=-0.1701 | context_max=0.1985 | total_candidate_weight=336.0000 | spatial_strength=0.0992 | spatial_freq_entropy=2.7726 | spatial_freq_weight_mean=0.6937 | rank=32
DEBUG factorized comparison [stage4] | query_norm_mean=0.7736 | key_norm_mean=0.6956 | context_mean=-0.0000 | context_std=0.0627 | context_min=-0.1333 | context_max=0.1498 | total_candidate_weight=84.0000 | spatial_strength=0.0992 | spatial_freq_entropy=2.7725 | spatial_freq_weight_mean=0.6968 | rank=32
patch-priority map [stage3] | mean=0.062500 | std=0.704252 | min=0.000000 | max=29.133266 | prototype_bottleneck_strength=0.400000 | prototype_to_film_norm_ratio=2.102158
patch-priority map [stage4] | mean=0.062500 | std=0.873764 | min=0.000000 | max=34.522240 | prototype_bottleneck_strength=0.400000 | prototype_to_film_norm_ratio=2.781379
DEBUG visual concept usage [stage1] top 10:
  concept 199: 144 patches (1.34%)
  concept 37: 121 patches (1.13%)
  concept 77: 114 patches (1.06%)
  concept 84: 92 patches (0.86%)
  concept 58: 90 patches (0.84%)
  concept 232: 90 patches (0.84%)
  concept 218: 87 patches (0.81%)
  concept 65: 85 patches (0.79%)
  concept 75: 85 patches (0.79%)
  concept 394: 85 patches (0.79%)
  normalized usage entropy: 0.8648
DEBUG visual concept usage [stage2] top 10:
  concept 66: 2688 patches (100.00%)
  normalized usage entropy: 0.8288
DEBUG visual concept usage [stage3] top 10:
  concept 92: 238 patches (35.42%)
  concept 35: 221 patches (32.89%)
  concept 278: 194 patches (28.87%)
  concept 51: 14 patches (2.08%)
  concept 96: 4 patches (0.60%)
  concept 469: 1 patches (0.15%)
  normalized usage entropy: 0.7349
DEBUG visual concept usage [stage4] top 10:
  concept 184: 56 patches (33.33%)
  concept 341: 36 patches (21.43%)
  concept 322: 29 patches (17.26%)
  concept 121: 11 patches (6.55%)
  concept 262: 9 patches (5.36%)
  concept 23: 8 patches (4.76%)
  concept 9: 6 patches (3.57%)
  concept 53: 4 patches (2.38%)
  concept 78: 4 patches (2.38%)
  concept 362: 3 patches (1.79%)
  normalized usage entropy: 0.7058
DEBUG pred min/max/mean/std: -4.0 48.75 -1.7421875 5.625
DEBUG target min/max/mean/std: 0.0 1.0 0.018763097003102303 0.08438877016305923
DEBUG fixation pixels per sample: [135.0, 231.0]
DEBUG fix_batch min/max/mean/std: 0.0 1.0 0.0007942708325572312 0.02817164547741413
DEBUG losses: {'loss_total': 1.0992634296417236, 'loss_fid': 41.58289337158203, 'loss_patch_fid': 3.9373183250427246, 'loss_dense_fid': 4.391485214233398, 'loss_dense_bce': -0.0, 'loss_dense_kl': 33.25408935546875, 'loss_topk': -0.0, 'loss_delta': -0.0, 'loss_cc': 0.6690211296081543, 'loss_nss': -1.632249355316162, 'loss_sim': 0.6769000291824341, 'loss_concept_dense': 0.0, 'loss_concept_kl': 0.0, 'loss_align': 0.0, 'loss_sparse': 0.0, 'loss_div': 0.0, 'loss_gate': 0.0, 'loss_visual_entropy': 0.6158562898635864, 'loss_visual_equiv': 0.0, 'loss_visual_usage': 0.21645332872867584, 'loss_temporal_attention_entropy': 0.0, 'loss_total_concept': 0.046191245317459106, 'loss_decoder_side_aux': 0.25791099667549133, 'loss_priority_map': 1.9695039987564087, 'loss_priority_map_weighted': 0.19695040583610535, 'priority_map_loss': 1.9695039987564087, 'weighted_priority_map_loss': 0.19695040583610535, 'loss_priority_map_stage3': 1.9172351360321045, 'loss_priority_map_stage4': 2.021772861480713, 'loss_side_stage4': 0.5152617692947388, 'loss_side_stage3': 0.5056290030479431, 'loss_side_stage2': 0.5242042541503906, 'loss_side_stage1': 0.5147718191146851}
DEBUG decoder visual FiLM [stage1] | film_gamma=unavailable (pass return_decoder_diagnostics=True)
DEBUG decoder visual FiLM [stage2] | film_gamma=unavailable (pass return_decoder_diagnostics=True)
DEBUG decoder visual FiLM [stage3] | film_gamma mean/std/min/max=0.0625/1.3595/0.0000/62.8366 | prototype_bottleneck_strength=0.4000
DEBUG decoder visual FiLM [stage4] | film_gamma mean/std/min/max=0.0625/1.2876/0.0000/56.4788 | prototype_bottleneck_strength=0.4000
DEBUG factorized comparison [stage3] | query_norm_mean=0.9836 | key_norm_mean=0.7057 | context_mean=0.0000 | context_std=0.0722 | context_min=-0.1731 | context_max=0.2463 | total_candidate_weight=336.0000 | spatial_strength=0.0992 | spatial_freq_entropy=2.7726 | spatial_freq_weight_mean=0.6937 | rank=32
DEBUG factorized comparison [stage4] | query_norm_mean=0.7359 | key_norm_mean=0.7093 | context_mean=-0.0001 | context_std=0.0589 | context_min=-0.1280 | context_max=0.1852 | total_candidate_weight=84.0000 | spatial_strength=0.0992 | spatial_freq_entropy=2.7725 | spatial_freq_weight_mean=0.6969 | rank=32
patch-priority map [stage3] | mean=0.062500 | std=1.359531 | min=0.000000 | max=62.836636 | prototype_bottleneck_strength=0.400000 | prototype_to_film_norm_ratio=3.836184
patch-priority map [stage4] | mean=0.062500 | std=1.287579 | min=0.000000 | max=56.478775 | prototype_bottleneck_strength=0.400000 | prototype_to_film_norm_ratio=3.630284
Epoch 88/200
  Mean train loss: 0.107121
  Mean val loss:   0.423574
  Current LR:      3.01e-05
Val metrics   | CC: 0.5353 | SIM: 0.4345 | NSS: 3.1219
  Saved checkpoint: training_outputs/ckpts/20260917_231452/epoch_088.pth

Epoch 89/200
pred_saliency: shape=(2, 1, 224, 384) min=-4.0000 max=81.0000 mean=-2.7893 std=6.3418
sal_batch: shape=(2, 1, 360, 640) min=0.0000 max=1.0000 mean=0.0136 std=0.0752
DEBUG features_shape: {'stage1': (2, 96, 16, 56, 96), 'stage2': (2, 192, 16, 28, 48), 'stage3': (2, 384, 16, 14, 24), 'stage4': (2, 768, 16, 7, 12)}
DEBUG gate: no gate_debug available. This usually means return_concept_losses=False or lambda_gate=0.
DEBUG decoder visual FiLM [stage1] | film_gamma=unavailable (pass return_decoder_diagnostics=True)
DEBUG decoder visual FiLM [stage2] | film_gamma=unavailable (pass return_decoder_diagnostics=True)
DEBUG decoder visual FiLM [stage3] | film_gamma mean/std/min/max=0.0625/1.0260/0.0000/52.4435 | prototype_bottleneck_strength=0.4000
DEBUG decoder visual FiLM [stage4] | film_gamma mean/std/min/max=0.0625/0.9501/0.0000/26.5551 | prototype_bottleneck_strength=0.4000
DEBUG factorized comparison [stage3] | query_norm_mean=0.9861 | key_norm_mean=0.7117 | context_mean=0.0000 | context_std=0.0756 | context_min=-0.1754 | context_max=0.2239 | total_candidate_weight=336.0000 | spatial_strength=0.0992 | spatial_freq_entropy=2.7726 | spatial_freq_weight_mean=0.6937 | rank=32
DEBUG factorized comparison [stage4] | query_norm_mean=0.7387 | key_norm_mean=0.7182 | context_mean=-0.0001 | context_std=0.0613 | context_min=-0.1280 | context_max=0.1642 | total_candidate_weight=84.0000 | spatial_strength=0.0992 | spatial_freq_entropy=2.7725 | spatial_freq_weight_mean=0.6969 | rank=32
patch-priority map [stage3] | mean=0.062500 | std=1.025963 | min=0.000000 | max=52.443470 | prototype_bottleneck_strength=0.400000 | prototype_to_film_norm_ratio=3.406237
patch-priority map [stage4] | mean=0.062500 | std=0.950094 | min=0.000000 | max=26.555143 | prototype_bottleneck_strength=0.400000 | prototype_to_film_norm_ratio=3.222891
DEBUG visual concept usage [stage1] top 10:
  concept 22: 259 patches (2.41%)
  concept 166: 200 patches (1.86%)
  concept 481: 180 patches (1.67%)
  concept 440: 121 patches (1.13%)
  concept 58: 114 patches (1.06%)
  concept 394: 114 patches (1.06%)
  concept 164: 109 patches (1.01%)
  concept 131: 105 patches (0.98%)
  concept 367: 104 patches (0.97%)
  concept 410: 103 patches (0.96%)
  normalized usage entropy: 0.8533
DEBUG visual concept usage [stage2] top 10:
  concept 66: 2688 patches (100.00%)
  normalized usage entropy: 0.8287
DEBUG visual concept usage [stage3] top 10:
  concept 35: 270 patches (40.18%)
  concept 92: 259 patches (38.54%)
  concept 278: 108 patches (16.07%)
  concept 96: 17 patches (2.53%)
  concept 51: 16 patches (2.38%)
  concept 481: 2 patches (0.30%)
  normalized usage entropy: 0.7340
DEBUG visual concept usage [stage4] top 10:
  concept 184: 59 patches (35.12%)
  concept 322: 36 patches (21.43%)
  concept 341: 21 patches (12.50%)
  concept 78: 7 patches (4.17%)
  concept 121: 7 patches (4.17%)
  concept 362: 7 patches (4.17%)
  concept 9: 6 patches (3.57%)
  concept 23: 6 patches (3.57%)
  concept 53: 6 patches (3.57%)
  concept 262: 4 patches (2.38%)
  normalized usage entropy: 0.7042
DEBUG pred min/max/mean/std: -4.0 81.0 -2.796875 6.34375
DEBUG target min/max/mean/std: 0.0 1.0 0.013582397252321243 0.07515854388475418
DEBUG fixation pixels per sample: [122.0, 177.0]
DEBUG fix_batch min/max/mean/std: 0.0 1.0 0.0006488715298473835 0.025464719161391258
DEBUG losses: {'loss_total': -0.18064674735069275, 'loss_fid': 57.601356506347656, 'loss_patch_fid': 4.019240856170654, 'loss_dense_fid': 4.482224941253662, 'loss_dense_bce': -0.0, 'loss_dense_kl': 49.099891662597656, 'loss_topk': -0.0, 'loss_delta': -0.0, 'loss_cc': 0.21119463443756104, 'loss_nss': -5.070330619812012, 'loss_sim': 0.36366283893585205, 'loss_concept_dense': 0.0, 'loss_concept_kl': 0.0, 'loss_align': 0.0, 'loss_sparse': 0.0, 'loss_div': 0.0, 'loss_gate': 0.0, 'loss_visual_entropy': 0.6132488250732422, 'loss_visual_equiv': 0.0, 'loss_visual_usage': 0.2199278622865677, 'loss_temporal_attention_entropy': 0.0, 'loss_total_concept': 0.04499370604753494, 'loss_decoder_side_aux': -0.14518623054027557, 'loss_priority_map': 1.5395888090133667, 'loss_priority_map_weighted': 0.15395888686180115, 'priority_map_loss': 1.5395888090133667, 'weighted_priority_map_loss': 0.15395888686180115, 'loss_priority_map_stage3': 1.2406442165374756, 'loss_priority_map_stage4': 1.8385334014892578, 'loss_side_stage4': -0.2620490491390228, 'loss_side_stage3': -0.29356712102890015, 'loss_side_stage2': -0.29367929697036743, 'loss_side_stage1': -0.2933758497238159}
DEBUG decoder visual FiLM [stage1] | film_gamma=unavailable (pass return_decoder_diagnostics=True)
DEBUG decoder visual FiLM [stage2] | film_gamma=unavailable (pass return_decoder_diagnostics=True)
DEBUG decoder visual FiLM [stage3] | film_gamma mean/std/min/max=0.0625/1.2591/0.0000/62.2785 | prototype_bottleneck_strength=0.4000
DEBUG decoder visual FiLM [stage4] | film_gamma mean/std/min/max=0.0625/1.0983/0.0000/49.6641 | prototype_bottleneck_strength=0.4000
DEBUG factorized comparison [stage3] | query_norm_mean=1.0004 | key_norm_mean=0.7213 | context_mean=0.0000 | context_std=0.0755 | context_min=-0.1836 | context_max=0.2463 | total_candidate_weight=336.0000 | spatial_strength=0.0992 | spatial_freq_entropy=2.7726 | spatial_freq_weight_mean=0.6937 | rank=32
DEBUG factorized comparison [stage4] | query_norm_mean=0.7321 | key_norm_mean=0.6781 | context_mean=-0.0000 | context_std=0.0572 | context_min=-0.1265 | context_max=0.1724 | total_candidate_weight=84.0000 | spatial_strength=0.0993 | spatial_freq_entropy=2.7725 | spatial_freq_weight_mean=0.6969 | rank=32
patch-priority map [stage3] | mean=0.062500 | std=1.259053 | min=0.000000 | max=62.278484 | prototype_bottleneck_strength=0.400000 | prototype_to_film_norm_ratio=3.502953
patch-priority map [stage4] | mean=0.062500 | std=1.098269 | min=0.000000 | max=49.664116 | prototype_bottleneck_strength=0.400000 | prototype_to_film_norm_ratio=3.326468
Epoch 89/200
  Mean train loss: 0.112582
  Mean val loss:   0.428731
  Current LR:      2.97e-05
Val metrics   | CC: 0.5314 | SIM: 0.4286 | NSS: 3.1213
  Saved checkpoint: training_outputs/ckpts/20260917_231452/epoch_089.pth

Epoch 90/200
pred_saliency: shape=(2, 1, 224, 384) min=-4.0000 max=93.5000 mean=-2.3868 std=6.0165
sal_batch: shape=(2, 1, 360, 640) min=0.0000 max=1.0000 mean=0.0157 std=0.0766
DEBUG features_shape: {'stage1': (2, 96, 16, 56, 96), 'stage2': (2, 192, 16, 28, 48), 'stage3': (2, 384, 16, 14, 24), 'stage4': (2, 768, 16, 7, 12)}
DEBUG gate: no gate_debug available. This usually means return_concept_losses=False or lambda_gate=0.
DEBUG decoder visual FiLM [stage1] | film_gamma=unavailable (pass return_decoder_diagnostics=True)
DEBUG decoder visual FiLM [stage2] | film_gamma=unavailable (pass return_decoder_diagnostics=True)
DEBUG decoder visual FiLM [stage3] | film_gamma mean/std/min/max=0.0625/0.8464/0.0000/46.7324 | prototype_bottleneck_strength=0.4000
DEBUG decoder visual FiLM [stage4] | film_gamma mean/std/min/max=0.0625/0.9038/0.0000/33.3623 | prototype_bottleneck_strength=0.4000
DEBUG factorized comparison [stage3] | query_norm_mean=0.9962 | key_norm_mean=0.7086 | context_mean=0.0000 | context_std=0.0706 | context_min=-0.1836 | context_max=0.1925 | total_candidate_weight=336.0000 | spatial_strength=0.0992 | spatial_freq_entropy=2.7726 | spatial_freq_weight_mean=0.6937 | rank=32
DEBUG factorized comparison [stage4] | query_norm_mean=0.7134 | key_norm_mean=0.6980 | context_mean=-0.0000 | context_std=0.0545 | context_min=-0.1205 | context_max=0.1589 | total_candidate_weight=84.0000 | spatial_strength=0.0993 | spatial_freq_entropy=2.7725 | spatial_freq_weight_mean=0.6969 | rank=32
patch-priority map [stage3] | mean=0.062500 | std=0.846351 | min=0.000000 | max=46.732449 | prototype_bottleneck_strength=0.400000 | prototype_to_film_norm_ratio=2.875526
patch-priority map [stage4] | mean=0.062500 | std=0.903808 | min=0.000000 | max=33.362343 | prototype_bottleneck_strength=0.400000 | prototype_to_film_norm_ratio=3.389384
DEBUG visual concept usage [stage1] top 10:
  concept 467: 129 patches (1.20%)
  concept 508: 123 patches (1.14%)
  concept 79: 119 patches (1.11%)
  concept 231: 117 patches (1.09%)
  concept 120: 115 patches (1.07%)
  concept 427: 113 patches (1.05%)
  concept 207: 111 patches (1.03%)
  concept 99: 110 patches (1.02%)
  concept 376: 110 patches (1.02%)
  concept 246: 109 patches (1.01%)
  normalized usage entropy: 0.8573
DEBUG visual concept usage [stage2] top 10:
  concept 66: 2688 patches (100.00%)
  normalized usage entropy: 0.8287
DEBUG visual concept usage [stage3] top 10:
  concept 92: 249 patches (37.05%)
  concept 35: 239 patches (35.57%)
  concept 278: 158 patches (23.51%)
  concept 51: 18 patches (2.68%)
  concept 96: 7 patches (1.04%)
  concept 481: 1 patches (0.15%)
  normalized usage entropy: 0.7368
DEBUG visual concept usage [stage4] top 10:
  concept 184: 59 patches (35.12%)
  concept 322: 49 patches (29.17%)
  concept 341: 29 patches (17.26%)
  concept 78: 7 patches (4.17%)
  concept 121: 7 patches (4.17%)
  concept 262: 5 patches (2.98%)
  concept 362: 5 patches (2.98%)
  concept 53: 3 patches (1.79%)
  concept 23: 2 patches (1.19%)
  concept 9: 1 patches (0.60%)
  normalized usage entropy: 0.7064
DEBUG pred min/max/mean/std: -4.0 93.5 -2.390625 6.03125
DEBUG target min/max/mean/std: 0.0 1.0 0.0156840980052948 0.07663216441869736
DEBUG fixation pixels per sample: [186.0, 172.0]
DEBUG fix_batch min/max/mean/std: 0.0 1.0 0.0007769097574055195 0.027862299233675003
DEBUG losses: {'loss_total': -0.14078590273857117, 'loss_fid': 41.908851623535156, 'loss_patch_fid': 4.004545211791992, 'loss_dense_fid': 4.423288822174072, 'loss_dense_bce': -0.0, 'loss_dense_kl': 33.48101806640625, 'loss_topk': -0.0, 'loss_delta': -0.0, 'loss_cc': 0.2510209083557129, 'loss_nss': -4.779435157775879, 'loss_sim': 0.3724076747894287, 'loss_concept_dense': 0.0, 'loss_concept_kl': 0.0, 'loss_align': 0.0, 'loss_sparse': 0.0, 'loss_div': 0.0, 'loss_gate': 0.0, 'loss_visual_entropy': 0.6190909743309021, 'loss_visual_equiv': 0.0, 'loss_visual_usage': 0.21769070625305176, 'loss_temporal_attention_entropy': 0.0, 'loss_total_concept': 0.04535558074712753, 'loss_decoder_side_aux': -0.10738171637058258, 'loss_priority_map': 0.8605754375457764, 'loss_priority_map_weighted': 0.08605754375457764, 'priority_map_loss': 0.8605754375457764, 'weighted_priority_map_loss': 0.08605754375457764, 'loss_priority_map_stage3': 0.9967066049575806, 'loss_priority_map_stage4': 0.7244442701339722, 'loss_side_stage4': -0.2117750644683838, 'loss_side_stage3': -0.19267573952674866, 'loss_side_stage2': -0.21803900599479675, 'loss_side_stage1': -0.22409763932228088}
DEBUG decoder visual FiLM [stage1] | film_gamma=unavailable (pass return_decoder_diagnostics=True)
DEBUG decoder visual FiLM [stage2] | film_gamma=unavailable (pass return_decoder_diagnostics=True)
DEBUG decoder visual FiLM [stage3] | film_gamma mean/std/min/max=0.0625/1.4515/0.0000/72.2933 | prototype_bottleneck_strength=0.4000
DEBUG decoder visual FiLM [stage4] | film_gamma mean/std/min/max=0.0625/1.3565/0.0000/56.0835 | prototype_bottleneck_strength=0.4000
DEBUG factorized comparison [stage3] | query_norm_mean=1.0781 | key_norm_mean=0.7485 | context_mean=0.0000 | context_std=0.0832 | context_min=-0.1985 | context_max=0.2791 | total_candidate_weight=336.0000 | spatial_strength=0.0991 | spatial_freq_entropy=2.7726 | spatial_freq_weight_mean=0.6937 | rank=32
DEBUG factorized comparison [stage4] | query_norm_mean=0.7337 | key_norm_mean=0.7036 | context_mean=-0.0000 | context_std=0.0578 | context_min=-0.1265 | context_max=0.1883 | total_candidate_weight=84.0000 | spatial_strength=0.0992 | spatial_freq_entropy=2.7725 | spatial_freq_weight_mean=0.6969 | rank=32
patch-priority map [stage3] | mean=0.062500 | std=1.451490 | min=0.000000 | max=72.293320 | prototype_bottleneck_strength=0.400000 | prototype_to_film_norm_ratio=4.700496
patch-priority map [stage4] | mean=0.062500 | std=1.356526 | min=0.000000 | max=56.083519 | prototype_bottleneck_strength=0.400000 | prototype_to_film_norm_ratio=4.195143
Epoch 90/200
  Mean train loss: 0.100008
  Mean val loss:   0.421091
  Current LR:      2.93e-05
Val metrics   | CC: 0.5365 | SIM: 0.4393 | NSS: 3.1439
  Saved checkpoint: training_outputs/ckpts/20260917_231452/epoch_090.pth

Epoch 91/200
pred_saliency: shape=(2, 1, 224, 384) min=-4.0000 max=70.5000 mean=-2.3616 std=6.1197
sal_batch: shape=(2, 1, 360, 640) min=0.0000 max=1.0000 mean=0.0162 std=0.0799
DEBUG features_shape: {'stage1': (2, 96, 16, 56, 96), 'stage2': (2, 192, 16, 28, 48), 'stage3': (2, 384, 16, 14, 24), 'stage4': (2, 768, 16, 7, 12)}
DEBUG gate: no gate_debug available. This usually means return_concept_losses=False or lambda_gate=0.
DEBUG decoder visual FiLM [stage1] | film_gamma=unavailable (pass return_decoder_diagnostics=True)
DEBUG decoder visual FiLM [stage2] | film_gamma=unavailable (pass return_decoder_diagnostics=True)
DEBUG decoder visual FiLM [stage3] | film_gamma mean/std/min/max=0.0625/0.9145/0.0000/44.9210 | prototype_bottleneck_strength=0.4000
DEBUG decoder visual FiLM [stage4] | film_gamma mean/std/min/max=0.0625/0.7691/0.0000/19.5228 | prototype_bottleneck_strength=0.4000
DEBUG factorized comparison [stage3] | query_norm_mean=1.0787 | key_norm_mean=0.7656 | context_mean=0.0000 | context_std=0.0890 | context_min=-0.2060 | context_max=0.2701 | total_candidate_weight=336.0000 | spatial_strength=0.0991 | spatial_freq_entropy=2.7726 | spatial_freq_weight_mean=0.6937 | rank=32
DEBUG factorized comparison [stage4] | query_norm_mean=0.7673 | key_norm_mean=0.6783 | context_mean=-0.0001 | context_std=0.0632 | context_min=-0.1318 | context_max=0.1498 | total_candidate_weight=84.0000 | spatial_strength=0.0992 | spatial_freq_entropy=2.7725 | spatial_freq_weight_mean=0.6969 | rank=32
patch-priority map [stage3] | mean=0.062500 | std=0.914543 | min=0.000000 | max=44.920990 | prototype_bottleneck_strength=0.400000 | prototype_to_film_norm_ratio=3.154700
patch-priority map [stage4] | mean=0.062500 | std=0.769072 | min=0.000000 | max=19.522766 | prototype_bottleneck_strength=0.400000 | prototype_to_film_norm_ratio=2.278058
DEBUG visual concept usage [stage1] top 10:
  concept 131: 98 patches (0.91%)
  concept 239: 94 patches (0.87%)
  concept 68: 88 patches (0.82%)
  concept 14: 82 patches (0.76%)
  concept 132: 80 patches (0.74%)
  concept 135: 79 patches (0.73%)
  concept 9: 78 patches (0.73%)
  concept 185: 78 patches (0.73%)
  concept 65: 77 patches (0.72%)
  concept 394: 77 patches (0.72%)
  normalized usage entropy: 0.8632
DEBUG visual concept usage [stage2] top 10:
  concept 66: 2688 patches (100.00%)
  normalized usage entropy: 0.8288
DEBUG visual concept usage [stage3] top 10:
  concept 92: 257 patches (38.24%)
  concept 278: 199 patches (29.61%)
  concept 35: 182 patches (27.08%)
  concept 96: 22 patches (3.27%)
  concept 51: 9 patches (1.34%)
  concept 481: 3 patches (0.45%)
  normalized usage entropy: 0.7367
DEBUG visual concept usage [stage4] top 10:
  concept 322: 45 patches (26.79%)
  concept 184: 39 patches (23.21%)
  concept 341: 22 patches (13.10%)
  concept 121: 16 patches (9.52%)
  concept 9: 12 patches (7.14%)
  concept 23: 11 patches (6.55%)
  concept 362: 7 patches (4.17%)
  concept 78: 4 patches (2.38%)
  concept 262: 4 patches (2.38%)
  concept 53: 3 patches (1.79%)
  normalized usage entropy: 0.7142
DEBUG pred min/max/mean/std: -4.0 70.5 -2.359375 6.125
DEBUG target min/max/mean/std: 0.0 1.0 0.016163093969225883 0.07988084107637405
DEBUG fixation pixels per sample: [99.0, 137.0]
DEBUG fix_batch min/max/mean/std: 0.0 1.0 0.0005121527938172221 0.022625019773840904
DEBUG losses: {'loss_total': -0.021415844559669495, 'loss_fid': 40.1444091796875, 'loss_patch_fid': 3.892935037612915, 'loss_dense_fid': 4.5768537521362305, 'loss_dense_bce': -0.0, 'loss_dense_kl': 31.67462158203125, 'loss_topk': -0.0, 'loss_delta': -0.0, 'loss_cc': 0.27540671825408936, 'loss_nss': -4.187506675720215, 'loss_sim': 0.4269787073135376, 'loss_concept_dense': 0.0, 'loss_concept_kl': 0.0, 'loss_align': 0.0, 'loss_sparse': 0.0, 'loss_div': 0.0, 'loss_gate': 0.0, 'loss_visual_entropy': 0.6147735118865967, 'loss_visual_equiv': 0.0, 'loss_visual_usage': 0.21428613364696503, 'loss_temporal_attention_entropy': 0.0, 'loss_total_concept': 0.04542943835258484, 'loss_decoder_side_aux': -0.07083660364151001, 'loss_priority_map': 0.8013491034507751, 'loss_priority_map_weighted': 0.08013491332530975, 'priority_map_loss': 0.8013491034507751, 'weighted_priority_map_loss': 0.08013491332530975, 'loss_priority_map_stage3': 0.9729406833648682, 'loss_priority_map_stage4': 0.6297575235366821, 'loss_side_stage4': -0.1789761483669281, 'loss_side_stage3': -0.11344605684280396, 'loss_side_stage2': -0.14909720420837402, 'loss_side_stage1': -0.14089304208755493}
DEBUG decoder visual FiLM [stage1] | film_gamma=unavailable (pass return_decoder_diagnostics=True)
DEBUG decoder visual FiLM [stage2] | film_gamma=unavailable (pass return_decoder_diagnostics=True)
DEBUG decoder visual FiLM [stage3] | film_gamma mean/std/min/max=0.0625/1.3133/0.0000/64.2110 | prototype_bottleneck_strength=0.4000
DEBUG decoder visual FiLM [stage4] | film_gamma mean/std/min/max=0.0625/1.3146/0.0000/57.8768 | prototype_bottleneck_strength=0.4000
DEBUG factorized comparison [stage3] | query_norm_mean=0.9948 | key_norm_mean=0.7149 | context_mean=0.0000 | context_std=0.0749 | context_min=-0.1784 | context_max=0.2478 | total_candidate_weight=336.0000 | spatial_strength=0.0992 | spatial_freq_entropy=2.7726 | spatial_freq_weight_mean=0.6937 | rank=32
DEBUG factorized comparison [stage4] | query_norm_mean=0.7206 | key_norm_mean=0.6634 | context_mean=0.0000 | context_std=0.0535 | context_min=-0.1235 | context_max=0.1777 | total_candidate_weight=84.0000 | spatial_strength=0.0993 | spatial_freq_entropy=2.7725 | spatial_freq_weight_mean=0.6970 | rank=32
patch-priority map [stage3] | mean=0.062500 | std=1.313253 | min=0.000000 | max=64.211014 | prototype_bottleneck_strength=0.400000 | prototype_to_film_norm_ratio=3.834381
patch-priority map [stage4] | mean=0.062500 | std=1.314597 | min=0.000000 | max=57.876820 | prototype_bottleneck_strength=0.400000 | prototype_to_film_norm_ratio=3.790763
Epoch 91/200
  Mean train loss: 0.117168
  Mean val loss:   0.417091
  Current LR:      2.90e-05
Val metrics   | CC: 0.5377 | SIM: 0.4341 | NSS: 3.1509
  Saved checkpoint: training_outputs/ckpts/20260917_231452/epoch_091.pth

Epoch 92/200
pred_saliency: shape=(2, 1, 224, 384) min=-4.0000 max=58.0000 mean=-2.4021 std=5.9503
sal_batch: shape=(2, 1, 360, 640) min=0.0000 max=1.0000 mean=0.0160 std=0.0770
DEBUG features_shape: {'stage1': (2, 96, 16, 56, 96), 'stage2': (2, 192, 16, 28, 48), 'stage3': (2, 384, 16, 14, 24), 'stage4': (2, 768, 16, 7, 12)}
DEBUG gate: no gate_debug available. This usually means return_concept_losses=False or lambda_gate=0.
DEBUG decoder visual FiLM [stage1] | film_gamma=unavailable (pass return_decoder_diagnostics=True)
DEBUG decoder visual FiLM [stage2] | film_gamma=unavailable (pass return_decoder_diagnostics=True)
DEBUG decoder visual FiLM [stage3] | film_gamma mean/std/min/max=0.0625/0.7890/0.0000/27.2522 | prototype_bottleneck_strength=0.4000
DEBUG decoder visual FiLM [stage4] | film_gamma mean/std/min/max=0.0625/0.8856/0.0000/29.8029 | prototype_bottleneck_strength=0.4000
DEBUG factorized comparison [stage3] | query_norm_mean=0.9995 | key_norm_mean=0.7402 | context_mean=0.0000 | context_std=0.0847 | context_min=-0.1836 | context_max=0.2254 | total_candidate_weight=336.0000 | spatial_strength=0.0992 | spatial_freq_entropy=2.7726 | spatial_freq_weight_mean=0.6937 | rank=32
DEBUG factorized comparison [stage4] | query_norm_mean=0.7450 | key_norm_mean=0.6553 | context_mean=-0.0000 | context_std=0.0589 | context_min=-0.1265 | context_max=0.1551 | total_candidate_weight=84.0000 | spatial_strength=0.0993 | spatial_freq_entropy=2.7725 | spatial_freq_weight_mean=0.6970 | rank=32
patch-priority map [stage3] | mean=0.062500 | std=0.788998 | min=0.000000 | max=27.252234 | prototype_bottleneck_strength=0.400000 | prototype_to_film_norm_ratio=2.753273
patch-priority map [stage4] | mean=0.062500 | std=0.885627 | min=0.000000 | max=29.802860 | prototype_bottleneck_strength=0.400000 | prototype_to_film_norm_ratio=2.813075
DEBUG visual concept usage [stage1] top 10:
  concept 281: 533 patches (4.96%)
  concept 166: 469 patches (4.36%)
  concept 481: 310 patches (2.88%)
  concept 91: 219 patches (2.04%)
  concept 491: 166 patches (1.54%)
  concept 22: 165 patches (1.53%)
  concept 4: 145 patches (1.35%)
  concept 435: 129 patches (1.20%)
  concept 410: 122 patches (1.13%)
  concept 462: 114 patches (1.06%)
  normalized usage entropy: 0.8454
DEBUG visual concept usage [stage2] top 10:
  concept 66: 2688 patches (100.00%)
  normalized usage entropy: 0.8287
DEBUG visual concept usage [stage3] top 10:
  concept 35: 240 patches (35.71%)
  concept 92: 208 patches (30.95%)
  concept 278: 177 patches (26.34%)
  concept 96: 31 patches (4.61%)
  concept 51: 15 patches (2.23%)
  concept 5: 1 patches (0.15%)
  normalized usage entropy: 0.7380
DEBUG visual concept usage [stage4] top 10:
  concept 184: 55 patches (32.74%)
  concept 322: 37 patches (22.02%)
  concept 341: 20 patches (11.90%)
  concept 121: 12 patches (7.14%)
  concept 441: 10 patches (5.95%)
  concept 23: 7 patches (4.17%)
  concept 9: 6 patches (3.57%)
  concept 262: 6 patches (3.57%)
  concept 299: 4 patches (2.38%)
  concept 53: 3 patches (1.79%)
  normalized usage entropy: 0.7094
DEBUG pred min/max/mean/std: -4.0 58.0 -2.40625 5.9375
DEBUG target min/max/mean/std: 0.0 1.0 0.015996187925338745 0.07695753872394562
DEBUG fixation pixels per sample: [135.0, 187.0]
DEBUG fix_batch min/max/mean/std: 0.0 1.0 0.0006987847154960036 0.026425328105688095
DEBUG losses: {'loss_total': 0.46785521507263184, 'loss_fid': 45.99639892578125, 'loss_patch_fid': 3.9532158374786377, 'loss_dense_fid': 4.507707118988037, 'loss_dense_bce': -0.0, 'loss_dense_kl': 37.53547668457031, 'loss_topk': -0.0, 'loss_delta': -0.0, 'loss_cc': 0.45122694969177246, 'loss_nss': -3.339435338973999, 'loss_sim': 0.5651237964630127, 'loss_concept_dense': 0.0, 'loss_concept_kl': 0.0, 'loss_align': 0.0, 'loss_sparse': 0.0, 'loss_div': 0.0, 'loss_gate': 0.0, 'loss_visual_entropy': 0.6141016483306885, 'loss_visual_equiv': 0.0, 'loss_visual_usage': 0.21963077783584595, 'loss_temporal_attention_entropy': 0.0, 'loss_total_concept': 0.04551000893115997, 'loss_decoder_side_aux': 0.06647048890590668, 'loss_priority_map': 1.5704536437988281, 'loss_priority_map_weighted': 0.1570453643798828, 'priority_map_loss': 1.5704536437988281, 'weighted_priority_map_loss': 0.1570453643798828, 'loss_priority_map_stage3': 1.367600440979004, 'loss_priority_map_stage4': 1.7733068466186523, 'loss_side_stage4': 0.150589257478714, 'loss_side_stage3': 0.13888883590698242, 'loss_side_stage2': 0.14149507880210876, 'loss_side_stage1': 0.1191394031047821}
DEBUG decoder visual FiLM [stage1] | film_gamma=unavailable (pass return_decoder_diagnostics=True)
DEBUG decoder visual FiLM [stage2] | film_gamma=unavailable (pass return_decoder_diagnostics=True)
DEBUG decoder visual FiLM [stage3] | film_gamma mean/std/min/max=0.0625/1.1970/0.0000/64.5618 | prototype_bottleneck_strength=0.4000
DEBUG decoder visual FiLM [stage4] | film_gamma mean/std/min/max=0.0625/1.1034/0.0000/51.1918 | prototype_bottleneck_strength=0.4000
DEBUG factorized comparison [stage3] | query_norm_mean=0.9836 | key_norm_mean=0.7033 | context_mean=0.0000 | context_std=0.0728 | context_min=-0.1731 | context_max=0.2388 | total_candidate_weight=336.0000 | spatial_strength=0.0992 | spatial_freq_entropy=2.7726 | spatial_freq_weight_mean=0.6937 | rank=32
DEBUG factorized comparison [stage4] | query_norm_mean=0.7222 | key_norm_mean=0.6693 | context_mean=0.0000 | context_std=0.0545 | context_min=-0.1197 | context_max=0.1702 | total_candidate_weight=84.0000 | spatial_strength=0.0993 | spatial_freq_entropy=2.7725 | spatial_freq_weight_mean=0.6970 | rank=32
patch-priority map [stage3] | mean=0.062500 | std=1.197020 | min=0.000000 | max=64.561836 | prototype_bottleneck_strength=0.400000 | prototype_to_film_norm_ratio=3.209228
patch-priority map [stage4] | mean=0.062500 | std=1.103387 | min=0.000000 | max=51.191792 | prototype_bottleneck_strength=0.400000 | prototype_to_film_norm_ratio=3.301331
Epoch 92/200
  Mean train loss: 0.084143
  Mean val loss:   0.417421
  Current LR:      2.86e-05
Val metrics   | CC: 0.5378 | SIM: 0.4305 | NSS: 3.1531
  Saved checkpoint: training_outputs/ckpts/20260917_231452/epoch_092.pth

Epoch 93/200
pred_saliency: shape=(2, 1, 224, 384) min=-4.0000 max=63.0000 mean=-2.0549 std=6.1244
sal_batch: shape=(2, 1, 360, 640) min=0.0000 max=1.0000 mean=0.0209 std=0.0977
DEBUG features_shape: {'stage1': (2, 96, 16, 56, 96), 'stage2': (2, 192, 16, 28, 48), 'stage3': (2, 384, 16, 14, 24), 'stage4': (2, 768, 16, 7, 12)}
DEBUG gate: no gate_debug available. This usually means return_concept_losses=False or lambda_gate=0.
DEBUG decoder visual FiLM [stage1] | film_gamma=unavailable (pass return_decoder_diagnostics=True)
DEBUG decoder visual FiLM [stage2] | film_gamma=unavailable (pass return_decoder_diagnostics=True)
DEBUG decoder visual FiLM [stage3] | film_gamma mean/std/min/max=0.0625/0.8042/0.0000/31.2617 | prototype_bottleneck_strength=0.4000
DEBUG decoder visual FiLM [stage4] | film_gamma mean/std/min/max=0.0625/0.7479/0.0000/22.8322 | prototype_bottleneck_strength=0.4000
DEBUG factorized comparison [stage3] | query_norm_mean=0.9849 | key_norm_mean=0.7185 | context_mean=0.0001 | context_std=0.0800 | context_min=-0.1761 | context_max=0.2075 | total_candidate_weight=336.0000 | spatial_strength=0.0992 | spatial_freq_entropy=2.7726 | spatial_freq_weight_mean=0.6937 | rank=32
DEBUG factorized comparison [stage4] | query_norm_mean=0.7274 | key_norm_mean=0.6784 | context_mean=-0.0000 | context_std=0.0591 | context_min=-0.1212 | context_max=0.1340 | total_candidate_weight=84.0000 | spatial_strength=0.0993 | spatial_freq_entropy=2.7725 | spatial_freq_weight_mean=0.6970 | rank=32
patch-priority map [stage3] | mean=0.062500 | std=0.804184 | min=0.000000 | max=31.261740 | prototype_bottleneck_strength=0.400000 | prototype_to_film_norm_ratio=2.361452
patch-priority map [stage4] | mean=0.062500 | std=0.747930 | min=0.000000 | max=22.832159 | prototype_bottleneck_strength=0.400000 | prototype_to_film_norm_ratio=2.230644
DEBUG visual concept usage [stage1] top 10:
  concept 77: 175 patches (1.63%)
  concept 120: 130 patches (1.21%)
  concept 467: 120 patches (1.12%)
  concept 477: 109 patches (1.01%)
  concept 37: 105 patches (0.98%)
  concept 79: 103 patches (0.96%)
  concept 278: 103 patches (0.96%)
  concept 344: 100 patches (0.93%)
  concept 266: 97 patches (0.90%)
  concept 352: 89 patches (0.83%)
  normalized usage entropy: 0.8612
DEBUG visual concept usage [stage2] top 10:
  concept 66: 2688 patches (100.00%)
  normalized usage entropy: 0.8288
DEBUG visual concept usage [stage3] top 10:
  concept 35: 267 patches (39.73%)
  concept 92: 219 patches (32.59%)
  concept 278: 153 patches (22.77%)
  concept 51: 20 patches (2.98%)
  concept 96: 10 patches (1.49%)
  concept 481: 3 patches (0.45%)
  normalized usage entropy: 0.7384
DEBUG visual concept usage [stage4] top 10:
  concept 184: 63 patches (37.50%)
  concept 322: 31 patches (18.45%)
  concept 341: 25 patches (14.88%)
  concept 121: 15 patches (8.93%)
  concept 299: 8 patches (4.76%)
  concept 53: 5 patches (2.98%)
  concept 78: 5 patches (2.98%)
  concept 262: 5 patches (2.98%)
  concept 9: 3 patches (1.79%)
  concept 23: 2 patches (1.19%)
  normalized usage entropy: 0.7192
DEBUG pred min/max/mean/std: -4.0 63.0 -2.0625 6.125
DEBUG target min/max/mean/std: 0.0 1.0 0.020855572074651718 0.09771507233381271
DEBUG fixation pixels per sample: [69.0, 199.0]
DEBUG fix_batch min/max/mean/std: 0.0 1.0 0.0005815972108393908 0.024109339341521263
DEBUG losses: {'loss_total': 0.0712539404630661, 'loss_fid': 34.61630630493164, 'loss_patch_fid': 3.954322576522827, 'loss_dense_fid': 4.660967826843262, 'loss_dense_bce': -0.0, 'loss_dense_kl': 26.00101661682129, 'loss_topk': -0.0, 'loss_delta': -0.0, 'loss_cc': 0.2837415933609009, 'loss_nss': -3.6267952919006348, 'loss_sim': 0.4622238278388977, 'loss_concept_dense': 0.0, 'loss_concept_kl': 0.0, 'loss_align': 0.0, 'loss_sparse': 0.0, 'loss_div': 0.0, 'loss_gate': 0.0, 'loss_visual_entropy': 0.6201876401901245, 'loss_visual_equiv': 0.0, 'loss_visual_usage': 0.2131097912788391, 'loss_temporal_attention_entropy': 0.0, 'loss_total_concept': 0.046014416962862015, 'loss_decoder_side_aux': -0.038285352289676666, 'loss_priority_map': 0.7182851433753967, 'loss_priority_map_weighted': 0.07182851433753967, 'priority_map_loss': 0.7182851433753967, 'weighted_priority_map_loss': 0.07182851433753967, 'loss_priority_map_stage3': 0.7086929082870483, 'loss_priority_map_stage4': 0.7278773784637451, 'loss_side_stage4': -0.01764509081840515, 'loss_side_stage3': -0.10311293601989746, 'loss_side_stage2': -0.07677111029624939, 'loss_side_stage1': -0.07788068056106567}
DEBUG decoder visual FiLM [stage1] | film_gamma=unavailable (pass return_decoder_diagnostics=True)
DEBUG decoder visual FiLM [stage2] | film_gamma=unavailable (pass return_decoder_diagnostics=True)
DEBUG decoder visual FiLM [stage3] | film_gamma mean/std/min/max=0.0625/1.1051/0.0000/60.9230 | prototype_bottleneck_strength=0.4000
DEBUG decoder visual FiLM [stage4] | film_gamma mean/std/min/max=0.0625/1.1204/0.0000/51.4030 | prototype_bottleneck_strength=0.4000
DEBUG factorized comparison [stage3] | query_norm_mean=1.0186 | key_norm_mean=0.7225 | context_mean=0.0000 | context_std=0.0775 | context_min=-0.1828 | context_max=0.2433 | total_candidate_weight=336.0000 | spatial_strength=0.0992 | spatial_freq_entropy=2.7726 | spatial_freq_weight_mean=0.6937 | rank=32
DEBUG factorized comparison [stage4] | query_norm_mean=0.7426 | key_norm_mean=0.6953 | context_mean=-0.0000 | context_std=0.0596 | context_min=-0.1318 | context_max=0.1830 | total_candidate_weight=84.0000 | spatial_strength=0.0992 | spatial_freq_entropy=2.7725 | spatial_freq_weight_mean=0.6970 | rank=32
patch-priority map [stage3] | mean=0.062500 | std=1.105113 | min=0.000000 | max=60.923008 | prototype_bottleneck_strength=0.400000 | prototype_to_film_norm_ratio=2.987957
patch-priority map [stage4] | mean=0.062500 | std=1.120351 | min=0.000000 | max=51.403011 | prototype_bottleneck_strength=0.400000 | prototype_to_film_norm_ratio=3.307163
Epoch 93/200
  Mean train loss: 0.075839
  Mean val loss:   0.410794
  Current LR:      2.82e-05
Val metrics   | CC: 0.5407 | SIM: 0.4364 | NSS: 3.1829
  Saved checkpoint: training_outputs/ckpts/20260917_231452/epoch_093.pth

Epoch 94/200
pred_saliency: shape=(2, 1, 224, 384) min=-3.9844 max=75.0000 mean=-2.4020 std=6.3927
sal_batch: shape=(2, 1, 360, 640) min=0.0000 max=1.0000 mean=0.0170 std=0.0796
DEBUG features_shape: {'stage1': (2, 96, 16, 56, 96), 'stage2': (2, 192, 16, 28, 48), 'stage3': (2, 384, 16, 14, 24), 'stage4': (2, 768, 16, 7, 12)}
DEBUG gate: no gate_debug available. This usually means return_concept_losses=False or lambda_gate=0.
DEBUG decoder visual FiLM [stage1] | film_gamma=unavailable (pass return_decoder_diagnostics=True)
DEBUG decoder visual FiLM [stage2] | film_gamma=unavailable (pass return_decoder_diagnostics=True)
DEBUG decoder visual FiLM [stage3] | film_gamma mean/std/min/max=0.0625/0.9554/0.0000/36.1086 | prototype_bottleneck_strength=0.4000
DEBUG decoder visual FiLM [stage4] | film_gamma mean/std/min/max=0.0625/0.9240/0.0000/27.0066 | prototype_bottleneck_strength=0.4000
DEBUG factorized comparison [stage3] | query_norm_mean=1.0203 | key_norm_mean=0.7330 | context_mean=0.0000 | context_std=0.0834 | context_min=-0.1881 | context_max=0.2448 | total_candidate_weight=336.0000 | spatial_strength=0.0992 | spatial_freq_entropy=2.7726 | spatial_freq_weight_mean=0.6937 | rank=32
DEBUG factorized comparison [stage4] | query_norm_mean=0.7355 | key_norm_mean=0.7109 | context_mean=-0.0000 | context_std=0.0621 | context_min=-0.1258 | context_max=0.1830 | total_candidate_weight=84.0000 | spatial_strength=0.0992 | spatial_freq_entropy=2.7725 | spatial_freq_weight_mean=0.6970 | rank=32
patch-priority map [stage3] | mean=0.062500 | std=0.955415 | min=0.000000 | max=36.108624 | prototype_bottleneck_strength=0.400000 | prototype_to_film_norm_ratio=3.325387
patch-priority map [stage4] | mean=0.062500 | std=0.924040 | min=0.000000 | max=27.006645 | prototype_bottleneck_strength=0.400000 | prototype_to_film_norm_ratio=2.827104
DEBUG visual concept usage [stage1] top 10:
  concept 176: 184 patches (1.71%)
  concept 15: 145 patches (1.35%)
  concept 72: 127 patches (1.18%)
  concept 102: 124 patches (1.15%)
  concept 80: 116 patches (1.08%)
  concept 29: 104 patches (0.97%)
  concept 298: 103 patches (0.96%)
  concept 296: 94 patches (0.87%)
  concept 114: 88 patches (0.82%)
  concept 132: 86 patches (0.80%)
  normalized usage entropy: 0.8609
DEBUG visual concept usage [stage2] top 10:
  concept 66: 2688 patches (100.00%)
  normalized usage entropy: 0.8287
DEBUG visual concept usage [stage3] top 10:
  concept 92: 261 patches (38.84%)
  concept 35: 182 patches (27.08%)
  concept 278: 157 patches (23.36%)
  concept 51: 47 patches (6.99%)
  concept 96: 13 patches (1.93%)
  concept 481: 12 patches (1.79%)
  normalized usage entropy: 0.7376
DEBUG visual concept usage [stage4] top 10:
  concept 322: 49 patches (29.17%)
  concept 184: 46 patches (27.38%)
  concept 341: 27 patches (16.07%)
  concept 121: 8 patches (4.76%)
  concept 171: 7 patches (4.17%)
  concept 362: 7 patches (4.17%)
  concept 9: 5 patches (2.98%)
  concept 53: 5 patches (2.98%)
  concept 299: 5 patches (2.98%)
  concept 23: 4 patches (2.38%)
  normalized usage entropy: 0.7221
DEBUG pred min/max/mean/std: -3.984375 75.0 -2.40625 6.40625
DEBUG target min/max/mean/std: 0.0 1.0 0.017024535685777664 0.07963814586400986
DEBUG fixation pixels per sample: [80.0, 109.0]
DEBUG fix_batch min/max/mean/std: 0.0 1.0 0.00041015626629814506 0.020248182117938995
DEBUG losses: {'loss_total': -0.018497265875339508, 'loss_fid': 41.73355484008789, 'loss_patch_fid': 3.954582691192627, 'loss_dense_fid': 4.677158832550049, 'loss_dense_bce': -0.0, 'loss_dense_kl': 33.10181427001953, 'loss_topk': -0.0, 'loss_delta': -0.0, 'loss_cc': 0.30820852518081665, 'loss_nss': -4.743490219116211, 'loss_sim': 0.45215511322021484, 'loss_concept_dense': 0.0, 'loss_concept_kl': 0.0, 'loss_align': 0.0, 'loss_sparse': 0.0, 'loss_div': 0.0, 'loss_gate': 0.0, 'loss_visual_entropy': 0.6205152869224548, 'loss_visual_equiv': 0.0, 'loss_visual_usage': 0.21263712644577026, 'loss_temporal_attention_entropy': 0.0, 'loss_total_concept': 0.04607834666967392, 'loss_decoder_side_aux': -0.08272302150726318, 'loss_priority_map': 1.1470608711242676, 'loss_priority_map_weighted': 0.11470609158277512, 'priority_map_loss': 1.1470608711242676, 'weighted_priority_map_loss': 0.11470609158277512, 'loss_priority_map_stage3': 1.1726500988006592, 'loss_priority_map_stage4': 1.121471643447876, 'loss_side_stage4': -0.14384424686431885, 'loss_side_stage3': -0.1648426651954651, 'loss_side_stage2': -0.16761836409568787, 'loss_side_stage1': -0.16951891779899597}
DEBUG decoder visual FiLM [stage1] | film_gamma=unavailable (pass return_decoder_diagnostics=True)
DEBUG decoder visual FiLM [stage2] | film_gamma=unavailable (pass return_decoder_diagnostics=True)
DEBUG decoder visual FiLM [stage3] | film_gamma mean/std/min/max=0.0625/1.1423/0.0000/65.4843 | prototype_bottleneck_strength=0.4000
DEBUG decoder visual FiLM [stage4] | film_gamma mean/std/min/max=0.0625/1.0547/0.0000/47.2401 | prototype_bottleneck_strength=0.4000
DEBUG factorized comparison [stage3] | query_norm_mean=1.0127 | key_norm_mean=0.7290 | context_mean=0.0000 | context_std=0.0781 | context_min=-0.1836 | context_max=0.2448 | total_candidate_weight=336.0000 | spatial_strength=0.0992 | spatial_freq_entropy=2.7726 | spatial_freq_weight_mean=0.6937 | rank=32
DEBUG factorized comparison [stage4] | query_norm_mean=0.7375 | key_norm_mean=0.6717 | context_mean=-0.0001 | context_std=0.0583 | context_min=-0.1288 | context_max=0.1717 | total_candidate_weight=84.0000 | spatial_strength=0.0993 | spatial_freq_entropy=2.7725 | spatial_freq_weight_mean=0.6970 | rank=32
patch-priority map [stage3] | mean=0.062500 | std=1.142279 | min=0.000000 | max=65.484306 | prototype_bottleneck_strength=0.400000 | prototype_to_film_norm_ratio=3.073652
patch-priority map [stage4] | mean=0.062500 | std=1.054699 | min=0.000000 | max=47.240108 | prototype_bottleneck_strength=0.400000 | prototype_to_film_norm_ratio=3.453512
Epoch 94/200
  Mean train loss: 0.087217
  Mean val loss:   0.413504
  Current LR:      2.78e-05
Val metrics   | CC: 0.5386 | SIM: 0.4416 | NSS: 3.1756
  Saved checkpoint: training_outputs/ckpts/20260917_231452/epoch_094.pth

Epoch 95/200
pred_saliency: shape=(2, 1, 224, 384) min=-4.0000 max=73.5000 mean=-2.3247 std=5.9227
sal_batch: shape=(2, 1, 360, 640) min=0.0000 max=1.0000 mean=0.0181 std=0.0834
DEBUG features_shape: {'stage1': (2, 96, 16, 56, 96), 'stage2': (2, 192, 16, 28, 48), 'stage3': (2, 384, 16, 14, 24), 'stage4': (2, 768, 16, 7, 12)}
DEBUG gate: no gate_debug available. This usually means return_concept_losses=False or lambda_gate=0.
DEBUG decoder visual FiLM [stage1] | film_gamma=unavailable (pass return_decoder_diagnostics=True)
DEBUG decoder visual FiLM [stage2] | film_gamma=unavailable (pass return_decoder_diagnostics=True)
DEBUG decoder visual FiLM [stage3] | film_gamma mean/std/min/max=0.0625/0.7079/0.0000/28.9196 | prototype_bottleneck_strength=0.4000
DEBUG decoder visual FiLM [stage4] | film_gamma mean/std/min/max=0.0625/0.6770/0.0000/17.0491 | prototype_bottleneck_strength=0.4000
DEBUG factorized comparison [stage3] | query_norm_mean=1.0158 | key_norm_mean=0.7565 | context_mean=0.0000 | context_std=0.0861 | context_min=-0.1985 | context_max=0.2239 | total_candidate_weight=336.0000 | spatial_strength=0.0992 | spatial_freq_entropy=2.7726 | spatial_freq_weight_mean=0.6937 | rank=32
DEBUG factorized comparison [stage4] | query_norm_mean=0.7725 | key_norm_mean=0.6455 | context_mean=-0.0000 | context_std=0.0631 | context_min=-0.1355 | context_max=0.1273 | total_candidate_weight=84.0000 | spatial_strength=0.0993 | spatial_freq_entropy=2.7725 | spatial_freq_weight_mean=0.6970 | rank=32
patch-priority map [stage3] | mean=0.062500 | std=0.707949 | min=0.000000 | max=28.919647 | prototype_bottleneck_strength=0.400000 | prototype_to_film_norm_ratio=2.389085
patch-priority map [stage4] | mean=0.062500 | std=0.677039 | min=0.000000 | max=17.049059 | prototype_bottleneck_strength=0.400000 | prototype_to_film_norm_ratio=2.187608
DEBUG visual concept usage [stage1] top 10:
  concept 72: 119 patches (1.11%)
  concept 189: 102 patches (0.95%)
  concept 111: 101 patches (0.94%)
  concept 29: 96 patches (0.89%)
  concept 75: 92 patches (0.86%)
  concept 378: 91 patches (0.85%)
  concept 376: 89 patches (0.83%)
  concept 46: 86 patches (0.80%)
  concept 116: 86 patches (0.80%)
  concept 48: 82 patches (0.76%)
  normalized usage entropy: 0.8633
DEBUG visual concept usage [stage2] top 10:
  concept 66: 2688 patches (100.00%)
  normalized usage entropy: 0.8287
DEBUG visual concept usage [stage3] top 10:
  concept 92: 259 patches (38.54%)
  concept 278: 247 patches (36.76%)
  concept 35: 119 patches (17.71%)
  concept 51: 31 patches (4.61%)
  concept 96: 9 patches (1.34%)
  concept 481: 7 patches (1.04%)
  normalized usage entropy: 0.7310
DEBUG visual concept usage [stage4] top 10:
  concept 322: 39 patches (23.21%)
  concept 341: 38 patches (22.62%)
  concept 184: 26 patches (15.48%)
  concept 121: 21 patches (12.50%)
  concept 23: 9 patches (5.36%)
  concept 262: 7 patches (4.17%)
  concept 9: 5 patches (2.98%)
  concept 53: 5 patches (2.98%)
  concept 299: 5 patches (2.98%)
  concept 362: 4 patches (2.38%)
  normalized usage entropy: 0.7261
DEBUG pred min/max/mean/std: -4.0 73.5 -2.328125 5.9375
DEBUG target min/max/mean/std: 0.0 1.0 0.01808227226138115 0.08338826894760132
DEBUG fixation pixels per sample: [145.0, 209.0]
DEBUG fix_batch min/max/mean/std: 0.0 1.0 0.0007682291907258332 0.027706328779459
DEBUG losses: {'loss_total': 0.16561977565288544, 'loss_fid': 39.291099548339844, 'loss_patch_fid': 3.9211695194244385, 'loss_dense_fid': 4.540925025939941, 'loss_dense_bce': -0.0, 'loss_dense_kl': 30.82900619506836, 'loss_topk': -0.0, 'loss_delta': -0.0, 'loss_cc': 0.31663310527801514, 'loss_nss': -3.5988903045654297, 'loss_sim': 0.4885295629501343, 'loss_concept_dense': 0.0, 'loss_concept_kl': 0.0, 'loss_align': 0.0, 'loss_sparse': 0.0, 'loss_div': 0.0, 'loss_gate': 0.0, 'loss_visual_entropy': 0.6222712993621826, 'loss_visual_equiv': 0.0, 'loss_visual_usage': 0.21270497143268585, 'loss_temporal_attention_entropy': 0.0, 'loss_total_concept': 0.0465828999876976, 'loss_decoder_side_aux': -0.020768387243151665, 'loss_priority_map': 1.0982637405395508, 'loss_priority_map_weighted': 0.10982637852430344, 'priority_map_loss': 1.0982637405395508, 'weighted_priority_map_loss': 0.10982637852430344, 'loss_priority_map_stage3': 1.195876121520996, 'loss_priority_map_stage4': 1.0006513595581055, 'loss_side_stage4': -0.03180322051048279, 'loss_side_stage3': -0.04193088412284851, 'loss_side_stage2': -0.047008782625198364, 'loss_side_stage1': -0.03966909646987915}
DEBUG decoder visual FiLM [stage1] | film_gamma=unavailable (pass return_decoder_diagnostics=True)
DEBUG decoder visual FiLM [stage2] | film_gamma=unavailable (pass return_decoder_diagnostics=True)
DEBUG decoder visual FiLM [stage3] | film_gamma mean/std/min/max=0.0625/1.2071/0.0000/63.9481 | prototype_bottleneck_strength=0.4000
DEBUG decoder visual FiLM [stage4] | film_gamma mean/std/min/max=0.0625/0.9815/0.0000/41.4856 | prototype_bottleneck_strength=0.4000
DEBUG factorized comparison [stage3] | query_norm_mean=0.9670 | key_norm_mean=0.7027 | context_mean=0.0000 | context_std=0.0733 | context_min=-0.1776 | context_max=0.2358 | total_candidate_weight=336.0000 | spatial_strength=0.0992 | spatial_freq_entropy=2.7726 | spatial_freq_weight_mean=0.6938 | rank=32
DEBUG factorized comparison [stage4] | query_norm_mean=0.7357 | key_norm_mean=0.6313 | context_mean=-0.0000 | context_std=0.0559 | context_min=-0.1265 | context_max=0.1574 | total_candidate_weight=84.0000 | spatial_strength=0.0993 | spatial_freq_entropy=2.7725 | spatial_freq_weight_mean=0.6971 | rank=32
patch-priority map [stage3] | mean=0.062500 | std=1.207097 | min=0.000000 | max=63.948139 | prototype_bottleneck_strength=0.400000 | prototype_to_film_norm_ratio=3.359917
patch-priority map [stage4] | mean=0.062500 | std=0.981467 | min=0.000000 | max=41.485588 | prototype_bottleneck_strength=0.400000 | prototype_to_film_norm_ratio=2.879742
Epoch 95/200
  Mean train loss: 0.111172
  Mean val loss:   0.421755
  Current LR:      2.74e-05
Val metrics   | CC: 0.5338 | SIM: 0.4295 | NSS: 3.1576
  Saved checkpoint: training_outputs/ckpts/20260917_231452/epoch_095.pth

Epoch 96/200
pred_saliency: shape=(2, 1, 224, 384) min=-3.9844 max=89.5000 mean=-2.2189 std=6.2435
sal_batch: shape=(2, 1, 360, 640) min=0.0000 max=1.0000 mean=0.0178 std=0.0873
DEBUG features_shape: {'stage1': (2, 96, 16, 56, 96), 'stage2': (2, 192, 16, 28, 48), 'stage3': (2, 384, 16, 14, 24), 'stage4': (2, 768, 16, 7, 12)}
DEBUG gate: no gate_debug available. This usually means return_concept_losses=False or lambda_gate=0.
DEBUG decoder visual FiLM [stage1] | film_gamma=unavailable (pass return_decoder_diagnostics=True)
DEBUG decoder visual FiLM [stage2] | film_gamma=unavailable (pass return_decoder_diagnostics=True)
DEBUG decoder visual FiLM [stage3] | film_gamma mean/std/min/max=0.0625/0.9935/0.0000/51.9413 | prototype_bottleneck_strength=0.4000
DEBUG decoder visual FiLM [stage4] | film_gamma mean/std/min/max=0.0625/0.9510/0.0000/43.8215 | prototype_bottleneck_strength=0.4000
DEBUG factorized comparison [stage3] | query_norm_mean=0.9622 | key_norm_mean=0.6857 | context_mean=0.0000 | context_std=0.0682 | context_min=-0.1679 | context_max=0.2209 | total_candidate_weight=336.0000 | spatial_strength=0.0992 | spatial_freq_entropy=2.7726 | spatial_freq_weight_mean=0.6938 | rank=32
DEBUG factorized comparison [stage4] | query_norm_mean=0.7025 | key_norm_mean=0.6553 | context_mean=-0.0000 | context_std=0.0509 | context_min=-0.1152 | context_max=0.1589 | total_candidate_weight=84.0000 | spatial_strength=0.0993 | spatial_freq_entropy=2.7725 | spatial_freq_weight_mean=0.6971 | rank=32
patch-priority map [stage3] | mean=0.062500 | std=0.993538 | min=0.000000 | max=51.941334 | prototype_bottleneck_strength=0.400000 | prototype_to_film_norm_ratio=3.320294
patch-priority map [stage4] | mean=0.062500 | std=0.950989 | min=0.000000 | max=43.821465 | prototype_bottleneck_strength=0.400000 | prototype_to_film_norm_ratio=3.814510
DEBUG visual concept usage [stage1] top 10:
  concept 83: 163 patches (1.52%)
  concept 143: 118 patches (1.10%)
  concept 289: 109 patches (1.01%)
  concept 165: 101 patches (0.94%)
  concept 60: 99 patches (0.92%)
  concept 185: 99 patches (0.92%)
  concept 191: 99 patches (0.92%)
  concept 45: 98 patches (0.91%)
  concept 168: 98 patches (0.91%)
  concept 206: 97 patches (0.90%)
  normalized usage entropy: 0.8600
DEBUG visual concept usage [stage2] top 10:
  concept 66: 2688 patches (100.00%)
  normalized usage entropy: 0.8288
DEBUG visual concept usage [stage3] top 10:
  concept 92: 316 patches (47.02%)
  concept 35: 124 patches (18.45%)
  concept 278: 109 patches (16.22%)
  concept 51: 68 patches (10.12%)
  concept 481: 41 patches (6.10%)
  concept 96: 7 patches (1.04%)
  concept 497: 7 patches (1.04%)
  normalized usage entropy: 0.7277
DEBUG visual concept usage [stage4] top 10:
  concept 322: 58 patches (34.52%)
  concept 184: 29 patches (17.26%)
  concept 171: 28 patches (16.67%)
  concept 341: 25 patches (14.88%)
  concept 121: 10 patches (5.95%)
  concept 362: 5 patches (2.98%)
  concept 299: 4 patches (2.38%)
  concept 53: 3 patches (1.79%)
  concept 262: 3 patches (1.79%)
  concept 9: 1 patches (0.60%)
  normalized usage entropy: 0.7157
DEBUG pred min/max/mean/std: -3.984375 89.5 -2.21875 6.25
DEBUG target min/max/mean/std: 0.0 1.0 0.017798542976379395 0.0873202383518219
DEBUG fixation pixels per sample: [171.0, 209.0]
DEBUG fix_batch min/max/mean/std: 0.0 1.0 0.0008246527868323028 0.02870495617389679
DEBUG losses: {'loss_total': -0.12226613610982895, 'loss_fid': 47.159584045410156, 'loss_patch_fid': 3.995487928390503, 'loss_dense_fid': 4.26772403717041, 'loss_dense_bce': -0.0, 'loss_dense_kl': 38.89636993408203, 'loss_topk': -0.0, 'loss_delta': -0.0, 'loss_cc': 0.23794102668762207, 'loss_nss': -4.706325054168701, 'loss_sim': 0.45020198822021484, 'loss_concept_dense': 0.0, 'loss_concept_kl': 0.0, 'loss_align': 0.0, 'loss_sparse': 0.0, 'loss_div': 0.0, 'loss_gate': 0.0, 'loss_visual_entropy': 0.6252102851867676, 'loss_visual_equiv': 0.0, 'loss_visual_usage': 0.21696704626083374, 'loss_temporal_attention_entropy': 0.0, 'loss_total_concept': 0.0462779775261879, 'loss_decoder_side_aux': -0.1179484874010086, 'loss_priority_map': 1.1225292682647705, 'loss_priority_map_weighted': 0.11225292831659317, 'priority_map_loss': 1.1225292682647705, 'weighted_priority_map_loss': 0.11225292831659317, 'loss_priority_map_stage3': 1.1362807750701904, 'loss_priority_map_stage4': 1.1087778806686401, 'loss_side_stage4': -0.19321295619010925, 'loss_side_stage3': -0.2355426549911499, 'loss_side_stage2': -0.25427716970443726, 'loss_side_stage1': -0.23295995593070984}
DEBUG decoder visual FiLM [stage1] | film_gamma=unavailable (pass return_decoder_diagnostics=True)
DEBUG decoder visual FiLM [stage2] | film_gamma=unavailable (pass return_decoder_diagnostics=True)
DEBUG decoder visual FiLM [stage3] | film_gamma mean/std/min/max=0.0625/1.1483/0.0000/58.1688 | prototype_bottleneck_strength=0.4000
DEBUG decoder visual FiLM [stage4] | film_gamma mean/std/min/max=0.0625/1.0234/0.0000/40.0158 | prototype_bottleneck_strength=0.4000
DEBUG factorized comparison [stage3] | query_norm_mean=0.9899 | key_norm_mean=0.7232 | context_mean=0.0000 | context_std=0.0778 | context_min=-0.1903 | context_max=0.2403 | total_candidate_weight=336.0000 | spatial_strength=0.0992 | spatial_freq_entropy=2.7726 | spatial_freq_weight_mean=0.6938 | rank=32
DEBUG factorized comparison [stage4] | query_norm_mean=0.7536 | key_norm_mean=0.6301 | context_mean=-0.0000 | context_std=0.0578 | context_min=-0.1340 | context_max=0.1627 | total_candidate_weight=84.0000 | spatial_strength=0.0993 | spatial_freq_entropy=2.7725 | spatial_freq_weight_mean=0.6970 | rank=32
patch-priority map [stage3] | mean=0.062500 | std=1.148311 | min=0.000000 | max=58.168839 | prototype_bottleneck_strength=0.400000 | prototype_to_film_norm_ratio=3.252823
patch-priority map [stage4] | mean=0.062500 | std=1.023389 | min=0.000000 | max=40.015770 | prototype_bottleneck_strength=0.400000 | prototype_to_film_norm_ratio=3.025415
Epoch 96/200
  Mean train loss: 0.117094
  Mean val loss:   0.410875
  Current LR:      2.70e-05
Val metrics   | CC: 0.5401 | SIM: 0.4326 | NSS: 3.1794
  Saved checkpoint: training_outputs/ckpts/20260917_231452/epoch_096.pth

Epoch 97/200
pred_saliency: shape=(2, 1, 224, 384) min=-4.0000 max=81.0000 mean=-2.5861 std=6.1927
sal_batch: shape=(2, 1, 360, 640) min=0.0000 max=1.0000 mean=0.0155 std=0.0793
DEBUG features_shape: {'stage1': (2, 96, 16, 56, 96), 'stage2': (2, 192, 16, 28, 48), 'stage3': (2, 384, 16, 14, 24), 'stage4': (2, 768, 16, 7, 12)}
DEBUG gate: no gate_debug available. This usually means return_concept_losses=False or lambda_gate=0.
DEBUG decoder visual FiLM [stage1] | film_gamma=unavailable (pass return_decoder_diagnostics=True)
DEBUG decoder visual FiLM [stage2] | film_gamma=unavailable (pass return_decoder_diagnostics=True)
DEBUG decoder visual FiLM [stage3] | film_gamma mean/std/min/max=0.0625/0.9952/0.0000/56.6758 | prototype_bottleneck_strength=0.4000
DEBUG decoder visual FiLM [stage4] | film_gamma mean/std/min/max=0.0625/0.9299/0.0000/28.1395 | prototype_bottleneck_strength=0.4000
DEBUG factorized comparison [stage3] | query_norm_mean=0.9877 | key_norm_mean=0.7144 | context_mean=0.0000 | context_std=0.0765 | context_min=-0.1866 | context_max=0.2254 | total_candidate_weight=336.0000 | spatial_strength=0.0992 | spatial_freq_entropy=2.7726 | spatial_freq_weight_mean=0.6938 | rank=32
DEBUG factorized comparison [stage4] | query_norm_mean=0.7353 | key_norm_mean=0.6491 | context_mean=-0.0001 | context_std=0.0556 | context_min=-0.1227 | context_max=0.1491 | total_candidate_weight=84.0000 | spatial_strength=0.0993 | spatial_freq_entropy=2.7725 | spatial_freq_weight_mean=0.6970 | rank=32
patch-priority map [stage3] | mean=0.062500 | std=0.995155 | min=0.000000 | max=56.675816 | prototype_bottleneck_strength=0.400000 | prototype_to_film_norm_ratio=2.973706
patch-priority map [stage4] | mean=0.062500 | std=0.929901 | min=0.000000 | max=28.139467 | prototype_bottleneck_strength=0.400000 | prototype_to_film_norm_ratio=3.308771
DEBUG visual concept usage [stage1] top 10:
  concept 72: 113 patches (1.05%)
  concept 114: 102 patches (0.95%)
  concept 155: 96 patches (0.89%)
  concept 33: 90 patches (0.84%)
  concept 167: 84 patches (0.78%)
  concept 376: 84 patches (0.78%)
  concept 84: 83 patches (0.77%)
  concept 427: 82 patches (0.76%)
  concept 29: 81 patches (0.75%)
  concept 66: 79 patches (0.73%)
  normalized usage entropy: 0.8607
DEBUG visual concept usage [stage2] top 10:
  concept 66: 2688 patches (100.00%)
  normalized usage entropy: 0.8288
DEBUG visual concept usage [stage3] top 10:
  concept 92: 313 patches (46.58%)
  concept 35: 174 patches (25.89%)
  concept 278: 151 patches (22.47%)
  concept 51: 15 patches (2.23%)
  concept 96: 15 patches (2.23%)
  concept 481: 4 patches (0.60%)
  normalized usage entropy: 0.7413
DEBUG visual concept usage [stage4] top 10:
  concept 322: 55 patches (32.74%)
  concept 184: 37 patches (22.02%)
  concept 341: 23 patches (13.69%)
  concept 9: 9 patches (5.36%)
  concept 53: 8 patches (4.76%)
  concept 23: 7 patches (4.17%)
  concept 38: 5 patches (2.98%)
  concept 171: 5 patches (2.98%)
  concept 262: 5 patches (2.98%)
  concept 121: 4 patches (2.38%)
  normalized usage entropy: 0.7330
DEBUG pred min/max/mean/std: -4.0 81.0 -2.59375 6.1875
DEBUG target min/max/mean/std: 0.0 1.0 0.01553793903440237 0.07931605726480484
DEBUG fixation pixels per sample: [169.0, 247.0]
DEBUG fix_batch min/max/mean/std: 0.0 1.0 0.0009027777705341578 0.030032726004719734
DEBUG losses: {'loss_total': 0.07484981417655945, 'loss_fid': 53.17079162597656, 'loss_patch_fid': 3.9478812217712402, 'loss_dense_fid': 4.518400192260742, 'loss_dense_bce': -0.0, 'loss_dense_kl': 44.70450973510742, 'loss_topk': -0.0, 'loss_delta': -0.0, 'loss_cc': 0.30062758922576904, 'loss_nss': -3.834329605102539, 'loss_sim': 0.4357643127441406, 'loss_concept_dense': 0.0, 'loss_concept_kl': 0.0, 'loss_align': 0.0, 'loss_sparse': 0.0, 'loss_div': 0.0, 'loss_gate': 0.0, 'loss_visual_entropy': 0.6228342056274414, 'loss_visual_equiv': 0.0, 'loss_visual_usage': 0.20905989408493042, 'loss_temporal_attention_entropy': 0.0, 'loss_total_concept': 0.04594488441944122, 'loss_decoder_side_aux': -0.04404104873538017, 'loss_priority_map': 0.8815475106239319, 'loss_priority_map_weighted': 0.08815475553274155, 'priority_map_loss': 0.8815475106239319, 'weighted_priority_map_loss': 0.08815475553274155, 'loss_priority_map_stage3': 1.1126893758773804, 'loss_priority_map_stage4': 0.6504056453704834, 'loss_side_stage4': -0.14631137251853943, 'loss_side_stage3': -0.0693892240524292, 'loss_side_stage2': -0.0857774019241333, 'loss_side_stage1': -0.08459973335266113}
DEBUG decoder visual FiLM [stage1] | film_gamma=unavailable (pass return_decoder_diagnostics=True)
DEBUG decoder visual FiLM [stage2] | film_gamma=unavailable (pass return_decoder_diagnostics=True)
DEBUG decoder visual FiLM [stage3] | film_gamma mean/std/min/max=0.0625/1.3249/0.0000/61.7740 | prototype_bottleneck_strength=0.4000
DEBUG decoder visual FiLM [stage4] | film_gamma mean/std/min/max=0.0625/1.1169/0.0000/45.4277 | prototype_bottleneck_strength=0.4000
DEBUG factorized comparison [stage3] | query_norm_mean=1.0054 | key_norm_mean=0.7117 | context_mean=0.0000 | context_std=0.0762 | context_min=-0.1858 | context_max=0.2537 | total_candidate_weight=336.0000 | spatial_strength=0.0992 | spatial_freq_entropy=2.7726 | spatial_freq_weight_mean=0.6938 | rank=32
DEBUG factorized comparison [stage4] | query_norm_mean=0.7415 | key_norm_mean=0.6653 | context_mean=0.0000 | context_std=0.0577 | context_min=-0.1355 | context_max=0.1702 | total_candidate_weight=84.0000 | spatial_strength=0.0993 | spatial_freq_entropy=2.7725 | spatial_freq_weight_mean=0.6971 | rank=32
patch-priority map [stage3] | mean=0.062500 | std=1.324859 | min=0.000000 | max=61.774048 | prototype_bottleneck_strength=0.400000 | prototype_to_film_norm_ratio=3.685086
patch-priority map [stage4] | mean=0.062500 | std=1.116910 | min=0.000000 | max=45.427681 | prototype_bottleneck_strength=0.400000 | prototype_to_film_norm_ratio=3.112199
Epoch 97/200
  Mean train loss: 0.078601
  Mean val loss:   0.416521
  Current LR:      2.67e-05
Val metrics   | CC: 0.5386 | SIM: 0.4363 | NSS: 3.1538
  Saved checkpoint: training_outputs/ckpts/20260917_231452/epoch_097.pth

Epoch 98/200
pred_saliency: shape=(2, 1, 224, 384) min=-4.0000 max=80.0000 mean=-2.8119 std=6.1108
sal_batch: shape=(2, 1, 360, 640) min=0.0000 max=1.0000 mean=0.0197 std=0.0963
DEBUG features_shape: {'stage1': (2, 96, 16, 56, 96), 'stage2': (2, 192, 16, 28, 48), 'stage3': (2, 384, 16, 14, 24), 'stage4': (2, 768, 16, 7, 12)}
DEBUG gate: no gate_debug available. This usually means return_concept_losses=False or lambda_gate=0.
DEBUG decoder visual FiLM [stage1] | film_gamma=unavailable (pass return_decoder_diagnostics=True)
DEBUG decoder visual FiLM [stage2] | film_gamma=unavailable (pass return_decoder_diagnostics=True)
DEBUG decoder visual FiLM [stage3] | film_gamma mean/std/min/max=0.0625/1.1075/0.0000/38.0474 | prototype_bottleneck_strength=0.4000
DEBUG decoder visual FiLM [stage4] | film_gamma mean/std/min/max=0.0625/1.2006/0.0000/44.5809 | prototype_bottleneck_strength=0.4000
DEBUG factorized comparison [stage3] | query_norm_mean=1.0090 | key_norm_mean=0.7203 | context_mean=0.0000 | context_std=0.0836 | context_min=-0.1858 | context_max=0.2716 | total_candidate_weight=336.0000 | spatial_strength=0.0992 | spatial_freq_entropy=2.7726 | spatial_freq_weight_mean=0.6938 | rank=32
DEBUG factorized comparison [stage4] | query_norm_mean=0.7303 | key_norm_mean=0.6949 | context_mean=-0.0000 | context_std=0.0623 | context_min=-0.1227 | context_max=0.1845 | total_candidate_weight=84.0000 | spatial_strength=0.0993 | spatial_freq_entropy=2.7725 | spatial_freq_weight_mean=0.6971 | rank=32
patch-priority map [stage3] | mean=0.062500 | std=1.107460 | min=0.000000 | max=38.047413 | prototype_bottleneck_strength=0.400000 | prototype_to_film_norm_ratio=4.041020
patch-priority map [stage4] | mean=0.062500 | std=1.200595 | min=0.000000 | max=44.580929 | prototype_bottleneck_strength=0.400000 | prototype_to_film_norm_ratio=4.579829
DEBUG visual concept usage [stage1] top 10:
  concept 373: 211 patches (1.96%)
  concept 58: 204 patches (1.90%)
  concept 22: 188 patches (1.75%)
  concept 458: 98 patches (0.91%)
  concept 131: 97 patches (0.90%)
  concept 148: 90 patches (0.84%)
  concept 15: 88 patches (0.82%)
  concept 84: 87 patches (0.81%)
  concept 162: 87 patches (0.81%)
  concept 185: 85 patches (0.79%)
  normalized usage entropy: 0.8617
DEBUG visual concept usage [stage2] top 10:
  concept 66: 2688 patches (100.00%)
  normalized usage entropy: 0.8288
DEBUG visual concept usage [stage3] top 10:
  concept 35: 245 patches (36.46%)
  concept 92: 233 patches (34.67%)
  concept 278: 120 patches (17.86%)
  concept 51: 32 patches (4.76%)
  concept 96: 22 patches (3.27%)
  concept 481: 20 patches (2.98%)
  normalized usage entropy: 0.7410
DEBUG visual concept usage [stage4] top 10:
  concept 184: 50 patches (29.76%)
  concept 322: 34 patches (20.24%)
  concept 341: 19 patches (11.31%)
  concept 9: 12 patches (7.14%)
  concept 121: 11 patches (6.55%)
  concept 362: 9 patches (5.36%)
  concept 23: 7 patches (4.17%)
  concept 262: 6 patches (3.57%)
  concept 171: 5 patches (2.98%)
  concept 53: 4 patches (2.38%)
  normalized usage entropy: 0.7327
DEBUG pred min/max/mean/std: -4.0 80.0 -2.8125 6.125
DEBUG target min/max/mean/std: 0.0 1.0 0.019713541492819786 0.09626086056232452
DEBUG fixation pixels per sample: [224.0, 168.0]
DEBUG fix_batch min/max/mean/std: 0.0 1.0 0.0008506944868713617 0.02915428765118122
DEBUG losses: {'loss_total': -0.2668188214302063, 'loss_fid': 58.17707061767578, 'loss_patch_fid': 3.808779716491699, 'loss_dense_fid': 4.512052536010742, 'loss_dense_bce': -0.0, 'loss_dense_kl': 49.856239318847656, 'loss_topk': -0.0, 'loss_delta': -0.0, 'loss_cc': 0.195614755153656, 'loss_nss': -4.725461959838867, 'loss_sim': 0.33952051401138306, 'loss_concept_dense': 0.0, 'loss_concept_kl': 0.0, 'loss_align': 0.0, 'loss_sparse': 0.0, 'loss_div': 0.0, 'loss_gate': 0.0, 'loss_visual_entropy': 0.6189292669296265, 'loss_visual_equiv': 0.0, 'loss_visual_usage': 0.2089420109987259, 'loss_temporal_attention_entropy': 0.0, 'loss_total_concept': 0.04573940113186836, 'loss_decoder_side_aux': -0.1406874656677246, 'loss_priority_map': 0.47119754552841187, 'loss_priority_map_weighted': 0.047119755297899246, 'priority_map_loss': 0.47119754552841187, 'weighted_priority_map_loss': 0.047119755297899246, 'loss_priority_map_stage3': 0.4199192523956299, 'loss_priority_map_stage4': 0.5224758386611938, 'loss_side_stage4': -0.2791595757007599, 'loss_side_stage3': -0.2954488694667816, 'loss_side_stage2': -0.27889132499694824, 'loss_side_stage1': -0.2767544686794281}
DEBUG decoder visual FiLM [stage1] | film_gamma=unavailable (pass return_decoder_diagnostics=True)
DEBUG decoder visual FiLM [stage2] | film_gamma=unavailable (pass return_decoder_diagnostics=True)
DEBUG decoder visual FiLM [stage3] | film_gamma mean/std/min/max=0.0625/1.2475/0.0000/60.0300 | prototype_bottleneck_strength=0.4000
DEBUG decoder visual FiLM [stage4] | film_gamma mean/std/min/max=0.0625/1.0523/0.0000/43.2971 | prototype_bottleneck_strength=0.4000
DEBUG factorized comparison [stage3] | query_norm_mean=0.9752 | key_norm_mean=0.6981 | context_mean=0.0000 | context_std=0.0735 | context_min=-0.1813 | context_max=0.2388 | total_candidate_weight=336.0000 | spatial_strength=0.0992 | spatial_freq_entropy=2.7726 | spatial_freq_weight_mean=0.6938 | rank=32
DEBUG factorized comparison [stage4] | query_norm_mean=0.7368 | key_norm_mean=0.6453 | context_mean=-0.0000 | context_std=0.0532 | context_min=-0.1265 | context_max=0.1574 | total_candidate_weight=84.0000 | spatial_strength=0.0993 | spatial_freq_entropy=2.7725 | spatial_freq_weight_mean=0.6971 | rank=32
patch-priority map [stage3] | mean=0.062500 | std=1.247518 | min=0.000000 | max=60.029961 | prototype_bottleneck_strength=0.400000 | prototype_to_film_norm_ratio=3.319480
patch-priority map [stage4] | mean=0.062500 | std=1.052282 | min=0.000000 | max=43.297134 | prototype_bottleneck_strength=0.400000 | prototype_to_film_norm_ratio=2.966168
Epoch 98/200
  Mean train loss: 0.087378
  Mean val loss:   0.417374
  Current LR:      2.63e-05
Val metrics   | CC: 0.5374 | SIM: 0.4340 | NSS: 3.1556
  Saved checkpoint: training_outputs/ckpts/20260917_231452/epoch_098.pth

Epoch 99/200
pred_saliency: shape=(2, 1, 224, 384) min=-4.0000 max=78.0000 mean=-1.9759 std=6.3588
sal_batch: shape=(2, 1, 360, 640) min=0.0000 max=1.0000 mean=0.0140 std=0.0729
DEBUG features_shape: {'stage1': (2, 96, 16, 56, 96), 'stage2': (2, 192, 16, 28, 48), 'stage3': (2, 384, 16, 14, 24), 'stage4': (2, 768, 16, 7, 12)}
DEBUG gate: no gate_debug available. This usually means return_concept_losses=False or lambda_gate=0.
DEBUG decoder visual FiLM [stage1] | film_gamma=unavailable (pass return_decoder_diagnostics=True)
DEBUG decoder visual FiLM [stage2] | film_gamma=unavailable (pass return_decoder_diagnostics=True)
DEBUG decoder visual FiLM [stage3] | film_gamma mean/std/min/max=0.0625/0.8896/0.0000/43.3293 | prototype_bottleneck_strength=0.4000
DEBUG decoder visual FiLM [stage4] | film_gamma mean/std/min/max=0.0625/0.7516/0.0000/26.0945 | prototype_bottleneck_strength=0.4000
DEBUG factorized comparison [stage3] | query_norm_mean=0.9730 | key_norm_mean=0.6955 | context_mean=0.0000 | context_std=0.0734 | context_min=-0.1791 | context_max=0.2328 | total_candidate_weight=336.0000 | spatial_strength=0.0992 | spatial_freq_entropy=2.7726 | spatial_freq_weight_mean=0.6938 | rank=32
DEBUG factorized comparison [stage4] | query_norm_mean=0.7509 | key_norm_mean=0.6380 | context_mean=-0.0000 | context_std=0.0532 | context_min=-0.1175 | context_max=0.1498 | total_candidate_weight=84.0000 | spatial_strength=0.0993 | spatial_freq_entropy=2.7725 | spatial_freq_weight_mean=0.6971 | rank=32
patch-priority map [stage3] | mean=0.062500 | std=0.889640 | min=0.000000 | max=43.329296 | prototype_bottleneck_strength=0.400000 | prototype_to_film_norm_ratio=2.472837
patch-priority map [stage4] | mean=0.062500 | std=0.751609 | min=0.000000 | max=26.094494 | prototype_bottleneck_strength=0.400000 | prototype_to_film_norm_ratio=2.220913
DEBUG visual concept usage [stage1] top 10:
  concept 289: 584 patches (5.43%)
  concept 117: 477 patches (4.44%)
  concept 206: 190 patches (1.77%)
  concept 185: 134 patches (1.25%)
  concept 15: 117 patches (1.09%)
  concept 131: 113 patches (1.05%)
  concept 360: 108 patches (1.00%)
  concept 152: 104 patches (0.97%)
  concept 143: 98 patches (0.91%)
  concept 28: 94 patches (0.87%)
  normalized usage entropy: 0.8543
DEBUG visual concept usage [stage2] top 10:
  concept 66: 2688 patches (100.00%)
  normalized usage entropy: 0.8287
DEBUG visual concept usage [stage3] top 10:
  concept 92: 269 patches (40.03%)
  concept 35: 225 patches (33.48%)
  concept 278: 139 patches (20.68%)
  concept 96: 14 patches (2.08%)
  concept 51: 13 patches (1.93%)
  concept 481: 10 patches (1.49%)
  concept 8: 1 patches (0.15%)
  concept 475: 1 patches (0.15%)
  normalized usage entropy: 0.7439
DEBUG visual concept usage [stage4] top 10:
  concept 184: 40 patches (23.81%)
  concept 322: 34 patches (20.24%)
  concept 341: 29 patches (17.26%)
  concept 53: 12 patches (7.14%)
  concept 78: 9 patches (5.36%)
  concept 121: 9 patches (5.36%)
  concept 262: 9 patches (5.36%)
  concept 9: 6 patches (3.57%)
  concept 362: 6 patches (3.57%)
  concept 441: 5 patches (2.98%)
  normalized usage entropy: 0.7269
DEBUG pred min/max/mean/std: -4.0 78.0 -1.9765625 6.34375
DEBUG target min/max/mean/std: 0.0 1.0 0.014002995565533638 0.07290799170732498
DEBUG fixation pixels per sample: [123.0, 122.0]
DEBUG fix_batch min/max/mean/std: 0.0 1.0 0.0005316840251907706 0.023052169010043144
DEBUG losses: {'loss_total': 0.13143634796142578, 'loss_fid': 39.323333740234375, 'loss_patch_fid': 3.9279706478118896, 'loss_dense_fid': 4.545022010803223, 'loss_dense_bce': -0.0, 'loss_dense_kl': 30.850341796875, 'loss_topk': -0.0, 'loss_delta': -0.0, 'loss_cc': 0.3818866014480591, 'loss_nss': -4.768375873565674, 'loss_sim': 0.46873772144317627, 'loss_concept_dense': 0.0, 'loss_concept_kl': 0.0, 'loss_align': 0.0, 'loss_sparse': 0.0, 'loss_div': 0.0, 'loss_gate': 0.0, 'loss_visual_entropy': 0.6176183223724365, 'loss_visual_equiv': 0.0, 'loss_visual_usage': 0.21155968308448792, 'loss_temporal_attention_entropy': 0.0, 'loss_total_concept': 0.0453508198261261, 'loss_decoder_side_aux': -0.039029184728860855, 'loss_priority_map': 1.4894787073135376, 'loss_priority_map_weighted': 0.14894787967205048, 'priority_map_loss': 1.4894787073135376, 'weighted_priority_map_loss': 0.14894787967205048, 'loss_priority_map_stage3': 1.5156105756759644, 'loss_priority_map_stage4': 1.4633468389511108, 'loss_side_stage4': -0.07018548250198364, 'loss_side_stage3': -0.037697046995162964, 'loss_side_stage2': -0.08162623643875122, 'loss_side_stage1': -0.09753134846687317}
DEBUG decoder visual FiLM [stage1] | film_gamma=unavailable (pass return_decoder_diagnostics=True)
DEBUG decoder visual FiLM [stage2] | film_gamma=unavailable (pass return_decoder_diagnostics=True)
DEBUG decoder visual FiLM [stage3] | film_gamma mean/std/min/max=0.0625/1.3209/0.0000/66.7212 | prototype_bottleneck_strength=0.4000
DEBUG decoder visual FiLM [stage4] | film_gamma mean/std/min/max=0.0625/1.2319/0.0000/51.8478 | prototype_bottleneck_strength=0.4000
DEBUG factorized comparison [stage3] | query_norm_mean=1.0174 | key_norm_mean=0.7233 | context_mean=-0.0000 | context_std=0.0774 | context_min=-0.1903 | context_max=0.2537 | total_candidate_weight=336.0000 | spatial_strength=0.0992 | spatial_freq_entropy=2.7726 | spatial_freq_weight_mean=0.6938 | rank=32
DEBUG factorized comparison [stage4] | query_norm_mean=0.7448 | key_norm_mean=0.6779 | context_mean=-0.0000 | context_std=0.0574 | context_min=-0.1355 | context_max=0.1770 | total_candidate_weight=84.0000 | spatial_strength=0.0992 | spatial_freq_entropy=2.7724 | spatial_freq_weight_mean=0.6971 | rank=32
patch-priority map [stage3] | mean=0.062500 | std=1.320854 | min=0.000000 | max=66.721237 | prototype_bottleneck_strength=0.400000 | prototype_to_film_norm_ratio=3.644279
patch-priority map [stage4] | mean=0.062500 | std=1.231866 | min=0.000000 | max=51.847771 | prototype_bottleneck_strength=0.400000 | prototype_to_film_norm_ratio=3.609272
Epoch 99/200
  Mean train loss: 0.090163
  Mean val loss:   0.417061
  Current LR:      2.59e-05
Val metrics   | CC: 0.5366 | SIM: 0.4362 | NSS: 3.1602
  Saved checkpoint: training_outputs/ckpts/20260917_231452/epoch_099.pth

Epoch 100/200
pred_saliency: shape=(2, 1, 224, 384) min=-4.0000 max=52.5000 mean=-1.7472 std=5.9615
sal_batch: shape=(2, 1, 360, 640) min=0.0000 max=1.0000 mean=0.0194 std=0.0777
DEBUG features_shape: {'stage1': (2, 96, 16, 56, 96), 'stage2': (2, 192, 16, 28, 48), 'stage3': (2, 384, 16, 14, 24), 'stage4': (2, 768, 16, 7, 12)}
DEBUG gate: no gate_debug available. This usually means return_concept_losses=False or lambda_gate=0.
DEBUG decoder visual FiLM [stage1] | film_gamma=unavailable (pass return_decoder_diagnostics=True)
DEBUG decoder visual FiLM [stage2] | film_gamma=unavailable (pass return_decoder_diagnostics=True)
DEBUG decoder visual FiLM [stage3] | film_gamma mean/std/min/max=0.0625/0.6110/0.0000/18.8303 | prototype_bottleneck_strength=0.4000
DEBUG decoder visual FiLM [stage4] | film_gamma mean/std/min/max=0.0625/0.5936/0.0000/12.9591 | prototype_bottleneck_strength=0.4000
DEBUG factorized comparison [stage3] | query_norm_mean=1.0199 | key_norm_mean=0.7473 | context_mean=0.0000 | context_std=0.0859 | context_min=-0.2045 | context_max=0.1925 | total_candidate_weight=336.0000 | spatial_strength=0.0992 | spatial_freq_entropy=2.7726 | spatial_freq_weight_mean=0.6938 | rank=32
DEBUG factorized comparison [stage4] | query_norm_mean=0.7737 | key_norm_mean=0.6658 | context_mean=-0.0000 | context_std=0.0652 | context_min=-0.1461 | context_max=0.1333 | total_candidate_weight=84.0000 | spatial_strength=0.0992 | spatial_freq_entropy=2.7724 | spatial_freq_weight_mean=0.6971 | rank=32
patch-priority map [stage3] | mean=0.062500 | std=0.610966 | min=0.000000 | max=18.830282 | prototype_bottleneck_strength=0.400000 | prototype_to_film_norm_ratio=1.986001
patch-priority map [stage4] | mean=0.062500 | std=0.593638 | min=0.000000 | max=12.959129 | prototype_bottleneck_strength=0.400000 | prototype_to_film_norm_ratio=1.716618
DEBUG visual concept usage [stage1] top 10:
  concept 148: 108 patches (1.00%)
  concept 4: 106 patches (0.99%)
  concept 84: 98 patches (0.91%)
  concept 164: 97 patches (0.90%)
  concept 224: 95 patches (0.88%)
  concept 6: 93 patches (0.86%)
  concept 464: 92 patches (0.86%)
  concept 193: 87 patches (0.81%)
  concept 416: 87 patches (0.81%)
  concept 462: 87 patches (0.81%)
  normalized usage entropy: 0.8616
DEBUG visual concept usage [stage2] top 10:
  concept 66: 2688 patches (100.00%)
  normalized usage entropy: 0.8287
DEBUG visual concept usage [stage3] top 10:
  concept 92: 235 patches (34.97%)
  concept 35: 210 patches (31.25%)
  concept 278: 183 patches (27.23%)
  concept 51: 17 patches (2.53%)
  concept 96: 17 patches (2.53%)
  concept 481: 9 patches (1.34%)
  concept 271: 1 patches (0.15%)
  normalized usage entropy: 0.7452
DEBUG visual concept usage [stage4] top 10:
  concept 184: 40 patches (23.81%)
  concept 341: 36 patches (21.43%)
  concept 322: 30 patches (17.86%)
  concept 121: 16 patches (9.52%)
  concept 262: 11 patches (6.55%)
  concept 23: 6 patches (3.57%)
  concept 9: 5 patches (2.98%)
  concept 53: 5 patches (2.98%)
  concept 37: 4 patches (2.38%)
  concept 171: 4 patches (2.38%)
  normalized usage entropy: 0.7385
DEBUG pred min/max/mean/std: -4.0 52.5 -1.75 5.96875
DEBUG target min/max/mean/std: 0.0 1.0 0.01935592107474804 0.07765469700098038
DEBUG fixation pixels per sample: [242.0, 154.0]
DEBUG fix_batch min/max/mean/std: 0.0 1.0 0.0008593749953433871 0.029302531853318214
DEBUG losses: {'loss_total': 1.0292431116104126, 'loss_fid': 38.35736846923828, 'loss_patch_fid': 3.9101181030273438, 'loss_dense_fid': 4.5926833152771, 'loss_dense_bce': -0.0, 'loss_dense_kl': 29.854568481445312, 'loss_topk': -0.0, 'loss_delta': -0.0, 'loss_cc': 0.6241455078125, 'loss_nss': -1.5424410104751587, 'loss_sim': 0.6332578063011169, 'loss_concept_dense': 0.0, 'loss_concept_kl': 0.0, 'loss_align': 0.0, 'loss_sparse': 0.0, 'loss_div': 0.0, 'loss_gate': 0.0, 'loss_visual_entropy': 0.6219158172607422, 'loss_visual_equiv': 0.0, 'loss_visual_usage': 0.20652149617671967, 'loss_temporal_attention_entropy': 0.0, 'loss_total_concept': 0.04716470092535019, 'loss_decoder_side_aux': 0.23753678798675537, 'loss_priority_map': 1.8755271434783936, 'loss_priority_map_weighted': 0.18755272030830383, 'priority_map_loss': 1.8755271434783936, 'weighted_priority_map_loss': 0.18755272030830383, 'loss_priority_map_stage3': 1.749914526939392, 'loss_priority_map_stage4': 2.0011398792266846, 'loss_side_stage4': 0.49154654145240784, 'loss_side_stage3': 0.4855065941810608, 'loss_side_stage2': 0.47257792949676514, 'loss_side_stage1': 0.4676104784011841}
DEBUG decoder visual FiLM [stage1] | film_gamma=unavailable (pass return_decoder_diagnostics=True)
DEBUG decoder visual FiLM [stage2] | film_gamma=unavailable (pass return_decoder_diagnostics=True)
DEBUG decoder visual FiLM [stage3] | film_gamma mean/std/min/max=0.0625/1.3348/0.0000/67.0880 | prototype_bottleneck_strength=0.4000
DEBUG decoder visual FiLM [stage4] | film_gamma mean/std/min/max=0.0625/1.1232/0.0000/46.4632 | prototype_bottleneck_strength=0.4000
DEBUG factorized comparison [stage3] | query_norm_mean=0.9763 | key_norm_mean=0.6964 | context_mean=0.0000 | context_std=0.0714 | context_min=-0.1776 | context_max=0.2418 | total_candidate_weight=336.0000 | spatial_strength=0.0992 | spatial_freq_entropy=2.7726 | spatial_freq_weight_mean=0.6938 | rank=32
DEBUG factorized comparison [stage4] | query_norm_mean=0.7090 | key_norm_mean=0.6526 | context_mean=0.0000 | context_std=0.0503 | context_min=-0.1220 | context_max=0.1566 | total_candidate_weight=84.0000 | spatial_strength=0.0993 | spatial_freq_entropy=2.7724 | spatial_freq_weight_mean=0.6971 | rank=32
patch-priority map [stage3] | mean=0.062500 | std=1.334838 | min=0.000000 | max=67.087975 | prototype_bottleneck_strength=0.400000 | prototype_to_film_norm_ratio=3.718094
patch-priority map [stage4] | mean=0.062500 | std=1.123168 | min=0.000000 | max=46.463154 | prototype_bottleneck_strength=0.400000 | prototype_to_film_norm_ratio=3.284556
Epoch 100/200
  Mean train loss: 0.100414
  Mean val loss:   0.408168
  Current LR:      2.55e-05
Val metrics   | CC: 0.5416 | SIM: 0.4392 | NSS: 3.1824
  Saved checkpoint: training_outputs/ckpts/20260917_231452/epoch_100.pth
  New best val loss: 0.408168 (saved training_outputs/ckpts/20260917_231452/best_checkpoint.pth)

Epoch 101/200
pred_saliency: shape=(2, 1, 224, 384) min=-4.0000 max=75.0000 mean=-2.6294 std=6.3751
sal_batch: shape=(2, 1, 360, 640) min=0.0000 max=1.0000 mean=0.0166 std=0.0730
DEBUG features_shape: {'stage1': (2, 96, 16, 56, 96), 'stage2': (2, 192, 16, 28, 48), 'stage3': (2, 384, 16, 14, 24), 'stage4': (2, 768, 16, 7, 12)}
DEBUG gate: no gate_debug available. This usually means return_concept_losses=False or lambda_gate=0.
DEBUG decoder visual FiLM [stage1] | film_gamma=unavailable (pass return_decoder_diagnostics=True)
DEBUG decoder visual FiLM [stage2] | film_gamma=unavailable (pass return_decoder_diagnostics=True)
DEBUG decoder visual FiLM [stage3] | film_gamma mean/std/min/max=0.0625/0.8615/0.0000/30.2710 | prototype_bottleneck_strength=0.4000
DEBUG decoder visual FiLM [stage4] | film_gamma mean/std/min/max=0.0625/0.8212/0.0000/21.7877 | prototype_bottleneck_strength=0.4000
DEBUG factorized comparison [stage3] | query_norm_mean=0.9739 | key_norm_mean=0.6941 | context_mean=0.0000 | context_std=0.0709 | context_min=-0.1731 | context_max=0.2045 | total_candidate_weight=336.0000 | spatial_strength=0.0992 | spatial_freq_entropy=2.7726 | spatial_freq_weight_mean=0.6938 | rank=32
DEBUG factorized comparison [stage4] | query_norm_mean=0.7098 | key_norm_mean=0.6541 | context_mean=-0.0000 | context_std=0.0492 | context_min=-0.1114 | context_max=0.1348 | total_candidate_weight=84.0000 | spatial_strength=0.0993 | spatial_freq_entropy=2.7724 | spatial_freq_weight_mean=0.6971 | rank=32
patch-priority map [stage3] | mean=0.062500 | std=0.861506 | min=0.000000 | max=30.270981 | prototype_bottleneck_strength=0.400000 | prototype_to_film_norm_ratio=2.972963
patch-priority map [stage4] | mean=0.062500 | std=0.821228 | min=0.000000 | max=21.787718 | prototype_bottleneck_strength=0.400000 | prototype_to_film_norm_ratio=2.832755
DEBUG visual concept usage [stage1] top 10:
  concept 63: 113 patches (1.05%)
  concept 22: 112 patches (1.04%)
  concept 96: 110 patches (1.02%)
  concept 65: 97 patches (0.90%)
  concept 143: 90 patches (0.84%)
  concept 117: 89 patches (0.83%)
  concept 164: 88 patches (0.82%)
  concept 84: 87 patches (0.81%)
  concept 131: 87 patches (0.81%)
  concept 367: 85 patches (0.79%)
  normalized usage entropy: 0.8613
DEBUG visual concept usage [stage2] top 10:
  concept 66: 2688 patches (100.00%)
  normalized usage entropy: 0.8287
DEBUG visual concept usage [stage3] top 10:
  concept 92: 297 patches (44.20%)
  concept 35: 206 patches (30.65%)
  concept 278: 136 patches (20.24%)
  concept 51: 14 patches (2.08%)
  concept 481: 14 patches (2.08%)
  concept 96: 4 patches (0.60%)
  concept 90: 1 patches (0.15%)
  normalized usage entropy: 0.7427
DEBUG visual concept usage [stage4] top 10:
  concept 322: 48 patches (28.57%)
  concept 184: 38 patches (22.62%)
  concept 341: 18 patches (10.71%)
  concept 121: 14 patches (8.33%)
  concept 9: 13 patches (7.74%)
  concept 53: 8 patches (4.76%)
  concept 280: 6 patches (3.57%)
  concept 262: 4 patches (2.38%)
  concept 39: 3 patches (1.79%)
  concept 171: 3 patches (1.79%)
  normalized usage entropy: 0.7359
DEBUG pred min/max/mean/std: -4.0 75.0 -2.625 6.375
DEBUG target min/max/mean/std: 0.0 1.0 0.01656850054860115 0.0730036050081253
DEBUG fixation pixels per sample: [129.0, 240.0]
DEBUG fix_batch min/max/mean/std: 0.0 1.0 0.0008007812430150807 0.028286777436733246
DEBUG losses: {'loss_total': 0.008254267275333405, 'loss_fid': 51.33097457885742, 'loss_patch_fid': 3.9335081577301025, 'loss_dense_fid': 4.5494160652160645, 'loss_dense_bce': -0.0, 'loss_dense_kl': 42.84804916381836, 'loss_topk': -0.0, 'loss_delta': -0.0, 'loss_cc': 0.24999821186065674, 'loss_nss': -3.852778434753418, 'loss_sim': 0.4450525641441345, 'loss_concept_dense': 0.0, 'loss_concept_kl': 0.0, 'loss_align': 0.0, 'loss_sparse': 0.0, 'loss_div': 0.0, 'loss_gate': 0.0, 'loss_visual_entropy': 0.622124195098877, 'loss_visual_equiv': 0.0, 'loss_visual_usage': 0.2078355848789215, 'loss_temporal_attention_entropy': 0.0, 'loss_total_concept': 0.04580221697688103, 'loss_decoder_side_aux': -0.06102299690246582, 'loss_priority_map': 0.9035524129867554, 'loss_priority_map_weighted': 0.09035523980855942, 'priority_map_loss': 0.9035524129867554, 'weighted_priority_map_loss': 0.09035523980855942, 'loss_priority_map_stage3': 0.9288014769554138, 'loss_priority_map_stage4': 0.8783034086227417, 'loss_side_stage4': -0.055370330810546875, 'loss_side_stage3': -0.1068163514137268, 'loss_side_stage2': -0.1343817114830017, 'loss_side_stage1': -0.1370779275894165}
DEBUG decoder visual FiLM [stage1] | film_gamma=unavailable (pass return_decoder_diagnostics=True)
DEBUG decoder visual FiLM [stage2] | film_gamma=unavailable (pass return_decoder_diagnostics=True)
DEBUG decoder visual FiLM [stage3] | film_gamma mean/std/min/max=0.0625/1.4794/0.0000/87.1090 | prototype_bottleneck_strength=0.4000
DEBUG decoder visual FiLM [stage4] | film_gamma mean/std/min/max=0.0625/1.2948/0.0000/52.6458 | prototype_bottleneck_strength=0.4000
DEBUG factorized comparison [stage3] | query_norm_mean=0.9573 | key_norm_mean=0.6828 | context_mean=-0.0000 | context_std=0.0699 | context_min=-0.1709 | context_max=0.2403 | total_candidate_weight=336.0000 | spatial_strength=0.0992 | spatial_freq_entropy=2.7726 | spatial_freq_weight_mean=0.6938 | rank=32
DEBUG factorized comparison [stage4] | query_norm_mean=0.7206 | key_norm_mean=0.6827 | context_mean=-0.0000 | context_std=0.0536 | context_min=-0.1242 | context_max=0.1747 | total_candidate_weight=84.0000 | spatial_strength=0.0993 | spatial_freq_entropy=2.7724 | spatial_freq_weight_mean=0.6971 | rank=32
patch-priority map [stage3] | mean=0.062500 | std=1.479425 | min=0.000000 | max=87.109032 | prototype_bottleneck_strength=0.400000 | prototype_to_film_norm_ratio=4.765749
patch-priority map [stage4] | mean=0.062500 | std=1.294780 | min=0.000000 | max=52.645782 | prototype_bottleneck_strength=0.400000 | prototype_to_film_norm_ratio=3.859157
Epoch 101/200
  Mean train loss: 0.065954
  Mean val loss:   0.410694
  Current LR:      2.51e-05
Val metrics   | CC: 0.5401 | SIM: 0.4355 | NSS: 3.1696
  Saved checkpoint: training_outputs/ckpts/20260917_231452/epoch_101.pth

Epoch 102/200
pred_saliency: shape=(2, 1, 224, 384) min=-4.0000 max=81.0000 mean=-2.8363 std=6.3088
sal_batch: shape=(2, 1, 360, 640) min=0.0000 max=1.0000 mean=0.0130 std=0.0718
DEBUG features_shape: {'stage1': (2, 96, 16, 56, 96), 'stage2': (2, 192, 16, 28, 48), 'stage3': (2, 384, 16, 14, 24), 'stage4': (2, 768, 16, 7, 12)}
DEBUG gate: no gate_debug available. This usually means return_concept_losses=False or lambda_gate=0.
DEBUG decoder visual FiLM [stage1] | film_gamma=unavailable (pass return_decoder_diagnostics=True)
DEBUG decoder visual FiLM [stage2] | film_gamma=unavailable (pass return_decoder_diagnostics=True)
DEBUG decoder visual FiLM [stage3] | film_gamma mean/std/min/max=0.0625/1.2522/0.0000/53.5896 | prototype_bottleneck_strength=0.4000
DEBUG decoder visual FiLM [stage4] | film_gamma mean/std/min/max=0.0625/1.2585/0.0000/50.7771 | prototype_bottleneck_strength=0.4000
DEBUG factorized comparison [stage3] | query_norm_mean=0.9577 | key_norm_mean=0.6881 | context_mean=0.0001 | context_std=0.0753 | context_min=-0.1701 | context_max=0.2493 | total_candidate_weight=336.0000 | spatial_strength=0.0992 | spatial_freq_entropy=2.7726 | spatial_freq_weight_mean=0.6938 | rank=32
DEBUG factorized comparison [stage4] | query_norm_mean=0.7079 | key_norm_mean=0.7052 | context_mean=-0.0000 | context_std=0.0550 | context_min=-0.1175 | context_max=0.1498 | total_candidate_weight=84.0000 | spatial_strength=0.0993 | spatial_freq_entropy=2.7724 | spatial_freq_weight_mean=0.6971 | rank=32
patch-priority map [stage3] | mean=0.062500 | std=1.252166 | min=0.000000 | max=53.589581 | prototype_bottleneck_strength=0.400000 | prototype_to_film_norm_ratio=5.303379
patch-priority map [stage4] | mean=0.062500 | std=1.258464 | min=0.000000 | max=50.777119 | prototype_bottleneck_strength=0.400000 | prototype_to_film_norm_ratio=4.094178
DEBUG visual concept usage [stage1] top 10:
  concept 15: 103 patches (0.96%)
  concept 224: 103 patches (0.96%)
  concept 131: 100 patches (0.93%)
  concept 60: 92 patches (0.86%)
  concept 193: 90 patches (0.84%)
  concept 164: 89 patches (0.83%)
  concept 4: 88 patches (0.82%)
  concept 45: 88 patches (0.82%)
  concept 91: 88 patches (0.82%)
  concept 177: 81 patches (0.75%)
  normalized usage entropy: 0.8637
DEBUG visual concept usage [stage2] top 10:
  concept 66: 2688 patches (100.00%)
  normalized usage entropy: 0.8287
DEBUG visual concept usage [stage3] top 10:
  concept 35: 301 patches (44.79%)
  concept 92: 244 patches (36.31%)
  concept 278: 76 patches (11.31%)
  concept 481: 19 patches (2.83%)
  concept 96: 17 patches (2.53%)
  concept 51: 14 patches (2.08%)
  concept 8: 1 patches (0.15%)
  normalized usage entropy: 0.7373
DEBUG visual concept usage [stage4] top 10:
  concept 184: 61 patches (36.31%)
  concept 322: 38 patches (22.62%)
  concept 362: 12 patches (7.14%)
  concept 341: 10 patches (5.95%)
  concept 53: 8 patches (4.76%)
  concept 9: 7 patches (4.17%)
  concept 23: 6 patches (3.57%)
  concept 171: 5 patches (2.98%)
  concept 262: 5 patches (2.98%)
  concept 39: 4 patches (2.38%)
  normalized usage entropy: 0.7240
DEBUG pred min/max/mean/std: -4.0 81.0 -2.84375 6.3125
DEBUG target min/max/mean/std: 0.0 1.0 0.012954113073647022 0.07180239260196686
DEBUG fixation pixels per sample: [215.0, 88.0]
DEBUG fix_batch min/max/mean/std: 0.0 1.0 0.0006575520965270698 0.02563437446951866
DEBUG losses: {'loss_total': -0.004423007369041443, 'loss_fid': 53.43257141113281, 'loss_patch_fid': 3.905820608139038, 'loss_dense_fid': 4.577064514160156, 'loss_dense_bce': -0.0, 'loss_dense_kl': 44.94968795776367, 'loss_topk': -0.0, 'loss_delta': -0.0, 'loss_cc': 0.29200315475463867, 'loss_nss': -4.258042812347412, 'loss_sim': 0.41663217544555664, 'loss_concept_dense': 0.0, 'loss_concept_kl': 0.0, 'loss_align': 0.0, 'loss_sparse': 0.0, 'loss_div': 0.0, 'loss_gate': 0.0, 'loss_visual_entropy': 0.616077721118927, 'loss_visual_equiv': 0.0, 'loss_visual_usage': 0.2115498185157776, 'loss_temporal_attention_entropy': 0.0, 'loss_total_concept': 0.04426232725381851, 'loss_decoder_side_aux': -0.05782482773065567, 'loss_priority_map': 0.7704203128814697, 'loss_priority_map_weighted': 0.07704203575849533, 'priority_map_loss': 0.7704203128814697, 'weighted_priority_map_loss': 0.07704203575849533, 'loss_priority_map_stage3': 0.7737399339675903, 'loss_priority_map_stage4': 0.7671006321907043, 'loss_side_stage4': -0.04771345853805542, 'loss_side_stage3': -0.09575715661048889, 'loss_side_stage2': -0.12313634157180786, 'loss_side_stage1': -0.13696494698524475}
DEBUG decoder visual FiLM [stage1] | film_gamma=unavailable (pass return_decoder_diagnostics=True)
DEBUG decoder visual FiLM [stage2] | film_gamma=unavailable (pass return_decoder_diagnostics=True)
DEBUG decoder visual FiLM [stage3] | film_gamma mean/std/min/max=0.0625/1.3670/0.0000/75.3127 | prototype_bottleneck_strength=0.4000
DEBUG decoder visual FiLM [stage4] | film_gamma mean/std/min/max=0.0625/1.2478/0.0000/51.2423 | prototype_bottleneck_strength=0.4000
DEBUG factorized comparison [stage3] | query_norm_mean=0.9343 | key_norm_mean=0.6731 | context_mean=0.0000 | context_std=0.0670 | context_min=-0.1657 | context_max=0.2284 | total_candidate_weight=336.0000 | spatial_strength=0.0992 | spatial_freq_entropy=2.7726 | spatial_freq_weight_mean=0.6938 | rank=32
DEBUG factorized comparison [stage4] | query_norm_mean=0.7060 | key_norm_mean=0.6858 | context_mean=-0.0000 | context_std=0.0524 | context_min=-0.1190 | context_max=0.1679 | total_candidate_weight=84.0000 | spatial_strength=0.0993 | spatial_freq_entropy=2.7724 | spatial_freq_weight_mean=0.6972 | rank=32
patch-priority map [stage3] | mean=0.062500 | std=1.367004 | min=0.000000 | max=75.312721 | prototype_bottleneck_strength=0.400000 | prototype_to_film_norm_ratio=4.032120
patch-priority map [stage4] | mean=0.062500 | std=1.247839 | min=0.000000 | max=51.242298 | prototype_bottleneck_strength=0.400000 | prototype_to_film_norm_ratio=3.876560
Epoch 102/200
  Mean train loss: 0.089070
  Mean val loss:   0.414514
  Current LR:      2.47e-05
Val metrics   | CC: 0.5366 | SIM: 0.4349 | NSS: 3.1709
  Saved checkpoint: training_outputs/ckpts/20260917_231452/epoch_102.pth

Epoch 103/200
pred_saliency: shape=(2, 1, 224, 384) min=-4.0000 max=56.7500 mean=-2.2430 std=6.2707
sal_batch: shape=(2, 1, 360, 640) min=0.0000 max=1.0000 mean=0.0138 std=0.0755
DEBUG features_shape: {'stage1': (2, 96, 16, 56, 96), 'stage2': (2, 192, 16, 28, 48), 'stage3': (2, 384, 16, 14, 24), 'stage4': (2, 768, 16, 7, 12)}
DEBUG gate: no gate_debug available. This usually means return_concept_losses=False or lambda_gate=0.
DEBUG decoder visual FiLM [stage1] | film_gamma=unavailable (pass return_decoder_diagnostics=True)
DEBUG decoder visual FiLM [stage2] | film_gamma=unavailable (pass return_decoder_diagnostics=True)
DEBUG decoder visual FiLM [stage3] | film_gamma mean/std/min/max=0.0625/0.8299/0.0000/35.6014 | prototype_bottleneck_strength=0.4000
DEBUG decoder visual FiLM [stage4] | film_gamma mean/std/min/max=0.0625/0.8633/0.0000/25.3252 | prototype_bottleneck_strength=0.4000
DEBUG factorized comparison [stage3] | query_norm_mean=0.9368 | key_norm_mean=0.6848 | context_mean=0.0000 | context_std=0.0736 | context_min=-0.1634 | context_max=0.2239 | total_candidate_weight=336.0000 | spatial_strength=0.0992 | spatial_freq_entropy=2.7726 | spatial_freq_weight_mean=0.6938 | rank=32
DEBUG factorized comparison [stage4] | query_norm_mean=0.7051 | key_norm_mean=0.7033 | context_mean=-0.0000 | context_std=0.0573 | context_min=-0.1130 | context_max=0.1619 | total_candidate_weight=84.0000 | spatial_strength=0.0993 | spatial_freq_entropy=2.7724 | spatial_freq_weight_mean=0.6972 | rank=32
patch-priority map [stage3] | mean=0.062500 | std=0.829875 | min=0.000000 | max=35.601402 | prototype_bottleneck_strength=0.400000 | prototype_to_film_norm_ratio=2.850718
patch-priority map [stage4] | mean=0.062500 | std=0.863280 | min=0.000000 | max=25.325195 | prototype_bottleneck_strength=0.400000 | prototype_to_film_norm_ratio=2.521071
DEBUG visual concept usage [stage1] top 10:
  concept 163: 93 patches (0.86%)
  concept 60: 92 patches (0.86%)
  concept 435: 91 patches (0.85%)
  concept 6: 89 patches (0.83%)
  concept 185: 88 patches (0.82%)
  concept 203: 87 patches (0.81%)
  concept 376: 87 patches (0.81%)
  concept 222: 85 patches (0.79%)
  concept 128: 84 patches (0.78%)
  concept 202: 83 patches (0.77%)
  normalized usage entropy: 0.8628
DEBUG visual concept usage [stage2] top 10:
  concept 66: 2688 patches (100.00%)
  normalized usage entropy: 0.8287
DEBUG visual concept usage [stage3] top 10:
  concept 35: 284 patches (42.26%)
  concept 92: 246 patches (36.61%)
  concept 278: 105 patches (15.62%)
  concept 51: 17 patches (2.53%)
  concept 481: 10 patches (1.49%)
  concept 96: 9 patches (1.34%)
  concept 497: 1 patches (0.15%)
  normalized usage entropy: 0.7424
DEBUG visual concept usage [stage4] top 10:
  concept 184: 50 patches (29.76%)
  concept 322: 34 patches (20.24%)
  concept 262: 15 patches (8.93%)
  concept 121: 12 patches (7.14%)
  concept 341: 12 patches (7.14%)
  concept 53: 9 patches (5.36%)
  concept 362: 9 patches (5.36%)
  concept 9: 8 patches (4.76%)
  concept 39: 8 patches (4.76%)
  concept 171: 4 patches (2.38%)
  normalized usage entropy: 0.7310
DEBUG pred min/max/mean/std: -4.0 56.75 -2.25 6.28125
DEBUG target min/max/mean/std: 0.0 1.0 0.013752315193414688 0.07553909718990326
DEBUG fixation pixels per sample: [185.0, 124.0]
DEBUG fix_batch min/max/mean/std: 0.0 1.0 0.0006705729174427688 0.025886768475174904
DEBUG losses: {'loss_total': 0.49037623405456543, 'loss_fid': 44.057334899902344, 'loss_patch_fid': 3.9100050926208496, 'loss_dense_fid': 4.669284820556641, 'loss_dense_bce': -0.0, 'loss_dense_kl': 35.47804260253906, 'loss_topk': -0.0, 'loss_delta': -0.0, 'loss_cc': 0.4840705394744873, 'loss_nss': -3.178964138031006, 'loss_sim': 0.5855334997177124, 'loss_concept_dense': 0.0, 'loss_concept_kl': 0.0, 'loss_align': 0.0, 'loss_sparse': 0.0, 'loss_div': 0.0, 'loss_gate': 0.0, 'loss_visual_entropy': 0.6198952794075012, 'loss_visual_equiv': 0.0, 'loss_visual_usage': 0.20877587795257568, 'loss_temporal_attention_entropy': 0.0, 'loss_total_concept': 0.04467037320137024, 'loss_decoder_side_aux': 0.08650129288434982, 'loss_priority_map': 1.1050002574920654, 'loss_priority_map_weighted': 0.1105000302195549, 'priority_map_loss': 1.1050002574920654, 'weighted_priority_map_loss': 0.1105000302195549, 'loss_priority_map_stage3': 1.233134388923645, 'loss_priority_map_stage4': 0.9768661260604858, 'loss_side_stage4': 0.17662447690963745, 'loss_side_stage3': 0.19768255949020386, 'loss_side_stage2': 0.16954264044761658, 'loss_side_stage1': 0.162352055311203}
DEBUG decoder visual FiLM [stage1] | film_gamma=unavailable (pass return_decoder_diagnostics=True)
DEBUG decoder visual FiLM [stage2] | film_gamma=unavailable (pass return_decoder_diagnostics=True)
DEBUG decoder visual FiLM [stage3] | film_gamma mean/std/min/max=0.0625/1.3729/0.0000/79.4322 | prototype_bottleneck_strength=0.4000
DEBUG decoder visual FiLM [stage4] | film_gamma mean/std/min/max=0.0625/1.1836/0.0000/50.0943 | prototype_bottleneck_strength=0.4000
DEBUG factorized comparison [stage3] | query_norm_mean=0.9780 | key_norm_mean=0.6928 | context_mean=0.0000 | context_std=0.0719 | context_min=-0.1739 | context_max=0.2403 | total_candidate_weight=336.0000 | spatial_strength=0.0992 | spatial_freq_entropy=2.7726 | spatial_freq_weight_mean=0.6938 | rank=32
DEBUG factorized comparison [stage4] | query_norm_mean=0.7225 | key_norm_mean=0.6712 | context_mean=0.0000 | context_std=0.0536 | context_min=-0.1242 | context_max=0.1694 | total_candidate_weight=84.0000 | spatial_strength=0.0993 | spatial_freq_entropy=2.7724 | spatial_freq_weight_mean=0.6972 | rank=32
patch-priority map [stage3] | mean=0.062500 | std=1.372886 | min=0.000000 | max=79.432152 | prototype_bottleneck_strength=0.400000 | prototype_to_film_norm_ratio=4.031116
patch-priority map [stage4] | mean=0.062500 | std=1.183553 | min=0.000000 | max=50.094261 | prototype_bottleneck_strength=0.400000 | prototype_to_film_norm_ratio=3.673035
Epoch 103/200
  Mean train loss: 0.063027
  Mean val loss:   0.418409
  Current LR:      2.43e-05
Val metrics   | CC: 0.5356 | SIM: 0.4333 | NSS: 3.1533
  Saved checkpoint: training_outputs/ckpts/20260917_231452/epoch_103.pth

Epoch 104/200
pred_saliency: shape=(2, 1, 224, 384) min=-4.0000 max=108.5000 mean=-2.1431 std=6.3615
sal_batch: shape=(2, 1, 360, 640) min=0.0000 max=1.0000 mean=0.0119 std=0.0687
DEBUG features_shape: {'stage1': (2, 96, 16, 56, 96), 'stage2': (2, 192, 16, 28, 48), 'stage3': (2, 384, 16, 14, 24), 'stage4': (2, 768, 16, 7, 12)}
DEBUG gate: no gate_debug available. This usually means return_concept_losses=False or lambda_gate=0.
DEBUG decoder visual FiLM [stage1] | film_gamma=unavailable (pass return_decoder_diagnostics=True)
DEBUG decoder visual FiLM [stage2] | film_gamma=unavailable (pass return_decoder_diagnostics=True)
DEBUG decoder visual FiLM [stage3] | film_gamma mean/std/min/max=0.0625/1.1392/0.0000/87.4767 | prototype_bottleneck_strength=0.4000
DEBUG decoder visual FiLM [stage4] | film_gamma mean/std/min/max=0.0625/1.1195/0.0000/53.7108 | prototype_bottleneck_strength=0.4000
DEBUG factorized comparison [stage3] | query_norm_mean=0.9782 | key_norm_mean=0.6937 | context_mean=0.0000 | context_std=0.0714 | context_min=-0.1791 | context_max=0.2030 | total_candidate_weight=336.0000 | spatial_strength=0.0992 | spatial_freq_entropy=2.7726 | spatial_freq_weight_mean=0.6938 | rank=32
DEBUG factorized comparison [stage4] | query_norm_mean=0.7173 | key_norm_mean=0.6727 | context_mean=-0.0000 | context_std=0.0522 | context_min=-0.1175 | context_max=0.1348 | total_candidate_weight=84.0000 | spatial_strength=0.0993 | spatial_freq_entropy=2.7724 | spatial_freq_weight_mean=0.6972 | rank=32
patch-priority map [stage3] | mean=0.062500 | std=1.139245 | min=0.000000 | max=87.476730 | prototype_bottleneck_strength=0.400000 | prototype_to_film_norm_ratio=6.073780
patch-priority map [stage4] | mean=0.062500 | std=1.119453 | min=0.000000 | max=53.710831 | prototype_bottleneck_strength=0.400000 | prototype_to_film_norm_ratio=4.256666
DEBUG visual concept usage [stage1] top 10:
  concept 327: 155 patches (1.44%)
  concept 152: 114 patches (1.06%)
  concept 232: 106 patches (0.99%)
  concept 15: 100 patches (0.93%)
  concept 348: 88 patches (0.82%)
  concept 338: 87 patches (0.81%)
  concept 65: 85 patches (0.79%)
  concept 84: 85 patches (0.79%)
  concept 131: 84 patches (0.78%)
  concept 176: 84 patches (0.78%)
  normalized usage entropy: 0.8644
DEBUG visual concept usage [stage2] top 10:
  concept 66: 2688 patches (100.00%)
  normalized usage entropy: 0.8287
DEBUG visual concept usage [stage3] top 10:
  concept 92: 303 patches (45.09%)
  concept 35: 169 patches (25.15%)
  concept 278: 155 patches (23.07%)
  concept 51: 24 patches (3.57%)
  concept 481: 12 patches (1.79%)
  concept 96: 6 patches (0.89%)
  concept 8: 2 patches (0.30%)
  concept 332: 1 patches (0.15%)
  normalized usage entropy: 0.7451
DEBUG visual concept usage [stage4] top 10:
  concept 322: 55 patches (32.74%)
  concept 184: 36 patches (21.43%)
  concept 341: 24 patches (14.29%)
  concept 9: 10 patches (5.95%)
  concept 121: 8 patches (4.76%)
  concept 53: 7 patches (4.17%)
  concept 78: 7 patches (4.17%)
  concept 39: 5 patches (2.98%)
  concept 171: 4 patches (2.38%)
  concept 299: 3 patches (1.79%)
  normalized usage entropy: 0.7393
DEBUG pred min/max/mean/std: -4.0 108.5 -2.140625 6.375
DEBUG target min/max/mean/std: 0.0 1.0 0.011929611675441265 0.0687023252248764
DEBUG fixation pixels per sample: [192.0, 170.0]
DEBUG fix_batch min/max/mean/std: 0.0 1.0 0.0007855903240852058 0.028017401695251465
DEBUG losses: {'loss_total': -0.22578468918800354, 'loss_fid': 45.90293884277344, 'loss_patch_fid': 3.823390007019043, 'loss_dense_fid': 4.538882255554199, 'loss_dense_bce': -0.0, 'loss_dense_kl': 37.54066467285156, 'loss_topk': -0.0, 'loss_delta': -0.0, 'loss_cc': 0.27411139011383057, 'loss_nss': -5.749794960021973, 'loss_sim': 0.4287319779396057, 'loss_concept_dense': 0.0, 'loss_concept_kl': 0.0, 'loss_align': 0.0, 'loss_sparse': 0.0, 'loss_div': 0.0, 'loss_gate': 0.0, 'loss_visual_entropy': 0.6249505877494812, 'loss_visual_equiv': 0.0, 'loss_visual_usage': 0.20563344657421112, 'loss_temporal_attention_entropy': 0.0, 'loss_total_concept': 0.0449896864593029, 'loss_decoder_side_aux': -0.14221158623695374, 'loss_priority_map': 1.0574400424957275, 'loss_priority_map_weighted': 0.10574400424957275, 'priority_map_loss': 1.0574400424957275, 'weighted_priority_map_loss': 0.10574400424957275, 'loss_priority_map_stage3': 1.0634162425994873, 'loss_priority_map_stage4': 1.0514638423919678, 'loss_side_stage4': -0.23128670454025269, 'loss_side_stage3': -0.2735503911972046, 'loss_side_stage2': -0.29134559631347656, 'loss_side_stage1': -0.2979518175125122}
DEBUG decoder visual FiLM [stage1] | film_gamma=unavailable (pass return_decoder_diagnostics=True)
DEBUG decoder visual FiLM [stage2] | film_gamma=unavailable (pass return_decoder_diagnostics=True)
DEBUG decoder visual FiLM [stage3] | film_gamma mean/std/min/max=0.0625/1.2553/0.0000/65.7197 | prototype_bottleneck_strength=0.4000
DEBUG decoder visual FiLM [stage4] | film_gamma mean/std/min/max=0.0625/1.1892/0.0000/48.6616 | prototype_bottleneck_strength=0.4000
DEBUG factorized comparison [stage3] | query_norm_mean=0.9494 | key_norm_mean=0.6795 | context_mean=0.0000 | context_std=0.0707 | context_min=-0.1687 | context_max=0.2299 | total_candidate_weight=336.0000 | spatial_strength=0.0992 | spatial_freq_entropy=2.7726 | spatial_freq_weight_mean=0.6939 | rank=32
DEBUG factorized comparison [stage4] | query_norm_mean=0.7169 | key_norm_mean=0.6539 | context_mean=0.0000 | context_std=0.0525 | context_min=-0.1212 | context_max=0.1619 | total_candidate_weight=84.0000 | spatial_strength=0.0993 | spatial_freq_entropy=2.7724 | spatial_freq_weight_mean=0.6972 | rank=32
patch-priority map [stage3] | mean=0.062500 | std=1.255275 | min=0.000000 | max=65.719749 | prototype_bottleneck_strength=0.400000 | prototype_to_film_norm_ratio=3.613668
patch-priority map [stage4] | mean=0.062500 | std=1.189224 | min=0.000000 | max=48.661640 | prototype_bottleneck_strength=0.400000 | prototype_to_film_norm_ratio=3.596073
Epoch 104/200
  Mean train loss: 0.106125
  Mean val loss:   0.409806
  Current LR:      2.40e-05
Val metrics   | CC: 0.5404 | SIM: 0.4293 | NSS: 3.1810
  Saved checkpoint: training_outputs/ckpts/20260917_231452/epoch_104.pth

Epoch 105/200
pred_saliency: shape=(2, 1, 224, 384) min=-4.0000 max=64.0000 mean=-2.3391 std=6.1069
sal_batch: shape=(2, 1, 360, 640) min=0.0000 max=1.0000 mean=0.0184 std=0.0853
DEBUG features_shape: {'stage1': (2, 96, 16, 56, 96), 'stage2': (2, 192, 16, 28, 48), 'stage3': (2, 384, 16, 14, 24), 'stage4': (2, 768, 16, 7, 12)}
DEBUG gate: no gate_debug available. This usually means return_concept_losses=False or lambda_gate=0.
DEBUG decoder visual FiLM [stage1] | film_gamma=unavailable (pass return_decoder_diagnostics=True)
DEBUG decoder visual FiLM [stage2] | film_gamma=unavailable (pass return_decoder_diagnostics=True)
DEBUG decoder visual FiLM [stage3] | film_gamma mean/std/min/max=0.0625/0.8897/0.0000/31.4437 | prototype_bottleneck_strength=0.4000
DEBUG decoder visual FiLM [stage4] | film_gamma mean/std/min/max=0.0625/0.9123/0.0000/32.6325 | prototype_bottleneck_strength=0.4000
DEBUG factorized comparison [stage3] | query_norm_mean=0.9527 | key_norm_mean=0.6891 | context_mean=0.0000 | context_std=0.0762 | context_min=-0.1687 | context_max=0.2179 | total_candidate_weight=336.0000 | spatial_strength=0.0992 | spatial_freq_entropy=2.7726 | spatial_freq_weight_mean=0.6939 | rank=32
DEBUG factorized comparison [stage4] | query_norm_mean=0.7103 | key_norm_mean=0.6715 | context_mean=-0.0000 | context_std=0.0554 | context_min=-0.1145 | context_max=0.1574 | total_candidate_weight=84.0000 | spatial_strength=0.0993 | spatial_freq_entropy=2.7724 | spatial_freq_weight_mean=0.6972 | rank=32
patch-priority map [stage3] | mean=0.062500 | std=0.889707 | min=0.000000 | max=31.443718 | prototype_bottleneck_strength=0.400000 | prototype_to_film_norm_ratio=2.693487
patch-priority map [stage4] | mean=0.062500 | std=0.912274 | min=0.000000 | max=32.632477 | prototype_bottleneck_strength=0.400000 | prototype_to_film_norm_ratio=2.831482
DEBUG visual concept usage [stage1] top 10:
  concept 22: 256 patches (2.38%)
  concept 458: 175 patches (1.63%)
  concept 367: 157 patches (1.46%)
  concept 284: 115 patches (1.07%)
  concept 394: 112 patches (1.04%)
  concept 75: 99 patches (0.92%)
  concept 278: 97 patches (0.90%)
  concept 378: 95 patches (0.88%)
  concept 58: 93 patches (0.86%)
  concept 209: 93 patches (0.86%)
  normalized usage entropy: 0.8620
DEBUG visual concept usage [stage2] top 10:
  concept 66: 2688 patches (100.00%)
  normalized usage entropy: 0.8286
DEBUG visual concept usage [stage3] top 10:
  concept 35: 257 patches (38.24%)
  concept 92: 227 patches (33.78%)
  concept 278: 142 patches (21.13%)
  concept 51: 20 patches (2.98%)
  concept 481: 13 patches (1.93%)
  concept 96: 11 patches (1.64%)
  concept 5: 1 patches (0.15%)
  concept 199: 1 patches (0.15%)
  normalized usage entropy: 0.7455
DEBUG visual concept usage [stage4] top 10:
  concept 184: 48 patches (28.57%)
  concept 322: 30 patches (17.86%)
  concept 341: 21 patches (12.50%)
  concept 53: 11 patches (6.55%)
  concept 121: 11 patches (6.55%)
  concept 262: 11 patches (6.55%)
  concept 9: 8 patches (4.76%)
  concept 171: 6 patches (3.57%)
  concept 39: 5 patches (2.98%)
  concept 78: 4 patches (2.38%)
  normalized usage entropy: 0.7387
DEBUG pred min/max/mean/std: -4.0 64.0 -2.34375 6.09375
DEBUG target min/max/mean/std: 0.0 1.0 0.018412768840789795 0.08532680571079254
DEBUG fixation pixels per sample: [219.0, 181.0]
DEBUG fix_batch min/max/mean/std: 0.0 1.0 0.0008680555620230734 0.02945002168416977
DEBUG losses: {'loss_total': 0.3831593692302704, 'loss_fid': 47.01866912841797, 'loss_patch_fid': 3.8674073219299316, 'loss_dense_fid': 4.525672435760498, 'loss_dense_bce': -0.0, 'loss_dense_kl': 38.625587463378906, 'loss_topk': -0.0, 'loss_delta': -0.0, 'loss_cc': 0.4082167148590088, 'loss_nss': -3.001924514770508, 'loss_sim': 0.49552422761917114, 'loss_concept_dense': 0.0, 'loss_concept_kl': 0.0, 'loss_align': 0.0, 'loss_sparse': 0.0, 'loss_div': 0.0, 'loss_gate': 0.0, 'loss_visual_entropy': 0.6205219030380249, 'loss_visual_equiv': 0.0, 'loss_visual_usage': 0.20630568265914917, 'loss_temporal_attention_entropy': 0.0, 'loss_total_concept': 0.04566273093223572, 'loss_decoder_side_aux': 0.06011900305747986, 'loss_priority_map': 0.9606776237487793, 'loss_priority_map_weighted': 0.09606776386499405, 'priority_map_loss': 0.9606776237487793, 'weighted_priority_map_loss': 0.09606776386499405, 'loss_priority_map_stage3': 0.9581825733184814, 'loss_priority_map_stage4': 0.9631727337837219, 'loss_side_stage4': 0.1885679066181183, 'loss_side_stage3': 0.1348559856414795, 'loss_side_stage2': 0.10479217767715454, 'loss_side_stage1': 0.10743090510368347}
DEBUG decoder visual FiLM [stage1] | film_gamma=unavailable (pass return_decoder_diagnostics=True)
DEBUG decoder visual FiLM [stage2] | film_gamma=unavailable (pass return_decoder_diagnostics=True)
DEBUG decoder visual FiLM [stage3] | film_gamma mean/std/min/max=0.0625/1.2819/0.0000/61.5175 | prototype_bottleneck_strength=0.4000
DEBUG decoder visual FiLM [stage4] | film_gamma mean/std/min/max=0.0625/1.2690/0.0000/51.4621 | prototype_bottleneck_strength=0.4000
DEBUG factorized comparison [stage3] | query_norm_mean=0.9116 | key_norm_mean=0.6563 | context_mean=0.0000 | context_std=0.0655 | context_min=-0.1582 | context_max=0.2239 | total_candidate_weight=336.0000 | spatial_strength=0.0993 | spatial_freq_entropy=2.7726 | spatial_freq_weight_mean=0.6939 | rank=32
DEBUG factorized comparison [stage4] | query_norm_mean=0.7023 | key_norm_mean=0.6962 | context_mean=-0.0000 | context_std=0.0519 | context_min=-0.1190 | context_max=0.1694 | total_candidate_weight=84.0000 | spatial_strength=0.0993 | spatial_freq_entropy=2.7724 | spatial_freq_weight_mean=0.6972 | rank=32
patch-priority map [stage3] | mean=0.062500 | std=1.281908 | min=0.000000 | max=61.517529 | prototype_bottleneck_strength=0.400000 | prototype_to_film_norm_ratio=3.406077
patch-priority map [stage4] | mean=0.062500 | std=1.268990 | min=0.000000 | max=51.462086 | prototype_bottleneck_strength=0.400000 | prototype_to_film_norm_ratio=4.077317
Epoch 105/200
  Mean train loss: 0.073503
  Mean val loss:   0.408501
  Current LR:      2.36e-05
Val metrics   | CC: 0.5407 | SIM: 0.4368 | NSS: 3.1808
  Saved checkpoint: training_outputs/ckpts/20260917_231452/epoch_105.pth

Epoch 106/200
pred_saliency: shape=(2, 1, 224, 384) min=-4.0000 max=82.0000 mean=-2.5064 std=6.4331
sal_batch: shape=(2, 1, 360, 640) min=0.0000 max=1.0000 mean=0.0123 std=0.0685
DEBUG features_shape: {'stage1': (2, 96, 16, 56, 96), 'stage2': (2, 192, 16, 28, 48), 'stage3': (2, 384, 16, 14, 24), 'stage4': (2, 768, 16, 7, 12)}
DEBUG gate: no gate_debug available. This usually means return_concept_losses=False or lambda_gate=0.
DEBUG decoder visual FiLM [stage1] | film_gamma=unavailable (pass return_decoder_diagnostics=True)
DEBUG decoder visual FiLM [stage2] | film_gamma=unavailable (pass return_decoder_diagnostics=True)
DEBUG decoder visual FiLM [stage3] | film_gamma mean/std/min/max=0.0625/0.9083/0.0000/37.9327 | prototype_bottleneck_strength=0.4000
DEBUG decoder visual FiLM [stage4] | film_gamma mean/std/min/max=0.0625/1.0356/0.0000/37.6916 | prototype_bottleneck_strength=0.4000
DEBUG factorized comparison [stage3] | query_norm_mean=0.9066 | key_norm_mean=0.6555 | context_mean=0.0000 | context_std=0.0657 | context_min=-0.1560 | context_max=0.1858 | total_candidate_weight=336.0000 | spatial_strength=0.0993 | spatial_freq_entropy=2.7726 | spatial_freq_weight_mean=0.6939 | rank=32
DEBUG factorized comparison [stage4] | query_norm_mean=0.7073 | key_norm_mean=0.6977 | context_mean=0.0000 | context_std=0.0517 | context_min=-0.1145 | context_max=0.1627 | total_candidate_weight=84.0000 | spatial_strength=0.0993 | spatial_freq_entropy=2.7724 | spatial_freq_weight_mean=0.6972 | rank=32
patch-priority map [stage3] | mean=0.062500 | std=0.908274 | min=0.000000 | max=37.932728 | prototype_bottleneck_strength=0.400000 | prototype_to_film_norm_ratio=2.988300
patch-priority map [stage4] | mean=0.062500 | std=1.035563 | min=0.000000 | max=37.691631 | prototype_bottleneck_strength=0.400000 | prototype_to_film_norm_ratio=3.077387
DEBUG visual concept usage [stage1] top 10:
  concept 65: 100 patches (0.93%)
  concept 249: 93 patches (0.86%)
  concept 72: 90 patches (0.84%)
  concept 394: 87 patches (0.81%)
  concept 111: 85 patches (0.79%)
  concept 29: 84 patches (0.78%)
  concept 22: 82 patches (0.76%)
  concept 164: 82 patches (0.76%)
  concept 14: 81 patches (0.75%)
  concept 241: 81 patches (0.75%)
  normalized usage entropy: 0.8645
DEBUG visual concept usage [stage2] top 10:
  concept 66: 2688 patches (100.00%)
  normalized usage entropy: 0.8286
DEBUG visual concept usage [stage3] top 10:
  concept 35: 273 patches (40.62%)
  concept 92: 243 patches (36.16%)
  concept 278: 113 patches (16.82%)
  concept 51: 17 patches (2.53%)
  concept 481: 14 patches (2.08%)
  concept 96: 10 patches (1.49%)
  concept 5: 1 patches (0.15%)
  concept 90: 1 patches (0.15%)
  normalized usage entropy: 0.7443
DEBUG visual concept usage [stage4] top 10:
  concept 184: 52 patches (30.95%)
  concept 322: 32 patches (19.05%)
  concept 341: 17 patches (10.12%)
  concept 362: 9 patches (5.36%)
  concept 9: 8 patches (4.76%)
  concept 78: 8 patches (4.76%)
  concept 121: 8 patches (4.76%)
  concept 262: 7 patches (4.17%)
  concept 171: 6 patches (3.57%)
  concept 280: 5 patches (2.98%)
  normalized usage entropy: 0.7345
DEBUG pred min/max/mean/std: -4.0 82.0 -2.5 6.4375
DEBUG target min/max/mean/std: 0.0 1.0 0.01233314722776413 0.06851601600646973
DEBUG fixation pixels per sample: [181.0, 131.0]
DEBUG fix_batch min/max/mean/std: 0.0 1.0 0.0006770833279006183 0.02601204253733158
DEBUG losses: {'loss_total': -0.12403498589992523, 'loss_fid': 44.651580810546875, 'loss_patch_fid': 3.888472080230713, 'loss_dense_fid': 4.605767250061035, 'loss_dense_bce': -0.0, 'loss_dense_kl': 36.15734100341797, 'loss_topk': -0.0, 'loss_delta': -0.0, 'loss_cc': 0.26670777797698975, 'loss_nss': -4.705260276794434, 'loss_sim': 0.4348141551017761, 'loss_concept_dense': 0.0, 'loss_concept_kl': 0.0, 'loss_align': 0.0, 'loss_sparse': 0.0, 'loss_div': 0.0, 'loss_gate': 0.0, 'loss_visual_entropy': 0.6187780499458313, 'loss_visual_equiv': 0.0, 'loss_visual_usage': 0.20701386034488678, 'loss_temporal_attention_entropy': 0.0, 'loss_total_concept': 0.044435322284698486, 'loss_decoder_side_aux': -0.10850384831428528, 'loss_priority_map': 0.7657511234283447, 'loss_priority_map_weighted': 0.07657511532306671, 'priority_map_loss': 0.7657511234283447, 'weighted_priority_map_loss': 0.07657511532306671, 'loss_priority_map_stage3': 0.9632365703582764, 'loss_priority_map_stage4': 0.5682656168937683, 'loss_side_stage4': -0.21036934852600098, 'loss_side_stage3': -0.24561509490013123, 'loss_side_stage2': -0.21919766068458557, 'loss_side_stage1': -0.20272111892700195}
DEBUG decoder visual FiLM [stage1] | film_gamma=unavailable (pass return_decoder_diagnostics=True)
DEBUG decoder visual FiLM [stage2] | film_gamma=unavailable (pass return_decoder_diagnostics=True)
DEBUG decoder visual FiLM [stage3] | film_gamma mean/std/min/max=0.0625/1.4472/0.0000/82.1494 | prototype_bottleneck_strength=0.4000
DEBUG decoder visual FiLM [stage4] | film_gamma mean/std/min/max=0.0625/1.2647/0.0000/53.9559 | prototype_bottleneck_strength=0.4000
DEBUG factorized comparison [stage3] | query_norm_mean=0.9369 | key_norm_mean=0.6677 | context_mean=-0.0000 | context_std=0.0679 | context_min=-0.1634 | context_max=0.2328 | total_candidate_weight=336.0000 | spatial_strength=0.0992 | spatial_freq_entropy=2.7726 | spatial_freq_weight_mean=0.6939 | rank=32
DEBUG factorized comparison [stage4] | query_norm_mean=0.7143 | key_norm_mean=0.6981 | context_mean=0.0000 | context_std=0.0542 | context_min=-0.1212 | context_max=0.1739 | total_candidate_weight=84.0000 | spatial_strength=0.0992 | spatial_freq_entropy=2.7724 | spatial_freq_weight_mean=0.6973 | rank=32
patch-priority map [stage3] | mean=0.062500 | std=1.447202 | min=0.000000 | max=82.149429 | prototype_bottleneck_strength=0.400000 | prototype_to_film_norm_ratio=4.192727
patch-priority map [stage4] | mean=0.062500 | std=1.264709 | min=0.000000 | max=53.955948 | prototype_bottleneck_strength=0.400000 | prototype_to_film_norm_ratio=3.628362
Epoch 106/200
  Mean train loss: 0.073399
  Mean val loss:   0.411248
  Current LR:      2.32e-05
Val metrics   | CC: 0.5374 | SIM: 0.4382 | NSS: 3.1884
  Saved checkpoint: training_outputs/ckpts/20260917_231452/epoch_106.pth

Epoch 107/200
pred_saliency: shape=(2, 1, 224, 384) min=-4.0000 max=84.5000 mean=-2.3185 std=6.7093
sal_batch: shape=(2, 1, 360, 640) min=0.0000 max=1.0000 mean=0.0148 std=0.0723
DEBUG features_shape: {'stage1': (2, 96, 16, 56, 96), 'stage2': (2, 192, 16, 28, 48), 'stage3': (2, 384, 16, 14, 24), 'stage4': (2, 768, 16, 7, 12)}
DEBUG gate: no gate_debug available. This usually means return_concept_losses=False or lambda_gate=0.
DEBUG decoder visual FiLM [stage1] | film_gamma=unavailable (pass return_decoder_diagnostics=True)
DEBUG decoder visual FiLM [stage2] | film_gamma=unavailable (pass return_decoder_diagnostics=True)
DEBUG decoder visual FiLM [stage3] | film_gamma mean/std/min/max=0.0625/0.7361/0.0000/31.9069 | prototype_bottleneck_strength=0.4000
DEBUG decoder visual FiLM [stage4] | film_gamma mean/std/min/max=0.0625/0.6831/0.0000/17.1657 | prototype_bottleneck_strength=0.4000
DEBUG factorized comparison [stage3] | query_norm_mean=0.9345 | key_norm_mean=0.6726 | context_mean=0.0000 | context_std=0.0682 | context_min=-0.1657 | context_max=0.1754 | total_candidate_weight=336.0000 | spatial_strength=0.0992 | spatial_freq_entropy=2.7726 | spatial_freq_weight_mean=0.6939 | rank=32
DEBUG factorized comparison [stage4] | query_norm_mean=0.7328 | key_norm_mean=0.6853 | context_mean=-0.0000 | context_std=0.0565 | context_min=-0.1280 | context_max=0.1536 | total_candidate_weight=84.0000 | spatial_strength=0.0992 | spatial_freq_entropy=2.7724 | spatial_freq_weight_mean=0.6973 | rank=32
patch-priority map [stage3] | mean=0.062500 | std=0.736089 | min=0.000000 | max=31.906916 | prototype_bottleneck_strength=0.400000 | prototype_to_film_norm_ratio=2.526009
patch-priority map [stage4] | mean=0.062500 | std=0.683057 | min=0.000000 | max=17.165705 | prototype_bottleneck_strength=0.400000 | prototype_to_film_norm_ratio=2.225480
DEBUG visual concept usage [stage1] top 10:
  concept 174: 108 patches (1.00%)
  concept 164: 107 patches (1.00%)
  concept 193: 107 patches (1.00%)
  concept 105: 106 patches (0.99%)
  concept 72: 96 patches (0.89%)
  concept 397: 96 patches (0.89%)
  concept 224: 93 patches (0.86%)
  concept 169: 84 patches (0.78%)
  concept 39: 83 patches (0.77%)
  concept 416: 83 patches (0.77%)
  normalized usage entropy: 0.8629
DEBUG visual concept usage [stage2] top 10:
  concept 66: 2688 patches (100.00%)
  normalized usage entropy: 0.8286
DEBUG visual concept usage [stage3] top 10:
  concept 92: 277 patches (41.22%)
  concept 35: 217 patches (32.29%)
  concept 278: 154 patches (22.92%)
  concept 51: 13 patches (1.93%)
  concept 481: 8 patches (1.19%)
  concept 96: 3 patches (0.45%)
  normalized usage entropy: 0.7478
DEBUG visual concept usage [stage4] top 10:
  concept 184: 36 patches (21.43%)
  concept 322: 34 patches (20.24%)
  concept 9: 19 patches (11.31%)
  concept 341: 19 patches (11.31%)
  concept 121: 17 patches (10.12%)
  concept 362: 9 patches (5.36%)
  concept 53: 7 patches (4.17%)
  concept 262: 6 patches (3.57%)
  concept 280: 5 patches (2.98%)
  concept 78: 4 patches (2.38%)
  normalized usage entropy: 0.7403
DEBUG pred min/max/mean/std: -4.0 84.5 -2.3125 6.71875
DEBUG target min/max/mean/std: 0.0 1.0 0.014754962176084518 0.07231907546520233
DEBUG fixation pixels per sample: [194.0, 247.0]
DEBUG fix_batch min/max/mean/std: 0.0 1.0 0.0009570312686264515 0.030921148136258125
DEBUG losses: {'loss_total': -0.12286186963319778, 'loss_fid': 53.84355163574219, 'loss_patch_fid': 3.931453227996826, 'loss_dense_fid': 4.512392520904541, 'loss_dense_bce': -0.0, 'loss_dense_kl': 45.39970779418945, 'loss_topk': -0.0, 'loss_delta': -0.0, 'loss_cc': 0.21543514728546143, 'loss_nss': -4.567160606384277, 'loss_sim': 0.452930748462677, 'loss_concept_dense': 0.0, 'loss_concept_kl': 0.0, 'loss_align': 0.0, 'loss_sparse': 0.0, 'loss_div': 0.0, 'loss_gate': 0.0, 'loss_visual_entropy': 0.6201323866844177, 'loss_visual_equiv': 0.0, 'loss_visual_usage': 0.20509470999240875, 'loss_temporal_attention_entropy': 0.0, 'loss_total_concept': 0.04520421475172043, 'loss_decoder_side_aux': -0.12032032012939453, 'loss_priority_map': 1.24631929397583, 'loss_priority_map_weighted': 0.12463193386793137, 'priority_map_loss': 1.24631929397583, 'weighted_priority_map_loss': 0.12463193386793137, 'loss_priority_map_stage3': 1.3693625926971436, 'loss_priority_map_stage4': 1.1232759952545166, 'loss_side_stage4': -0.24028506875038147, 'loss_side_stage3': -0.23843196034431458, 'loss_side_stage2': -0.24312812089920044, 'loss_side_stage1': -0.2399682104587555}
DEBUG decoder visual FiLM [stage1] | film_gamma=unavailable (pass return_decoder_diagnostics=True)
DEBUG decoder visual FiLM [stage2] | film_gamma=unavailable (pass return_decoder_diagnostics=True)
DEBUG decoder visual FiLM [stage3] | film_gamma mean/std/min/max=0.0625/1.3276/0.0000/70.2372 | prototype_bottleneck_strength=0.4000
DEBUG decoder visual FiLM [stage4] | film_gamma mean/std/min/max=0.0625/1.1752/0.0000/50.7099 | prototype_bottleneck_strength=0.4000
DEBUG factorized comparison [stage3] | query_norm_mean=0.9718 | key_norm_mean=0.6911 | context_mean=0.0000 | context_std=0.0730 | context_min=-0.1731 | context_max=0.2403 | total_candidate_weight=336.0000 | spatial_strength=0.0992 | spatial_freq_entropy=2.7726 | spatial_freq_weight_mean=0.6938 | rank=32
DEBUG factorized comparison [stage4] | query_norm_mean=0.7288 | key_norm_mean=0.6719 | context_mean=0.0000 | context_std=0.0554 | context_min=-0.1242 | context_max=0.1702 | total_candidate_weight=84.0000 | spatial_strength=0.0993 | spatial_freq_entropy=2.7724 | spatial_freq_weight_mean=0.6973 | rank=32
patch-priority map [stage3] | mean=0.062500 | std=1.327643 | min=0.000000 | max=70.237228 | prototype_bottleneck_strength=0.400000 | prototype_to_film_norm_ratio=3.971074
patch-priority map [stage4] | mean=0.062500 | std=1.175226 | min=0.000000 | max=50.709888 | prototype_bottleneck_strength=0.400000 | prototype_to_film_norm_ratio=3.339416
Epoch 107/200
  Mean train loss: 0.073747
  Mean val loss:   0.402637
  Current LR:      2.28e-05
Val metrics   | CC: 0.5451 | SIM: 0.4332 | NSS: 3.1924
  Saved checkpoint: training_outputs/ckpts/20260917_231452/epoch_107.pth
  New best val loss: 0.402637 (saved training_outputs/ckpts/20260917_231452/best_checkpoint.pth)

Epoch 108/200
pred_saliency: shape=(2, 1, 224, 384) min=-4.0000 max=105.5000 mean=-2.7781 std=6.4031
sal_batch: shape=(2, 1, 360, 640) min=0.0000 max=1.0000 mean=0.0129 std=0.0688
DEBUG features_shape: {'stage1': (2, 96, 16, 56, 96), 'stage2': (2, 192, 16, 28, 48), 'stage3': (2, 384, 16, 14, 24), 'stage4': (2, 768, 16, 7, 12)}
DEBUG gate: no gate_debug available. This usually means return_concept_losses=False or lambda_gate=0.
DEBUG decoder visual FiLM [stage1] | film_gamma=unavailable (pass return_decoder_diagnostics=True)
DEBUG decoder visual FiLM [stage2] | film_gamma=unavailable (pass return_decoder_diagnostics=True)
DEBUG decoder visual FiLM [stage3] | film_gamma mean/std/min/max=0.0625/1.1472/0.0000/56.7954 | prototype_bottleneck_strength=0.4000
DEBUG decoder visual FiLM [stage4] | film_gamma mean/std/min/max=0.0625/0.9851/0.0000/37.0320 | prototype_bottleneck_strength=0.4000
DEBUG factorized comparison [stage3] | query_norm_mean=0.9659 | key_norm_mean=0.6834 | context_mean=0.0000 | context_std=0.0704 | context_min=-0.1701 | context_max=0.1866 | total_candidate_weight=336.0000 | spatial_strength=0.0992 | spatial_freq_entropy=2.7726 | spatial_freq_weight_mean=0.6938 | rank=32
DEBUG factorized comparison [stage4] | query_norm_mean=0.7185 | key_norm_mean=0.6868 | context_mean=-0.0000 | context_std=0.0565 | context_min=-0.1197 | context_max=0.1694 | total_candidate_weight=84.0000 | spatial_strength=0.0993 | spatial_freq_entropy=2.7724 | spatial_freq_weight_mean=0.6973 | rank=32
patch-priority map [stage3] | mean=0.062500 | std=1.147192 | min=0.000000 | max=56.795395 | prototype_bottleneck_strength=0.400000 | prototype_to_film_norm_ratio=4.564217
patch-priority map [stage4] | mean=0.062500 | std=0.985073 | min=0.000000 | max=37.031990 | prototype_bottleneck_strength=0.400000 | prototype_to_film_norm_ratio=3.166988
DEBUG visual concept usage [stage1] top 10:
  concept 144: 229 patches (2.13%)
  concept 137: 222 patches (2.06%)
  concept 157: 213 patches (1.98%)
  concept 46: 169 patches (1.57%)
  concept 14: 159 patches (1.48%)
  concept 428: 158 patches (1.47%)
  concept 241: 151 patches (1.40%)
  concept 77: 145 patches (1.35%)
  concept 58: 143 patches (1.33%)
  concept 291: 141 patches (1.31%)
  normalized usage entropy: 0.8533
DEBUG visual concept usage [stage2] top 10:
  concept 66: 2688 patches (100.00%)
  normalized usage entropy: 0.8285
DEBUG visual concept usage [stage3] top 10:
  concept 92: 300 patches (44.64%)
  concept 35: 243 patches (36.16%)
  concept 278: 92 patches (13.69%)
  concept 51: 19 patches (2.83%)
  concept 96: 11 patches (1.64%)
  concept 481: 7 patches (1.04%)
  normalized usage entropy: 0.7461
DEBUG visual concept usage [stage4] top 10:
  concept 184: 46 patches (27.38%)
  concept 322: 44 patches (26.19%)
  concept 341: 20 patches (11.90%)
  concept 9: 10 patches (5.95%)
  concept 121: 9 patches (5.36%)
  concept 53: 8 patches (4.76%)
  concept 262: 5 patches (2.98%)
  concept 171: 4 patches (2.38%)
  concept 299: 4 patches (2.38%)
  concept 362: 4 patches (2.38%)
  normalized usage entropy: 0.7415
DEBUG pred min/max/mean/std: -4.0 105.5 -2.78125 6.40625
DEBUG target min/max/mean/std: 0.0 1.0 0.012919756583869457 0.06875130534172058
DEBUG fixation pixels per sample: [201.0, 154.0]
DEBUG fix_batch min/max/mean/std: 0.0 1.0 0.00077039934694767 0.027745403349399567
DEBUG losses: {'loss_total': -0.3828611373901367, 'loss_fid': 73.46463012695312, 'loss_patch_fid': 3.859722137451172, 'loss_dense_fid': 4.3217878341674805, 'loss_dense_bce': -0.0, 'loss_dense_kl': 65.28311920166016, 'loss_topk': -0.0, 'loss_delta': -0.0, 'loss_cc': 0.1880497932434082, 'loss_nss': -5.834525108337402, 'loss_sim': 0.4028579592704773, 'loss_concept_dense': 0.0, 'loss_concept_kl': 0.0, 'loss_align': 0.0, 'loss_sparse': 0.0, 'loss_div': 0.0, 'loss_gate': 0.0, 'loss_visual_entropy': 0.6243548393249512, 'loss_visual_equiv': 0.0, 'loss_visual_usage': 0.20764529705047607, 'loss_temporal_attention_entropy': 0.0, 'loss_total_concept': 0.04483817517757416, 'loss_decoder_side_aux': -0.19879978895187378, 'loss_priority_map': 1.0233111381530762, 'loss_priority_map_weighted': 0.10233111679553986, 'priority_map_loss': 1.0233111381530762, 'weighted_priority_map_loss': 0.10233111679553986, 'loss_priority_map_stage3': 0.9314275979995728, 'loss_priority_map_stage4': 1.11519455909729, 'loss_side_stage4': -0.42235785722732544, 'loss_side_stage3': -0.39238500595092773, 'loss_side_stage2': -0.3933999538421631, 'loss_side_stage1': -0.39716702699661255}
DEBUG decoder visual FiLM [stage1] | film_gamma=unavailable (pass return_decoder_diagnostics=True)
DEBUG decoder visual FiLM [stage2] | film_gamma=unavailable (pass return_decoder_diagnostics=True)
DEBUG decoder visual FiLM [stage3] | film_gamma mean/std/min/max=0.0625/1.2007/0.0000/69.8173 | prototype_bottleneck_strength=0.4000
DEBUG decoder visual FiLM [stage4] | film_gamma mean/std/min/max=0.0625/1.1333/0.0000/50.4580 | prototype_bottleneck_strength=0.4000
DEBUG factorized comparison [stage3] | query_norm_mean=0.9565 | key_norm_mean=0.6895 | context_mean=0.0000 | context_std=0.0714 | context_min=-0.1701 | context_max=0.2284 | total_candidate_weight=336.0000 | spatial_strength=0.0992 | spatial_freq_entropy=2.7726 | spatial_freq_weight_mean=0.6939 | rank=32
DEBUG factorized comparison [stage4] | query_norm_mean=0.7383 | key_norm_mean=0.6871 | context_mean=-0.0001 | context_std=0.0570 | context_min=-0.1310 | context_max=0.1739 | total_candidate_weight=84.0000 | spatial_strength=0.0992 | spatial_freq_entropy=2.7724 | spatial_freq_weight_mean=0.6973 | rank=32
patch-priority map [stage3] | mean=0.062500 | std=1.200715 | min=0.000000 | max=69.817291 | prototype_bottleneck_strength=0.400000 | prototype_to_film_norm_ratio=3.552680
patch-priority map [stage4] | mean=0.062500 | std=1.133256 | min=0.000000 | max=50.457958 | prototype_bottleneck_strength=0.400000 | prototype_to_film_norm_ratio=3.309569
Epoch 108/200
  Mean train loss: 0.075930
  Mean val loss:   0.411243
  Current LR:      2.24e-05
Val metrics   | CC: 0.5404 | SIM: 0.4355 | NSS: 3.1636
  Saved checkpoint: training_outputs/ckpts/20260917_231452/epoch_108.pth

Epoch 109/200
pred_saliency: shape=(2, 1, 224, 384) min=-4.0000 max=84.5000 mean=-2.6702 std=6.7647
sal_batch: shape=(2, 1, 360, 640) min=0.0000 max=1.0000 mean=0.0130 std=0.0764
DEBUG features_shape: {'stage1': (2, 96, 16, 56, 96), 'stage2': (2, 192, 16, 28, 48), 'stage3': (2, 384, 16, 14, 24), 'stage4': (2, 768, 16, 7, 12)}
DEBUG gate: no gate_debug available. This usually means return_concept_losses=False or lambda_gate=0.
DEBUG decoder visual FiLM [stage1] | film_gamma=unavailable (pass return_decoder_diagnostics=True)
DEBUG decoder visual FiLM [stage2] | film_gamma=unavailable (pass return_decoder_diagnostics=True)
DEBUG decoder visual FiLM [stage3] | film_gamma mean/std/min/max=0.0625/1.0878/0.0000/43.5905 | prototype_bottleneck_strength=0.4000
DEBUG decoder visual FiLM [stage4] | film_gamma mean/std/min/max=0.0625/1.1207/0.0000/42.3405 | prototype_bottleneck_strength=0.4000
DEBUG factorized comparison [stage3] | query_norm_mean=0.9567 | key_norm_mean=0.6959 | context_mean=0.0000 | context_std=0.0761 | context_min=-0.1701 | context_max=0.2373 | total_candidate_weight=336.0000 | spatial_strength=0.0992 | spatial_freq_entropy=2.7726 | spatial_freq_weight_mean=0.6939 | rank=32
DEBUG factorized comparison [stage4] | query_norm_mean=0.7297 | key_norm_mean=0.7031 | context_mean=-0.0001 | context_std=0.0587 | context_min=-0.1318 | context_max=0.1627 | total_candidate_weight=84.0000 | spatial_strength=0.0992 | spatial_freq_entropy=2.7724 | spatial_freq_weight_mean=0.6973 | rank=32
patch-priority map [stage3] | mean=0.062500 | std=1.087785 | min=0.000000 | max=43.590485 | prototype_bottleneck_strength=0.400000 | prototype_to_film_norm_ratio=4.338539
patch-priority map [stage4] | mean=0.062500 | std=1.120709 | min=0.000000 | max=42.340485 | prototype_bottleneck_strength=0.400000 | prototype_to_film_norm_ratio=4.084061
DEBUG visual concept usage [stage1] top 10:
  concept 22: 353 patches (3.28%)
  concept 373: 245 patches (2.28%)
  concept 58: 235 patches (2.19%)
  concept 458: 173 patches (1.61%)
  concept 367: 158 patches (1.47%)
  concept 481: 148 patches (1.38%)
  concept 37: 144 patches (1.34%)
  concept 350: 144 patches (1.34%)
  concept 394: 138 patches (1.28%)
  concept 357: 134 patches (1.25%)
  normalized usage entropy: 0.8439
DEBUG visual concept usage [stage2] top 10:
  concept 66: 2688 patches (100.00%)
  normalized usage entropy: 0.8284
DEBUG visual concept usage [stage3] top 10:
  concept 92: 267 patches (39.73%)
  concept 35: 238 patches (35.42%)
  concept 278: 113 patches (16.82%)
  concept 51: 21 patches (3.12%)
  concept 96: 20 patches (2.98%)
  concept 481: 12 patches (1.79%)
  concept 497: 1 patches (0.15%)
  normalized usage entropy: 0.7470
DEBUG visual concept usage [stage4] top 10:
  concept 184: 44 patches (26.19%)
  concept 322: 35 patches (20.83%)
  concept 341: 21 patches (12.50%)
  concept 121: 13 patches (7.74%)
  concept 262: 10 patches (5.95%)
  concept 9: 8 patches (4.76%)
  concept 53: 6 patches (3.57%)
  concept 78: 6 patches (3.57%)
  concept 362: 6 patches (3.57%)
  concept 171: 5 patches (2.98%)
  normalized usage entropy: 0.7455
DEBUG pred min/max/mean/std: -4.0 84.5 -2.671875 6.75
DEBUG target min/max/mean/std: 0.0 1.0 0.01302181277424097 0.07642081379890442
DEBUG fixation pixels per sample: [212.0, 111.0]
DEBUG fix_batch min/max/mean/std: 0.0 1.0 0.0007009548717178404 0.02646629884839058
DEBUG losses: {'loss_total': -0.31847861409187317, 'loss_fid': 57.95808792114258, 'loss_patch_fid': 3.791182041168213, 'loss_dense_fid': 4.590893745422363, 'loss_dense_bce': -0.0, 'loss_dense_kl': 49.576011657714844, 'loss_topk': -0.0, 'loss_delta': -0.0, 'loss_cc': 0.21321851015090942, 'loss_nss': -5.464972972869873, 'loss_sim': 0.37699031829833984, 'loss_concept_dense': 0.0, 'loss_concept_kl': 0.0, 'loss_align': 0.0, 'loss_sparse': 0.0, 'loss_div': 0.0, 'loss_gate': 0.0, 'loss_visual_entropy': 0.620762825012207, 'loss_visual_equiv': 0.0, 'loss_visual_usage': 0.2087908238172531, 'loss_temporal_attention_entropy': 0.0, 'loss_total_concept': 0.04474646598100662, 'loss_decoder_side_aux': -0.16738739609718323, 'loss_priority_map': 0.7575913071632385, 'loss_priority_map_weighted': 0.07575913518667221, 'priority_map_loss': 0.7575913071632385, 'weighted_priority_map_loss': 0.07575913518667221, 'loss_priority_map_stage3': 0.8053510189056396, 'loss_priority_map_stage4': 0.7098315954208374, 'loss_side_stage4': -0.3468695878982544, 'loss_side_stage3': -0.3425927758216858, 'loss_side_stage2': -0.33062946796417236, 'loss_side_stage1': -0.33095109462738037}
DEBUG decoder visual FiLM [stage1] | film_gamma=unavailable (pass return_decoder_diagnostics=True)
DEBUG decoder visual FiLM [stage2] | film_gamma=unavailable (pass return_decoder_diagnostics=True)
DEBUG decoder visual FiLM [stage3] | film_gamma mean/std/min/max=0.0625/1.2374/0.0000/65.0408 | prototype_bottleneck_strength=0.4000
DEBUG decoder visual FiLM [stage4] | film_gamma mean/std/min/max=0.0625/1.2714/0.0000/54.9202 | prototype_bottleneck_strength=0.4000
DEBUG factorized comparison [stage3] | query_norm_mean=0.9187 | key_norm_mean=0.6684 | context_mean=0.0000 | context_std=0.0682 | context_min=-0.1612 | context_max=0.2209 | total_candidate_weight=336.0000 | spatial_strength=0.0992 | spatial_freq_entropy=2.7726 | spatial_freq_weight_mean=0.6939 | rank=32
DEBUG factorized comparison [stage4] | query_norm_mean=0.7305 | key_norm_mean=0.6773 | context_mean=-0.0000 | context_std=0.0560 | context_min=-0.1280 | context_max=0.1777 | total_candidate_weight=84.0000 | spatial_strength=0.0992 | spatial_freq_entropy=2.7724 | spatial_freq_weight_mean=0.6973 | rank=32
patch-priority map [stage3] | mean=0.062500 | std=1.237432 | min=0.000000 | max=65.040840 | prototype_bottleneck_strength=0.400000 | prototype_to_film_norm_ratio=3.606689
patch-priority map [stage4] | mean=0.062500 | std=1.271434 | min=0.000000 | max=54.920185 | prototype_bottleneck_strength=0.400000 | prototype_to_film_norm_ratio=3.885651
Epoch 109/200
  Mean train loss: 0.081866
  Mean val loss:   0.408148
  Current LR:      2.20e-05
Val metrics   | CC: 0.5422 | SIM: 0.4318 | NSS: 3.1763
  Saved checkpoint: training_outputs/ckpts/20260917_231452/epoch_109.pth

Epoch 110/200
pred_saliency: shape=(2, 1, 224, 384) min=-4.0000 max=93.0000 mean=-2.5416 std=6.6356
sal_batch: shape=(2, 1, 360, 640) min=0.0000 max=1.0000 mean=0.0130 std=0.0736
DEBUG features_shape: {'stage1': (2, 96, 16, 56, 96), 'stage2': (2, 192, 16, 28, 48), 'stage3': (2, 384, 16, 14, 24), 'stage4': (2, 768, 16, 7, 12)}
DEBUG gate: no gate_debug available. This usually means return_concept_losses=False or lambda_gate=0.
DEBUG decoder visual FiLM [stage1] | film_gamma=unavailable (pass return_decoder_diagnostics=True)
DEBUG decoder visual FiLM [stage2] | film_gamma=unavailable (pass return_decoder_diagnostics=True)
DEBUG decoder visual FiLM [stage3] | film_gamma mean/std/min/max=0.0625/1.0013/0.0000/56.7586 | prototype_bottleneck_strength=0.4000
DEBUG decoder visual FiLM [stage4] | film_gamma mean/std/min/max=0.0625/1.0282/0.0000/39.1062 | prototype_bottleneck_strength=0.4000
DEBUG factorized comparison [stage3] | query_norm_mean=0.9144 | key_norm_mean=0.6712 | context_mean=0.0000 | context_std=0.0697 | context_min=-0.1597 | context_max=0.2104 | total_candidate_weight=336.0000 | spatial_strength=0.0992 | spatial_freq_entropy=2.7726 | spatial_freq_weight_mean=0.6939 | rank=32
DEBUG factorized comparison [stage4] | query_norm_mean=0.7297 | key_norm_mean=0.6838 | context_mean=-0.0000 | context_std=0.0581 | context_min=-0.1227 | context_max=0.1589 | total_candidate_weight=84.0000 | spatial_strength=0.0992 | spatial_freq_entropy=2.7724 | spatial_freq_weight_mean=0.6973 | rank=32
patch-priority map [stage3] | mean=0.062500 | std=1.001347 | min=0.000000 | max=56.758621 | prototype_bottleneck_strength=0.400000 | prototype_to_film_norm_ratio=3.879421
patch-priority map [stage4] | mean=0.062500 | std=1.028190 | min=0.000000 | max=39.106152 | prototype_bottleneck_strength=0.400000 | prototype_to_film_norm_ratio=3.427236
DEBUG visual concept usage [stage1] top 10:
  concept 153: 106 patches (0.99%)
  concept 239: 104 patches (0.97%)
  concept 6: 103 patches (0.96%)
  concept 64: 97 patches (0.90%)
  concept 203: 96 patches (0.89%)
  concept 56: 95 patches (0.88%)
  concept 66: 94 patches (0.87%)
  concept 163: 92 patches (0.86%)
  concept 45: 87 patches (0.81%)
  concept 185: 86 patches (0.80%)
  normalized usage entropy: 0.8589
DEBUG visual concept usage [stage2] top 10:
  concept 66: 2688 patches (100.00%)
  normalized usage entropy: 0.8282
DEBUG visual concept usage [stage3] top 10:
  concept 35: 261 patches (38.84%)
  concept 92: 226 patches (33.63%)
  concept 278: 129 patches (19.20%)
  concept 51: 25 patches (3.72%)
  concept 96: 19 patches (2.83%)
  concept 481: 12 patches (1.79%)
  normalized usage entropy: 0.7469
DEBUG visual concept usage [stage4] top 10:
  concept 184: 44 patches (26.19%)
  concept 341: 32 patches (19.05%)
  concept 322: 23 patches (13.69%)
  concept 9: 13 patches (7.74%)
  concept 121: 8 patches (4.76%)
  concept 53: 7 patches (4.17%)
  concept 78: 7 patches (4.17%)
  concept 262: 7 patches (4.17%)
  concept 39: 6 patches (3.57%)
  concept 299: 6 patches (3.57%)
  normalized usage entropy: 0.7415
DEBUG pred min/max/mean/std: -4.0 93.0 -2.546875 6.625
DEBUG target min/max/mean/std: 0.0 1.0 0.01297115907073021 0.07359927892684937
DEBUG fixation pixels per sample: [210.0, 105.0]
DEBUG fix_batch min/max/mean/std: 0.0 1.0 0.0006835937383584678 0.026136714965105057
DEBUG losses: {'loss_total': -0.4760645627975464, 'loss_fid': 61.68218231201172, 'loss_patch_fid': 3.964000940322876, 'loss_dense_fid': 4.407998561859131, 'loss_dense_bce': -0.0, 'loss_dense_kl': 53.3101806640625, 'loss_topk': -0.0, 'loss_delta': -0.0, 'loss_cc': 0.16644132137298584, 'loss_nss': -6.078586578369141, 'loss_sim': 0.3801566958427429, 'loss_concept_dense': 0.0, 'loss_concept_kl': 0.0, 'loss_align': 0.0, 'loss_sparse': 0.0, 'loss_div': 0.0, 'loss_gate': 0.0, 'loss_visual_entropy': 0.6192747354507446, 'loss_visual_equiv': 0.0, 'loss_visual_usage': 0.20613843202590942, 'loss_temporal_attention_entropy': 0.0, 'loss_total_concept': 0.04452206939458847, 'loss_decoder_side_aux': -0.21700116991996765, 'loss_priority_map': 0.7610599994659424, 'loss_priority_map_weighted': 0.0761060044169426, 'priority_map_loss': 0.7610599994659424, 'weighted_priority_map_loss': 0.0761060044169426, 'loss_priority_map_stage3': 0.8733648061752319, 'loss_priority_map_stage4': 0.6487551927566528, 'loss_side_stage4': -0.3990015387535095, 'loss_side_stage3': -0.43259698152542114, 'loss_side_stage2': -0.4374353885650635, 'loss_side_stage1': -0.4408804774284363}
DEBUG decoder visual FiLM [stage1] | film_gamma=unavailable (pass return_decoder_diagnostics=True)
DEBUG decoder visual FiLM [stage2] | film_gamma=unavailable (pass return_decoder_diagnostics=True)
DEBUG decoder visual FiLM [stage3] | film_gamma mean/std/min/max=0.0625/1.1097/0.0000/60.4669 | prototype_bottleneck_strength=0.4000
DEBUG decoder visual FiLM [stage4] | film_gamma mean/std/min/max=0.0625/1.0268/0.0000/45.8770 | prototype_bottleneck_strength=0.4000
DEBUG factorized comparison [stage3] | query_norm_mean=0.9117 | key_norm_mean=0.6634 | context_mean=0.0001 | context_std=0.0687 | context_min=-0.1612 | context_max=0.2149 | total_candidate_weight=336.0000 | spatial_strength=0.0993 | spatial_freq_entropy=2.7726 | spatial_freq_weight_mean=0.6939 | rank=32
DEBUG factorized comparison [stage4] | query_norm_mean=0.7376 | key_norm_mean=0.6616 | context_mean=-0.0000 | context_std=0.0560 | context_min=-0.1303 | context_max=0.1627 | total_candidate_weight=84.0000 | spatial_strength=0.0993 | spatial_freq_entropy=2.7724 | spatial_freq_weight_mean=0.6973 | rank=32
patch-priority map [stage3] | mean=0.062500 | std=1.109711 | min=0.000000 | max=60.466938 | prototype_bottleneck_strength=0.400000 | prototype_to_film_norm_ratio=3.112024
patch-priority map [stage4] | mean=0.062500 | std=1.026774 | min=0.000000 | max=45.877041 | prototype_bottleneck_strength=0.400000 | prototype_to_film_norm_ratio=3.272332
Epoch 110/200
  Mean train loss: 0.075887
  Mean val loss:   0.406232
  Current LR:      2.17e-05
Val metrics   | CC: 0.5431 | SIM: 0.4389 | NSS: 3.1808
  Saved checkpoint: training_outputs/ckpts/20260917_231452/epoch_110.pth

Epoch 111/200
pred_saliency: shape=(2, 1, 224, 384) min=-4.0000 max=58.7500 mean=-1.8813 std=6.2732
sal_batch: shape=(2, 1, 360, 640) min=0.0000 max=1.0000 mean=0.0218 std=0.0937
DEBUG features_shape: {'stage1': (2, 96, 16, 56, 96), 'stage2': (2, 192, 16, 28, 48), 'stage3': (2, 384, 16, 14, 24), 'stage4': (2, 768, 16, 7, 12)}
DEBUG gate: no gate_debug available. This usually means return_concept_losses=False or lambda_gate=0.
DEBUG decoder visual FiLM [stage1] | film_gamma=unavailable (pass return_decoder_diagnostics=True)
DEBUG decoder visual FiLM [stage2] | film_gamma=unavailable (pass return_decoder_diagnostics=True)
DEBUG decoder visual FiLM [stage3] | film_gamma mean/std/min/max=0.0625/0.7513/0.0000/37.2218 | prototype_bottleneck_strength=0.4000
DEBUG decoder visual FiLM [stage4] | film_gamma mean/std/min/max=0.0625/0.7062/0.0000/27.0953 | prototype_bottleneck_strength=0.4000
DEBUG factorized comparison [stage3] | query_norm_mean=0.9056 | key_norm_mean=0.6478 | context_mean=0.0000 | context_std=0.0646 | context_min=-0.1537 | context_max=0.1791 | total_candidate_weight=336.0000 | spatial_strength=0.0993 | spatial_freq_entropy=2.7726 | spatial_freq_weight_mean=0.6939 | rank=32
DEBUG factorized comparison [stage4] | query_norm_mean=0.7043 | key_norm_mean=0.6926 | context_mean=0.0000 | context_std=0.0535 | context_min=-0.1190 | context_max=0.1521 | total_candidate_weight=84.0000 | spatial_strength=0.0993 | spatial_freq_entropy=2.7724 | spatial_freq_weight_mean=0.6973 | rank=32
patch-priority map [stage3] | mean=0.062500 | std=0.751273 | min=0.000000 | max=37.221779 | prototype_bottleneck_strength=0.400000 | prototype_to_film_norm_ratio=2.405030
patch-priority map [stage4] | mean=0.062500 | std=0.706242 | min=0.000000 | max=27.095295 | prototype_bottleneck_strength=0.400000 | prototype_to_film_norm_ratio=2.795877
DEBUG visual concept usage [stage1] top 10:
  concept 64: 109 patches (1.01%)
  concept 15: 97 patches (0.90%)
  concept 208: 84 patches (0.78%)
  concept 167: 82 patches (0.76%)
  concept 376: 81 patches (0.75%)
  concept 232: 80 patches (0.74%)
  concept 296: 80 patches (0.74%)
  concept 168: 79 patches (0.73%)
  concept 72: 78 patches (0.73%)
  concept 118: 78 patches (0.73%)
  normalized usage entropy: 0.8649
DEBUG visual concept usage [stage2] top 10:
  concept 66: 2688 patches (100.00%)
  normalized usage entropy: 0.8280
DEBUG visual concept usage [stage3] top 10:
  concept 92: 325 patches (48.36%)
  concept 35: 212 patches (31.55%)
  concept 278: 75 patches (11.16%)
  concept 51: 29 patches (4.32%)
  concept 481: 20 patches (2.98%)
  concept 96: 9 patches (1.34%)
  concept 497: 2 patches (0.30%)
  normalized usage entropy: 0.7451
DEBUG visual concept usage [stage4] top 10:
  concept 322: 45 patches (26.79%)
  concept 184: 40 patches (23.81%)
  concept 341: 28 patches (16.67%)
  concept 9: 9 patches (5.36%)
  concept 53: 9 patches (5.36%)
  concept 299: 8 patches (4.76%)
  concept 262: 6 patches (3.57%)
  concept 362: 5 patches (2.98%)
  concept 78: 4 patches (2.38%)
  concept 121: 4 patches (2.38%)
  normalized usage entropy: 0.7455
DEBUG pred min/max/mean/std: -4.0 58.75 -1.8828125 6.28125
DEBUG target min/max/mean/std: 0.0 1.0 0.021835455670952797 0.09369688481092453
DEBUG fixation pixels per sample: [252.0, 177.0]
DEBUG fix_batch min/max/mean/std: 0.0 1.0 0.0009309896267950535 0.030497947707772255
DEBUG losses: {'loss_total': 0.2045821249485016, 'loss_fid': 32.163848876953125, 'loss_patch_fid': 3.989353895187378, 'loss_dense_fid': 4.717588424682617, 'loss_dense_bce': -0.0, 'loss_dense_kl': 23.456905364990234, 'loss_topk': -0.0, 'loss_delta': -0.0, 'loss_cc': 0.3057372570037842, 'loss_nss': -3.2148630619049072, 'loss_sim': 0.44148898124694824, 'loss_concept_dense': 0.0, 'loss_concept_kl': 0.0, 'loss_align': 0.0, 'loss_sparse': 0.0, 'loss_div': 0.0, 'loss_gate': 0.0, 'loss_visual_entropy': 0.6254675388336182, 'loss_visual_equiv': 0.0, 'loss_visual_usage': 0.2041115164756775, 'loss_temporal_attention_entropy': 0.0, 'loss_total_concept': 0.04698094725608826, 'loss_decoder_side_aux': -0.007342308759689331, 'loss_priority_map': 1.130051612854004, 'loss_priority_map_weighted': 0.11300516128540039, 'priority_map_loss': 1.130051612854004, 'weighted_priority_map_loss': 0.11300516128540039, 'loss_priority_map_stage3': 1.1334047317504883, 'loss_priority_map_stage4': 1.1266984939575195, 'loss_side_stage4': -0.026075661182403564, 'loss_side_stage3': -0.004044264554977417, 'loss_side_stage2': -0.018606901168823242, 'loss_side_stage1': -0.014215320348739624}
DEBUG decoder visual FiLM [stage1] | film_gamma=unavailable (pass return_decoder_diagnostics=True)
DEBUG decoder visual FiLM [stage2] | film_gamma=unavailable (pass return_decoder_diagnostics=True)
DEBUG decoder visual FiLM [stage3] | film_gamma mean/std/min/max=0.0625/1.1545/0.0000/60.8163 | prototype_bottleneck_strength=0.4000
DEBUG decoder visual FiLM [stage4] | film_gamma mean/std/min/max=0.0625/0.9630/0.0000/41.2934 | prototype_bottleneck_strength=0.4000
DEBUG factorized comparison [stage3] | query_norm_mean=0.9072 | key_norm_mean=0.6647 | context_mean=0.0000 | context_std=0.0679 | context_min=-0.1627 | context_max=0.2134 | total_candidate_weight=336.0000 | spatial_strength=0.0993 | spatial_freq_entropy=2.7726 | spatial_freq_weight_mean=0.6939 | rank=32
DEBUG factorized comparison [stage4] | query_norm_mean=0.7271 | key_norm_mean=0.6395 | context_mean=0.0000 | context_std=0.0528 | context_min=-0.1227 | context_max=0.1551 | total_candidate_weight=84.0000 | spatial_strength=0.0993 | spatial_freq_entropy=2.7724 | spatial_freq_weight_mean=0.6973 | rank=32
patch-priority map [stage3] | mean=0.062500 | std=1.154486 | min=0.000000 | max=60.816334 | prototype_bottleneck_strength=0.400000 | prototype_to_film_norm_ratio=3.385071
patch-priority map [stage4] | mean=0.062500 | std=0.963021 | min=0.000000 | max=41.293449 | prototype_bottleneck_strength=0.400000 | prototype_to_film_norm_ratio=2.927127
Epoch 111/200
  Mean train loss: 0.060671
  Mean val loss:   0.407768
  Current LR:      2.13e-05
Val metrics   | CC: 0.5414 | SIM: 0.4357 | NSS: 3.1850
  Saved checkpoint: training_outputs/ckpts/20260917_231452/epoch_111.pth

Epoch 112/200
pred_saliency: shape=(2, 1, 224, 384) min=-4.0000 max=61.0000 mean=-2.2725 std=6.4996
sal_batch: shape=(2, 1, 360, 640) min=0.0000 max=1.0000 mean=0.0177 std=0.0831
DEBUG features_shape: {'stage1': (2, 96, 16, 56, 96), 'stage2': (2, 192, 16, 28, 48), 'stage3': (2, 384, 16, 14, 24), 'stage4': (2, 768, 16, 7, 12)}
DEBUG gate: no gate_debug available. This usually means return_concept_losses=False or lambda_gate=0.
DEBUG decoder visual FiLM [stage1] | film_gamma=unavailable (pass return_decoder_diagnostics=True)
DEBUG decoder visual FiLM [stage2] | film_gamma=unavailable (pass return_decoder_diagnostics=True)
DEBUG decoder visual FiLM [stage3] | film_gamma mean/std/min/max=0.0625/0.9246/0.0000/46.6153 | prototype_bottleneck_strength=0.4000
DEBUG decoder visual FiLM [stage4] | film_gamma mean/std/min/max=0.0625/0.8229/0.0000/21.3783 | prototype_bottleneck_strength=0.4000
DEBUG factorized comparison [stage3] | query_norm_mean=0.9033 | key_norm_mean=0.6623 | context_mean=0.0000 | context_std=0.0690 | context_min=-0.1597 | context_max=0.2045 | total_candidate_weight=336.0000 | spatial_strength=0.0993 | spatial_freq_entropy=2.7726 | spatial_freq_weight_mean=0.6939 | rank=32
DEBUG factorized comparison [stage4] | query_norm_mean=0.7246 | key_norm_mean=0.6568 | context_mean=0.0000 | context_std=0.0555 | context_min=-0.1197 | context_max=0.1483 | total_candidate_weight=84.0000 | spatial_strength=0.0993 | spatial_freq_entropy=2.7724 | spatial_freq_weight_mean=0.6973 | rank=32
patch-priority map [stage3] | mean=0.062500 | std=0.924578 | min=0.000000 | max=46.615292 | prototype_bottleneck_strength=0.400000 | prototype_to_film_norm_ratio=3.096999
patch-priority map [stage4] | mean=0.062500 | std=0.822855 | min=0.000000 | max=21.378252 | prototype_bottleneck_strength=0.400000 | prototype_to_film_norm_ratio=2.791780
DEBUG visual concept usage [stage1] top 10:
  concept 9: 119 patches (1.11%)
  concept 278: 109 patches (1.01%)
  concept 14: 106 patches (0.99%)
  concept 30: 101 patches (0.94%)
  concept 66: 89 patches (0.83%)
  concept 256: 89 patches (0.83%)
  concept 137: 87 patches (0.81%)
  concept 33: 84 patches (0.78%)
  concept 104: 82 patches (0.76%)
  concept 161: 81 patches (0.75%)
  normalized usage entropy: 0.8606
DEBUG visual concept usage [stage2] top 10:
  concept 66: 2688 patches (100.00%)
  normalized usage entropy: 0.8274
DEBUG visual concept usage [stage3] top 10:
  concept 35: 294 patches (43.75%)
  concept 92: 210 patches (31.25%)
  concept 278: 123 patches (18.30%)
  concept 481: 17 patches (2.53%)
  concept 51: 13 patches (1.93%)
  concept 96: 11 patches (1.64%)
  concept 8: 2 patches (0.30%)
  concept 383: 1 patches (0.15%)
  concept 497: 1 patches (0.15%)
  normalized usage entropy: 0.7433
DEBUG visual concept usage [stage4] top 10:
  concept 184: 51 patches (30.36%)
  concept 322: 19 patches (11.31%)
  concept 262: 17 patches (10.12%)
  concept 341: 17 patches (10.12%)
  concept 121: 16 patches (9.52%)
  concept 9: 12 patches (7.14%)
  concept 39: 7 patches (4.17%)
  concept 53: 7 patches (4.17%)
  concept 78: 6 patches (3.57%)
  concept 362: 5 patches (2.98%)
  normalized usage entropy: 0.7315
DEBUG pred min/max/mean/std: -4.0 61.0 -2.265625 6.5
DEBUG target min/max/mean/std: 0.0 1.0 0.017688147723674774 0.08312530815601349
DEBUG fixation pixels per sample: [246.0, 113.0]
DEBUG fix_batch min/max/mean/std: 0.0 1.0 0.0007790798554196954 0.02790115587413311
DEBUG losses: {'loss_total': -0.2609124779701233, 'loss_fid': 35.786865234375, 'loss_patch_fid': 3.983511447906494, 'loss_dense_fid': 4.6947855949401855, 'loss_dense_bce': -0.0, 'loss_dense_kl': 27.108566284179688, 'loss_topk': -0.0, 'loss_delta': -0.0, 'loss_cc': 0.17198669910430908, 'loss_nss': -4.783645153045654, 'loss_sim': 0.381624698638916, 'loss_concept_dense': 0.0, 'loss_concept_kl': 0.0, 'loss_align': 0.0, 'loss_sparse': 0.0, 'loss_div': 0.0, 'loss_gate': 0.0, 'loss_visual_entropy': 0.6134634613990784, 'loss_visual_equiv': 0.0, 'loss_visual_usage': 0.20931433141231537, 'loss_temporal_attention_entropy': 0.0, 'loss_total_concept': 0.04515855759382248, 'loss_decoder_side_aux': -0.14923067390918732, 'loss_priority_map': 0.8737623691558838, 'loss_priority_map_weighted': 0.08737623691558838, 'priority_map_loss': 0.8737623691558838, 'weighted_priority_map_loss': 0.08737623691558838, 'loss_priority_map_stage3': 0.8946683406829834, 'loss_priority_map_stage4': 0.852856457233429, 'loss_side_stage4': -0.26673179864883423, 'loss_side_stage3': -0.2929113805294037, 'loss_side_stage2': -0.30476561188697815, 'loss_side_stage1': -0.3044404685497284}
DEBUG decoder visual FiLM [stage1] | film_gamma=unavailable (pass return_decoder_diagnostics=True)
DEBUG decoder visual FiLM [stage2] | film_gamma=unavailable (pass return_decoder_diagnostics=True)
DEBUG decoder visual FiLM [stage3] | film_gamma mean/std/min/max=0.0625/1.1486/0.0000/56.8631 | prototype_bottleneck_strength=0.4000
DEBUG decoder visual FiLM [stage4] | film_gamma mean/std/min/max=0.0625/1.0699/0.0000/46.4883 | prototype_bottleneck_strength=0.4000
DEBUG factorized comparison [stage3] | query_norm_mean=0.8927 | key_norm_mean=0.6551 | context_mean=0.0000 | context_std=0.0663 | context_min=-0.1582 | context_max=0.2134 | total_candidate_weight=336.0000 | spatial_strength=0.0993 | spatial_freq_entropy=2.7726 | spatial_freq_weight_mean=0.6939 | rank=32
DEBUG factorized comparison [stage4] | query_norm_mean=0.7242 | key_norm_mean=0.6540 | context_mean=0.0000 | context_std=0.0537 | context_min=-0.1212 | context_max=0.1619 | total_candidate_weight=84.0000 | spatial_strength=0.0993 | spatial_freq_entropy=2.7724 | spatial_freq_weight_mean=0.6974 | rank=32
patch-priority map [stage3] | mean=0.062500 | std=1.148633 | min=0.000000 | max=56.863148 | prototype_bottleneck_strength=0.400000 | prototype_to_film_norm_ratio=3.325227
patch-priority map [stage4] | mean=0.062500 | std=1.069883 | min=0.000000 | max=46.488316 | prototype_bottleneck_strength=0.400000 | prototype_to_film_norm_ratio=3.480571
Epoch 112/200
  Mean train loss: 0.083150
  Mean val loss:   0.403749
  Current LR:      2.09e-05
Val metrics   | CC: 0.5434 | SIM: 0.4380 | NSS: 3.1978
  Saved checkpoint: training_outputs/ckpts/20260917_231452/epoch_112.pth

Epoch 113/200
pred_saliency: shape=(2, 1, 224, 384) min=-4.0000 max=89.5000 mean=-2.3771 std=6.6520
sal_batch: shape=(2, 1, 360, 640) min=0.0000 max=1.0000 mean=0.0108 std=0.0680
DEBUG features_shape: {'stage1': (2, 96, 16, 56, 96), 'stage2': (2, 192, 16, 28, 48), 'stage3': (2, 384, 16, 14, 24), 'stage4': (2, 768, 16, 7, 12)}
DEBUG gate: no gate_debug available. This usually means return_concept_losses=False or lambda_gate=0.
DEBUG decoder visual FiLM [stage1] | film_gamma=unavailable (pass return_decoder_diagnostics=True)
DEBUG decoder visual FiLM [stage2] | film_gamma=unavailable (pass return_decoder_diagnostics=True)
DEBUG decoder visual FiLM [stage3] | film_gamma mean/std/min/max=0.0625/0.9616/0.0000/54.7757 | prototype_bottleneck_strength=0.4000
DEBUG decoder visual FiLM [stage4] | film_gamma mean/std/min/max=0.0625/0.9630/0.0000/35.2947 | prototype_bottleneck_strength=0.4000
DEBUG factorized comparison [stage3] | query_norm_mean=0.8894 | key_norm_mean=0.6456 | context_mean=0.0000 | context_std=0.0642 | context_min=-0.1537 | context_max=0.2000 | total_candidate_weight=336.0000 | spatial_strength=0.0993 | spatial_freq_entropy=2.7726 | spatial_freq_weight_mean=0.6939 | rank=32
DEBUG factorized comparison [stage4] | query_norm_mean=0.7227 | key_norm_mean=0.6632 | context_mean=0.0000 | context_std=0.0532 | context_min=-0.1114 | context_max=0.1408 | total_candidate_weight=84.0000 | spatial_strength=0.0993 | spatial_freq_entropy=2.7724 | spatial_freq_weight_mean=0.6974 | rank=32
patch-priority map [stage3] | mean=0.062500 | std=0.961551 | min=0.000000 | max=54.775658 | prototype_bottleneck_strength=0.400000 | prototype_to_film_norm_ratio=3.223486
patch-priority map [stage4] | mean=0.062500 | std=0.963045 | min=0.000000 | max=35.294746 | prototype_bottleneck_strength=0.400000 | prototype_to_film_norm_ratio=3.986731
DEBUG visual concept usage [stage1] top 10:
  concept 376: 133 patches (1.24%)
  concept 155: 132 patches (1.23%)
  concept 29: 126 patches (1.17%)
  concept 167: 126 patches (1.17%)
  concept 381: 118 patches (1.10%)
  concept 161: 110 patches (1.02%)
  concept 203: 108 patches (1.00%)
  concept 237: 104 patches (0.97%)
  concept 65: 102 patches (0.95%)
  concept 162: 101 patches (0.94%)
  normalized usage entropy: 0.8568
DEBUG visual concept usage [stage2] top 10:
  concept 66: 2688 patches (100.00%)
  normalized usage entropy: 0.8273
DEBUG visual concept usage [stage3] top 10:
  concept 92: 303 patches (45.09%)
  concept 35: 221 patches (32.89%)
  concept 278: 118 patches (17.56%)
  concept 51: 13 patches (1.93%)
  concept 481: 10 patches (1.49%)
  concept 96: 5 patches (0.74%)
  concept 8: 2 patches (0.30%)
  normalized usage entropy: 0.7484
DEBUG visual concept usage [stage4] top 10:
  concept 184: 36 patches (21.43%)
  concept 322: 28 patches (16.67%)
  concept 341: 27 patches (16.07%)
  concept 121: 12 patches (7.14%)
  concept 53: 11 patches (6.55%)
  concept 9: 10 patches (5.95%)
  concept 280: 9 patches (5.36%)
  concept 39: 6 patches (3.57%)
  concept 78: 6 patches (3.57%)
  concept 171: 6 patches (3.57%)
  normalized usage entropy: 0.7471
DEBUG pred min/max/mean/std: -4.0 89.5 -2.375 6.65625
DEBUG target min/max/mean/std: 0.0 1.0 0.010757293552160263 0.06801480799913406
DEBUG fixation pixels per sample: [101.0, 195.0]
DEBUG fix_batch min/max/mean/std: 0.0 1.0 0.000642361119389534 0.025336729362607002
DEBUG losses: {'loss_total': 0.06032678484916687, 'loss_fid': 56.439971923828125, 'loss_patch_fid': 3.8320915699005127, 'loss_dense_fid': 4.527228355407715, 'loss_dense_bce': -0.0, 'loss_dense_kl': 48.080650329589844, 'loss_topk': -0.0, 'loss_delta': -0.0, 'loss_cc': 0.34654414653778076, 'loss_nss': -4.589015483856201, 'loss_sim': 0.4973030090332031, 'loss_concept_dense': 0.0, 'loss_concept_kl': 0.0, 'loss_align': 0.0, 'loss_sparse': 0.0, 'loss_div': 0.0, 'loss_gate': 0.0, 'loss_visual_entropy': 0.6177260875701904, 'loss_visual_equiv': 0.0, 'loss_visual_usage': 0.2051091343164444, 'loss_temporal_attention_entropy': 0.0, 'loss_total_concept': 0.04406362771987915, 'loss_decoder_side_aux': -0.0487510971724987, 'loss_priority_map': 1.0404181480407715, 'loss_priority_map_weighted': 0.10404181480407715, 'priority_map_loss': 1.0404181480407715, 'weighted_priority_map_loss': 0.10404181480407715, 'loss_priority_map_stage3': 1.0488470792770386, 'loss_priority_map_stage4': 1.0319892168045044, 'loss_side_stage4': -0.07599413394927979, 'loss_side_stage3': -0.09580641984939575, 'loss_side_stage2': -0.09069398045539856, 'loss_side_stage1': -0.10883325338363647}
DEBUG decoder visual FiLM [stage1] | film_gamma=unavailable (pass return_decoder_diagnostics=True)
DEBUG decoder visual FiLM [stage2] | film_gamma=unavailable (pass return_decoder_diagnostics=True)
DEBUG decoder visual FiLM [stage3] | film_gamma mean/std/min/max=0.0625/1.1738/0.0000/54.3501 | prototype_bottleneck_strength=0.4000
DEBUG decoder visual FiLM [stage4] | film_gamma mean/std/min/max=0.0625/1.1926/0.0000/51.6081 | prototype_bottleneck_strength=0.4000
DEBUG factorized comparison [stage3] | query_norm_mean=0.8790 | key_norm_mean=0.6433 | context_mean=0.0000 | context_std=0.0642 | context_min=-0.1537 | context_max=0.2119 | total_candidate_weight=336.0000 | spatial_strength=0.0993 | spatial_freq_entropy=2.7726 | spatial_freq_weight_mean=0.6939 | rank=32
DEBUG factorized comparison [stage4] | query_norm_mean=0.7282 | key_norm_mean=0.6674 | context_mean=0.0000 | context_std=0.0526 | context_min=-0.1212 | context_max=0.1694 | total_candidate_weight=84.0000 | spatial_strength=0.0993 | spatial_freq_entropy=2.7724 | spatial_freq_weight_mean=0.6974 | rank=32
patch-priority map [stage3] | mean=0.062500 | std=1.173818 | min=0.000000 | max=54.350117 | prototype_bottleneck_strength=0.400000 | prototype_to_film_norm_ratio=3.279447
patch-priority map [stage4] | mean=0.062500 | std=1.192552 | min=0.000000 | max=51.608143 | prototype_bottleneck_strength=0.400000 | prototype_to_film_norm_ratio=3.964098
Epoch 113/200
  Mean train loss: 0.054880
  Mean val loss:   0.409960
  Current LR:      2.05e-05
Val metrics   | CC: 0.5384 | SIM: 0.4386 | NSS: 3.1938
  Saved checkpoint: training_outputs/ckpts/20260917_231452/epoch_113.pth

Epoch 114/200
pred_saliency: shape=(2, 1, 224, 384) min=-4.0000 max=60.0000 mean=-2.2740 std=6.2195
sal_batch: shape=(2, 1, 360, 640) min=0.0000 max=1.0000 mean=0.0245 std=0.1059
DEBUG features_shape: {'stage1': (2, 96, 16, 56, 96), 'stage2': (2, 192, 16, 28, 48), 'stage3': (2, 384, 16, 14, 24), 'stage4': (2, 768, 16, 7, 12)}
DEBUG gate: no gate_debug available. This usually means return_concept_losses=False or lambda_gate=0.
DEBUG decoder visual FiLM [stage1] | film_gamma=unavailable (pass return_decoder_diagnostics=True)
DEBUG decoder visual FiLM [stage2] | film_gamma=unavailable (pass return_decoder_diagnostics=True)
DEBUG decoder visual FiLM [stage3] | film_gamma mean/std/min/max=0.0625/0.7843/0.0000/25.5912 | prototype_bottleneck_strength=0.4000
DEBUG decoder visual FiLM [stage4] | film_gamma mean/std/min/max=0.0625/0.7852/0.0000/22.0851 | prototype_bottleneck_strength=0.4000
DEBUG factorized comparison [stage3] | query_norm_mean=0.8775 | key_norm_mean=0.6475 | context_mean=0.0000 | context_std=0.0665 | context_min=-0.1552 | context_max=0.1910 | total_candidate_weight=336.0000 | spatial_strength=0.0993 | spatial_freq_entropy=2.7726 | spatial_freq_weight_mean=0.6939 | rank=32
DEBUG factorized comparison [stage4] | query_norm_mean=0.7381 | key_norm_mean=0.6679 | context_mean=-0.0000 | context_std=0.0567 | context_min=-0.1182 | context_max=0.1416 | total_candidate_weight=84.0000 | spatial_strength=0.0993 | spatial_freq_entropy=2.7724 | spatial_freq_weight_mean=0.6974 | rank=32
patch-priority map [stage3] | mean=0.062500 | std=0.784309 | min=0.000000 | max=25.591166 | prototype_bottleneck_strength=0.400000 | prototype_to_film_norm_ratio=2.331693
patch-priority map [stage4] | mean=0.062500 | std=0.785195 | min=0.000000 | max=22.085081 | prototype_bottleneck_strength=0.400000 | prototype_to_film_norm_ratio=2.313157
DEBUG visual concept usage [stage1] top 10:
  concept 106: 106 patches (0.99%)
  concept 208: 96 patches (0.89%)
  concept 343: 90 patches (0.84%)
  concept 63: 87 patches (0.81%)
  concept 64: 87 patches (0.81%)
  concept 39: 86 patches (0.80%)
  concept 65: 82 patches (0.76%)
  concept 217: 78 patches (0.73%)
  concept 32: 76 patches (0.71%)
  concept 97: 75 patches (0.70%)
  normalized usage entropy: 0.8643
DEBUG visual concept usage [stage2] top 10:
  concept 66: 2688 patches (100.00%)
  normalized usage entropy: 0.8234
DEBUG visual concept usage [stage3] top 10:
  concept 92: 282 patches (41.96%)
  concept 35: 238 patches (35.42%)
  concept 278: 120 patches (17.86%)
  concept 481: 12 patches (1.79%)
  concept 96: 10 patches (1.49%)
  concept 51: 8 patches (1.19%)
  concept 8: 2 patches (0.30%)
  normalized usage entropy: 0.7487
DEBUG visual concept usage [stage4] top 10:
  concept 184: 35 patches (20.83%)
  concept 322: 27 patches (16.07%)
  concept 121: 18 patches (10.71%)
  concept 341: 17 patches (10.12%)
  concept 280: 15 patches (8.93%)
  concept 362: 13 patches (7.74%)
  concept 262: 11 patches (6.55%)
  concept 9: 9 patches (5.36%)
  concept 299: 4 patches (2.38%)
  concept 23: 3 patches (1.79%)
  normalized usage entropy: 0.7470
DEBUG pred min/max/mean/std: -4.0 60.0 -2.28125 6.21875
DEBUG target min/max/mean/std: 0.0 1.0 0.02447865717113018 0.10587448626756668
DEBUG fixation pixels per sample: [180.0, 195.0]
DEBUG fix_batch min/max/mean/std: 0.0 1.0 0.0008138021221384406 0.028515636920928955
DEBUG losses: {'loss_total': 0.68096923828125, 'loss_fid': 45.81269454956055, 'loss_patch_fid': 3.8864943981170654, 'loss_dense_fid': 4.649055480957031, 'loss_dense_bce': -0.0, 'loss_dense_kl': 37.27714538574219, 'loss_topk': -0.0, 'loss_delta': -0.0, 'loss_cc': 0.5172266960144043, 'loss_nss': -2.301074981689453, 'loss_sim': 0.5735639929771423, 'loss_concept_dense': 0.0, 'loss_concept_kl': 0.0, 'loss_align': 0.0, 'loss_sparse': 0.0, 'loss_div': 0.0, 'loss_gate': 0.0, 'loss_visual_entropy': 0.6146166920661926, 'loss_visual_equiv': 0.0, 'loss_visual_usage': 0.20413532853126526, 'loss_temporal_attention_entropy': 0.0, 'loss_total_concept': 0.04646958410739899, 'loss_decoder_side_aux': 0.13989722728729248, 'loss_priority_map': 1.2664018869400024, 'loss_priority_map_weighted': 0.126640185713768, 'priority_map_loss': 1.2664018869400024, 'weighted_priority_map_loss': 0.126640185713768, 'loss_priority_map_stage3': 1.331521987915039, 'loss_priority_map_stage4': 1.2012817859649658, 'loss_side_stage4': 0.2629943788051605, 'loss_side_stage3': 0.2803831100463867, 'loss_side_stage2': 0.2801639437675476, 'loss_side_stage1': 0.2834230065345764}
DEBUG decoder visual FiLM [stage1] | film_gamma=unavailable (pass return_decoder_diagnostics=True)
DEBUG decoder visual FiLM [stage2] | film_gamma=unavailable (pass return_decoder_diagnostics=True)
DEBUG decoder visual FiLM [stage3] | film_gamma mean/std/min/max=0.0625/1.2632/0.0000/61.8600 | prototype_bottleneck_strength=0.4000
DEBUG decoder visual FiLM [stage4] | film_gamma mean/std/min/max=0.0625/1.2059/0.0000/50.8894 | prototype_bottleneck_strength=0.4000
DEBUG factorized comparison [stage3] | query_norm_mean=0.9453 | key_norm_mean=0.6748 | context_mean=0.0000 | context_std=0.0706 | context_min=-0.1687 | context_max=0.2328 | total_candidate_weight=336.0000 | spatial_strength=0.0992 | spatial_freq_entropy=2.7726 | spatial_freq_weight_mean=0.6939 | rank=32
DEBUG factorized comparison [stage4] | query_norm_mean=0.7337 | key_norm_mean=0.6811 | context_mean=-0.0000 | context_std=0.0549 | context_min=-0.1242 | context_max=0.1747 | total_candidate_weight=84.0000 | spatial_strength=0.0992 | spatial_freq_entropy=2.7724 | spatial_freq_weight_mean=0.6974 | rank=32
patch-priority map [stage3] | mean=0.062500 | std=1.263156 | min=0.000000 | max=61.859997 | prototype_bottleneck_strength=0.400000 | prototype_to_film_norm_ratio=3.606521
patch-priority map [stage4] | mean=0.062500 | std=1.205935 | min=0.000000 | max=50.889355 | prototype_bottleneck_strength=0.400000 | prototype_to_film_norm_ratio=4.043888
Epoch 114/200
  Mean train loss: 0.028517
  Mean val loss:   0.411959
  Current LR:      2.02e-05
Val metrics   | CC: 0.5394 | SIM: 0.4362 | NSS: 3.1743
  Saved checkpoint: training_outputs/ckpts/20260917_231452/epoch_114.pth

Epoch 115/200
pred_saliency: shape=(2, 1, 224, 384) min=-4.0000 max=68.5000 mean=-2.2785 std=6.7301
sal_batch: shape=(2, 1, 360, 640) min=0.0000 max=1.0000 mean=0.0228 std=0.0991
DEBUG features_shape: {'stage1': (2, 96, 16, 56, 96), 'stage2': (2, 192, 16, 28, 48), 'stage3': (2, 384, 16, 14, 24), 'stage4': (2, 768, 16, 7, 12)}
DEBUG gate: no gate_debug available. This usually means return_concept_losses=False or lambda_gate=0.
DEBUG decoder visual FiLM [stage1] | film_gamma=unavailable (pass return_decoder_diagnostics=True)
DEBUG decoder visual FiLM [stage2] | film_gamma=unavailable (pass return_decoder_diagnostics=True)
DEBUG decoder visual FiLM [stage3] | film_gamma mean/std/min/max=0.0625/0.8825/0.0000/27.6650 | prototype_bottleneck_strength=0.4000
DEBUG decoder visual FiLM [stage4] | film_gamma mean/std/min/max=0.0625/0.9758/0.0000/37.2719 | prototype_bottleneck_strength=0.4000
DEBUG factorized comparison [stage3] | query_norm_mean=0.9490 | key_norm_mean=0.6920 | context_mean=0.0000 | context_std=0.0792 | context_min=-0.1687 | context_max=0.2179 | total_candidate_weight=336.0000 | spatial_strength=0.0992 | spatial_freq_entropy=2.7726 | spatial_freq_weight_mean=0.6939 | rank=32
DEBUG factorized comparison [stage4] | query_norm_mean=0.7278 | key_norm_mean=0.6955 | context_mean=-0.0000 | context_std=0.0586 | context_min=-0.1175 | context_max=0.1303 | total_candidate_weight=84.0000 | spatial_strength=0.0992 | spatial_freq_entropy=2.7724 | spatial_freq_weight_mean=0.6974 | rank=32
patch-priority map [stage3] | mean=0.062500 | std=0.882486 | min=0.000000 | max=27.665024 | prototype_bottleneck_strength=0.400000 | prototype_to_film_norm_ratio=2.818507
patch-priority map [stage4] | mean=0.062500 | std=0.975790 | min=0.000000 | max=37.271881 | prototype_bottleneck_strength=0.400000 | prototype_to_film_norm_ratio=3.120105
DEBUG visual concept usage [stage1] top 10:
  concept 177: 97 patches (0.90%)
  concept 65: 91 patches (0.85%)
  concept 84: 91 patches (0.85%)
  concept 97: 90 patches (0.84%)
  concept 167: 85 patches (0.79%)
  concept 143: 84 patches (0.78%)
  concept 29: 80 patches (0.74%)
  concept 203: 77 patches (0.72%)
  concept 155: 75 patches (0.70%)
  concept 66: 74 patches (0.69%)
  normalized usage entropy: 0.8640
DEBUG visual concept usage [stage2] top 10:
  concept 66: 2678 patches (99.63%)
  concept 134: 10 patches (0.37%)
  normalized usage entropy: 0.8179
DEBUG visual concept usage [stage3] top 10:
  concept 92: 249 patches (37.05%)
  concept 35: 237 patches (35.27%)
  concept 278: 118 patches (17.56%)
  concept 96: 27 patches (4.02%)
  concept 481: 18 patches (2.68%)
  concept 51: 17 patches (2.53%)
  concept 90: 4 patches (0.60%)
  concept 8: 2 patches (0.30%)
  normalized usage entropy: 0.7489
DEBUG visual concept usage [stage4] top 10:
  concept 184: 38 patches (22.62%)
  concept 322: 31 patches (18.45%)
  concept 341: 16 patches (9.52%)
  concept 9: 12 patches (7.14%)
  concept 121: 12 patches (7.14%)
  concept 171: 10 patches (5.95%)
  concept 280: 8 patches (4.76%)
  concept 39: 7 patches (4.17%)
  concept 53: 6 patches (3.57%)
  concept 262: 6 patches (3.57%)
  normalized usage entropy: 0.7479
DEBUG pred min/max/mean/std: -4.0 68.5 -2.28125 6.71875
DEBUG target min/max/mean/std: 0.0 1.0 0.022846873849630356 0.09905407577753067
DEBUG fixation pixels per sample: [170.0, 231.0]
DEBUG fix_batch min/max/mean/std: 0.0 1.0 0.0008702257182449102 0.029486779123544693
DEBUG losses: {'loss_total': -0.016382567584514618, 'loss_fid': 43.613563537597656, 'loss_patch_fid': 3.9252188205718994, 'loss_dense_fid': 4.8103251457214355, 'loss_dense_bce': -0.0, 'loss_dense_kl': 34.878021240234375, 'loss_topk': -0.0, 'loss_delta': -0.0, 'loss_cc': 0.24137592315673828, 'loss_nss': -3.7220218181610107, 'loss_sim': 0.3723265528678894, 'loss_concept_dense': 0.0, 'loss_concept_kl': 0.0, 'loss_align': 0.0, 'loss_sparse': 0.0, 'loss_div': 0.0, 'loss_gate': 0.0, 'loss_visual_entropy': 0.6111917495727539, 'loss_visual_equiv': 0.0, 'loss_visual_usage': 0.20529918372631073, 'loss_temporal_attention_entropy': 0.0, 'loss_total_concept': 0.045767463743686676, 'loss_decoder_side_aux': -0.05849398672580719, 'loss_priority_map': 0.6635168194770813, 'loss_priority_map_weighted': 0.06635168194770813, 'priority_map_loss': 0.6635168194770813, 'weighted_priority_map_loss': 0.06635168194770813, 'loss_priority_map_stage3': 0.7901110649108887, 'loss_priority_map_stage4': 0.5369225740432739, 'loss_side_stage4': -0.11427834630012512, 'loss_side_stage3': -0.07592329382896423, 'loss_side_stage2': -0.12389513850212097, 'loss_side_stage1': -0.13301733136177063}
DEBUG decoder visual FiLM [stage1] | film_gamma=unavailable (pass return_decoder_diagnostics=True)
DEBUG decoder visual FiLM [stage2] | film_gamma=unavailable (pass return_decoder_diagnostics=True)
DEBUG decoder visual FiLM [stage3] | film_gamma mean/std/min/max=0.0625/1.2131/0.0000/66.3693 | prototype_bottleneck_strength=0.4000
DEBUG decoder visual FiLM [stage4] | film_gamma mean/std/min/max=0.0625/1.0300/0.0000/41.3457 | prototype_bottleneck_strength=0.4000
DEBUG factorized comparison [stage3] | query_norm_mean=0.9340 | key_norm_mean=0.6721 | context_mean=0.0000 | context_std=0.0710 | context_min=-0.1724 | context_max=0.2209 | total_candidate_weight=336.0000 | spatial_strength=0.0992 | spatial_freq_entropy=2.7726 | spatial_freq_weight_mean=0.6939 | rank=32
DEBUG factorized comparison [stage4] | query_norm_mean=0.7450 | key_norm_mean=0.6608 | context_mean=-0.0000 | context_std=0.0567 | context_min=-0.1318 | context_max=0.1649 | total_candidate_weight=84.0000 | spatial_strength=0.0993 | spatial_freq_entropy=2.7724 | spatial_freq_weight_mean=0.6974 | rank=32
patch-priority map [stage3] | mean=0.062500 | std=1.213150 | min=0.000000 | max=66.369270 | prototype_bottleneck_strength=0.400000 | prototype_to_film_norm_ratio=3.520726
patch-priority map [stage4] | mean=0.062500 | std=1.030023 | min=0.000000 | max=41.345688 | prototype_bottleneck_strength=0.400000 | prototype_to_film_norm_ratio=3.268021
Epoch 115/200
  Mean train loss: 0.067187
  Mean val loss:   0.409625
  Current LR:      1.98e-05
Val metrics   | CC: 0.5388 | SIM: 0.4339 | NSS: 3.1901
  Saved checkpoint: training_outputs/ckpts/20260917_231452/epoch_115.pth

Epoch 116/200
pred_saliency: shape=(2, 1, 224, 384) min=-4.0000 max=104.0000 mean=-2.0370 std=6.5265
sal_batch: shape=(2, 1, 360, 640) min=0.0000 max=1.0000 mean=0.0133 std=0.0658
DEBUG features_shape: {'stage1': (2, 96, 16, 56, 96), 'stage2': (2, 192, 16, 28, 48), 'stage3': (2, 384, 16, 14, 24), 'stage4': (2, 768, 16, 7, 12)}
DEBUG gate: no gate_debug available. This usually means return_concept_losses=False or lambda_gate=0.
DEBUG decoder visual FiLM [stage1] | film_gamma=unavailable (pass return_decoder_diagnostics=True)
DEBUG decoder visual FiLM [stage2] | film_gamma=unavailable (pass return_decoder_diagnostics=True)
DEBUG decoder visual FiLM [stage3] | film_gamma mean/std/min/max=0.0625/0.9004/0.0000/48.7636 | prototype_bottleneck_strength=0.4000
DEBUG decoder visual FiLM [stage4] | film_gamma mean/std/min/max=0.0625/0.7665/0.0000/31.0511 | prototype_bottleneck_strength=0.4000
DEBUG factorized comparison [stage3] | query_norm_mean=0.9252 | key_norm_mean=0.6600 | context_mean=0.0000 | context_std=0.0672 | context_min=-0.1709 | context_max=0.1754 | total_candidate_weight=336.0000 | spatial_strength=0.0992 | spatial_freq_entropy=2.7726 | spatial_freq_weight_mean=0.6939 | rank=32
DEBUG factorized comparison [stage4] | query_norm_mean=0.7353 | key_norm_mean=0.6818 | context_mean=-0.0000 | context_std=0.0590 | context_min=-0.1227 | context_max=0.1596 | total_candidate_weight=84.0000 | spatial_strength=0.0993 | spatial_freq_entropy=2.7724 | spatial_freq_weight_mean=0.6974 | rank=32
patch-priority map [stage3] | mean=0.062500 | std=0.900426 | min=0.000000 | max=48.763618 | prototype_bottleneck_strength=0.400000 | prototype_to_film_norm_ratio=3.270843
patch-priority map [stage4] | mean=0.062500 | std=0.766450 | min=0.000000 | max=31.051136 | prototype_bottleneck_strength=0.400000 | prototype_to_film_norm_ratio=3.346779
DEBUG visual concept usage [stage1] top 10:
  concept 296: 136 patches (1.26%)
  concept 114: 135 patches (1.26%)
  concept 381: 133 patches (1.24%)
  concept 427: 122 patches (1.13%)
  concept 72: 121 patches (1.13%)
  concept 161: 104 patches (0.97%)
  concept 155: 100 patches (0.93%)
  concept 376: 99 patches (0.92%)
  concept 167: 92 patches (0.86%)
  concept 64: 90 patches (0.84%)
  normalized usage entropy: 0.8613
DEBUG visual concept usage [stage2] top 10:
  concept 66: 2471 patches (91.93%)
  concept 134: 123 patches (4.58%)
  concept 195: 94 patches (3.50%)
  normalized usage entropy: 0.8181
DEBUG visual concept usage [stage3] top 10:
  concept 35: 291 patches (43.30%)
  concept 92: 234 patches (34.82%)
  concept 278: 119 patches (17.71%)
  concept 51: 13 patches (1.93%)
  concept 481: 9 patches (1.34%)
  concept 96: 6 patches (0.89%)
  normalized usage entropy: 0.7451
DEBUG visual concept usage [stage4] top 10:
  concept 184: 46 patches (27.38%)
  concept 322: 30 patches (17.86%)
  concept 341: 18 patches (10.71%)
  concept 121: 15 patches (8.93%)
  concept 53: 13 patches (7.74%)
  concept 262: 9 patches (5.36%)
  concept 9: 7 patches (4.17%)
  concept 362: 7 patches (4.17%)
  concept 78: 6 patches (3.57%)
  concept 39: 5 patches (2.98%)
  normalized usage entropy: 0.7395
DEBUG pred min/max/mean/std: -4.0 104.0 -2.03125 6.53125
DEBUG target min/max/mean/std: 0.0 1.0 0.013331853784620762 0.06576357036828995
DEBUG fixation pixels per sample: [110.0, 86.0]
DEBUG fix_batch min/max/mean/std: 0.0 1.0 0.00042534724343568087 0.020619584247469902
DEBUG losses: {'loss_total': 0.06327943503856659, 'loss_fid': 51.53794860839844, 'loss_patch_fid': 3.761640787124634, 'loss_dense_fid': 4.619169235229492, 'loss_dense_bce': -0.0, 'loss_dense_kl': 43.15713882446289, 'loss_topk': -0.0, 'loss_delta': -0.0, 'loss_cc': 0.2813183069229126, 'loss_nss': -4.084038734436035, 'loss_sim': 0.47658759355545044, 'loss_concept_dense': 0.0, 'loss_concept_kl': 0.0, 'loss_align': 0.0, 'loss_sparse': 0.0, 'loss_div': 0.0, 'loss_gate': 0.0, 'loss_visual_entropy': 0.6048539280891418, 'loss_visual_equiv': 0.0, 'loss_visual_usage': 0.20900684595108032, 'loss_temporal_attention_entropy': 0.0, 'loss_total_concept': 0.044186923652887344, 'loss_decoder_side_aux': -0.057829104363918304, 'loss_priority_map': 1.3242347240447998, 'loss_priority_map_weighted': 0.13242347538471222, 'priority_map_loss': 1.3242347240447998, 'weighted_priority_map_loss': 0.13242347538471222, 'loss_priority_map_stage3': 1.197506070137024, 'loss_priority_map_stage4': 1.4509634971618652, 'loss_side_stage4': -0.052399247884750366, 'loss_side_stage3': -0.11576536297798157, 'loss_side_stage2': -0.12096282839775085, 'loss_side_stage1': -0.1274408996105194}
DEBUG decoder visual FiLM [stage1] | film_gamma=unavailable (pass return_decoder_diagnostics=True)
DEBUG decoder visual FiLM [stage2] | film_gamma=unavailable (pass return_decoder_diagnostics=True)
DEBUG decoder visual FiLM [stage3] | film_gamma mean/std/min/max=0.0625/1.2630/0.0000/71.2912 | prototype_bottleneck_strength=0.4000
DEBUG decoder visual FiLM [stage4] | film_gamma mean/std/min/max=0.0625/1.0338/0.0000/41.7579 | prototype_bottleneck_strength=0.4000
DEBUG factorized comparison [stage3] | query_norm_mean=0.9477 | key_norm_mean=0.6778 | context_mean=0.0000 | context_std=0.0720 | context_min=-0.1731 | context_max=0.2209 | total_candidate_weight=336.0000 | spatial_strength=0.0992 | spatial_freq_entropy=2.7726 | spatial_freq_weight_mean=0.6939 | rank=32
DEBUG factorized comparison [stage4] | query_norm_mean=0.7602 | key_norm_mean=0.6556 | context_mean=-0.0000 | context_std=0.0576 | context_min=-0.1340 | context_max=0.1694 | total_candidate_weight=84.0000 | spatial_strength=0.0992 | spatial_freq_entropy=2.7724 | spatial_freq_weight_mean=0.6974 | rank=32
patch-priority map [stage3] | mean=0.062500 | std=1.263047 | min=0.000000 | max=71.291245 | prototype_bottleneck_strength=0.400000 | prototype_to_film_norm_ratio=3.700063
patch-priority map [stage4] | mean=0.062500 | std=1.033773 | min=0.000000 | max=41.757908 | prototype_bottleneck_strength=0.400000 | prototype_to_film_norm_ratio=3.371615
Epoch 116/200
  Mean train loss: 0.059662
  Mean val loss:   0.416311
  Current LR:      1.94e-05
Val metrics   | CC: 0.5347 | SIM: 0.4352 | NSS: 3.1655
  Saved checkpoint: training_outputs/ckpts/20260917_231452/epoch_116.pth

Epoch 117/200
pred_saliency: shape=(2, 1, 224, 384) min=-4.0000 max=89.5000 mean=-2.4103 std=6.5954
sal_batch: shape=(2, 1, 360, 640) min=0.0000 max=1.0000 mean=0.0140 std=0.0769
DEBUG features_shape: {'stage1': (2, 96, 16, 56, 96), 'stage2': (2, 192, 16, 28, 48), 'stage3': (2, 384, 16, 14, 24), 'stage4': (2, 768, 16, 7, 12)}
DEBUG gate: no gate_debug available. This usually means return_concept_losses=False or lambda_gate=0.
DEBUG decoder visual FiLM [stage1] | film_gamma=unavailable (pass return_decoder_diagnostics=True)
DEBUG decoder visual FiLM [stage2] | film_gamma=unavailable (pass return_decoder_diagnostics=True)
DEBUG decoder visual FiLM [stage3] | film_gamma mean/std/min/max=0.0625/0.8426/0.0000/37.4548 | prototype_bottleneck_strength=0.4000
DEBUG decoder visual FiLM [stage4] | film_gamma mean/std/min/max=0.0625/0.8341/0.0000/27.3910 | prototype_bottleneck_strength=0.4000
DEBUG factorized comparison [stage3] | query_norm_mean=0.9459 | key_norm_mean=0.6805 | context_mean=0.0000 | context_std=0.0722 | context_min=-0.1776 | context_max=0.1836 | total_candidate_weight=336.0000 | spatial_strength=0.0992 | spatial_freq_entropy=2.7726 | spatial_freq_weight_mean=0.6939 | rank=32
DEBUG factorized comparison [stage4] | query_norm_mean=0.7671 | key_norm_mean=0.6561 | context_mean=-0.0001 | context_std=0.0598 | context_min=-0.1310 | context_max=0.1566 | total_candidate_weight=84.0000 | spatial_strength=0.0992 | spatial_freq_entropy=2.7724 | spatial_freq_weight_mean=0.6974 | rank=32
patch-priority map [stage3] | mean=0.062500 | std=0.842608 | min=0.000000 | max=37.454803 | prototype_bottleneck_strength=0.400000 | prototype_to_film_norm_ratio=2.676638
patch-priority map [stage4] | mean=0.062500 | std=0.834145 | min=0.000000 | max=27.390995 | prototype_bottleneck_strength=0.400000 | prototype_to_film_norm_ratio=3.137926
DEBUG visual concept usage [stage1] top 10:
  concept 131: 110 patches (1.02%)
  concept 106: 83 patches (0.77%)
  concept 15: 80 patches (0.74%)
  concept 63: 79 patches (0.73%)
  concept 64: 78 patches (0.73%)
  concept 45: 76 patches (0.71%)
  concept 208: 76 patches (0.71%)
  concept 14: 75 patches (0.70%)
  concept 155: 75 patches (0.70%)
  concept 338: 75 patches (0.70%)
  normalized usage entropy: 0.8656
DEBUG visual concept usage [stage2] top 10:
  concept 66: 1857 patches (69.08%)
  concept 134: 470 patches (17.49%)
  concept 195: 360 patches (13.39%)
  concept 509: 1 patches (0.04%)
  normalized usage entropy: 0.8185
DEBUG visual concept usage [stage3] top 10:
  concept 92: 278 patches (41.37%)
  concept 35: 188 patches (27.98%)
  concept 278: 174 patches (25.89%)
  concept 96: 12 patches (1.79%)
  concept 51: 10 patches (1.49%)
  concept 481: 10 patches (1.49%)
  normalized usage entropy: 0.7507
DEBUG visual concept usage [stage4] top 10:
  concept 322: 35 patches (20.83%)
  concept 341: 26 patches (15.48%)
  concept 184: 22 patches (13.10%)
  concept 121: 17 patches (10.12%)
  concept 9: 12 patches (7.14%)
  concept 39: 8 patches (4.76%)
  concept 280: 8 patches (4.76%)
  concept 53: 7 patches (4.17%)
  concept 262: 7 patches (4.17%)
  concept 37: 6 patches (3.57%)
  normalized usage entropy: 0.7544
DEBUG pred min/max/mean/std: -4.0 89.5 -2.40625 6.59375
DEBUG target min/max/mean/std: 0.0 1.0 0.013995056040585041 0.07686036080121994
DEBUG fixation pixels per sample: [214.0, 181.0]
DEBUG fix_batch min/max/mean/std: 0.0 1.0 0.0008572048973292112 0.029265541583299637
DEBUG losses: {'loss_total': -0.07332208752632141, 'loss_fid': 58.71949768066406, 'loss_patch_fid': 3.881112575531006, 'loss_dense_fid': 4.529908180236816, 'loss_dense_bce': -0.0, 'loss_dense_kl': 50.30847930908203, 'loss_topk': -0.0, 'loss_delta': -0.0, 'loss_cc': 0.25239264965057373, 'loss_nss': -4.4209794998168945, 'loss_sim': 0.4426881670951843, 'loss_concept_dense': 0.0, 'loss_concept_kl': 0.0, 'loss_align': 0.0, 'loss_sparse': 0.0, 'loss_div': 0.0, 'loss_gate': 0.0, 'loss_visual_entropy': 0.6038501262664795, 'loss_visual_equiv': 0.0, 'loss_visual_usage': 0.20272132754325867, 'loss_temporal_attention_entropy': 0.0, 'loss_total_concept': 0.04444783180952072, 'loss_decoder_side_aux': -0.09739801287651062, 'loss_priority_map': 1.01773202419281, 'loss_priority_map_weighted': 0.101773202419281, 'priority_map_loss': 1.01773202419281, 'weighted_priority_map_loss': 0.101773202419281, 'loss_priority_map_stage3': 0.9565076231956482, 'loss_priority_map_stage4': 1.0789563655853271, 'loss_side_stage4': -0.21415618062019348, 'loss_side_stage3': -0.21210238337516785, 'loss_side_stage2': -0.1849549114704132, 'loss_side_stage1': -0.1886836588382721}
DEBUG decoder visual FiLM [stage1] | film_gamma=unavailable (pass return_decoder_diagnostics=True)
DEBUG decoder visual FiLM [stage2] | film_gamma=unavailable (pass return_decoder_diagnostics=True)
DEBUG decoder visual FiLM [stage3] | film_gamma mean/std/min/max=0.0625/1.3809/0.0000/75.1760 | prototype_bottleneck_strength=0.4000
DEBUG decoder visual FiLM [stage4] | film_gamma mean/std/min/max=0.0625/1.1880/0.0000/49.2796 | prototype_bottleneck_strength=0.4000
DEBUG factorized comparison [stage3] | query_norm_mean=0.9687 | key_norm_mean=0.6861 | context_mean=0.0000 | context_std=0.0727 | context_min=-0.1709 | context_max=0.2448 | total_candidate_weight=336.0000 | spatial_strength=0.0992 | spatial_freq_entropy=2.7726 | spatial_freq_weight_mean=0.6939 | rank=32
DEBUG factorized comparison [stage4] | query_norm_mean=0.7350 | key_norm_mean=0.6686 | context_mean=-0.0000 | context_std=0.0563 | context_min=-0.1242 | context_max=0.1747 | total_candidate_weight=84.0000 | spatial_strength=0.0993 | spatial_freq_entropy=2.7724 | spatial_freq_weight_mean=0.6974 | rank=32
patch-priority map [stage3] | mean=0.062500 | std=1.380939 | min=0.000000 | max=75.175980 | prototype_bottleneck_strength=0.400000 | prototype_to_film_norm_ratio=4.034874
patch-priority map [stage4] | mean=0.062500 | std=1.187977 | min=0.000000 | max=49.279648 | prototype_bottleneck_strength=0.400000 | prototype_to_film_norm_ratio=3.997878
Epoch 117/200
  Mean train loss: 0.022728
  Mean val loss:   0.413471
  Current LR:      1.90e-05
Val metrics   | CC: 0.5369 | SIM: 0.4398 | NSS: 3.1701
  Saved checkpoint: training_outputs/ckpts/20260917_231452/epoch_117.pth

Epoch 118/200
pred_saliency: shape=(2, 1, 224, 384) min=-4.0000 max=72.5000 mean=-2.2982 std=6.7655
sal_batch: shape=(2, 1, 360, 640) min=0.0000 max=1.0000 mean=0.0182 std=0.0797
DEBUG features_shape: {'stage1': (2, 96, 16, 56, 96), 'stage2': (2, 192, 16, 28, 48), 'stage3': (2, 384, 16, 14, 24), 'stage4': (2, 768, 16, 7, 12)}
DEBUG gate: no gate_debug available. This usually means return_concept_losses=False or lambda_gate=0.
DEBUG decoder visual FiLM [stage1] | film_gamma=unavailable (pass return_decoder_diagnostics=True)
DEBUG decoder visual FiLM [stage2] | film_gamma=unavailable (pass return_decoder_diagnostics=True)
DEBUG decoder visual FiLM [stage3] | film_gamma mean/std/min/max=0.0625/0.8528/0.0000/30.1459 | prototype_bottleneck_strength=0.4000
DEBUG decoder visual FiLM [stage4] | film_gamma mean/std/min/max=0.0625/0.7789/0.0000/26.2173 | prototype_bottleneck_strength=0.4000
DEBUG factorized comparison [stage3] | query_norm_mean=0.9661 | key_norm_mean=0.6764 | context_mean=-0.0000 | context_std=0.0700 | context_min=-0.1687 | context_max=0.2015 | total_candidate_weight=336.0000 | spatial_strength=0.0992 | spatial_freq_entropy=2.7726 | spatial_freq_weight_mean=0.6939 | rank=32
DEBUG factorized comparison [stage4] | query_norm_mean=0.7082 | key_norm_mean=0.6980 | context_mean=0.0000 | context_std=0.0545 | context_min=-0.1114 | context_max=0.1611 | total_candidate_weight=84.0000 | spatial_strength=0.0993 | spatial_freq_entropy=2.7724 | spatial_freq_weight_mean=0.6974 | rank=32
patch-priority map [stage3] | mean=0.062500 | std=0.852818 | min=0.000000 | max=30.145927 | prototype_bottleneck_strength=0.400000 | prototype_to_film_norm_ratio=2.683012
patch-priority map [stage4] | mean=0.062500 | std=0.778886 | min=0.000000 | max=26.217295 | prototype_bottleneck_strength=0.400000 | prototype_to_film_norm_ratio=2.437037
DEBUG visual concept usage [stage1] top 10:
  concept 105: 105 patches (0.98%)
  concept 397: 101 patches (0.94%)
  concept 37: 97 patches (0.90%)
  concept 91: 97 patches (0.90%)
  concept 169: 95 patches (0.88%)
  concept 174: 94 patches (0.87%)
  concept 224: 92 patches (0.86%)
  concept 164: 91 patches (0.85%)
  concept 177: 91 patches (0.85%)
  concept 410: 88 patches (0.82%)
  normalized usage entropy: 0.8619
DEBUG visual concept usage [stage2] top 10:
  concept 66: 1246 patches (46.35%)
  concept 195: 1164 patches (43.30%)
  concept 134: 278 patches (10.34%)
  normalized usage entropy: 0.8157
DEBUG visual concept usage [stage3] top 10:
  concept 92: 296 patches (44.05%)
  concept 35: 231 patches (34.38%)
  concept 278: 73 patches (10.86%)
  concept 481: 32 patches (4.76%)
  concept 51: 26 patches (3.87%)
  concept 90: 7 patches (1.04%)
  concept 96: 7 patches (1.04%)
  normalized usage entropy: 0.7418
DEBUG visual concept usage [stage4] top 10:
  concept 184: 38 patches (22.62%)
  concept 322: 36 patches (21.43%)
  concept 9: 14 patches (8.33%)
  concept 171: 13 patches (7.74%)
  concept 341: 13 patches (7.74%)
  concept 121: 11 patches (6.55%)
  concept 280: 10 patches (5.95%)
  concept 362: 8 patches (4.76%)
  concept 53: 6 patches (3.57%)
  concept 299: 5 patches (2.98%)
  normalized usage entropy: 0.7427
DEBUG pred min/max/mean/std: -4.0 72.5 -2.296875 6.75
DEBUG target min/max/mean/std: 0.0 1.0 0.018155749887228012 0.0796985849738121
DEBUG fixation pixels per sample: [151.0, 160.0]
DEBUG fix_batch min/max/mean/std: 0.0 1.0 0.0006749132298864424 0.025970350950956345
DEBUG losses: {'loss_total': 0.28276920318603516, 'loss_fid': 47.43659591674805, 'loss_patch_fid': 3.9746551513671875, 'loss_dense_fid': 4.713320732116699, 'loss_dense_bce': -0.0, 'loss_dense_kl': 38.748619079589844, 'loss_topk': -0.0, 'loss_delta': -0.0, 'loss_cc': 0.34481120109558105, 'loss_nss': -2.9736781120300293, 'loss_sim': 0.46792709827423096, 'loss_concept_dense': 0.0, 'loss_concept_kl': 0.0, 'loss_align': 0.0, 'loss_sparse': 0.0, 'loss_div': 0.0, 'loss_gate': 0.0, 'loss_visual_entropy': 0.5987776517868042, 'loss_visual_equiv': 0.0, 'loss_visual_usage': 0.20947252213954926, 'loss_temporal_attention_entropy': 0.0, 'loss_total_concept': 0.044594377279281616, 'loss_decoder_side_aux': 0.02872883714735508, 'loss_priority_map': 0.9126871824264526, 'loss_priority_map_weighted': 0.09126871824264526, 'priority_map_loss': 0.9126871824264526, 'weighted_priority_map_loss': 0.09126871824264526, 'loss_priority_map_stage3': 1.155177354812622, 'loss_priority_map_stage4': 0.6701970100402832, 'loss_side_stage4': 0.17505884170532227, 'loss_side_stage3': 0.04592433571815491, 'loss_side_stage2': 0.04469960927963257, 'loss_side_stage1': 0.0433925986289978}
DEBUG decoder visual FiLM [stage1] | film_gamma=unavailable (pass return_decoder_diagnostics=True)
DEBUG decoder visual FiLM [stage2] | film_gamma=unavailable (pass return_decoder_diagnostics=True)
DEBUG decoder visual FiLM [stage3] | film_gamma mean/std/min/max=0.0625/1.1753/0.0000/55.8147 | prototype_bottleneck_strength=0.4000
DEBUG decoder visual FiLM [stage4] | film_gamma mean/std/min/max=0.0625/1.1601/0.0000/49.7843 | prototype_bottleneck_strength=0.4000
DEBUG factorized comparison [stage3] | query_norm_mean=0.9067 | key_norm_mean=0.6656 | context_mean=0.0000 | context_std=0.0679 | context_min=-0.1612 | context_max=0.2239 | total_candidate_weight=336.0000 | spatial_strength=0.0993 | spatial_freq_entropy=2.7726 | spatial_freq_weight_mean=0.6939 | rank=32
DEBUG factorized comparison [stage4] | query_norm_mean=0.7374 | key_norm_mean=0.6597 | context_mean=-0.0000 | context_std=0.0552 | context_min=-0.1242 | context_max=0.1702 | total_candidate_weight=84.0000 | spatial_strength=0.0993 | spatial_freq_entropy=2.7724 | spatial_freq_weight_mean=0.6974 | rank=32
patch-priority map [stage3] | mean=0.062500 | std=1.175343 | min=0.000000 | max=55.814705 | prototype_bottleneck_strength=0.400000 | prototype_to_film_norm_ratio=3.257793
patch-priority map [stage4] | mean=0.062500 | std=1.160081 | min=0.000000 | max=49.784260 | prototype_bottleneck_strength=0.400000 | prototype_to_film_norm_ratio=4.162681
Epoch 118/200
  Mean train loss: 0.068485
  Mean val loss:   0.415780
  Current LR:      1.87e-05
Val metrics   | CC: 0.5345 | SIM: 0.4355 | NSS: 3.1676
  Saved checkpoint: training_outputs/ckpts/20260917_231452/epoch_118.pth

Epoch 119/200
pred_saliency: shape=(2, 1, 224, 384) min=-4.0000 max=80.0000 mean=-2.7328 std=6.4497
sal_batch: shape=(2, 1, 360, 640) min=0.0000 max=1.0000 mean=0.0129 std=0.0722
DEBUG features_shape: {'stage1': (2, 96, 16, 56, 96), 'stage2': (2, 192, 16, 28, 48), 'stage3': (2, 384, 16, 14, 24), 'stage4': (2, 768, 16, 7, 12)}
DEBUG gate: no gate_debug available. This usually means return_concept_losses=False or lambda_gate=0.
DEBUG decoder visual FiLM [stage1] | film_gamma=unavailable (pass return_decoder_diagnostics=True)
DEBUG decoder visual FiLM [stage2] | film_gamma=unavailable (pass return_decoder_diagnostics=True)
DEBUG decoder visual FiLM [stage3] | film_gamma mean/std/min/max=0.0625/1.0687/0.0000/47.6527 | prototype_bottleneck_strength=0.4000
DEBUG decoder visual FiLM [stage4] | film_gamma mean/std/min/max=0.0625/1.1504/0.0000/41.9314 | prototype_bottleneck_strength=0.4000
DEBUG factorized comparison [stage3] | query_norm_mean=0.9052 | key_norm_mean=0.6629 | context_mean=0.0000 | context_std=0.0695 | context_min=-0.1582 | context_max=0.2328 | total_candidate_weight=336.0000 | spatial_strength=0.0993 | spatial_freq_entropy=2.7726 | spatial_freq_weight_mean=0.6939 | rank=32
DEBUG factorized comparison [stage4] | query_norm_mean=0.7110 | key_norm_mean=0.6970 | context_mean=0.0000 | context_std=0.0570 | context_min=-0.1197 | context_max=0.1822 | total_candidate_weight=84.0000 | spatial_strength=0.0993 | spatial_freq_entropy=2.7724 | spatial_freq_weight_mean=0.6974 | rank=32
patch-priority map [stage3] | mean=0.062500 | std=1.068653 | min=0.000000 | max=47.652687 | prototype_bottleneck_strength=0.400000 | prototype_to_film_norm_ratio=3.329211
patch-priority map [stage4] | mean=0.062500 | std=1.150383 | min=0.000000 | max=41.931393 | prototype_bottleneck_strength=0.400000 | prototype_to_film_norm_ratio=3.671945
DEBUG visual concept usage [stage1] top 10:
  concept 166: 136 patches (1.26%)
  concept 22: 133 patches (1.24%)
  concept 72: 127 patches (1.18%)
  concept 481: 122 patches (1.13%)
  concept 114: 120 patches (1.12%)
  concept 84: 118 patches (1.10%)
  concept 447: 118 patches (1.10%)
  concept 357: 116 patches (1.08%)
  concept 296: 115 patches (1.07%)
  concept 381: 113 patches (1.05%)
  normalized usage entropy: 0.8568
DEBUG visual concept usage [stage2] top 10:
  concept 195: 1391 patches (51.75%)
  concept 66: 892 patches (33.18%)
  concept 134: 405 patches (15.07%)
  normalized usage entropy: 0.8149
DEBUG visual concept usage [stage3] top 10:
  concept 92: 273 patches (40.62%)
  concept 35: 262 patches (38.99%)
  concept 278: 87 patches (12.95%)
  concept 481: 18 patches (2.68%)
  concept 51: 15 patches (2.23%)
  concept 96: 15 patches (2.23%)
  concept 8: 1 patches (0.15%)
  concept 90: 1 patches (0.15%)
  normalized usage entropy: 0.7476
DEBUG visual concept usage [stage4] top 10:
  concept 184: 47 patches (27.98%)
  concept 322: 34 patches (20.24%)
  concept 280: 14 patches (8.33%)
  concept 341: 13 patches (7.74%)
  concept 262: 12 patches (7.14%)
  concept 121: 9 patches (5.36%)
  concept 9: 7 patches (4.17%)
  concept 39: 7 patches (4.17%)
  concept 53: 6 patches (3.57%)
  concept 78: 4 patches (2.38%)
  normalized usage entropy: 0.7446
DEBUG pred min/max/mean/std: -4.0 80.0 -2.734375 6.4375
DEBUG target min/max/mean/std: 0.0 1.0 0.012949883006513119 0.07218833267688751
DEBUG fixation pixels per sample: [176.0, 232.0]
DEBUG fix_batch min/max/mean/std: 0.0 1.0 0.000885416695382446 0.029742809012532234
DEBUG losses: {'loss_total': -0.42098158597946167, 'loss_fid': 53.028160095214844, 'loss_patch_fid': 3.92655086517334, 'loss_dense_fid': 4.544444561004639, 'loss_dense_bce': -0.0, 'loss_dense_kl': 44.557167053222656, 'loss_topk': -0.0, 'loss_delta': -0.0, 'loss_cc': 0.1702582836151123, 'loss_nss': -5.552807807922363, 'loss_sim': 0.345325231552124, 'loss_concept_dense': 0.0, 'loss_concept_kl': 0.0, 'loss_align': 0.0, 'loss_sparse': 0.0, 'loss_div': 0.0, 'loss_gate': 0.0, 'loss_visual_entropy': 0.5937941670417786, 'loss_visual_equiv': 0.0, 'loss_visual_usage': 0.20903131365776062, 'loss_temporal_attention_entropy': 0.0, 'loss_total_concept': 0.042990654706954956, 'loss_decoder_side_aux': -0.19170835614204407, 'loss_priority_map': 0.5435405373573303, 'loss_priority_map_weighted': 0.05435405299067497, 'priority_map_loss': 0.5435405373573303, 'weighted_priority_map_loss': 0.05435405299067497, 'loss_priority_map_stage3': 0.587033748626709, 'loss_priority_map_stage4': 0.5000473260879517, 'loss_side_stage4': -0.3437877297401428, 'loss_side_stage3': -0.4016444683074951, 'loss_side_stage2': -0.38252192735671997, 'loss_side_stage1': -0.3848811388015747}
DEBUG decoder visual FiLM [stage1] | film_gamma=unavailable (pass return_decoder_diagnostics=True)
DEBUG decoder visual FiLM [stage2] | film_gamma=unavailable (pass return_decoder_diagnostics=True)
DEBUG decoder visual FiLM [stage3] | film_gamma mean/std/min/max=0.0625/1.1468/0.0000/58.7790 | prototype_bottleneck_strength=0.4000
DEBUG decoder visual FiLM [stage4] | film_gamma mean/std/min/max=0.0625/1.0756/0.0000/47.6673 | prototype_bottleneck_strength=0.4000
DEBUG factorized comparison [stage3] | query_norm_mean=0.9369 | key_norm_mean=0.6764 | context_mean=0.0000 | context_std=0.0708 | context_min=-0.1701 | context_max=0.2239 | total_candidate_weight=336.0000 | spatial_strength=0.0992 | spatial_freq_entropy=2.7726 | spatial_freq_weight_mean=0.6939 | rank=32
DEBUG factorized comparison [stage4] | query_norm_mean=0.7399 | key_norm_mean=0.6396 | context_mean=-0.0000 | context_std=0.0533 | context_min=-0.1242 | context_max=0.1642 | total_candidate_weight=84.0000 | spatial_strength=0.0993 | spatial_freq_entropy=2.7724 | spatial_freq_weight_mean=0.6975 | rank=32
patch-priority map [stage3] | mean=0.062500 | std=1.146806 | min=0.000000 | max=58.778969 | prototype_bottleneck_strength=0.400000 | prototype_to_film_norm_ratio=3.145310
patch-priority map [stage4] | mean=0.062500 | std=1.075588 | min=0.000000 | max=47.667255 | prototype_bottleneck_strength=0.400000 | prototype_to_film_norm_ratio=3.869011
Epoch 119/200
  Mean train loss: 0.066795
  Mean val loss:   0.406796
  Current LR:      1.83e-05
Val metrics   | CC: 0.5417 | SIM: 0.4356 | NSS: 3.1805
  Saved checkpoint: training_outputs/ckpts/20260917_231452/epoch_119.pth

Epoch 120/200
pred_saliency: shape=(2, 1, 224, 384) min=-4.0000 max=79.5000 mean=-2.2843 std=6.5768
sal_batch: shape=(2, 1, 360, 640) min=0.0000 max=1.0000 mean=0.0150 std=0.0742
DEBUG features_shape: {'stage1': (2, 96, 16, 56, 96), 'stage2': (2, 192, 16, 28, 48), 'stage3': (2, 384, 16, 14, 24), 'stage4': (2, 768, 16, 7, 12)}
DEBUG gate: no gate_debug available. This usually means return_concept_losses=False or lambda_gate=0.
DEBUG decoder visual FiLM [stage1] | film_gamma=unavailable (pass return_decoder_diagnostics=True)
DEBUG decoder visual FiLM [stage2] | film_gamma=unavailable (pass return_decoder_diagnostics=True)
DEBUG decoder visual FiLM [stage3] | film_gamma mean/std/min/max=0.0625/0.8763/0.0000/37.3483 | prototype_bottleneck_strength=0.4000
DEBUG decoder visual FiLM [stage4] | film_gamma mean/std/min/max=0.0625/0.9191/0.0000/29.2745 | prototype_bottleneck_strength=0.4000
DEBUG factorized comparison [stage3] | query_norm_mean=0.9404 | key_norm_mean=0.6817 | context_mean=0.0000 | context_std=0.0743 | context_min=-0.1687 | context_max=0.2209 | total_candidate_weight=336.0000 | spatial_strength=0.0992 | spatial_freq_entropy=2.7726 | spatial_freq_weight_mean=0.6939 | rank=32
DEBUG factorized comparison [stage4] | query_norm_mean=0.7231 | key_norm_mean=0.6522 | context_mean=-0.0000 | context_std=0.0542 | context_min=-0.1197 | context_max=0.1370 | total_candidate_weight=84.0000 | spatial_strength=0.0993 | spatial_freq_entropy=2.7724 | spatial_freq_weight_mean=0.6975 | rank=32
patch-priority map [stage3] | mean=0.062500 | std=0.876328 | min=0.000000 | max=37.348328 | prototype_bottleneck_strength=0.400000 | prototype_to_film_norm_ratio=2.872412
patch-priority map [stage4] | mean=0.062500 | std=0.919147 | min=0.000000 | max=29.274477 | prototype_bottleneck_strength=0.400000 | prototype_to_film_norm_ratio=3.197124
DEBUG visual concept usage [stage1] top 10:
  concept 60: 90 patches (0.84%)
  concept 84: 90 patches (0.84%)
  concept 169: 88 patches (0.82%)
  concept 174: 85 patches (0.79%)
  concept 45: 82 patches (0.76%)
  concept 177: 79 patches (0.73%)
  concept 63: 77 patches (0.72%)
  concept 6: 76 patches (0.71%)
  concept 114: 76 patches (0.71%)
  concept 296: 76 patches (0.71%)
  normalized usage entropy: 0.8653
DEBUG visual concept usage [stage2] top 10:
  concept 66: 1226 patches (45.61%)
  concept 134: 964 patches (35.86%)
  concept 195: 485 patches (18.04%)
  concept 122: 5 patches (0.19%)
  concept 219: 5 patches (0.19%)
  concept 287: 2 patches (0.07%)
  concept 247: 1 patches (0.04%)
  normalized usage entropy: 0.8194
DEBUG visual concept usage [stage3] top 10:
  concept 92: 335 patches (49.85%)
  concept 35: 147 patches (21.88%)
  concept 278: 122 patches (18.15%)
  concept 481: 30 patches (4.46%)
  concept 51: 21 patches (3.12%)
  concept 96: 10 patches (1.49%)
  concept 90: 6 patches (0.89%)
  concept 497: 1 patches (0.15%)
  normalized usage entropy: 0.7470
DEBUG visual concept usage [stage4] top 10:
  concept 322: 46 patches (27.38%)
  concept 341: 21 patches (12.50%)
  concept 184: 17 patches (10.12%)
  concept 121: 13 patches (7.74%)
  concept 280: 13 patches (7.74%)
  concept 9: 9 patches (5.36%)
  concept 171: 9 patches (5.36%)
  concept 53: 7 patches (4.17%)
  concept 78: 5 patches (2.98%)
  concept 299: 5 patches (2.98%)
  normalized usage entropy: 0.7511
DEBUG pred min/max/mean/std: -4.0 79.5 -2.28125 6.5625
DEBUG target min/max/mean/std: 0.0 1.0 0.015021353960037231 0.07420481741428375
DEBUG fixation pixels per sample: [143.0, 135.0]
DEBUG fix_batch min/max/mean/std: 0.0 1.0 0.0006032985984347761 0.02455475553870201
DEBUG losses: {'loss_total': 0.055331915616989136, 'loss_fid': 47.10301971435547, 'loss_patch_fid': 3.8768348693847656, 'loss_dense_fid': 4.608874320983887, 'loss_dense_bce': -0.0, 'loss_dense_kl': 38.6173095703125, 'loss_topk': -0.0, 'loss_delta': -0.0, 'loss_cc': 0.3179919123649597, 'loss_nss': -4.13093376159668, 'loss_sim': 0.46247631311416626, 'loss_concept_dense': 0.0, 'loss_concept_kl': 0.0, 'loss_align': 0.0, 'loss_sparse': 0.0, 'loss_div': 0.0, 'loss_gate': 0.0, 'loss_visual_entropy': 0.6038033962249756, 'loss_visual_equiv': 0.0, 'loss_visual_usage': 0.20428749918937683, 'loss_temporal_attention_entropy': 0.0, 'loss_total_concept': 0.04481693357229233, 'loss_decoder_side_aux': -0.0483073964715004, 'loss_priority_map': 0.8422845602035522, 'loss_priority_map_weighted': 0.08422845602035522, 'priority_map_loss': 0.8422845602035522, 'weighted_priority_map_loss': 0.08422845602035522, 'loss_priority_map_stage3': 0.8574536442756653, 'loss_priority_map_stage4': 0.827115535736084, 'loss_side_stage4': -0.1610194742679596, 'loss_side_stage3': -0.07780501246452332, 'loss_side_stage2': -0.09045353531837463, 'loss_side_stage1': -0.09453946352005005}
DEBUG decoder visual FiLM [stage1] | film_gamma=unavailable (pass return_decoder_diagnostics=True)
DEBUG decoder visual FiLM [stage2] | film_gamma=unavailable (pass return_decoder_diagnostics=True)
DEBUG decoder visual FiLM [stage3] | film_gamma mean/std/min/max=0.0625/1.1147/0.0000/56.9186 | prototype_bottleneck_strength=0.4000
DEBUG decoder visual FiLM [stage4] | film_gamma mean/std/min/max=0.0625/0.9999/0.0000/44.0251 | prototype_bottleneck_strength=0.4000
DEBUG factorized comparison [stage3] | query_norm_mean=0.9345 | key_norm_mean=0.6829 | context_mean=0.0000 | context_std=0.0719 | context_min=-0.1709 | context_max=0.2254 | total_candidate_weight=336.0000 | spatial_strength=0.0992 | spatial_freq_entropy=2.7726 | spatial_freq_weight_mean=0.6939 | rank=32
DEBUG factorized comparison [stage4] | query_norm_mean=0.7369 | key_norm_mean=0.6471 | context_mean=0.0000 | context_std=0.0549 | context_min=-0.1280 | context_max=0.1596 | total_candidate_weight=84.0000 | spatial_strength=0.0993 | spatial_freq_entropy=2.7724 | spatial_freq_weight_mean=0.6975 | rank=32
patch-priority map [stage3] | mean=0.062500 | std=1.114677 | min=0.000000 | max=56.918621 | prototype_bottleneck_strength=0.400000 | prototype_to_film_norm_ratio=3.164573
patch-priority map [stage4] | mean=0.062500 | std=0.999934 | min=0.000000 | max=44.025116 | prototype_bottleneck_strength=0.400000 | prototype_to_film_norm_ratio=3.449387
Epoch 120/200
  Mean train loss: 0.091974
  Mean val loss:   0.402468
  Current LR:      1.79e-05
Val metrics   | CC: 0.5443 | SIM: 0.4378 | NSS: 3.1865
  Saved checkpoint: training_outputs/ckpts/20260917_231452/epoch_120.pth
  New best val loss: 0.402468 (saved training_outputs/ckpts/20260917_231452/best_checkpoint.pth)

Epoch 121/200
pred_saliency: shape=(2, 1, 224, 384) min=-4.0000 max=94.0000 mean=-2.4735 std=6.7508
sal_batch: shape=(2, 1, 360, 640) min=0.0000 max=1.0000 mean=0.0123 std=0.0730
DEBUG features_shape: {'stage1': (2, 96, 16, 56, 96), 'stage2': (2, 192, 16, 28, 48), 'stage3': (2, 384, 16, 14, 24), 'stage4': (2, 768, 16, 7, 12)}
DEBUG gate: no gate_debug available. This usually means return_concept_losses=False or lambda_gate=0.
DEBUG decoder visual FiLM [stage1] | film_gamma=unavailable (pass return_decoder_diagnostics=True)
DEBUG decoder visual FiLM [stage2] | film_gamma=unavailable (pass return_decoder_diagnostics=True)
DEBUG decoder visual FiLM [stage3] | film_gamma mean/std/min/max=0.0625/0.7918/0.0000/30.3997 | prototype_bottleneck_strength=0.4000
DEBUG decoder visual FiLM [stage4] | film_gamma mean/std/min/max=0.0625/0.9004/0.0000/38.6003 | prototype_bottleneck_strength=0.4000
DEBUG factorized comparison [stage3] | query_norm_mean=0.9307 | key_norm_mean=0.6754 | context_mean=0.0000 | context_std=0.0686 | context_min=-0.1664 | context_max=0.1836 | total_candidate_weight=336.0000 | spatial_strength=0.0992 | spatial_freq_entropy=2.7726 | spatial_freq_weight_mean=0.6939 | rank=32
DEBUG factorized comparison [stage4] | query_norm_mean=0.7370 | key_norm_mean=0.6450 | context_mean=-0.0000 | context_std=0.0540 | context_min=-0.1205 | context_max=0.1265 | total_candidate_weight=84.0000 | spatial_strength=0.0993 | spatial_freq_entropy=2.7724 | spatial_freq_weight_mean=0.6975 | rank=32
patch-priority map [stage3] | mean=0.062500 | std=0.791841 | min=0.000000 | max=30.399704 | prototype_bottleneck_strength=0.400000 | prototype_to_film_norm_ratio=2.812870
patch-priority map [stage4] | mean=0.062500 | std=0.900424 | min=0.000000 | max=38.600349 | prototype_bottleneck_strength=0.400000 | prototype_to_film_norm_ratio=3.861847
DEBUG visual concept usage [stage1] top 10:
  concept 164: 147 patches (1.37%)
  concept 15: 95 patches (0.88%)
  concept 228: 91 patches (0.85%)
  concept 208: 90 patches (0.84%)
  concept 64: 89 patches (0.83%)
  concept 84: 88 patches (0.82%)
  concept 105: 87 patches (0.81%)
  concept 128: 85 patches (0.79%)
  concept 317: 85 patches (0.79%)
  concept 232: 83 patches (0.77%)
  normalized usage entropy: 0.8646
DEBUG visual concept usage [stage2] top 10:
  concept 134: 1094 patches (40.70%)
  concept 66: 956 patches (35.57%)
  concept 195: 604 patches (22.47%)
  concept 247: 32 patches (1.19%)
  concept 23: 1 patches (0.04%)
  concept 51: 1 patches (0.04%)
  normalized usage entropy: 0.8198
DEBUG visual concept usage [stage3] top 10:
  concept 92: 330 patches (49.11%)
  concept 35: 179 patches (26.64%)
  concept 278: 110 patches (16.37%)
  concept 481: 21 patches (3.12%)
  concept 51: 19 patches (2.83%)
  concept 96: 12 patches (1.79%)
  concept 90: 1 patches (0.15%)
  normalized usage entropy: 0.7501
DEBUG visual concept usage [stage4] top 10:
  concept 322: 42 patches (25.00%)
  concept 341: 24 patches (14.29%)
  concept 184: 12 patches (7.14%)
  concept 53: 11 patches (6.55%)
  concept 78: 11 patches (6.55%)
  concept 121: 11 patches (6.55%)
  concept 262: 11 patches (6.55%)
  concept 9: 8 patches (4.76%)
  concept 171: 7 patches (4.17%)
  concept 39: 6 patches (3.57%)
  normalized usage entropy: 0.7520
DEBUG pred min/max/mean/std: -4.0 94.0 -2.46875 6.75
DEBUG target min/max/mean/std: 0.0 1.0 0.012349375523626804 0.07303059846162796
DEBUG fixation pixels per sample: [187.0, 141.0]
DEBUG fix_batch min/max/mean/std: 0.0 1.0 0.0007118055946193635 0.026670215651392937
DEBUG losses: {'loss_total': -0.37522631883621216, 'loss_fid': 62.37183380126953, 'loss_patch_fid': 3.932011365890503, 'loss_dense_fid': 4.411235809326172, 'loss_dense_bce': -0.0, 'loss_dense_kl': 54.028587341308594, 'loss_topk': -0.0, 'loss_delta': -0.0, 'loss_cc': 0.20395231246948242, 'loss_nss': -5.838942527770996, 'loss_sim': 0.40483343601226807, 'loss_concept_dense': 0.0, 'loss_concept_kl': 0.0, 'loss_align': 0.0, 'loss_sparse': 0.0, 'loss_div': 0.0, 'loss_gate': 0.0, 'loss_visual_entropy': 0.5960103273391724, 'loss_visual_equiv': 0.0, 'loss_visual_usage': 0.20338256657123566, 'loss_temporal_attention_entropy': 0.0, 'loss_total_concept': 0.043403565883636475, 'loss_decoder_side_aux': -0.19203579425811768, 'loss_priority_map': 0.895462155342102, 'loss_priority_map_weighted': 0.08954621851444244, 'priority_map_loss': 0.895462155342102, 'weighted_priority_map_loss': 0.08954621851444244, 'loss_priority_map_stage3': 1.1035076379776, 'loss_priority_map_stage4': 0.6874166131019592, 'loss_side_stage4': -0.4205368161201477, 'loss_side_stage3': -0.3765629529953003, 'loss_side_stage2': -0.3875278830528259, 'loss_side_stage1': -0.37611740827560425}
DEBUG decoder visual FiLM [stage1] | film_gamma=unavailable (pass return_decoder_diagnostics=True)
DEBUG decoder visual FiLM [stage2] | film_gamma=unavailable (pass return_decoder_diagnostics=True)
DEBUG decoder visual FiLM [stage3] | film_gamma mean/std/min/max=0.0625/1.2022/0.0000/59.6829 | prototype_bottleneck_strength=0.4000
DEBUG decoder visual FiLM [stage4] | film_gamma mean/std/min/max=0.0625/1.0824/0.0000/47.5293 | prototype_bottleneck_strength=0.4000
DEBUG factorized comparison [stage3] | query_norm_mean=0.9480 | key_norm_mean=0.6800 | context_mean=0.0000 | context_std=0.0726 | context_min=-0.1724 | context_max=0.2343 | total_candidate_weight=336.0000 | spatial_strength=0.0992 | spatial_freq_entropy=2.7726 | spatial_freq_weight_mean=0.6939 | rank=32
DEBUG factorized comparison [stage4] | query_norm_mean=0.7471 | key_norm_mean=0.6720 | context_mean=0.0000 | context_std=0.0573 | context_min=-0.1333 | context_max=0.1739 | total_candidate_weight=84.0000 | spatial_strength=0.0992 | spatial_freq_entropy=2.7724 | spatial_freq_weight_mean=0.6975 | rank=32
patch-priority map [stage3] | mean=0.062500 | std=1.202158 | min=0.000000 | max=59.682930 | prototype_bottleneck_strength=0.400000 | prototype_to_film_norm_ratio=3.443375
patch-priority map [stage4] | mean=0.062500 | std=1.082378 | min=0.000000 | max=47.529274 | prototype_bottleneck_strength=0.400000 | prototype_to_film_norm_ratio=3.892124
Epoch 121/200
  Mean train loss: 0.040696
  Mean val loss:   0.411639
  Current LR:      1.76e-05
Val metrics   | CC: 0.5388 | SIM: 0.4361 | NSS: 3.1626
  Saved checkpoint: training_outputs/ckpts/20260917_231452/epoch_121.pth

Epoch 122/200
pred_saliency: shape=(2, 1, 224, 384) min=-4.0000 max=64.5000 mean=-2.5144 std=6.3848
sal_batch: shape=(2, 1, 360, 640) min=0.0000 max=1.0000 mean=0.0127 std=0.0697
DEBUG features_shape: {'stage1': (2, 96, 16, 56, 96), 'stage2': (2, 192, 16, 28, 48), 'stage3': (2, 384, 16, 14, 24), 'stage4': (2, 768, 16, 7, 12)}
DEBUG gate: no gate_debug available. This usually means return_concept_losses=False or lambda_gate=0.
DEBUG decoder visual FiLM [stage1] | film_gamma=unavailable (pass return_decoder_diagnostics=True)
DEBUG decoder visual FiLM [stage2] | film_gamma=unavailable (pass return_decoder_diagnostics=True)
DEBUG decoder visual FiLM [stage3] | film_gamma mean/std/min/max=0.0625/0.9082/0.0000/29.9732 | prototype_bottleneck_strength=0.4000
DEBUG decoder visual FiLM [stage4] | film_gamma mean/std/min/max=0.0625/1.1059/0.0000/37.4831 | prototype_bottleneck_strength=0.4000
DEBUG factorized comparison [stage3] | query_norm_mean=0.9563 | key_norm_mean=0.7069 | context_mean=0.0000 | context_std=0.0844 | context_min=-0.1761 | context_max=0.2358 | total_candidate_weight=336.0000 | spatial_strength=0.0992 | spatial_freq_entropy=2.7726 | spatial_freq_weight_mean=0.6939 | rank=32
DEBUG factorized comparison [stage4] | query_norm_mean=0.7581 | key_norm_mean=0.6761 | context_mean=-0.0000 | context_std=0.0632 | context_min=-0.1355 | context_max=0.1807 | total_candidate_weight=84.0000 | spatial_strength=0.0992 | spatial_freq_entropy=2.7724 | spatial_freq_weight_mean=0.6975 | rank=32
patch-priority map [stage3] | mean=0.062500 | std=0.908175 | min=0.000000 | max=29.973234 | prototype_bottleneck_strength=0.400000 | prototype_to_film_norm_ratio=2.560656
patch-priority map [stage4] | mean=0.062500 | std=1.105908 | min=0.000000 | max=37.483074 | prototype_bottleneck_strength=0.400000 | prototype_to_film_norm_ratio=3.546989
DEBUG visual concept usage [stage1] top 10:
  concept 143: 106 patches (0.99%)
  concept 83: 102 patches (0.95%)
  concept 66: 100 patches (0.93%)
  concept 155: 99 patches (0.92%)
  concept 167: 91 patches (0.85%)
  concept 161: 90 patches (0.84%)
  concept 376: 88 patches (0.82%)
  concept 63: 87 patches (0.81%)
  concept 9: 86 patches (0.80%)
  concept 29: 86 patches (0.80%)
  normalized usage entropy: 0.8626
DEBUG visual concept usage [stage2] top 10:
  concept 66: 1284 patches (47.77%)
  concept 134: 1094 patches (40.70%)
  concept 195: 305 patches (11.35%)
  concept 247: 4 patches (0.15%)
  concept 51: 1 patches (0.04%)
  normalized usage entropy: 0.8108
DEBUG visual concept usage [stage3] top 10:
  concept 92: 273 patches (40.62%)
  concept 35: 196 patches (29.17%)
  concept 278: 137 patches (20.39%)
  concept 96: 30 patches (4.46%)
  concept 481: 15 patches (2.23%)
  concept 51: 13 patches (1.93%)
  concept 90: 5 patches (0.74%)
  concept 8: 2 patches (0.30%)
  concept 497: 1 patches (0.15%)
  normalized usage entropy: 0.7509
DEBUG visual concept usage [stage4] top 10:
  concept 184: 30 patches (17.86%)
  concept 322: 29 patches (17.26%)
  concept 280: 23 patches (13.69%)
  concept 341: 21 patches (12.50%)
  concept 121: 15 patches (8.93%)
  concept 23: 6 patches (3.57%)
  concept 37: 6 patches (3.57%)
  concept 78: 6 patches (3.57%)
  concept 9: 5 patches (2.98%)
  concept 39: 5 patches (2.98%)
  normalized usage entropy: 0.7557
DEBUG pred min/max/mean/std: -4.0 64.5 -2.515625 6.375
DEBUG target min/max/mean/std: 0.0 1.0 0.012719635851681232 0.06970073282718658
DEBUG fixation pixels per sample: [109.0, 202.0]
DEBUG fix_batch min/max/mean/std: 0.0 1.0 0.0006749132298864424 0.025970350950956345
DEBUG losses: {'loss_total': -0.39984405040740967, 'loss_fid': 40.698883056640625, 'loss_patch_fid': 3.9736533164978027, 'loss_dense_fid': 4.590752124786377, 'loss_dense_bce': -0.0, 'loss_dense_kl': 32.13447570800781, 'loss_topk': -0.0, 'loss_delta': -0.0, 'loss_cc': 0.16571688652038574, 'loss_nss': -5.538837432861328, 'loss_sim': 0.3721221685409546, 'loss_concept_dense': 0.0, 'loss_concept_kl': 0.0, 'loss_align': 0.0, 'loss_sparse': 0.0, 'loss_div': 0.0, 'loss_gate': 0.0, 'loss_visual_entropy': 0.5941046476364136, 'loss_visual_equiv': 0.0, 'loss_visual_usage': 0.20502720773220062, 'loss_temporal_attention_entropy': 0.0, 'loss_total_concept': 0.04363280534744263, 'loss_decoder_side_aux': -0.1869102269411087, 'loss_priority_map': 0.709147572517395, 'loss_priority_map_weighted': 0.07091476023197174, 'priority_map_loss': 0.709147572517395, 'weighted_priority_map_loss': 0.07091476023197174, 'loss_priority_map_stage3': 0.8287214040756226, 'loss_priority_map_stage4': 0.5895737409591675, 'loss_side_stage4': -0.3439832925796509, 'loss_side_stage3': -0.33356499671936035, 'loss_side_stage2': -0.3905245065689087, 'loss_side_stage1': -0.3888794183731079}
DEBUG decoder visual FiLM [stage1] | film_gamma=unavailable (pass return_decoder_diagnostics=True)
DEBUG decoder visual FiLM [stage2] | film_gamma=unavailable (pass return_decoder_diagnostics=True)
DEBUG decoder visual FiLM [stage3] | film_gamma mean/std/min/max=0.0625/1.1542/0.0000/57.4414 | prototype_bottleneck_strength=0.4000
DEBUG decoder visual FiLM [stage4] | film_gamma mean/std/min/max=0.0625/0.9702/0.0000/41.3706 | prototype_bottleneck_strength=0.4000
DEBUG factorized comparison [stage3] | query_norm_mean=0.8920 | key_norm_mean=0.6636 | context_mean=0.0000 | context_std=0.0687 | context_min=-0.1627 | context_max=0.2179 | total_candidate_weight=336.0000 | spatial_strength=0.0993 | spatial_freq_entropy=2.7726 | spatial_freq_weight_mean=0.6940 | rank=32
DEBUG factorized comparison [stage4] | query_norm_mean=0.7370 | key_norm_mean=0.6363 | context_mean=-0.0000 | context_std=0.0549 | context_min=-0.1295 | context_max=0.1566 | total_candidate_weight=84.0000 | spatial_strength=0.0993 | spatial_freq_entropy=2.7724 | spatial_freq_weight_mean=0.6975 | rank=32
patch-priority map [stage3] | mean=0.062500 | std=1.154160 | min=0.000000 | max=57.441357 | prototype_bottleneck_strength=0.400000 | prototype_to_film_norm_ratio=3.398489
patch-priority map [stage4] | mean=0.062500 | std=0.970249 | min=0.000000 | max=41.370598 | prototype_bottleneck_strength=0.400000 | prototype_to_film_norm_ratio=3.542562
Epoch 122/200
  Mean train loss: 0.101507
  Mean val loss:   0.405945
  Current LR:      1.72e-05
Val metrics   | CC: 0.5417 | SIM: 0.4378 | NSS: 3.1777
  Saved checkpoint: training_outputs/ckpts/20260917_231452/epoch_122.pth

Epoch 123/200
pred_saliency: shape=(2, 1, 224, 384) min=-4.0000 max=48.7500 mean=-1.9341 std=6.5975
sal_batch: shape=(2, 1, 360, 640) min=0.0000 max=1.0000 mean=0.0150 std=0.0841
DEBUG features_shape: {'stage1': (2, 96, 16, 56, 96), 'stage2': (2, 192, 16, 28, 48), 'stage3': (2, 384, 16, 14, 24), 'stage4': (2, 768, 16, 7, 12)}
DEBUG gate: no gate_debug available. This usually means return_concept_losses=False or lambda_gate=0.
DEBUG decoder visual FiLM [stage1] | film_gamma=unavailable (pass return_decoder_diagnostics=True)
DEBUG decoder visual FiLM [stage2] | film_gamma=unavailable (pass return_decoder_diagnostics=True)
DEBUG decoder visual FiLM [stage3] | film_gamma mean/std/min/max=0.0625/0.6803/0.0000/20.6769 | prototype_bottleneck_strength=0.4000
DEBUG decoder visual FiLM [stage4] | film_gamma mean/std/min/max=0.0625/0.7392/0.0000/24.8986 | prototype_bottleneck_strength=0.4000
DEBUG factorized comparison [stage3] | query_norm_mean=0.8922 | key_norm_mean=0.6629 | context_mean=0.0000 | context_std=0.0697 | context_min=-0.1649 | context_max=0.1836 | total_candidate_weight=336.0000 | spatial_strength=0.0993 | spatial_freq_entropy=2.7726 | spatial_freq_weight_mean=0.6940 | rank=32
DEBUG factorized comparison [stage4] | query_norm_mean=0.7195 | key_norm_mean=0.6517 | context_mean=0.0000 | context_std=0.0528 | context_min=-0.1220 | context_max=0.1190 | total_candidate_weight=84.0000 | spatial_strength=0.0993 | spatial_freq_entropy=2.7724 | spatial_freq_weight_mean=0.6975 | rank=32
patch-priority map [stage3] | mean=0.062500 | std=0.680277 | min=0.000000 | max=20.676924 | prototype_bottleneck_strength=0.400000 | prototype_to_film_norm_ratio=2.087648
patch-priority map [stage4] | mean=0.062500 | std=0.739210 | min=0.000000 | max=24.898643 | prototype_bottleneck_strength=0.400000 | prototype_to_film_norm_ratio=2.266696
DEBUG visual concept usage [stage1] top 10:
  concept 218: 110 patches (1.02%)
  concept 266: 110 patches (1.02%)
  concept 116: 106 patches (0.99%)
  concept 44: 103 patches (0.96%)
  concept 114: 96 patches (0.89%)
  concept 83: 90 patches (0.84%)
  concept 374: 89 patches (0.83%)
  concept 289: 84 patches (0.78%)
  concept 72: 82 patches (0.76%)
  concept 75: 81 patches (0.75%)
  normalized usage entropy: 0.8620
DEBUG visual concept usage [stage2] top 10:
  concept 134: 1379 patches (51.30%)
  concept 66: 647 patches (24.07%)
  concept 195: 576 patches (21.43%)
  concept 247: 74 patches (2.75%)
  concept 109: 12 patches (0.45%)
  normalized usage entropy: 0.8118
DEBUG visual concept usage [stage3] top 10:
  concept 92: 296 patches (44.05%)
  concept 35: 209 patches (31.10%)
  concept 278: 139 patches (20.68%)
  concept 481: 10 patches (1.49%)
  concept 51: 7 patches (1.04%)
  concept 96: 6 patches (0.89%)
  concept 90: 4 patches (0.60%)
  concept 497: 1 patches (0.15%)
  normalized usage entropy: 0.7516
DEBUG visual concept usage [stage4] top 10:
  concept 322: 28 patches (16.67%)
  concept 341: 28 patches (16.67%)
  concept 184: 26 patches (15.48%)
  concept 280: 17 patches (10.12%)
  concept 37: 8 patches (4.76%)
  concept 53: 8 patches (4.76%)
  concept 9: 7 patches (4.17%)
  concept 362: 7 patches (4.17%)
  concept 121: 6 patches (3.57%)
  concept 78: 5 patches (2.98%)
  normalized usage entropy: 0.7565
DEBUG pred min/max/mean/std: -4.0 48.75 -1.9375 6.59375
DEBUG target min/max/mean/std: 0.0 1.0 0.01497278455644846 0.08408928662538528
DEBUG fixation pixels per sample: [207.0, 173.0]
DEBUG fix_batch min/max/mean/std: 0.0 1.0 0.0008246527868323028 0.02870495617389679
DEBUG losses: {'loss_total': -0.29110416769981384, 'loss_fid': 23.246559143066406, 'loss_patch_fid': 3.9521775245666504, 'loss_dense_fid': 4.7591633796691895, 'loss_dense_bce': -0.0, 'loss_dense_kl': 14.535219192504883, 'loss_topk': -0.0, 'loss_delta': -0.0, 'loss_cc': 0.18179655075073242, 'loss_nss': -5.187552452087402, 'loss_sim': 0.43746697902679443, 'loss_concept_dense': 0.0, 'loss_concept_kl': 0.0, 'loss_align': 0.0, 'loss_sparse': 0.0, 'loss_div': 0.0, 'loss_gate': 0.0, 'loss_visual_entropy': 0.5920330286026001, 'loss_visual_equiv': 0.0, 'loss_visual_usage': 0.2045290619134903, 'loss_temporal_attention_entropy': 0.0, 'loss_total_concept': 0.04386208578944206, 'loss_decoder_side_aux': -0.1618754267692566, 'loss_priority_map': 0.96708083152771, 'loss_priority_map_weighted': 0.09670808166265488, 'priority_map_loss': 0.96708083152771, 'weighted_priority_map_loss': 0.09670808166265488, 'loss_priority_map_stage3': 1.0122219324111938, 'loss_priority_map_stage4': 0.9219397902488708, 'loss_side_stage4': -0.29305896162986755, 'loss_side_stage3': -0.3068866729736328, 'loss_side_stage2': -0.3333108425140381, 'loss_side_stage1': -0.3326858878135681}
DEBUG decoder visual FiLM [stage1] | film_gamma=unavailable (pass return_decoder_diagnostics=True)
DEBUG decoder visual FiLM [stage2] | film_gamma=unavailable (pass return_decoder_diagnostics=True)
DEBUG decoder visual FiLM [stage3] | film_gamma mean/std/min/max=0.0625/1.2008/0.0000/59.5641 | prototype_bottleneck_strength=0.4000
DEBUG decoder visual FiLM [stage4] | film_gamma mean/std/min/max=0.0625/1.0645/0.0000/47.2589 | prototype_bottleneck_strength=0.4000
DEBUG factorized comparison [stage3] | query_norm_mean=0.8762 | key_norm_mean=0.6485 | context_mean=0.0000 | context_std=0.0655 | context_min=-0.1560 | context_max=0.2179 | total_candidate_weight=336.0000 | spatial_strength=0.0993 | spatial_freq_entropy=2.7726 | spatial_freq_weight_mean=0.6940 | rank=32
DEBUG factorized comparison [stage4] | query_norm_mean=0.7236 | key_norm_mean=0.6419 | context_mean=-0.0000 | context_std=0.0533 | context_min=-0.1265 | context_max=0.1596 | total_candidate_weight=84.0000 | spatial_strength=0.0993 | spatial_freq_entropy=2.7724 | spatial_freq_weight_mean=0.6975 | rank=32
patch-priority map [stage3] | mean=0.062500 | std=1.200771 | min=0.000000 | max=59.564117 | prototype_bottleneck_strength=0.400000 | prototype_to_film_norm_ratio=3.323313
patch-priority map [stage4] | mean=0.062500 | std=1.064471 | min=0.000000 | max=47.258850 | prototype_bottleneck_strength=0.400000 | prototype_to_film_norm_ratio=3.602858
Epoch 123/200
  Mean train loss: 0.050621
  Mean val loss:   0.401901
  Current LR:      1.68e-05
Val metrics   | CC: 0.5437 | SIM: 0.4374 | NSS: 3.1957
  Saved checkpoint: training_outputs/ckpts/20260917_231452/epoch_123.pth
  New best val loss: 0.401901 (saved training_outputs/ckpts/20260917_231452/best_checkpoint.pth)

Epoch 124/200
pred_saliency: shape=(2, 1, 224, 384) min=-4.0000 max=83.0000 mean=-2.3600 std=6.4475
sal_batch: shape=(2, 1, 360, 640) min=0.0000 max=1.0000 mean=0.0175 std=0.0791
DEBUG features_shape: {'stage1': (2, 96, 16, 56, 96), 'stage2': (2, 192, 16, 28, 48), 'stage3': (2, 384, 16, 14, 24), 'stage4': (2, 768, 16, 7, 12)}
DEBUG gate: no gate_debug available. This usually means return_concept_losses=False or lambda_gate=0.
DEBUG decoder visual FiLM [stage1] | film_gamma=unavailable (pass return_decoder_diagnostics=True)
DEBUG decoder visual FiLM [stage2] | film_gamma=unavailable (pass return_decoder_diagnostics=True)
DEBUG decoder visual FiLM [stage3] | film_gamma mean/std/min/max=0.0625/0.9180/0.0000/34.7191 | prototype_bottleneck_strength=0.4000
DEBUG decoder visual FiLM [stage4] | film_gamma mean/std/min/max=0.0625/1.1166/0.0000/48.3960 | prototype_bottleneck_strength=0.4000
DEBUG factorized comparison [stage3] | query_norm_mean=0.8738 | key_norm_mean=0.6446 | context_mean=0.0000 | context_std=0.0656 | context_min=-0.1537 | context_max=0.1791 | total_candidate_weight=336.0000 | spatial_strength=0.0993 | spatial_freq_entropy=2.7726 | spatial_freq_weight_mean=0.6940 | rank=32
DEBUG factorized comparison [stage4] | query_norm_mean=0.7010 | key_norm_mean=0.6718 | context_mean=-0.0000 | context_std=0.0547 | context_min=-0.1190 | context_max=0.1649 | total_candidate_weight=84.0000 | spatial_strength=0.0993 | spatial_freq_entropy=2.7724 | spatial_freq_weight_mean=0.6975 | rank=32
patch-priority map [stage3] | mean=0.062500 | std=0.918050 | min=0.000000 | max=34.719074 | prototype_bottleneck_strength=0.400000 | prototype_to_film_norm_ratio=2.978541
patch-priority map [stage4] | mean=0.062500 | std=1.116635 | min=0.000000 | max=48.396019 | prototype_bottleneck_strength=0.400000 | prototype_to_film_norm_ratio=4.372117
DEBUG visual concept usage [stage1] top 10:
  concept 231: 103 patches (0.96%)
  concept 376: 100 patches (0.93%)
  concept 207: 98 patches (0.91%)
  concept 57: 92 patches (0.86%)
  concept 79: 92 patches (0.86%)
  concept 64: 87 patches (0.81%)
  concept 60: 83 patches (0.77%)
  concept 163: 83 patches (0.77%)
  concept 97: 79 patches (0.73%)
  concept 155: 78 patches (0.73%)
  normalized usage entropy: 0.8634
DEBUG visual concept usage [stage2] top 10:
  concept 195: 1629 patches (60.60%)
  concept 66: 591 patches (21.99%)
  concept 134: 435 patches (16.18%)
  concept 247: 23 patches (0.86%)
  concept 449: 6 patches (0.22%)
  concept 109: 4 patches (0.15%)
  normalized usage entropy: 0.8126
DEBUG visual concept usage [stage3] top 10:
  concept 92: 280 patches (41.67%)
  concept 35: 190 patches (28.27%)
  concept 278: 95 patches (14.14%)
  concept 51: 44 patches (6.55%)
  concept 481: 36 patches (5.36%)
  concept 96: 14 patches (2.08%)
  concept 497: 8 patches (1.19%)
  concept 383: 2 patches (0.30%)
  concept 8: 1 patches (0.15%)
  concept 90: 1 patches (0.15%)
  normalized usage entropy: 0.7463
DEBUG visual concept usage [stage4] top 10:
  concept 322: 38 patches (22.62%)
  concept 184: 22 patches (13.10%)
  concept 121: 13 patches (7.74%)
  concept 171: 12 patches (7.14%)
  concept 262: 11 patches (6.55%)
  concept 341: 11 patches (6.55%)
  concept 9: 10 patches (5.95%)
  concept 39: 8 patches (4.76%)
  concept 280: 8 patches (4.76%)
  concept 299: 8 patches (4.76%)
  normalized usage entropy: 0.7512
DEBUG pred min/max/mean/std: -4.0 83.0 -2.359375 6.4375
DEBUG target min/max/mean/std: 0.0 1.0 0.01750352419912815 0.07907550036907196
DEBUG fixation pixels per sample: [217.0, 150.0]
DEBUG fix_batch min/max/mean/std: 0.0 1.0 0.000796440988779068 0.028210075572133064
DEBUG losses: {'loss_total': 0.3511052131652832, 'loss_fid': 48.69775390625, 'loss_patch_fid': 3.858180522918701, 'loss_dense_fid': 4.712826251983643, 'loss_dense_bce': -0.0, 'loss_dense_kl': 40.126747131347656, 'loss_topk': -0.0, 'loss_delta': -0.0, 'loss_cc': 0.3608170747756958, 'loss_nss': -3.0215277671813965, 'loss_sim': 0.49671828746795654, 'loss_concept_dense': 0.0, 'loss_concept_kl': 0.0, 'loss_align': 0.0, 'loss_sparse': 0.0, 'loss_div': 0.0, 'loss_gate': 0.0, 'loss_visual_entropy': 0.5922598838806152, 'loss_visual_equiv': 0.0, 'loss_visual_usage': 0.2066204994916916, 'loss_temporal_attention_entropy': 0.0, 'loss_total_concept': 0.04461650550365448, 'loss_decoder_side_aux': 0.036187514662742615, 'loss_priority_map': 1.3834172487258911, 'loss_priority_map_weighted': 0.1383417248725891, 'priority_map_loss': 1.3834172487258911, 'weighted_priority_map_loss': 0.1383417248725891, 'loss_priority_map_stage3': 1.44223952293396, 'loss_priority_map_stage4': 1.3245949745178223, 'loss_side_stage4': 0.10772517323493958, 'loss_side_stage3': 0.1051912009716034, 'loss_side_stage2': 0.06479597091674805, 'loss_side_stage1': 0.052813708782196045}
DEBUG decoder visual FiLM [stage1] | film_gamma=unavailable (pass return_decoder_diagnostics=True)
DEBUG decoder visual FiLM [stage2] | film_gamma=unavailable (pass return_decoder_diagnostics=True)
DEBUG decoder visual FiLM [stage3] | film_gamma mean/std/min/max=0.0625/1.2798/0.0000/70.6791 | prototype_bottleneck_strength=0.4000
DEBUG decoder visual FiLM [stage4] | film_gamma mean/std/min/max=0.0625/1.0785/0.0000/46.9405 | prototype_bottleneck_strength=0.4000
DEBUG factorized comparison [stage3] | query_norm_mean=0.9210 | key_norm_mean=0.6753 | context_mean=0.0000 | context_std=0.0711 | context_min=-0.1679 | context_max=0.2254 | total_candidate_weight=336.0000 | spatial_strength=0.0992 | spatial_freq_entropy=2.7726 | spatial_freq_weight_mean=0.6940 | rank=32
DEBUG factorized comparison [stage4] | query_norm_mean=0.7326 | key_norm_mean=0.6431 | context_mean=0.0000 | context_std=0.0548 | context_min=-0.1273 | context_max=0.1664 | total_candidate_weight=84.0000 | spatial_strength=0.0993 | spatial_freq_entropy=2.7724 | spatial_freq_weight_mean=0.6975 | rank=32
patch-priority map [stage3] | mean=0.062500 | std=1.279811 | min=0.000000 | max=70.679115 | prototype_bottleneck_strength=0.400000 | prototype_to_film_norm_ratio=3.806517
patch-priority map [stage4] | mean=0.062500 | std=1.078547 | min=0.000000 | max=46.940544 | prototype_bottleneck_strength=0.400000 | prototype_to_film_norm_ratio=3.978352
Epoch 124/200
  Mean train loss: 0.034657
  Mean val loss:   0.406045
  Current LR:      1.65e-05
Val metrics   | CC: 0.5406 | SIM: 0.4372 | NSS: 3.1895
  Saved checkpoint: training_outputs/ckpts/20260917_231452/epoch_124.pth

Epoch 125/200
pred_saliency: shape=(2, 1, 224, 384) min=-4.0000 max=71.0000 mean=-2.4200 std=6.5883
sal_batch: shape=(2, 1, 360, 640) min=0.0000 max=1.0000 mean=0.0164 std=0.0825
DEBUG features_shape: {'stage1': (2, 96, 16, 56, 96), 'stage2': (2, 192, 16, 28, 48), 'stage3': (2, 384, 16, 14, 24), 'stage4': (2, 768, 16, 7, 12)}
DEBUG gate: no gate_debug available. This usually means return_concept_losses=False or lambda_gate=0.
DEBUG decoder visual FiLM [stage1] | film_gamma=unavailable (pass return_decoder_diagnostics=True)
DEBUG decoder visual FiLM [stage2] | film_gamma=unavailable (pass return_decoder_diagnostics=True)
DEBUG decoder visual FiLM [stage3] | film_gamma mean/std/min/max=0.0625/0.9408/0.0000/41.6167 | prototype_bottleneck_strength=0.4000
DEBUG decoder visual FiLM [stage4] | film_gamma mean/std/min/max=0.0625/0.9596/0.0000/33.2910 | prototype_bottleneck_strength=0.4000
DEBUG factorized comparison [stage3] | query_norm_mean=0.9201 | key_norm_mean=0.6739 | context_mean=0.0000 | context_std=0.0733 | context_min=-0.1627 | context_max=0.2239 | total_candidate_weight=336.0000 | spatial_strength=0.0992 | spatial_freq_entropy=2.7726 | spatial_freq_weight_mean=0.6940 | rank=32
DEBUG factorized comparison [stage4] | query_norm_mean=0.7191 | key_norm_mean=0.6680 | context_mean=-0.0000 | context_std=0.0558 | context_min=-0.1205 | context_max=0.1446 | total_candidate_weight=84.0000 | spatial_strength=0.0993 | spatial_freq_entropy=2.7724 | spatial_freq_weight_mean=0.6975 | rank=32
patch-priority map [stage3] | mean=0.062500 | std=0.940761 | min=0.000000 | max=41.616714 | prototype_bottleneck_strength=0.400000 | prototype_to_film_norm_ratio=2.830345
patch-priority map [stage4] | mean=0.062500 | std=0.959610 | min=0.000000 | max=33.290955 | prototype_bottleneck_strength=0.400000 | prototype_to_film_norm_ratio=3.497697
DEBUG visual concept usage [stage1] top 10:
  concept 185: 140 patches (1.30%)
  concept 164: 127 patches (1.18%)
  concept 166: 98 patches (0.91%)
  concept 14: 97 patches (0.90%)
  concept 64: 83 patches (0.77%)
  concept 65: 82 patches (0.76%)
  concept 440: 82 patches (0.76%)
  concept 84: 80 patches (0.74%)
  concept 97: 80 patches (0.74%)
  concept 378: 79 patches (0.73%)
  normalized usage entropy: 0.8621
DEBUG visual concept usage [stage2] top 10:
  concept 66: 1054 patches (39.21%)
  concept 195: 832 patches (30.95%)
  concept 134: 781 patches (29.06%)
  concept 247: 19 patches (0.71%)
  concept 109: 1 patches (0.04%)
  concept 169: 1 patches (0.04%)
  normalized usage entropy: 0.8297
DEBUG visual concept usage [stage3] top 10:
  concept 35: 263 patches (39.14%)
  concept 92: 256 patches (38.10%)
  concept 278: 102 patches (15.18%)
  concept 51: 16 patches (2.38%)
  concept 96: 15 patches (2.23%)
  concept 481: 13 patches (1.93%)
  concept 90: 5 patches (0.74%)
  concept 8: 2 patches (0.30%)
  normalized usage entropy: 0.7492
DEBUG visual concept usage [stage4] top 10:
  concept 184: 41 patches (24.40%)
  concept 322: 27 patches (16.07%)
  concept 341: 16 patches (9.52%)
  concept 121: 13 patches (7.74%)
  concept 262: 12 patches (7.14%)
  concept 53: 11 patches (6.55%)
  concept 362: 8 patches (4.76%)
  concept 9: 7 patches (4.17%)
  concept 78: 5 patches (2.98%)
  concept 280: 5 patches (2.98%)
  normalized usage entropy: 0.7486
DEBUG pred min/max/mean/std: -4.0 71.0 -2.421875 6.59375
DEBUG target min/max/mean/std: 0.0 1.0 0.016439901664853096 0.08248437196016312
DEBUG fixation pixels per sample: [130.0, 148.0]
DEBUG fix_batch min/max/mean/std: 0.0 1.0 0.0006032985984347761 0.024554753676056862
DEBUG losses: {'loss_total': -0.08530468493700027, 'loss_fid': 48.53838348388672, 'loss_patch_fid': 3.8587582111358643, 'loss_dense_fid': 4.710415363311768, 'loss_dense_bce': -0.0, 'loss_dense_kl': 39.969207763671875, 'loss_topk': -0.0, 'loss_delta': -0.0, 'loss_cc': 0.248077392578125, 'loss_nss': -4.453245162963867, 'loss_sim': 0.3948596715927124, 'loss_concept_dense': 0.0, 'loss_concept_kl': 0.0, 'loss_align': 0.0, 'loss_sparse': 0.0, 'loss_div': 0.0, 'loss_gate': 0.0, 'loss_visual_entropy': 0.5909568071365356, 'loss_visual_equiv': 0.0, 'loss_visual_usage': 0.20263062417507172, 'loss_temporal_attention_entropy': 0.0, 'loss_total_concept': 0.043546706438064575, 'loss_decoder_side_aux': -0.09052684158086777, 'loss_priority_map': 0.9621875286102295, 'loss_priority_map_weighted': 0.09621875733137131, 'priority_map_loss': 0.9621875286102295, 'weighted_priority_map_loss': 0.09621875733137131, 'loss_priority_map_stage3': 1.080437421798706, 'loss_priority_map_stage4': 0.8439376950263977, 'loss_side_stage4': -0.1789996325969696, 'loss_side_stage3': -0.1620529592037201, 'loss_side_stage2': -0.1738733947277069, 'loss_side_stage1': -0.1964527666568756}
DEBUG decoder visual FiLM [stage1] | film_gamma=unavailable (pass return_decoder_diagnostics=True)
DEBUG decoder visual FiLM [stage2] | film_gamma=unavailable (pass return_decoder_diagnostics=True)
DEBUG decoder visual FiLM [stage3] | film_gamma mean/std/min/max=0.0625/1.2896/0.0000/66.5045 | prototype_bottleneck_strength=0.4000
DEBUG decoder visual FiLM [stage4] | film_gamma mean/std/min/max=0.0625/1.1807/0.0000/51.6274 | prototype_bottleneck_strength=0.4000
DEBUG factorized comparison [stage3] | query_norm_mean=0.9332 | key_norm_mean=0.6724 | context_mean=0.0000 | context_std=0.0712 | context_min=-0.1687 | context_max=0.2328 | total_candidate_weight=336.0000 | spatial_strength=0.0992 | spatial_freq_entropy=2.7726 | spatial_freq_weight_mean=0.6940 | rank=32
DEBUG factorized comparison [stage4] | query_norm_mean=0.7336 | key_norm_mean=0.6528 | context_mean=-0.0000 | context_std=0.0550 | context_min=-0.1265 | context_max=0.1702 | total_candidate_weight=84.0000 | spatial_strength=0.0993 | spatial_freq_entropy=2.7724 | spatial_freq_weight_mean=0.6975 | rank=32
patch-priority map [stage3] | mean=0.062500 | std=1.289597 | min=0.000000 | max=66.504478 | prototype_bottleneck_strength=0.400000 | prototype_to_film_norm_ratio=3.851534
patch-priority map [stage4] | mean=0.062500 | std=1.180680 | min=0.000000 | max=51.627380 | prototype_bottleneck_strength=0.400000 | prototype_to_film_norm_ratio=4.293021
Epoch 125/200
  Mean train loss: 0.039768
  Mean val loss:   0.401697
  Current LR:      1.61e-05
Val metrics   | CC: 0.5441 | SIM: 0.4397 | NSS: 3.1961
  Saved checkpoint: training_outputs/ckpts/20260917_231452/epoch_125.pth
  New best val loss: 0.401697 (saved training_outputs/ckpts/20260917_231452/best_checkpoint.pth)

Epoch 126/200
pred_saliency: shape=(2, 1, 224, 384) min=-4.0000 max=75.5000 mean=-2.0727 std=6.7646
sal_batch: shape=(2, 1, 360, 640) min=0.0000 max=1.0000 mean=0.0165 std=0.0833
DEBUG features_shape: {'stage1': (2, 96, 16, 56, 96), 'stage2': (2, 192, 16, 28, 48), 'stage3': (2, 384, 16, 14, 24), 'stage4': (2, 768, 16, 7, 12)}
DEBUG gate: no gate_debug available. This usually means return_concept_losses=False or lambda_gate=0.
DEBUG decoder visual FiLM [stage1] | film_gamma=unavailable (pass return_decoder_diagnostics=True)
DEBUG decoder visual FiLM [stage2] | film_gamma=unavailable (pass return_decoder_diagnostics=True)
DEBUG decoder visual FiLM [stage3] | film_gamma mean/std/min/max=0.0625/0.8384/0.0000/34.5199 | prototype_bottleneck_strength=0.4000
DEBUG decoder visual FiLM [stage4] | film_gamma mean/std/min/max=0.0625/0.7833/0.0000/22.0145 | prototype_bottleneck_strength=0.4000
DEBUG factorized comparison [stage3] | query_norm_mean=0.9297 | key_norm_mean=0.6611 | context_mean=0.0000 | context_std=0.0685 | context_min=-0.1627 | context_max=0.2209 | total_candidate_weight=336.0000 | spatial_strength=0.0992 | spatial_freq_entropy=2.7726 | spatial_freq_weight_mean=0.6940 | rank=32
DEBUG factorized comparison [stage4] | query_norm_mean=0.7009 | key_norm_mean=0.6918 | context_mean=0.0000 | context_std=0.0529 | context_min=-0.1220 | context_max=0.1574 | total_candidate_weight=84.0000 | spatial_strength=0.0993 | spatial_freq_entropy=2.7724 | spatial_freq_weight_mean=0.6975 | rank=32
patch-priority map [stage3] | mean=0.062500 | std=0.838444 | min=0.000000 | max=34.519894 | prototype_bottleneck_strength=0.400000 | prototype_to_film_norm_ratio=3.013989
patch-priority map [stage4] | mean=0.062500 | std=0.783253 | min=0.000000 | max=22.014492 | prototype_bottleneck_strength=0.400000 | prototype_to_film_norm_ratio=2.570684
DEBUG visual concept usage [stage1] top 10:
  concept 6: 101 patches (0.94%)
  concept 314: 92 patches (0.86%)
  concept 72: 87 patches (0.81%)
  concept 4: 85 patches (0.79%)
  concept 164: 81 patches (0.75%)
  concept 434: 81 patches (0.75%)
  concept 167: 80 patches (0.74%)
  concept 202: 80 patches (0.74%)
  concept 84: 78 patches (0.73%)
  concept 28: 76 patches (0.71%)
  normalized usage entropy: 0.8644
DEBUG visual concept usage [stage2] top 10:
  concept 195: 1088 patches (40.48%)
  concept 66: 1041 patches (38.73%)
  concept 134: 542 patches (20.16%)
  concept 247: 13 patches (0.48%)
  concept 449: 3 patches (0.11%)
  concept 109: 1 patches (0.04%)
  normalized usage entropy: 0.8284
DEBUG visual concept usage [stage3] top 10:
  concept 92: 262 patches (38.99%)
  concept 35: 259 patches (38.54%)
  concept 278: 90 patches (13.39%)
  concept 51: 23 patches (3.42%)
  concept 481: 21 patches (3.12%)
  concept 96: 8 patches (1.19%)
  concept 90: 7 patches (1.04%)
  concept 8: 1 patches (0.15%)
  concept 383: 1 patches (0.15%)
  normalized usage entropy: 0.7470
DEBUG visual concept usage [stage4] top 10:
  concept 184: 33 patches (19.64%)
  concept 322: 20 patches (11.90%)
  concept 280: 19 patches (11.31%)
  concept 341: 18 patches (10.71%)
  concept 262: 11 patches (6.55%)
  concept 9: 10 patches (5.95%)
  concept 39: 6 patches (3.57%)
  concept 53: 6 patches (3.57%)
  concept 121: 6 patches (3.57%)
  concept 171: 6 patches (3.57%)
  normalized usage entropy: 0.7485
DEBUG pred min/max/mean/std: -4.0 75.5 -2.078125 6.75
DEBUG target min/max/mean/std: 0.0 1.0 0.0164678655564785 0.08332908898591995
DEBUG fixation pixels per sample: [116.0, 191.0]
DEBUG fix_batch min/max/mean/std: 0.0 1.0 0.0006662326632067561 0.025802910327911377
DEBUG losses: {'loss_total': 0.207570418715477, 'loss_fid': 44.23918533325195, 'loss_patch_fid': 3.9857091903686523, 'loss_dense_fid': 4.812656402587891, 'loss_dense_bce': -0.0, 'loss_dense_kl': 35.440818786621094, 'loss_topk': -0.0, 'loss_delta': -0.0, 'loss_cc': 0.373437762260437, 'loss_nss': -3.725416421890259, 'loss_sim': 0.4867553114891052, 'loss_concept_dense': 0.0, 'loss_concept_kl': 0.0, 'loss_align': 0.0, 'loss_sparse': 0.0, 'loss_div': 0.0, 'loss_gate': 0.0, 'loss_visual_entropy': 0.5929809808731079, 'loss_visual_equiv': 0.0, 'loss_visual_usage': 0.202911838889122, 'loss_temporal_attention_entropy': 0.0, 'loss_total_concept': 0.04372086375951767, 'loss_decoder_side_aux': -0.0018748550210148096, 'loss_priority_map': 0.9289666414260864, 'loss_priority_map_weighted': 0.09289666265249252, 'priority_map_loss': 0.9289666414260864, 'weighted_priority_map_loss': 0.09289666265249252, 'loss_priority_map_stage3': 1.026471495628357, 'loss_priority_map_stage4': 0.8314618468284607, 'loss_side_stage4': -0.03353807330131531, 'loss_side_stage3': -0.006870865821838379, 'loss_side_stage2': 0.0026865899562835693, 'loss_side_stage1': 0.00043073296546936035}
DEBUG decoder visual FiLM [stage1] | film_gamma=unavailable (pass return_decoder_diagnostics=True)
DEBUG decoder visual FiLM [stage2] | film_gamma=unavailable (pass return_decoder_diagnostics=True)
DEBUG decoder visual FiLM [stage3] | film_gamma mean/std/min/max=0.0625/1.1421/0.0000/65.5273 | prototype_bottleneck_strength=0.4000
DEBUG decoder visual FiLM [stage4] | film_gamma mean/std/min/max=0.0625/1.0746/0.0000/47.6218 | prototype_bottleneck_strength=0.4000
DEBUG factorized comparison [stage3] | query_norm_mean=0.9032 | key_norm_mean=0.6588 | context_mean=0.0000 | context_std=0.0686 | context_min=-0.1604 | context_max=0.2104 | total_candidate_weight=336.0000 | spatial_strength=0.0993 | spatial_freq_entropy=2.7726 | spatial_freq_weight_mean=0.6940 | rank=32
DEBUG factorized comparison [stage4] | query_norm_mean=0.7465 | key_norm_mean=0.6414 | context_mean=0.0000 | context_std=0.0550 | context_min=-0.1303 | context_max=0.1649 | total_candidate_weight=84.0000 | spatial_strength=0.0993 | spatial_freq_entropy=2.7724 | spatial_freq_weight_mean=0.6975 | rank=32
patch-priority map [stage3] | mean=0.062500 | std=1.142074 | min=0.000000 | max=65.527283 | prototype_bottleneck_strength=0.400000 | prototype_to_film_norm_ratio=3.199750
patch-priority map [stage4] | mean=0.062500 | std=1.074592 | min=0.000000 | max=47.621769 | prototype_bottleneck_strength=0.400000 | prototype_to_film_norm_ratio=3.718170
Epoch 126/200
  Mean train loss: 0.070579
  Mean val loss:   0.402286
  Current LR:      1.58e-05
Val metrics   | CC: 0.5426 | SIM: 0.4398 | NSS: 3.1995
  Saved checkpoint: training_outputs/ckpts/20260917_231452/epoch_126.pth

Epoch 127/200
pred_saliency: shape=(2, 1, 224, 384) min=-4.0000 max=100.0000 mean=-2.8256 std=6.7186
sal_batch: shape=(2, 1, 360, 640) min=0.0000 max=1.0000 mean=0.0098 std=0.0599
DEBUG features_shape: {'stage1': (2, 96, 16, 56, 96), 'stage2': (2, 192, 16, 28, 48), 'stage3': (2, 384, 16, 14, 24), 'stage4': (2, 768, 16, 7, 12)}
DEBUG gate: no gate_debug available. This usually means return_concept_losses=False or lambda_gate=0.
DEBUG decoder visual FiLM [stage1] | film_gamma=unavailable (pass return_decoder_diagnostics=True)
DEBUG decoder visual FiLM [stage2] | film_gamma=unavailable (pass return_decoder_diagnostics=True)
DEBUG decoder visual FiLM [stage3] | film_gamma mean/std/min/max=0.0625/1.0316/0.0000/43.2841 | prototype_bottleneck_strength=0.4000
DEBUG decoder visual FiLM [stage4] | film_gamma mean/std/min/max=0.0625/1.1501/0.0000/48.2011 | prototype_bottleneck_strength=0.4000
DEBUG factorized comparison [stage3] | query_norm_mean=0.8989 | key_norm_mean=0.6543 | context_mean=0.0000 | context_std=0.0685 | context_min=-0.1552 | context_max=0.2254 | total_candidate_weight=336.0000 | spatial_strength=0.0993 | spatial_freq_entropy=2.7726 | spatial_freq_weight_mean=0.6940 | rank=32
DEBUG factorized comparison [stage4] | query_norm_mean=0.7317 | key_norm_mean=0.6602 | context_mean=-0.0000 | context_std=0.0550 | context_min=-0.1242 | context_max=0.1386 | total_candidate_weight=84.0000 | spatial_strength=0.0993 | spatial_freq_entropy=2.7724 | spatial_freq_weight_mean=0.6975 | rank=32
patch-priority map [stage3] | mean=0.062500 | std=1.031592 | min=0.000000 | max=43.284069 | prototype_bottleneck_strength=0.400000 | prototype_to_film_norm_ratio=3.572861
patch-priority map [stage4] | mean=0.062500 | std=1.150078 | min=0.000000 | max=48.201111 | prototype_bottleneck_strength=0.400000 | prototype_to_film_norm_ratio=4.248816
DEBUG visual concept usage [stage1] top 10:
  concept 131: 89 patches (0.83%)
  concept 453: 84 patches (0.78%)
  concept 65: 80 patches (0.74%)
  concept 20: 79 patches (0.73%)
  concept 57: 79 patches (0.73%)
  concept 116: 78 patches (0.73%)
  concept 266: 76 patches (0.71%)
  concept 188: 75 patches (0.70%)
  concept 164: 74 patches (0.69%)
  concept 135: 73 patches (0.68%)
  normalized usage entropy: 0.8652
DEBUG visual concept usage [stage2] top 10:
  concept 195: 900 patches (33.48%)
  concept 134: 893 patches (33.22%)
  concept 66: 774 patches (28.79%)
  concept 247: 75 patches (2.79%)
  concept 449: 32 patches (1.19%)
  concept 61: 3 patches (0.11%)
  concept 169: 3 patches (0.11%)
  concept 381: 3 patches (0.11%)
  concept 109: 2 patches (0.07%)
  concept 332: 2 patches (0.07%)
  normalized usage entropy: 0.8314
DEBUG visual concept usage [stage3] top 10:
  concept 92: 268 patches (39.88%)
  concept 35: 251 patches (37.35%)
  concept 278: 100 patches (14.88%)
  concept 96: 21 patches (3.12%)
  concept 481: 15 patches (2.23%)
  concept 51: 11 patches (1.64%)
  concept 90: 4 patches (0.60%)
  concept 8: 2 patches (0.30%)
  normalized usage entropy: 0.7497
DEBUG visual concept usage [stage4] top 10:
  concept 322: 38 patches (22.62%)
  concept 184: 36 patches (21.43%)
  concept 341: 22 patches (13.10%)
  concept 121: 9 patches (5.36%)
  concept 39: 7 patches (4.17%)
  concept 78: 6 patches (3.57%)
  concept 262: 5 patches (2.98%)
  concept 9: 4 patches (2.38%)
  concept 37: 4 patches (2.38%)
  concept 53: 4 patches (2.38%)
  normalized usage entropy: 0.7536
DEBUG pred min/max/mean/std: -4.0 100.0 -2.828125 6.71875
DEBUG target min/max/mean/std: 0.0 1.0 0.009804142639040947 0.059905845671892166
DEBUG fixation pixels per sample: [133.0, 223.0]
DEBUG fix_batch min/max/mean/std: 0.0 1.0 0.0007725694449618459 0.027784425765275955
DEBUG losses: {'loss_total': -0.4314529001712799, 'loss_fid': 62.81156921386719, 'loss_patch_fid': 3.7599058151245117, 'loss_dense_fid': 4.534746170043945, 'loss_dense_bce': -0.0, 'loss_dense_kl': 54.51691818237305, 'loss_topk': -0.0, 'loss_delta': -0.0, 'loss_cc': 0.17082279920578003, 'loss_nss': -5.689761638641357, 'loss_sim': 0.360856294631958, 'loss_concept_dense': 0.0, 'loss_concept_kl': 0.0, 'loss_align': 0.0, 'loss_sparse': 0.0, 'loss_div': 0.0, 'loss_gate': 0.0, 'loss_visual_entropy': 0.5926408171653748, 'loss_visual_equiv': 0.0, 'loss_visual_usage': 0.20002378523349762, 'loss_temporal_attention_entropy': 0.0, 'loss_total_concept': 0.04268811643123627, 'loss_decoder_side_aux': -0.1949348747730255, 'loss_priority_map': 0.598959743976593, 'loss_priority_map_weighted': 0.05989597365260124, 'priority_map_loss': 0.598959743976593, 'weighted_priority_map_loss': 0.05989597365260124, 'loss_priority_map_stage3': 0.7491816282272339, 'loss_priority_map_stage4': 0.44873785972595215, 'loss_side_stage4': -0.37071293592453003, 'loss_side_stage3': -0.3758500814437866, 'loss_side_stage2': -0.38938504457473755, 'loss_side_stage1': -0.4020322561264038}
DEBUG decoder visual FiLM [stage1] | film_gamma=unavailable (pass return_decoder_diagnostics=True)
DEBUG decoder visual FiLM [stage2] | film_gamma=unavailable (pass return_decoder_diagnostics=True)
DEBUG decoder visual FiLM [stage3] | film_gamma mean/std/min/max=0.0625/1.1401/0.0000/60.2958 | prototype_bottleneck_strength=0.4000
DEBUG decoder visual FiLM [stage4] | film_gamma mean/std/min/max=0.0625/1.0094/0.0000/42.9795 | prototype_bottleneck_strength=0.4000
DEBUG factorized comparison [stage3] | query_norm_mean=0.9261 | key_norm_mean=0.6697 | context_mean=0.0000 | context_std=0.0710 | context_min=-0.1657 | context_max=0.2164 | total_candidate_weight=336.0000 | spatial_strength=0.0992 | spatial_freq_entropy=2.7726 | spatial_freq_weight_mean=0.6940 | rank=32
DEBUG factorized comparison [stage4] | query_norm_mean=0.7341 | key_norm_mean=0.6324 | context_mean=-0.0001 | context_std=0.0548 | context_min=-0.1265 | context_max=0.1611 | total_candidate_weight=84.0000 | spatial_strength=0.0993 | spatial_freq_entropy=2.7724 | spatial_freq_weight_mean=0.6976 | rank=32
patch-priority map [stage3] | mean=0.062500 | std=1.140076 | min=0.000000 | max=60.295757 | prototype_bottleneck_strength=0.400000 | prototype_to_film_norm_ratio=3.220891
patch-priority map [stage4] | mean=0.062500 | std=1.009373 | min=0.000000 | max=42.979454 | prototype_bottleneck_strength=0.400000 | prototype_to_film_norm_ratio=3.325791
Epoch 127/200
  Mean train loss: 0.020002
  Mean val loss:   0.403485
  Current LR:      1.54e-05
Val metrics   | CC: 0.5427 | SIM: 0.4386 | NSS: 3.1925
  Saved checkpoint: training_outputs/ckpts/20260917_231452/epoch_127.pth

Epoch 128/200
pred_saliency: shape=(2, 1, 224, 384) min=-4.0000 max=85.5000 mean=-2.0989 std=6.5297
sal_batch: shape=(2, 1, 360, 640) min=0.0000 max=1.0000 mean=0.0213 std=0.0853
DEBUG features_shape: {'stage1': (2, 96, 16, 56, 96), 'stage2': (2, 192, 16, 28, 48), 'stage3': (2, 384, 16, 14, 24), 'stage4': (2, 768, 16, 7, 12)}
DEBUG gate: no gate_debug available. This usually means return_concept_losses=False or lambda_gate=0.
DEBUG decoder visual FiLM [stage1] | film_gamma=unavailable (pass return_decoder_diagnostics=True)
DEBUG decoder visual FiLM [stage2] | film_gamma=unavailable (pass return_decoder_diagnostics=True)
DEBUG decoder visual FiLM [stage3] | film_gamma mean/std/min/max=0.0625/0.8874/0.0000/39.6888 | prototype_bottleneck_strength=0.4000
DEBUG decoder visual FiLM [stage4] | film_gamma mean/std/min/max=0.0625/0.8795/0.0000/30.3954 | prototype_bottleneck_strength=0.4000
DEBUG factorized comparison [stage3] | query_norm_mean=0.9171 | key_norm_mean=0.6571 | context_mean=0.0000 | context_std=0.0665 | context_min=-0.1657 | context_max=0.2134 | total_candidate_weight=336.0000 | spatial_strength=0.0992 | spatial_freq_entropy=2.7726 | spatial_freq_weight_mean=0.6940 | rank=32
DEBUG factorized comparison [stage4] | query_norm_mean=0.7253 | key_norm_mean=0.6464 | context_mean=0.0000 | context_std=0.0548 | context_min=-0.1212 | context_max=0.1596 | total_candidate_weight=84.0000 | spatial_strength=0.0993 | spatial_freq_entropy=2.7724 | spatial_freq_weight_mean=0.6976 | rank=32
patch-priority map [stage3] | mean=0.062500 | std=0.887364 | min=0.000000 | max=39.688763 | prototype_bottleneck_strength=0.400000 | prototype_to_film_norm_ratio=2.917041
patch-priority map [stage4] | mean=0.062500 | std=0.879505 | min=0.000000 | max=30.395409 | prototype_bottleneck_strength=0.400000 | prototype_to_film_norm_ratio=3.330959
DEBUG visual concept usage [stage1] top 10:
  concept 44: 177 patches (1.65%)
  concept 173: 156 patches (1.45%)
  concept 111: 147 patches (1.37%)
  concept 326: 146 patches (1.36%)
  concept 48: 143 patches (1.33%)
  concept 300: 139 patches (1.29%)
  concept 14: 123 patches (1.14%)
  concept 72: 106 patches (0.99%)
  concept 278: 106 patches (0.99%)
  concept 390: 106 patches (0.99%)
  normalized usage entropy: 0.8520
DEBUG visual concept usage [stage2] top 10:
  concept 195: 1073 patches (39.92%)
  concept 134: 752 patches (27.98%)
  concept 66: 473 patches (17.60%)
  concept 247: 299 patches (11.12%)
  concept 449: 74 patches (2.75%)
  concept 169: 7 patches (0.26%)
  concept 109: 3 patches (0.11%)
  concept 358: 3 patches (0.11%)
  concept 61: 2 patches (0.07%)
  concept 373: 1 patches (0.04%)
  normalized usage entropy: 0.8264
DEBUG visual concept usage [stage3] top 10:
  concept 35: 259 patches (38.54%)
  concept 92: 243 patches (36.16%)
  concept 278: 136 patches (20.24%)
  concept 96: 11 patches (1.64%)
  concept 51: 9 patches (1.34%)
  concept 481: 9 patches (1.34%)
  concept 8: 3 patches (0.45%)
  concept 90: 1 patches (0.15%)
  concept 497: 1 patches (0.15%)
  normalized usage entropy: 0.7502
DEBUG visual concept usage [stage4] top 10:
  concept 184: 36 patches (21.43%)
  concept 322: 22 patches (13.10%)
  concept 341: 22 patches (13.10%)
  concept 121: 13 patches (7.74%)
  concept 53: 12 patches (7.14%)
  concept 9: 11 patches (6.55%)
  concept 280: 9 patches (5.36%)
  concept 262: 8 patches (4.76%)
  concept 39: 4 patches (2.38%)
  concept 78: 4 patches (2.38%)
  normalized usage entropy: 0.7532
DEBUG pred min/max/mean/std: -4.0 85.5 -2.09375 6.53125
DEBUG target min/max/mean/std: 0.0 1.0 0.021262256428599358 0.08534972369670868
DEBUG fixation pixels per sample: [132.0, 229.0]
DEBUG fix_batch min/max/mean/std: 0.0 1.0 0.000783420167863369 0.02797870896756649
DEBUG losses: {'loss_total': 0.5480135679244995, 'loss_fid': 54.07179260253906, 'loss_patch_fid': 3.8525352478027344, 'loss_dense_fid': 4.510232448577881, 'loss_dense_bce': -0.0, 'loss_dense_kl': 45.709022521972656, 'loss_topk': -0.0, 'loss_delta': -0.0, 'loss_cc': 0.4649043083190918, 'loss_nss': -2.446143388748169, 'loss_sim': 0.5215367078781128, 'loss_concept_dense': 0.0, 'loss_concept_kl': 0.0, 'loss_align': 0.0, 'loss_sparse': 0.0, 'loss_div': 0.0, 'loss_gate': 0.0, 'loss_visual_entropy': 0.5868305563926697, 'loss_visual_equiv': 0.0, 'loss_visual_usage': 0.2045685201883316, 'loss_temporal_attention_entropy': 0.0, 'loss_total_concept': 0.044595442712306976, 'loss_decoder_side_aux': 0.10747343301773071, 'loss_priority_map': 1.0011004209518433, 'loss_priority_map_weighted': 0.10011004656553268, 'priority_map_loss': 1.0011004209518433, 'weighted_priority_map_loss': 0.10011004656553268, 'loss_priority_map_stage3': 1.030072808265686, 'loss_priority_map_stage4': 0.9721280932426453, 'loss_side_stage4': 0.21922142803668976, 'loss_side_stage3': 0.2084800899028778, 'loss_side_stage2': 0.2134118229150772, 'loss_side_stage1': 0.21826288104057312}
DEBUG decoder visual FiLM [stage1] | film_gamma=unavailable (pass return_decoder_diagnostics=True)
DEBUG decoder visual FiLM [stage2] | film_gamma=unavailable (pass return_decoder_diagnostics=True)
DEBUG decoder visual FiLM [stage3] | film_gamma mean/std/min/max=0.0625/1.3069/0.0000/71.0082 | prototype_bottleneck_strength=0.4000
DEBUG decoder visual FiLM [stage4] | film_gamma mean/std/min/max=0.0625/1.1821/0.0000/52.2146 | prototype_bottleneck_strength=0.4000
DEBUG factorized comparison [stage3] | query_norm_mean=0.9375 | key_norm_mean=0.6711 | context_mean=0.0000 | context_std=0.0699 | context_min=-0.1657 | context_max=0.2284 | total_candidate_weight=336.0000 | spatial_strength=0.0992 | spatial_freq_entropy=2.7726 | spatial_freq_weight_mean=0.6940 | rank=32
DEBUG factorized comparison [stage4] | query_norm_mean=0.7277 | key_norm_mean=0.6599 | context_mean=-0.0000 | context_std=0.0549 | context_min=-0.1280 | context_max=0.1724 | total_candidate_weight=84.0000 | spatial_strength=0.0993 | spatial_freq_entropy=2.7724 | spatial_freq_weight_mean=0.6975 | rank=32
patch-priority map [stage3] | mean=0.062500 | std=1.306854 | min=0.000000 | max=71.008217 | prototype_bottleneck_strength=0.400000 | prototype_to_film_norm_ratio=3.795520
patch-priority map [stage4] | mean=0.062500 | std=1.182070 | min=0.000000 | max=52.214581 | prototype_bottleneck_strength=0.400000 | prototype_to_film_norm_ratio=3.999200
Epoch 128/200
  Mean train loss: 0.027780
  Mean val loss:   0.409248
  Current LR:      1.51e-05
Val metrics   | CC: 0.5385 | SIM: 0.4382 | NSS: 3.1835
  Saved checkpoint: training_outputs/ckpts/20260917_231452/epoch_128.pth

Epoch 129/200
pred_saliency: shape=(2, 1, 224, 384) min=-4.0000 max=80.5000 mean=-2.5970 std=6.8232
sal_batch: shape=(2, 1, 360, 640) min=0.0000 max=1.0000 mean=0.0141 std=0.0797
DEBUG features_shape: {'stage1': (2, 96, 16, 56, 96), 'stage2': (2, 192, 16, 28, 48), 'stage3': (2, 384, 16, 14, 24), 'stage4': (2, 768, 16, 7, 12)}
DEBUG gate: no gate_debug available. This usually means return_concept_losses=False or lambda_gate=0.
DEBUG decoder visual FiLM [stage1] | film_gamma=unavailable (pass return_decoder_diagnostics=True)
DEBUG decoder visual FiLM [stage2] | film_gamma=unavailable (pass return_decoder_diagnostics=True)
DEBUG decoder visual FiLM [stage3] | film_gamma mean/std/min/max=0.0625/1.0359/0.0000/41.8070 | prototype_bottleneck_strength=0.4000
DEBUG decoder visual FiLM [stage4] | film_gamma mean/std/min/max=0.0625/1.1580/0.0000/32.8372 | prototype_bottleneck_strength=0.4000
DEBUG factorized comparison [stage3] | query_norm_mean=0.9356 | key_norm_mean=0.6669 | context_mean=0.0000 | context_std=0.0694 | context_min=-0.1649 | context_max=0.2149 | total_candidate_weight=336.0000 | spatial_strength=0.0992 | spatial_freq_entropy=2.7726 | spatial_freq_weight_mean=0.6940 | rank=32
DEBUG factorized comparison [stage4] | query_norm_mean=0.7167 | key_norm_mean=0.6829 | context_mean=0.0000 | context_std=0.0602 | context_min=-0.1227 | context_max=0.1747 | total_candidate_weight=84.0000 | spatial_strength=0.0993 | spatial_freq_entropy=2.7724 | spatial_freq_weight_mean=0.6975 | rank=32
patch-priority map [stage3] | mean=0.062500 | std=1.035873 | min=0.000000 | max=41.806953 | prototype_bottleneck_strength=0.400000 | prototype_to_film_norm_ratio=3.286057
patch-priority map [stage4] | mean=0.062500 | std=1.157992 | min=0.000000 | max=32.837227 | prototype_bottleneck_strength=0.400000 | prototype_to_film_norm_ratio=5.148724
DEBUG visual concept usage [stage1] top 10:
  concept 14: 127 patches (1.18%)
  concept 33: 101 patches (0.94%)
  concept 137: 95 patches (0.88%)
  concept 48: 86 patches (0.80%)
  concept 173: 86 patches (0.80%)
  concept 241: 86 patches (0.80%)
  concept 157: 84 patches (0.78%)
  concept 428: 83 patches (0.77%)
  concept 9: 80 patches (0.74%)
  concept 64: 80 patches (0.74%)
  normalized usage entropy: 0.8621
DEBUG visual concept usage [stage2] top 10:
  concept 195: 893 patches (33.22%)
  concept 66: 651 patches (24.22%)
  concept 449: 542 patches (20.16%)
  concept 134: 521 patches (19.38%)
  concept 247: 81 patches (3.01%)
  normalized usage entropy: 0.8215
DEBUG visual concept usage [stage3] top 10:
  concept 92: 321 patches (47.77%)
  concept 35: 132 patches (19.64%)
  concept 278: 95 patches (14.14%)
  concept 51: 51 patches (7.59%)
  concept 481: 48 patches (7.14%)
  concept 96: 13 patches (1.93%)
  concept 90: 7 patches (1.04%)
  concept 383: 2 patches (0.30%)
  concept 497: 2 patches (0.30%)
  concept 362: 1 patches (0.15%)
  normalized usage entropy: 0.7436
DEBUG visual concept usage [stage4] top 10:
  concept 322: 44 patches (26.19%)
  concept 280: 21 patches (12.50%)
  concept 171: 18 patches (10.71%)
  concept 184: 17 patches (10.12%)
  concept 341: 14 patches (8.33%)
  concept 121: 11 patches (6.55%)
  concept 9: 5 patches (2.98%)
  concept 23: 5 patches (2.98%)
  concept 296: 4 patches (2.38%)
  concept 362: 4 patches (2.38%)
  normalized usage entropy: 0.7511
DEBUG pred min/max/mean/std: -4.0 80.5 -2.59375 6.8125
DEBUG target min/max/mean/std: 0.0 1.0 0.01408537570387125 0.0797007605433464
DEBUG fixation pixels per sample: [80.0, 185.0]
DEBUG fix_batch min/max/mean/std: 0.0 1.0 0.0005750868003815413 0.023974096402525902
DEBUG losses: {'loss_total': -0.3686394691467285, 'loss_fid': 51.4158821105957, 'loss_patch_fid': 3.9482877254486084, 'loss_dense_fid': 4.630123138427734, 'loss_dense_bce': -0.0, 'loss_dense_kl': 42.83747100830078, 'loss_topk': -0.0, 'loss_delta': -0.0, 'loss_cc': 0.20400702953338623, 'loss_nss': -5.797329902648926, 'loss_sim': 0.4021276831626892, 'loss_concept_dense': 0.0, 'loss_concept_kl': 0.0, 'loss_align': 0.0, 'loss_sparse': 0.0, 'loss_div': 0.0, 'loss_gate': 0.0, 'loss_visual_entropy': 0.5950000286102295, 'loss_visual_equiv': 0.0, 'loss_visual_usage': 0.205415740609169, 'loss_temporal_attention_entropy': 0.0, 'loss_total_concept': 0.04418635740876198, 'loss_decoder_side_aux': -0.1854814738035202, 'loss_priority_map': 0.8465230464935303, 'loss_priority_map_weighted': 0.08465230464935303, 'priority_map_loss': 0.8465230464935303, 'weighted_priority_map_loss': 0.08465230464935303, 'loss_priority_map_stage3': 0.8535654544830322, 'loss_priority_map_stage4': 0.8394806385040283, 'loss_side_stage4': -0.33579903841018677, 'loss_side_stage3': -0.36643946170806885, 'loss_side_stage2': -0.37821030616760254, 'loss_side_stage1': -0.3765801191329956}
DEBUG decoder visual FiLM [stage1] | film_gamma=unavailable (pass return_decoder_diagnostics=True)
DEBUG decoder visual FiLM [stage2] | film_gamma=unavailable (pass return_decoder_diagnostics=True)
DEBUG decoder visual FiLM [stage3] | film_gamma mean/std/min/max=0.0625/1.2996/0.0000/68.9748 | prototype_bottleneck_strength=0.4000
DEBUG decoder visual FiLM [stage4] | film_gamma mean/std/min/max=0.0625/1.1753/0.0000/50.3641 | prototype_bottleneck_strength=0.4000
DEBUG factorized comparison [stage3] | query_norm_mean=0.9415 | key_norm_mean=0.6726 | context_mean=0.0000 | context_std=0.0709 | context_min=-0.1664 | context_max=0.2313 | total_candidate_weight=336.0000 | spatial_strength=0.0992 | spatial_freq_entropy=2.7726 | spatial_freq_weight_mean=0.6940 | rank=32
DEBUG factorized comparison [stage4] | query_norm_mean=0.7228 | key_norm_mean=0.6407 | context_mean=-0.0000 | context_std=0.0533 | context_min=-0.1235 | context_max=0.1664 | total_candidate_weight=84.0000 | spatial_strength=0.0993 | spatial_freq_entropy=2.7724 | spatial_freq_weight_mean=0.6976 | rank=32
patch-priority map [stage3] | mean=0.062500 | std=1.299574 | min=0.000000 | max=68.974831 | prototype_bottleneck_strength=0.400000 | prototype_to_film_norm_ratio=3.678699
patch-priority map [stage4] | mean=0.062500 | std=1.175295 | min=0.000000 | max=50.364109 | prototype_bottleneck_strength=0.400000 | prototype_to_film_norm_ratio=4.069481
Epoch 129/200
  Mean train loss: 0.042622
  Mean val loss:   0.404174
  Current LR:      1.47e-05
Val metrics   | CC: 0.5404 | SIM: 0.4392 | NSS: 3.2028
  Saved checkpoint: training_outputs/ckpts/20260917_231452/epoch_129.pth

Epoch 130/200
pred_saliency: shape=(2, 1, 224, 384) min=-4.0000 max=82.5000 mean=-2.0451 std=6.8078
sal_batch: shape=(2, 1, 360, 640) min=0.0000 max=1.0000 mean=0.0184 std=0.0821
DEBUG features_shape: {'stage1': (2, 96, 16, 56, 96), 'stage2': (2, 192, 16, 28, 48), 'stage3': (2, 384, 16, 14, 24), 'stage4': (2, 768, 16, 7, 12)}
DEBUG gate: no gate_debug available. This usually means return_concept_losses=False or lambda_gate=0.
DEBUG decoder visual FiLM [stage1] | film_gamma=unavailable (pass return_decoder_diagnostics=True)
DEBUG decoder visual FiLM [stage2] | film_gamma=unavailable (pass return_decoder_diagnostics=True)
DEBUG decoder visual FiLM [stage3] | film_gamma mean/std/min/max=0.0625/0.7516/0.0000/38.9819 | prototype_bottleneck_strength=0.4000
DEBUG decoder visual FiLM [stage4] | film_gamma mean/std/min/max=0.0625/0.8518/0.0000/31.8908 | prototype_bottleneck_strength=0.4000
DEBUG factorized comparison [stage3] | query_norm_mean=0.9374 | key_norm_mean=0.6761 | context_mean=0.0000 | context_std=0.0716 | context_min=-0.1724 | context_max=0.1985 | total_candidate_weight=336.0000 | spatial_strength=0.0992 | spatial_freq_entropy=2.7726 | spatial_freq_weight_mean=0.6940 | rank=32
DEBUG factorized comparison [stage4] | query_norm_mean=0.7212 | key_norm_mean=0.6454 | context_mean=0.0001 | context_std=0.0540 | context_min=-0.1227 | context_max=0.1642 | total_candidate_weight=84.0000 | spatial_strength=0.0993 | spatial_freq_entropy=2.7724 | spatial_freq_weight_mean=0.6976 | rank=32
patch-priority map [stage3] | mean=0.062500 | std=0.751579 | min=0.000000 | max=38.981880 | prototype_bottleneck_strength=0.400000 | prototype_to_film_norm_ratio=2.668781
patch-priority map [stage4] | mean=0.062500 | std=0.851823 | min=0.000000 | max=31.890837 | prototype_bottleneck_strength=0.400000 | prototype_to_film_norm_ratio=2.603069
DEBUG visual concept usage [stage1] top 10:
  concept 91: 134 patches (1.25%)
  concept 224: 133 patches (1.24%)
  concept 174: 118 patches (1.10%)
  concept 105: 115 patches (1.07%)
  concept 4: 112 patches (1.04%)
  concept 131: 109 patches (1.01%)
  concept 491: 109 patches (1.01%)
  concept 435: 108 patches (1.00%)
  concept 176: 106 patches (0.99%)
  concept 281: 103 patches (0.96%)
  normalized usage entropy: 0.8562
DEBUG visual concept usage [stage2] top 10:
  concept 449: 998 patches (37.13%)
  concept 195: 555 patches (20.65%)
  concept 134: 481 patches (17.89%)
  concept 66: 462 patches (17.19%)
  concept 247: 188 patches (6.99%)
  concept 358: 2 patches (0.07%)
  concept 46: 1 patches (0.04%)
  concept 299: 1 patches (0.04%)
  normalized usage entropy: 0.8145
DEBUG visual concept usage [stage3] top 10:
  concept 92: 251 patches (37.35%)
  concept 35: 218 patches (32.44%)
  concept 278: 139 patches (20.68%)
  concept 51: 20 patches (2.98%)
  concept 96: 19 patches (2.83%)
  concept 481: 15 patches (2.23%)
  concept 90: 7 patches (1.04%)
  concept 8: 1 patches (0.15%)
  concept 362: 1 patches (0.15%)
  concept 497: 1 patches (0.15%)
  normalized usage entropy: 0.7525
DEBUG visual concept usage [stage4] top 10:
  concept 322: 29 patches (17.26%)
  concept 184: 23 patches (13.69%)
  concept 341: 22 patches (13.10%)
  concept 280: 11 patches (6.55%)
  concept 9: 10 patches (5.95%)
  concept 121: 10 patches (5.95%)
  concept 78: 8 patches (4.76%)
  concept 171: 7 patches (4.17%)
  concept 362: 7 patches (4.17%)
  concept 39: 5 patches (2.98%)
  normalized usage entropy: 0.7582
DEBUG pred min/max/mean/std: -4.0 82.5 -2.046875 6.8125
DEBUG target min/max/mean/std: 0.0 1.0 0.01841764710843563 0.08205820620059967
DEBUG fixation pixels per sample: [103.0, 129.0]
DEBUG fix_batch min/max/mean/std: 0.0 1.0 0.0005034722271375358 0.022432561963796616
DEBUG losses: {'loss_total': 0.7542390823364258, 'loss_fid': 63.205894470214844, 'loss_patch_fid': 3.9527246952056885, 'loss_dense_fid': 4.652709007263184, 'loss_dense_bce': -0.0, 'loss_dense_kl': 54.600460052490234, 'loss_topk': -0.0, 'loss_delta': -0.0, 'loss_cc': 0.5326434373855591, 'loss_nss': -2.3381214141845703, 'loss_sim': 0.5556833148002625, 'loss_concept_dense': 0.0, 'loss_concept_kl': 0.0, 'loss_align': 0.0, 'loss_sparse': 0.0, 'loss_div': 0.0, 'loss_gate': 0.0, 'loss_visual_entropy': 0.5829042196273804, 'loss_visual_equiv': 0.0, 'loss_visual_usage': 0.20462246239185333, 'loss_temporal_attention_entropy': 0.0, 'loss_total_concept': 0.04433707147836685, 'loss_decoder_side_aux': 0.14794790744781494, 'loss_priority_map': 1.8417766094207764, 'loss_priority_map_weighted': 0.18417766690254211, 'priority_map_loss': 1.8417766094207764, 'weighted_priority_map_loss': 0.18417766690254211, 'loss_priority_map_stage3': 1.9367328882217407, 'loss_priority_map_stage4': 1.7468202114105225, 'loss_side_stage4': 0.32417306303977966, 'loss_side_stage3': 0.29009807109832764, 'loss_side_stage2': 0.29682865738868713, 'loss_side_stage1': 0.29102566838264465}
DEBUG decoder visual FiLM [stage1] | film_gamma=unavailable (pass return_decoder_diagnostics=True)
DEBUG decoder visual FiLM [stage2] | film_gamma=unavailable (pass return_decoder_diagnostics=True)
DEBUG decoder visual FiLM [stage3] | film_gamma mean/std/min/max=0.0625/1.2614/0.0000/63.8135 | prototype_bottleneck_strength=0.4000
DEBUG decoder visual FiLM [stage4] | film_gamma mean/std/min/max=0.0625/1.1412/0.0000/49.1092 | prototype_bottleneck_strength=0.4000
DEBUG factorized comparison [stage3] | query_norm_mean=0.9352 | key_norm_mean=0.6651 | context_mean=0.0000 | context_std=0.0701 | context_min=-0.1649 | context_max=0.2299 | total_candidate_weight=336.0000 | spatial_strength=0.0992 | spatial_freq_entropy=2.7726 | spatial_freq_weight_mean=0.6940 | rank=32
DEBUG factorized comparison [stage4] | query_norm_mean=0.7198 | key_norm_mean=0.6224 | context_mean=-0.0000 | context_std=0.0515 | context_min=-0.1220 | context_max=0.1619 | total_candidate_weight=84.0000 | spatial_strength=0.0993 | spatial_freq_entropy=2.7724 | spatial_freq_weight_mean=0.6976 | rank=32
patch-priority map [stage3] | mean=0.062500 | std=1.261412 | min=0.000000 | max=63.813549 | prototype_bottleneck_strength=0.400000 | prototype_to_film_norm_ratio=3.626001
patch-priority map [stage4] | mean=0.062500 | std=1.141200 | min=0.000000 | max=49.109180 | prototype_bottleneck_strength=0.400000 | prototype_to_film_norm_ratio=3.846155
Epoch 130/200
  Mean train loss: 0.065615
  Mean val loss:   0.405052
  Current LR:      1.44e-05
Val metrics   | CC: 0.5406 | SIM: 0.4396 | NSS: 3.1926
  Saved checkpoint: training_outputs/ckpts/20260917_231452/epoch_130.pth

Epoch 131/200
pred_saliency: shape=(2, 1, 224, 384) min=-4.0000 max=77.5000 mean=-2.2410 std=6.3702
sal_batch: shape=(2, 1, 360, 640) min=0.0000 max=1.0000 mean=0.0197 std=0.0875
DEBUG features_shape: {'stage1': (2, 96, 16, 56, 96), 'stage2': (2, 192, 16, 28, 48), 'stage3': (2, 384, 16, 14, 24), 'stage4': (2, 768, 16, 7, 12)}
DEBUG gate: no gate_debug available. This usually means return_concept_losses=False or lambda_gate=0.
DEBUG decoder visual FiLM [stage1] | film_gamma=unavailable (pass return_decoder_diagnostics=True)
DEBUG decoder visual FiLM [stage2] | film_gamma=unavailable (pass return_decoder_diagnostics=True)
DEBUG decoder visual FiLM [stage3] | film_gamma mean/std/min/max=0.0625/0.7856/0.0000/37.3292 | prototype_bottleneck_strength=0.4000
DEBUG decoder visual FiLM [stage4] | film_gamma mean/std/min/max=0.0625/0.8177/0.0000/25.1733 | prototype_bottleneck_strength=0.4000
DEBUG factorized comparison [stage3] | query_norm_mean=0.9366 | key_norm_mean=0.6747 | context_mean=0.0000 | context_std=0.0738 | context_min=-0.1687 | context_max=0.2209 | total_candidate_weight=336.0000 | spatial_strength=0.0992 | spatial_freq_entropy=2.7726 | spatial_freq_weight_mean=0.6940 | rank=32
DEBUG factorized comparison [stage4] | query_norm_mean=0.7159 | key_norm_mean=0.6378 | context_mean=-0.0000 | context_std=0.0566 | context_min=-0.1220 | context_max=0.1514 | total_candidate_weight=84.0000 | spatial_strength=0.0993 | spatial_freq_entropy=2.7724 | spatial_freq_weight_mean=0.6976 | rank=32
patch-priority map [stage3] | mean=0.062500 | std=0.785627 | min=0.000000 | max=37.329243 | prototype_bottleneck_strength=0.400000 | prototype_to_film_norm_ratio=2.473872
patch-priority map [stage4] | mean=0.062500 | std=0.817704 | min=0.000000 | max=25.173286 | prototype_bottleneck_strength=0.400000 | prototype_to_film_norm_ratio=3.206884
DEBUG visual concept usage [stage1] top 10:
  concept 79: 105 patches (0.98%)
  concept 105: 104 patches (0.97%)
  concept 143: 93 patches (0.86%)
  concept 63: 92 patches (0.86%)
  concept 96: 91 patches (0.85%)
  concept 167: 91 patches (0.85%)
  concept 22: 88 patches (0.82%)
  concept 267: 85 patches (0.79%)
  concept 83: 84 patches (0.78%)
  concept 106: 80 patches (0.74%)
  normalized usage entropy: 0.8644
DEBUG visual concept usage [stage2] top 10:
  concept 66: 775 patches (28.83%)
  concept 134: 687 patches (25.56%)
  concept 195: 602 patches (22.40%)
  concept 449: 553 patches (20.57%)
  concept 247: 71 patches (2.64%)
  normalized usage entropy: 0.8300
DEBUG visual concept usage [stage3] top 10:
  concept 92: 250 patches (37.20%)
  concept 35: 227 patches (33.78%)
  concept 278: 157 patches (23.36%)
  concept 481: 17 patches (2.53%)
  concept 51: 10 patches (1.49%)
  concept 90: 5 patches (0.74%)
  concept 96: 5 patches (0.74%)
  concept 8: 1 patches (0.15%)
  normalized usage entropy: 0.7528
DEBUG visual concept usage [stage4] top 10:
  concept 341: 34 patches (20.24%)
  concept 184: 28 patches (16.67%)
  concept 322: 27 patches (16.07%)
  concept 121: 11 patches (6.55%)
  concept 280: 11 patches (6.55%)
  concept 262: 9 patches (5.36%)
  concept 39: 7 patches (4.17%)
  concept 9: 6 patches (3.57%)
  concept 53: 6 patches (3.57%)
  concept 37: 5 patches (2.98%)
  normalized usage entropy: 0.7616
DEBUG pred min/max/mean/std: -4.0 77.5 -2.234375 6.375
DEBUG target min/max/mean/std: 0.0 1.0 0.01970958523452282 0.08752378076314926
DEBUG fixation pixels per sample: [201.0, 116.0]
DEBUG fix_batch min/max/mean/std: 0.0 1.0 0.0006879340508021414 0.026219502091407776
DEBUG losses: {'loss_total': 0.21917849779129028, 'loss_fid': 46.7608528137207, 'loss_patch_fid': 3.9423930644989014, 'loss_dense_fid': 4.583512306213379, 'loss_dense_bce': -0.0, 'loss_dense_kl': 38.234947204589844, 'loss_topk': -0.0, 'loss_delta': -0.0, 'loss_cc': 0.3300786018371582, 'loss_nss': -3.386352300643921, 'loss_sim': 0.4972761869430542, 'loss_concept_dense': 0.0, 'loss_concept_kl': 0.0, 'loss_align': 0.0, 'loss_sparse': 0.0, 'loss_div': 0.0, 'loss_gate': 0.0, 'loss_visual_entropy': 0.5938131809234619, 'loss_visual_equiv': 0.0, 'loss_visual_usage': 0.19782036542892456, 'loss_temporal_attention_entropy': 0.0, 'loss_total_concept': 0.04468992352485657, 'loss_decoder_side_aux': -0.004555149469524622, 'loss_priority_map': 1.1512162685394287, 'loss_priority_map_weighted': 0.11512162536382675, 'priority_map_loss': 1.1512162685394287, 'weighted_priority_map_loss': 0.11512162536382675, 'loss_priority_map_stage3': 1.3225518465042114, 'loss_priority_map_stage4': 0.9798805713653564, 'loss_side_stage4': -0.005217254161834717, 'loss_side_stage3': -0.00875777006149292, 'loss_side_stage2': -0.010981231927871704, 'loss_side_stage1': -0.008856624364852905}
DEBUG decoder visual FiLM [stage1] | film_gamma=unavailable (pass return_decoder_diagnostics=True)
DEBUG decoder visual FiLM [stage2] | film_gamma=unavailable (pass return_decoder_diagnostics=True)
DEBUG decoder visual FiLM [stage3] | film_gamma mean/std/min/max=0.0625/1.2713/0.0000/62.3361 | prototype_bottleneck_strength=0.4000
DEBUG decoder visual FiLM [stage4] | film_gamma mean/std/min/max=0.0625/1.1896/0.0000/51.1176 | prototype_bottleneck_strength=0.4000
DEBUG factorized comparison [stage3] | query_norm_mean=0.9221 | key_norm_mean=0.6623 | context_mean=0.0000 | context_std=0.0691 | context_min=-0.1649 | context_max=0.2284 | total_candidate_weight=336.0000 | spatial_strength=0.0992 | spatial_freq_entropy=2.7726 | spatial_freq_weight_mean=0.6940 | rank=32
DEBUG factorized comparison [stage4] | query_norm_mean=0.7108 | key_norm_mean=0.6260 | context_mean=-0.0000 | context_std=0.0502 | context_min=-0.1190 | context_max=0.1619 | total_candidate_weight=84.0000 | spatial_strength=0.0993 | spatial_freq_entropy=2.7724 | spatial_freq_weight_mean=0.6976 | rank=32
patch-priority map [stage3] | mean=0.062500 | std=1.271298 | min=0.000000 | max=62.336067 | prototype_bottleneck_strength=0.400000 | prototype_to_film_norm_ratio=3.484416
patch-priority map [stage4] | mean=0.062500 | std=1.189639 | min=0.000000 | max=51.117558 | prototype_bottleneck_strength=0.400000 | prototype_to_film_norm_ratio=4.339939
Epoch 131/200
  Mean train loss: 0.044481
  Mean val loss:   0.403033
  Current LR:      1.40e-05
Val metrics   | CC: 0.5422 | SIM: 0.4388 | NSS: 3.1929
  Saved checkpoint: training_outputs/ckpts/20260917_231452/epoch_131.pth

Epoch 132/200
pred_saliency: shape=(2, 1, 224, 384) min=-4.0000 max=59.5000 mean=-1.9214 std=6.6447
sal_batch: shape=(2, 1, 360, 640) min=0.0000 max=1.0000 mean=0.0211 std=0.0858
DEBUG features_shape: {'stage1': (2, 96, 16, 56, 96), 'stage2': (2, 192, 16, 28, 48), 'stage3': (2, 384, 16, 14, 24), 'stage4': (2, 768, 16, 7, 12)}
DEBUG gate: no gate_debug available. This usually means return_concept_losses=False or lambda_gate=0.
DEBUG decoder visual FiLM [stage1] | film_gamma=unavailable (pass return_decoder_diagnostics=True)
DEBUG decoder visual FiLM [stage2] | film_gamma=unavailable (pass return_decoder_diagnostics=True)
DEBUG decoder visual FiLM [stage3] | film_gamma mean/std/min/max=0.0625/0.7215/0.0000/21.4162 | prototype_bottleneck_strength=0.4000
DEBUG decoder visual FiLM [stage4] | film_gamma mean/std/min/max=0.0625/0.7505/0.0000/18.3998 | prototype_bottleneck_strength=0.4000
DEBUG factorized comparison [stage3] | query_norm_mean=0.9224 | key_norm_mean=0.6681 | context_mean=0.0000 | context_std=0.0710 | context_min=-0.1731 | context_max=0.2075 | total_candidate_weight=336.0000 | spatial_strength=0.0992 | spatial_freq_entropy=2.7726 | spatial_freq_weight_mean=0.6940 | rank=32
DEBUG factorized comparison [stage4] | query_norm_mean=0.7003 | key_norm_mean=0.6372 | context_mean=-0.0001 | context_std=0.0491 | context_min=-0.1054 | context_max=0.1273 | total_candidate_weight=84.0000 | spatial_strength=0.0993 | spatial_freq_entropy=2.7724 | spatial_freq_weight_mean=0.6976 | rank=32
patch-priority map [stage3] | mean=0.062500 | std=0.721533 | min=0.000000 | max=21.416195 | prototype_bottleneck_strength=0.400000 | prototype_to_film_norm_ratio=2.642151
patch-priority map [stage4] | mean=0.062500 | std=0.750520 | min=0.000000 | max=18.399769 | prototype_bottleneck_strength=0.400000 | prototype_to_film_norm_ratio=2.332093
DEBUG visual concept usage [stage1] top 10:
  concept 207: 145 patches (1.35%)
  concept 79: 143 patches (1.33%)
  concept 46: 120 patches (1.12%)
  concept 167: 115 patches (1.07%)
  concept 66: 113 patches (1.05%)
  concept 231: 113 patches (1.05%)
  concept 245: 112 patches (1.04%)
  concept 267: 107 patches (1.00%)
  concept 241: 105 patches (0.98%)
  concept 155: 101 patches (0.94%)
  normalized usage entropy: 0.8552
DEBUG visual concept usage [stage2] top 10:
  concept 449: 945 patches (35.16%)
  concept 134: 719 patches (26.75%)
  concept 66: 385 patches (14.32%)
  concept 247: 376 patches (13.99%)
  concept 195: 263 patches (9.78%)
  normalized usage entropy: 0.8197
DEBUG visual concept usage [stage3] top 10:
  concept 92: 274 patches (40.77%)
  concept 35: 190 patches (28.27%)
  concept 278: 159 patches (23.66%)
  concept 481: 22 patches (3.27%)
  concept 51: 15 patches (2.23%)
  concept 96: 6 patches (0.89%)
  concept 90: 4 patches (0.60%)
  concept 8: 1 patches (0.15%)
  concept 383: 1 patches (0.15%)
  normalized usage entropy: 0.7528
DEBUG visual concept usage [stage4] top 10:
  concept 322: 33 patches (19.64%)
  concept 341: 28 patches (16.67%)
  concept 184: 17 patches (10.12%)
  concept 280: 16 patches (9.52%)
  concept 121: 11 patches (6.55%)
  concept 9: 9 patches (5.36%)
  concept 53: 6 patches (3.57%)
  concept 171: 6 patches (3.57%)
  concept 262: 6 patches (3.57%)
  concept 37: 5 patches (2.98%)
  normalized usage entropy: 0.7575
DEBUG pred min/max/mean/std: -4.0 59.5 -1.921875 6.65625
DEBUG target min/max/mean/std: 0.0 1.0 0.021135713905096054 0.08575448393821716
DEBUG fixation pixels per sample: [261.0, 123.0]
DEBUG fix_batch min/max/mean/std: 0.0 1.0 0.0008333333535119891 0.028855515643954277
DEBUG losses: {'loss_total': 0.3969291150569916, 'loss_fid': 37.348148345947266, 'loss_patch_fid': 3.9278388023376465, 'loss_dense_fid': 4.703566551208496, 'loss_dense_bce': -0.0, 'loss_dense_kl': 28.71674346923828, 'loss_topk': -0.0, 'loss_delta': -0.0, 'loss_cc': 0.3684699535369873, 'loss_nss': -2.5420479774475098, 'loss_sim': 0.4788944721221924, 'loss_concept_dense': 0.0, 'loss_concept_kl': 0.0, 'loss_align': 0.0, 'loss_sparse': 0.0, 'loss_div': 0.0, 'loss_gate': 0.0, 'loss_visual_entropy': 0.5885754823684692, 'loss_visual_equiv': 0.0, 'loss_visual_usage': 0.2037029266357422, 'loss_temporal_attention_entropy': 0.0, 'loss_total_concept': 0.044566962867975235, 'loss_decoder_side_aux': 0.05699153244495392, 'loss_priority_map': 1.099028468132019, 'loss_priority_map_weighted': 0.10990285128355026, 'priority_map_loss': 1.099028468132019, 'weighted_priority_map_loss': 0.10990285128355026, 'loss_priority_map_stage3': 1.2840547561645508, 'loss_priority_map_stage4': 0.9140021800994873, 'loss_side_stage4': 0.14349719882011414, 'loss_side_stage3': 0.10362866520881653, 'loss_side_stage2': 0.1119568943977356, 'loss_side_stage1': 0.1133013367652893}
DEBUG decoder visual FiLM [stage1] | film_gamma=unavailable (pass return_decoder_diagnostics=True)
DEBUG decoder visual FiLM [stage2] | film_gamma=unavailable (pass return_decoder_diagnostics=True)
DEBUG decoder visual FiLM [stage3] | film_gamma mean/std/min/max=0.0625/1.1712/0.0000/55.3804 | prototype_bottleneck_strength=0.4000
DEBUG decoder visual FiLM [stage4] | film_gamma mean/std/min/max=0.0625/1.0302/0.0000/41.8441 | prototype_bottleneck_strength=0.4000
DEBUG factorized comparison [stage3] | query_norm_mean=0.9008 | key_norm_mean=0.6573 | context_mean=0.0000 | context_std=0.0685 | context_min=-0.1612 | context_max=0.2179 | total_candidate_weight=336.0000 | spatial_strength=0.0993 | spatial_freq_entropy=2.7726 | spatial_freq_weight_mean=0.6940 | rank=32
DEBUG factorized comparison [stage4] | query_norm_mean=0.7099 | key_norm_mean=0.5994 | context_mean=-0.0000 | context_std=0.0504 | context_min=-0.1152 | context_max=0.1498 | total_candidate_weight=84.0000 | spatial_strength=0.0993 | spatial_freq_entropy=2.7724 | spatial_freq_weight_mean=0.6977 | rank=32
patch-priority map [stage3] | mean=0.062500 | std=1.171168 | min=0.000000 | max=55.380390 | prototype_bottleneck_strength=0.400000 | prototype_to_film_norm_ratio=3.358573
patch-priority map [stage4] | mean=0.062500 | std=1.030213 | min=0.000000 | max=41.844147 | prototype_bottleneck_strength=0.400000 | prototype_to_film_norm_ratio=3.724471
Epoch 132/200
  Mean train loss: 0.070999
  Mean val loss:   0.400706
  Current LR:      1.37e-05
Val metrics   | CC: 0.5439 | SIM: 0.4361 | NSS: 3.1961
  Saved checkpoint: training_outputs/ckpts/20260917_231452/epoch_132.pth
  New best val loss: 0.400706 (saved training_outputs/ckpts/20260917_231452/best_checkpoint.pth)

Epoch 133/200
pred_saliency: shape=(2, 1, 224, 384) min=-4.0000 max=97.5000 mean=-2.2735 std=6.8455
sal_batch: shape=(2, 1, 360, 640) min=0.0000 max=1.0000 mean=0.0208 std=0.0871
DEBUG features_shape: {'stage1': (2, 96, 16, 56, 96), 'stage2': (2, 192, 16, 28, 48), 'stage3': (2, 384, 16, 14, 24), 'stage4': (2, 768, 16, 7, 12)}
DEBUG gate: no gate_debug available. This usually means return_concept_losses=False or lambda_gate=0.
DEBUG decoder visual FiLM [stage1] | film_gamma=unavailable (pass return_decoder_diagnostics=True)
DEBUG decoder visual FiLM [stage2] | film_gamma=unavailable (pass return_decoder_diagnostics=True)
DEBUG decoder visual FiLM [stage3] | film_gamma mean/std/min/max=0.0625/0.8713/0.0000/42.2508 | prototype_bottleneck_strength=0.4000
DEBUG decoder visual FiLM [stage4] | film_gamma mean/std/min/max=0.0625/0.8674/0.0000/29.6803 | prototype_bottleneck_strength=0.4000
DEBUG factorized comparison [stage3] | query_norm_mean=0.8977 | key_norm_mean=0.6661 | context_mean=0.0000 | context_std=0.0707 | context_min=-0.1664 | context_max=0.1881 | total_candidate_weight=336.0000 | spatial_strength=0.0993 | spatial_freq_entropy=2.7726 | spatial_freq_weight_mean=0.6940 | rank=32
DEBUG factorized comparison [stage4] | query_norm_mean=0.7151 | key_norm_mean=0.6077 | context_mean=-0.0000 | context_std=0.0544 | context_min=-0.1137 | context_max=0.1431 | total_candidate_weight=84.0000 | spatial_strength=0.0993 | spatial_freq_entropy=2.7724 | spatial_freq_weight_mean=0.6977 | rank=32
patch-priority map [stage3] | mean=0.062500 | std=0.871339 | min=0.000000 | max=42.250801 | prototype_bottleneck_strength=0.400000 | prototype_to_film_norm_ratio=2.892124
patch-priority map [stage4] | mean=0.062500 | std=0.867404 | min=0.000000 | max=29.680286 | prototype_bottleneck_strength=0.400000 | prototype_to_film_norm_ratio=2.797189
DEBUG visual concept usage [stage1] top 10:
  concept 164: 125 patches (1.16%)
  concept 14: 110 patches (1.02%)
  concept 15: 103 patches (0.96%)
  concept 232: 99 patches (0.92%)
  concept 131: 91 patches (0.85%)
  concept 176: 91 patches (0.85%)
  concept 152: 89 patches (0.83%)
  concept 173: 86 patches (0.80%)
  concept 112: 84 patches (0.78%)
  concept 185: 83 patches (0.77%)
  normalized usage entropy: 0.8614
DEBUG visual concept usage [stage2] top 10:
  concept 66: 1099 patches (40.89%)
  concept 134: 833 patches (30.99%)
  concept 195: 408 patches (15.18%)
  concept 247: 275 patches (10.23%)
  concept 449: 73 patches (2.72%)
  normalized usage entropy: 0.8200
DEBUG visual concept usage [stage3] top 10:
  concept 92: 231 patches (34.38%)
  concept 35: 229 patches (34.08%)
  concept 278: 157 patches (23.36%)
  concept 481: 17 patches (2.53%)
  concept 51: 14 patches (2.08%)
  concept 96: 13 patches (1.93%)
  concept 8: 7 patches (1.04%)
  concept 90: 2 patches (0.30%)
  concept 204: 1 patches (0.15%)
  concept 383: 1 patches (0.15%)
  normalized usage entropy: 0.7523
DEBUG visual concept usage [stage4] top 10:
  concept 322: 28 patches (16.67%)
  concept 184: 26 patches (15.48%)
  concept 341: 22 patches (13.10%)
  concept 121: 20 patches (11.90%)
  concept 9: 11 patches (6.55%)
  concept 53: 8 patches (4.76%)
  concept 78: 8 patches (4.76%)
  concept 27: 7 patches (4.17%)
  concept 262: 6 patches (3.57%)
  concept 39: 4 patches (2.38%)
  normalized usage entropy: 0.7584
DEBUG pred min/max/mean/std: -4.0 97.5 -2.28125 6.84375
DEBUG target min/max/mean/std: 0.0 1.0 0.02082650177180767 0.08714133501052856
DEBUG fixation pixels per sample: [157.0, 110.0]
DEBUG fix_batch min/max/mean/std: 0.0 1.0 0.0005794271128252149 0.02406434342265129
DEBUG losses: {'loss_total': 0.27774205803871155, 'loss_fid': 67.54205322265625, 'loss_patch_fid': 3.8961057662963867, 'loss_dense_fid': 4.57118034362793, 'loss_dense_bce': -0.0, 'loss_dense_kl': 59.07476806640625, 'loss_topk': -0.0, 'loss_delta': -0.0, 'loss_cc': 0.3670177459716797, 'loss_nss': -3.200824737548828, 'loss_sim': 0.4979351758956909, 'loss_concept_dense': 0.0, 'loss_concept_kl': 0.0, 'loss_align': 0.0, 'loss_sparse': 0.0, 'loss_div': 0.0, 'loss_gate': 0.0, 'loss_visual_entropy': 0.5894331932067871, 'loss_visual_equiv': 0.0, 'loss_visual_usage': 0.20194417238235474, 'loss_temporal_attention_entropy': 0.0, 'loss_total_concept': 0.04448699206113815, 'loss_decoder_side_aux': 0.021683942526578903, 'loss_priority_map': 0.9170076847076416, 'loss_priority_map_weighted': 0.09170076996088028, 'priority_map_loss': 0.9170076847076416, 'weighted_priority_map_loss': 0.09170076996088028, 'loss_priority_map_stage3': 1.1611964702606201, 'loss_priority_map_stage4': 0.6728189587593079, 'loss_side_stage4': 0.06815370917320251, 'loss_side_stage3': 0.040670692920684814, 'loss_side_stage2': 0.0359729528427124, 'loss_side_stage1': 0.04406622052192688}
DEBUG decoder visual FiLM [stage1] | film_gamma=unavailable (pass return_decoder_diagnostics=True)
DEBUG decoder visual FiLM [stage2] | film_gamma=unavailable (pass return_decoder_diagnostics=True)
DEBUG decoder visual FiLM [stage3] | film_gamma mean/std/min/max=0.0625/1.2249/0.0000/59.2013 | prototype_bottleneck_strength=0.4000
DEBUG decoder visual FiLM [stage4] | film_gamma mean/std/min/max=0.0625/1.0885/0.0000/44.6625 | prototype_bottleneck_strength=0.4000
DEBUG factorized comparison [stage3] | query_norm_mean=0.9069 | key_norm_mean=0.6627 | context_mean=0.0000 | context_std=0.0695 | context_min=-0.1649 | context_max=0.2224 | total_candidate_weight=336.0000 | spatial_strength=0.0993 | spatial_freq_entropy=2.7726 | spatial_freq_weight_mean=0.6940 | rank=32
DEBUG factorized comparison [stage4] | query_norm_mean=0.7219 | key_norm_mean=0.6033 | context_mean=-0.0000 | context_std=0.0515 | context_min=-0.1212 | context_max=0.1551 | total_candidate_weight=84.0000 | spatial_strength=0.0993 | spatial_freq_entropy=2.7724 | spatial_freq_weight_mean=0.6977 | rank=32
patch-priority map [stage3] | mean=0.062500 | std=1.224864 | min=0.000000 | max=59.201332 | prototype_bottleneck_strength=0.400000 | prototype_to_film_norm_ratio=3.505896
patch-priority map [stage4] | mean=0.062500 | std=1.088549 | min=0.000000 | max=44.662498 | prototype_bottleneck_strength=0.400000 | prototype_to_film_norm_ratio=3.819134
Epoch 133/200
  Mean train loss: 0.067830
  Mean val loss:   0.401976
  Current LR:      1.34e-05
Val metrics   | CC: 0.5435 | SIM: 0.4336 | NSS: 3.1897
  Saved checkpoint: training_outputs/ckpts/20260917_231452/epoch_133.pth

Epoch 134/200
pred_saliency: shape=(2, 1, 224, 384) min=-4.0000 max=64.0000 mean=-1.8501 std=6.5719
sal_batch: shape=(2, 1, 360, 640) min=0.0000 max=1.0000 mean=0.0146 std=0.0771
DEBUG features_shape: {'stage1': (2, 96, 16, 56, 96), 'stage2': (2, 192, 16, 28, 48), 'stage3': (2, 384, 16, 14, 24), 'stage4': (2, 768, 16, 7, 12)}
DEBUG gate: no gate_debug available. This usually means return_concept_losses=False or lambda_gate=0.
DEBUG decoder visual FiLM [stage1] | film_gamma=unavailable (pass return_decoder_diagnostics=True)
DEBUG decoder visual FiLM [stage2] | film_gamma=unavailable (pass return_decoder_diagnostics=True)
DEBUG decoder visual FiLM [stage3] | film_gamma mean/std/min/max=0.0625/0.7143/0.0000/26.9064 | prototype_bottleneck_strength=0.4000
DEBUG decoder visual FiLM [stage4] | film_gamma mean/std/min/max=0.0625/0.7275/0.0000/22.4707 | prototype_bottleneck_strength=0.4000
DEBUG factorized comparison [stage3] | query_norm_mean=0.9049 | key_norm_mean=0.6734 | context_mean=0.0000 | context_std=0.0719 | context_min=-0.1754 | context_max=0.1739 | total_candidate_weight=336.0000 | spatial_strength=0.0993 | spatial_freq_entropy=2.7726 | spatial_freq_weight_mean=0.6940 | rank=32
DEBUG factorized comparison [stage4] | query_norm_mean=0.7399 | key_norm_mean=0.5975 | context_mean=0.0000 | context_std=0.0549 | context_min=-0.1288 | context_max=0.1438 | total_candidate_weight=84.0000 | spatial_strength=0.0993 | spatial_freq_entropy=2.7724 | spatial_freq_weight_mean=0.6977 | rank=32
patch-priority map [stage3] | mean=0.062500 | std=0.714322 | min=0.000000 | max=26.906384 | prototype_bottleneck_strength=0.400000 | prototype_to_film_norm_ratio=2.193359
patch-priority map [stage4] | mean=0.062500 | std=0.727456 | min=0.000000 | max=22.470747 | prototype_bottleneck_strength=0.400000 | prototype_to_film_norm_ratio=2.577483
DEBUG visual concept usage [stage1] top 10:
  concept 208: 105 patches (0.98%)
  concept 164: 97 patches (0.90%)
  concept 63: 91 patches (0.85%)
  concept 64: 90 patches (0.84%)
  concept 246: 90 patches (0.84%)
  concept 114: 88 patches (0.82%)
  concept 105: 87 patches (0.81%)
  concept 387: 80 patches (0.74%)
  concept 131: 79 patches (0.73%)
  concept 281: 74 patches (0.69%)
  normalized usage entropy: 0.8649
DEBUG visual concept usage [stage2] top 10:
  concept 247: 843 patches (31.36%)
  concept 134: 665 patches (24.74%)
  concept 449: 561 patches (20.87%)
  concept 66: 358 patches (13.32%)
  concept 195: 252 patches (9.38%)
  concept 378: 6 patches (0.22%)
  concept 469: 2 patches (0.07%)
  concept 73: 1 patches (0.04%)
  normalized usage entropy: 0.8160
DEBUG visual concept usage [stage3] top 10:
  concept 92: 235 patches (34.97%)
  concept 35: 207 patches (30.80%)
  concept 278: 172 patches (25.60%)
  concept 51: 25 patches (3.72%)
  concept 96: 16 patches (2.38%)
  concept 481: 14 patches (2.08%)
  concept 8: 1 patches (0.15%)
  concept 90: 1 patches (0.15%)
  concept 383: 1 patches (0.15%)
  normalized usage entropy: 0.7524
DEBUG visual concept usage [stage4] top 10:
  concept 322: 25 patches (14.88%)
  concept 341: 25 patches (14.88%)
  concept 121: 23 patches (13.69%)
  concept 184: 16 patches (9.52%)
  concept 262: 11 patches (6.55%)
  concept 280: 9 patches (5.36%)
  concept 39: 7 patches (4.17%)
  concept 274: 7 patches (4.17%)
  concept 9: 6 patches (3.57%)
  concept 389: 5 patches (2.98%)
  normalized usage entropy: 0.7568
DEBUG pred min/max/mean/std: -4.0 64.0 -1.8515625 6.5625
DEBUG target min/max/mean/std: 0.0 1.0 0.014581053517758846 0.07707896083593369
DEBUG fixation pixels per sample: [48.0, 96.0]
DEBUG fix_batch min/max/mean/std: 0.0 1.0 0.0003124999930150807 0.017674926668405533
DEBUG losses: {'loss_total': 0.6680579781532288, 'loss_fid': 37.032711029052734, 'loss_patch_fid': 3.9338605403900146, 'loss_dense_fid': 4.809638023376465, 'loss_dense_bce': -0.0, 'loss_dense_kl': 28.28921127319336, 'loss_topk': -0.0, 'loss_delta': -0.0, 'loss_cc': 0.5068392753601074, 'loss_nss': -2.9602746963500977, 'loss_sim': 0.6090312004089355, 'loss_concept_dense': 0.0, 'loss_concept_kl': 0.0, 'loss_align': 0.0, 'loss_sparse': 0.0, 'loss_div': 0.0, 'loss_gate': 0.0, 'loss_visual_entropy': 0.5809119939804077, 'loss_visual_equiv': 0.0, 'loss_visual_usage': 0.2024906426668167, 'loss_temporal_attention_entropy': 0.0, 'loss_total_concept': 0.0439414381980896, 'loss_decoder_side_aux': 0.10397201776504517, 'loss_priority_map': 2.2527594566345215, 'loss_priority_map_weighted': 0.2252759486436844, 'priority_map_loss': 2.2527594566345215, 'weighted_priority_map_loss': 0.2252759486436844, 'loss_priority_map_stage3': 2.1109893321990967, 'loss_priority_map_stage4': 2.3945298194885254, 'loss_side_stage4': 0.16630542278289795, 'loss_side_stage3': 0.22094517946243286, 'loss_side_stage2': 0.20506030321121216, 'loss_side_stage1': 0.214015930891037}
DEBUG decoder visual FiLM [stage1] | film_gamma=unavailable (pass return_decoder_diagnostics=True)
DEBUG decoder visual FiLM [stage2] | film_gamma=unavailable (pass return_decoder_diagnostics=True)
DEBUG decoder visual FiLM [stage3] | film_gamma mean/std/min/max=0.0625/1.2197/0.0000/55.5223 | prototype_bottleneck_strength=0.4000
DEBUG decoder visual FiLM [stage4] | film_gamma mean/std/min/max=0.0625/1.1869/0.0000/48.6688 | prototype_bottleneck_strength=0.4000
DEBUG factorized comparison [stage3] | query_norm_mean=0.9162 | key_norm_mean=0.6669 | context_mean=0.0000 | context_std=0.0704 | context_min=-0.1627 | context_max=0.2269 | total_candidate_weight=336.0000 | spatial_strength=0.0993 | spatial_freq_entropy=2.7726 | spatial_freq_weight_mean=0.6940 | rank=32
DEBUG factorized comparison [stage4] | query_norm_mean=0.7228 | key_norm_mean=0.6333 | context_mean=0.0000 | context_std=0.0532 | context_min=-0.1227 | context_max=0.1664 | total_candidate_weight=84.0000 | spatial_strength=0.0993 | spatial_freq_entropy=2.7724 | spatial_freq_weight_mean=0.6976 | rank=32
patch-priority map [stage3] | mean=0.062500 | std=1.219714 | min=0.000000 | max=55.522278 | prototype_bottleneck_strength=0.400000 | prototype_to_film_norm_ratio=3.507387
patch-priority map [stage4] | mean=0.062500 | std=1.186904 | min=0.000000 | max=48.668762 | prototype_bottleneck_strength=0.400000 | prototype_to_film_norm_ratio=4.244804
Epoch 134/200
  Mean train loss: 0.039722
  Mean val loss:   0.404027
  Current LR:      1.30e-05
Val metrics   | CC: 0.5413 | SIM: 0.4381 | NSS: 3.1898
  Saved checkpoint: training_outputs/ckpts/20260917_231452/epoch_134.pth

Epoch 135/200
pred_saliency: shape=(2, 1, 224, 384) min=-4.0000 max=98.0000 mean=-2.4694 std=6.8282
sal_batch: shape=(2, 1, 360, 640) min=0.0000 max=1.0000 mean=0.0137 std=0.0747
DEBUG features_shape: {'stage1': (2, 96, 16, 56, 96), 'stage2': (2, 192, 16, 28, 48), 'stage3': (2, 384, 16, 14, 24), 'stage4': (2, 768, 16, 7, 12)}
DEBUG gate: no gate_debug available. This usually means return_concept_losses=False or lambda_gate=0.
DEBUG decoder visual FiLM [stage1] | film_gamma=unavailable (pass return_decoder_diagnostics=True)
DEBUG decoder visual FiLM [stage2] | film_gamma=unavailable (pass return_decoder_diagnostics=True)
DEBUG decoder visual FiLM [stage3] | film_gamma mean/std/min/max=0.0625/1.0152/0.0000/41.1292 | prototype_bottleneck_strength=0.4000
DEBUG decoder visual FiLM [stage4] | film_gamma mean/std/min/max=0.0625/0.9123/0.0000/21.7420 | prototype_bottleneck_strength=0.4000
DEBUG factorized comparison [stage3] | query_norm_mean=0.9118 | key_norm_mean=0.6644 | context_mean=0.0000 | context_std=0.0700 | context_min=-0.1560 | context_max=0.2090 | total_candidate_weight=336.0000 | spatial_strength=0.0993 | spatial_freq_entropy=2.7726 | spatial_freq_weight_mean=0.6940 | rank=32
DEBUG factorized comparison [stage4] | query_norm_mean=0.7175 | key_norm_mean=0.6510 | context_mean=0.0000 | context_std=0.0564 | context_min=-0.1137 | context_max=0.1551 | total_candidate_weight=84.0000 | spatial_strength=0.0993 | spatial_freq_entropy=2.7724 | spatial_freq_weight_mean=0.6976 | rank=32
patch-priority map [stage3] | mean=0.062500 | std=1.015240 | min=0.000000 | max=41.129154 | prototype_bottleneck_strength=0.400000 | prototype_to_film_norm_ratio=4.104943
patch-priority map [stage4] | mean=0.062500 | std=0.912258 | min=0.000000 | max=21.742031 | prototype_bottleneck_strength=0.400000 | prototype_to_film_norm_ratio=2.445491
DEBUG visual concept usage [stage1] top 10:
  concept 63: 105 patches (0.98%)
  concept 20: 100 patches (0.93%)
  concept 106: 97 patches (0.90%)
  concept 32: 96 patches (0.89%)
  concept 96: 96 patches (0.89%)
  concept 149: 96 patches (0.89%)
  concept 57: 94 patches (0.87%)
  concept 84: 92 patches (0.86%)
  concept 291: 91 patches (0.85%)
  concept 324: 91 patches (0.85%)
  normalized usage entropy: 0.8591
DEBUG visual concept usage [stage2] top 10:
  concept 449: 1036 patches (38.54%)
  concept 195: 603 patches (22.43%)
  concept 66: 517 patches (19.23%)
  concept 134: 359 patches (13.36%)
  concept 247: 169 patches (6.29%)
  concept 378: 2 patches (0.07%)
  concept 456: 1 patches (0.04%)
  concept 469: 1 patches (0.04%)
  normalized usage entropy: 0.8148
DEBUG visual concept usage [stage3] top 10:
  concept 35: 247 patches (36.76%)
  concept 92: 242 patches (36.01%)
  concept 278: 118 patches (17.56%)
  concept 90: 21 patches (3.12%)
  concept 481: 19 patches (2.83%)
  concept 96: 15 patches (2.23%)
  concept 51: 8 patches (1.19%)
  concept 8: 1 patches (0.15%)
  concept 497: 1 patches (0.15%)
  normalized usage entropy: 0.7509
DEBUG visual concept usage [stage4] top 10:
  concept 184: 31 patches (18.45%)
  concept 341: 22 patches (13.10%)
  concept 322: 20 patches (11.90%)
  concept 280: 15 patches (8.93%)
  concept 121: 14 patches (8.33%)
  concept 39: 11 patches (6.55%)
  concept 262: 9 patches (5.36%)
  concept 53: 8 patches (4.76%)
  concept 9: 4 patches (2.38%)
  concept 27: 4 patches (2.38%)
  normalized usage entropy: 0.7576
DEBUG pred min/max/mean/std: -4.0 98.0 -2.46875 6.84375
DEBUG target min/max/mean/std: 0.0 1.0 0.01367777306586504 0.07469421625137329
DEBUG fixation pixels per sample: [204.0, 150.0]
DEBUG fix_batch min/max/mean/std: 0.0 1.0 0.0007682291907258332 0.02770632691681385
DEBUG losses: {'loss_total': -0.036231979727745056, 'loss_fid': 67.17474365234375, 'loss_patch_fid': 3.847280979156494, 'loss_dense_fid': 4.554039478302002, 'loss_dense_bce': -0.0, 'loss_dense_kl': 58.77342224121094, 'loss_topk': -0.0, 'loss_delta': -0.0, 'loss_cc': 0.30905234813690186, 'loss_nss': -4.5550384521484375, 'loss_sim': 0.4369882345199585, 'loss_concept_dense': 0.0, 'loss_concept_kl': 0.0, 'loss_align': 0.0, 'loss_sparse': 0.0, 'loss_div': 0.0, 'loss_gate': 0.0, 'loss_visual_entropy': 0.581670343875885, 'loss_visual_equiv': 0.0, 'loss_visual_usage': 0.20436857640743256, 'loss_temporal_attention_entropy': 0.0, 'loss_total_concept': 0.04236293584108353, 'loss_decoder_side_aux': -0.075833261013031, 'loss_priority_map': 0.7664581537246704, 'loss_priority_map_weighted': 0.07664581388235092, 'priority_map_loss': 0.7664581537246704, 'weighted_priority_map_loss': 0.07664581388235092, 'loss_priority_map_stage3': 0.8375149965286255, 'loss_priority_map_stage4': 0.6954012513160706, 'loss_side_stage4': -0.19587326049804688, 'loss_side_stage3': -0.12965837121009827, 'loss_side_stage2': -0.15511006116867065, 'loss_side_stage1': -0.1490362584590912}
DEBUG decoder visual FiLM [stage1] | film_gamma=unavailable (pass return_decoder_diagnostics=True)
DEBUG decoder visual FiLM [stage2] | film_gamma=unavailable (pass return_decoder_diagnostics=True)
DEBUG decoder visual FiLM [stage3] | film_gamma mean/std/min/max=0.0625/1.2289/0.0000/56.3454 | prototype_bottleneck_strength=0.4000
DEBUG decoder visual FiLM [stage4] | film_gamma mean/std/min/max=0.0625/1.2121/0.0000/49.9043 | prototype_bottleneck_strength=0.4000
DEBUG factorized comparison [stage3] | query_norm_mean=0.9169 | key_norm_mean=0.6636 | context_mean=0.0001 | context_std=0.0700 | context_min=-0.1612 | context_max=0.2269 | total_candidate_weight=336.0000 | spatial_strength=0.0993 | spatial_freq_entropy=2.7726 | spatial_freq_weight_mean=0.6940 | rank=32
DEBUG factorized comparison [stage4] | query_norm_mean=0.7265 | key_norm_mean=0.6412 | context_mean=-0.0000 | context_std=0.0534 | context_min=-0.1242 | context_max=0.1694 | total_candidate_weight=84.0000 | spatial_strength=0.0993 | spatial_freq_entropy=2.7724 | spatial_freq_weight_mean=0.6976 | rank=32
patch-priority map [stage3] | mean=0.062500 | std=1.228871 | min=0.000000 | max=56.345444 | prototype_bottleneck_strength=0.400000 | prototype_to_film_norm_ratio=3.434558
patch-priority map [stage4] | mean=0.062500 | std=1.212136 | min=0.000000 | max=49.904255 | prototype_bottleneck_strength=0.400000 | prototype_to_film_norm_ratio=4.557842
Epoch 135/200
  Mean train loss: 0.013108
  Mean val loss:   0.407972
  Current LR:      1.27e-05
Val metrics   | CC: 0.5388 | SIM: 0.4376 | NSS: 3.1850
  Saved checkpoint: training_outputs/ckpts/20260917_231452/epoch_135.pth

Epoch 136/200
pred_saliency: shape=(2, 1, 224, 384) min=-4.0000 max=104.5000 mean=-2.6890 std=6.9950
sal_batch: shape=(2, 1, 360, 640) min=0.0000 max=1.0000 mean=0.0137 std=0.0704
DEBUG features_shape: {'stage1': (2, 96, 16, 56, 96), 'stage2': (2, 192, 16, 28, 48), 'stage3': (2, 384, 16, 14, 24), 'stage4': (2, 768, 16, 7, 12)}
DEBUG gate: no gate_debug available. This usually means return_concept_losses=False or lambda_gate=0.
DEBUG decoder visual FiLM [stage1] | film_gamma=unavailable (pass return_decoder_diagnostics=True)
DEBUG decoder visual FiLM [stage2] | film_gamma=unavailable (pass return_decoder_diagnostics=True)
DEBUG decoder visual FiLM [stage3] | film_gamma mean/std/min/max=0.0625/1.0643/0.0000/61.3845 | prototype_bottleneck_strength=0.4000
DEBUG decoder visual FiLM [stage4] | film_gamma mean/std/min/max=0.0625/1.3024/0.0000/52.4092 | prototype_bottleneck_strength=0.4000
DEBUG factorized comparison [stage3] | query_norm_mean=0.9095 | key_norm_mean=0.6542 | context_mean=0.0000 | context_std=0.0657 | context_min=-0.1560 | context_max=0.1858 | total_candidate_weight=336.0000 | spatial_strength=0.0993 | spatial_freq_entropy=2.7726 | spatial_freq_weight_mean=0.6940 | rank=32
DEBUG factorized comparison [stage4] | query_norm_mean=0.7178 | key_norm_mean=0.6540 | context_mean=-0.0000 | context_std=0.0523 | context_min=-0.1235 | context_max=0.1589 | total_candidate_weight=84.0000 | spatial_strength=0.0993 | spatial_freq_entropy=2.7724 | spatial_freq_weight_mean=0.6976 | rank=32
patch-priority map [stage3] | mean=0.062500 | std=1.064325 | min=0.000000 | max=61.384537 | prototype_bottleneck_strength=0.400000 | prototype_to_film_norm_ratio=4.088952
patch-priority map [stage4] | mean=0.062500 | std=1.302434 | min=0.000000 | max=52.409176 | prototype_bottleneck_strength=0.400000 | prototype_to_film_norm_ratio=5.823500
DEBUG visual concept usage [stage1] top 10:
  concept 162: 186 patches (1.73%)
  concept 63: 120 patches (1.12%)
  concept 44: 100 patches (0.93%)
  concept 116: 93 patches (0.86%)
  concept 208: 92 patches (0.86%)
  concept 388: 90 patches (0.84%)
  concept 96: 89 patches (0.83%)
  concept 419: 88 patches (0.82%)
  concept 6: 86 patches (0.80%)
  concept 340: 84 patches (0.78%)
